<?xml version="1.0" encoding="utf-8"?>
<COLLADA xmlns="http://www.collada.org/2005/11/COLLADASchema" version="1.4.1" xmlns:xsi="http://www.w3.org/2001/XMLSchema-instance">
  <asset>
    <contributor>
      <author>Blender User</author>
      <authoring_tool>Blender 3.0.1</authoring_tool>
    </contributor>
    <created>2026-07-24T15:38:35</created>
    <modified>2026-07-24T15:38:35</modified>
    <unit name="meter" meter="1"/>
    <up_axis>Z_UP</up_axis>
  </asset>
  <library_effects>
    <effect id="Paint_-_Enamel_Glossy__Black_-effect">
      <profile_COMMON>
        <technique sid="common">
          <lambert>
            <emission>
              <color sid="emission">0 0 0 1</color>
            </emission>
            <diffuse>
              <color sid="diffuse">1 1 1 1</color>
            </diffuse>
            <reflectivity>
              <float sid="specular">1</float>
            </reflectivity>
            <index_of_refraction>
              <float sid="ior">1</float>
            </index_of_refraction>
          </lambert>
        </technique>
      </profile_COMMON>
    </effect>
    <effect id="Aluminum_-_Polished-effect">
      <profile_COMMON>
        <technique sid="common">
          <lambert>
            <emission>
              <color sid="emission">0 0 0 1</color>
            </emission>
            <diffuse>
              <color sid="diffuse">1 1 1 1</color>
            </diffuse>
            <reflectivity>
              <float sid="specular">1</float>
            </reflectivity>
            <index_of_refraction>
              <float sid="ior">1</float>
            </index_of_refraction>
          </lambert>
        </technique>
      </profile_COMMON>
    </effect>
    <effect id="Aluminum_-_Bead_Blasted-effect">
      <profile_COMMON>
        <technique sid="common">
          <lambert>
            <emission>
              <color sid="emission">0 0 0 1</color>
            </emission>
            <diffuse>
              <color sid="diffuse">1 1 1 1</color>
            </diffuse>
            <reflectivity>
              <float sid="specular">1</float>
            </reflectivity>
            <index_of_refraction>
              <float sid="ior">1</float>
            </index_of_refraction>
          </lambert>
        </technique>
      </profile_COMMON>
    </effect>
  </library_effects>
  <library_images/>
  <library_materials>
    <material id="Paint_-_Enamel_Glossy__Black_-material" name="Paint_-_Enamel_Glossy_(Black)">
      <instance_effect url="#Paint_-_Enamel_Glossy__Black_-effect"/>
    </material>
    <material id="Aluminum_-_Polished-material" name="Aluminum_-_Polished">
      <instance_effect url="#Aluminum_-_Polished-effect"/>
    </material>
    <material id="Aluminum_-_Bead_Blasted-material" name="Aluminum_-_Bead_Blasted">
      <instance_effect url="#Aluminum_-_Bead_Blasted-effect"/>
    </material>
  </library_materials>
  <library_geometries>
    <geometry id="Digital_Calliper_-mesh" name="Digital Calliper ">
      <mesh>
        <source id="Digital_Calliper_-mesh-positions">
          <float_array id="Digital_Calliper_-mesh-positions-array" count="3315">-0.005666136 -0.02999997 -0.03173398 -0.005666136 -0.02999997 -0.03916335 -0.005619704 -0.02999538 -0.03178042 -0.005619704 -0.02999538 -0.03920978 -0.00557512 -0.02998185 -0.03182506 -0.00557512 -0.02998185 -0.03925436 -0.005533993 -0.02995985 -0.03186619 -0.005533993 -0.02995985 -0.03929549 -0.005497932 -0.02993029 -0.03190219 -0.005497932 -0.02993029 -0.03933155 -0.005468308 -0.02989423 -0.03193181 -0.005468308 -0.02989423 -0.03936117 -0.005446374 -0.0298531 -0.03195381 -0.005446374 -0.0298531 -0.03938311 -0.005432844 -0.02980852 -0.03196734 -0.005432844 -0.02980852 -0.0393967 -0.005429387 -0.02978539 -0.03197073 -0.005429387 -0.02978539 -0.0394001 -0.005428254 -0.02976208 -0.03197187 -0.005428254 -0.02976208 -0.03940123 -0.006647586 -0.02999186 -0.03916335 -0.00663942 -0.02999287 -0.03918498 -0.006586015 -0.02999997 -0.03916335 -0.006607651 -0.02999287 -0.03921675 -0.006586015 -0.02999186 -0.03922492 -0.00664103 -0.02997428 -0.03925573 -0.00659722 -0.02996665 -0.03928428 -0.006671547 -0.02994447 -0.03928989 -0.006623506 -0.02993613 -0.03932118 -0.006697535 -0.02990508 -0.0393173 -0.006647765 -0.02989643 -0.03934973 -0.006717622 -0.02985817 -0.03933668 -0.006668806 -0.02984964 -0.03936845 -0.006730854 -0.02980619 -0.03934687 -0.006685435 -0.02979826 -0.03937643 -0.006704986 -0.02976208 -0.0393694 -0.006647586 -0.02976208 -0.03939312 -0.006704986 -0.02996808 -0.03916335 -0.006706953 -0.02996665 -0.03917455 -0.006678402 -0.02997428 -0.03921836 -0.006754219 -0.02993029 -0.03916335 -0.006743848 -0.02993613 -0.03920084 -0.006712555 -0.02994447 -0.03924888 -0.006792068 -0.029881 -0.03916335 -0.006792724 -0.02987962 -0.03917115 -0.006772398 -0.02989643 -0.0392251 -0.006815791 -0.02982366 -0.03916335 -0.006811082 -0.02983313 -0.03919315 -0.006791114 -0.02984964 -0.03924614 -0.006739974 -0.02990508 -0.03927487 -0.006759345 -0.02985817 -0.03929495 -0.006817579 -0.02978295 -0.03921359 -0.006823897 -0.02976208 -0.03916335 -0.006815791 -0.02976208 -0.03922492 -0.006799101 -0.02979826 -0.03926277 -0.006792068 -0.02976208 -0.03928232 -0.006769537 -0.02980619 -0.03930819 -0.006754219 -0.02976208 -0.03933155 -0.006636261 -0.02978295 -0.03939491 -0.006586015 -0.02976208 -0.03940123 -0.006586015 -0.02982366 -0.03939312 -0.006615817 -0.02983313 -0.03938841 -0.006586015 -0.029881 -0.0393694 -0.006593823 -0.02987962 -0.03937005 -0.006586015 -0.02993029 -0.03933155 -0.006586015 -0.02996808 -0.03928232 -0.006586015 -0.02683627 -0.03922492 -0.006607651 -0.02683526 -0.03921675 -0.006586015 -0.02682816 -0.03916335 -0.00663942 -0.02683526 -0.03918498 -0.006647586 -0.02683627 -0.03916335 -0.006678402 -0.02685385 -0.03921836 -0.006706953 -0.02686148 -0.03917455 -0.006712555 -0.02688366 -0.03924888 -0.006743848 -0.026892 -0.03920084 -0.006739974 -0.02692306 -0.03927487 -0.006772398 -0.0269317 -0.0392251 -0.006759345 -0.02696996 -0.03929495 -0.006791114 -0.02697849 -0.03924614 -0.006769537 -0.02702194 -0.03930819 -0.006799101 -0.02702987 -0.03926277 -0.006792068 -0.02706605 -0.03928232 -0.006815791 -0.02706605 -0.03922492 -0.00664103 -0.02685385 -0.03925573 -0.006586015 -0.02686005 -0.03928232 -0.00659722 -0.02686148 -0.03928428 -0.006586015 -0.02689784 -0.03933155 -0.006623506 -0.026892 -0.03932118 -0.006647765 -0.0269317 -0.03934973 -0.006671547 -0.02688366 -0.03928989 -0.006697535 -0.02692306 -0.0393173 -0.006593823 -0.02694851 -0.03937005 -0.006586015 -0.02694714 -0.0393694 -0.006586015 -0.02700448 -0.03939312 -0.006586015 -0.02706605 -0.03940123 -0.006636261 -0.02704519 -0.03939491 -0.006615817 -0.026995 -0.03938841 -0.006647586 -0.02706605 -0.03939312 -0.006685435 -0.02702987 -0.03937643 -0.006668806 -0.02697849 -0.03936845 -0.006717622 -0.02696996 -0.03933668 -0.006704986 -0.02706605 -0.0393694 -0.006730854 -0.02702194 -0.03934687 -0.006754219 -0.02706605 -0.03933155 -0.006817579 -0.02704519 -0.03921359 -0.006823897 -0.02706605 -0.03916335 -0.006815791 -0.02700448 -0.03916335 -0.006811082 -0.026995 -0.03919315 -0.006792068 -0.02694714 -0.03916335 -0.006792724 -0.02694851 -0.03917115 -0.006754219 -0.02689784 -0.03916335 -0.006704986 -0.02686005 -0.03916335 -0.006823897 -0.02976208 -0.02776449 -0.00681889 -0.0298106 -0.02776205 -0.006804227 -0.0298568 -0.0277549 -0.006781041 -0.02989828 -0.02774351 -0.006750583 -0.02993386 -0.02772855 -0.006714642 -0.02996218 -0.02771085 -0.006674587 -0.02998286 -0.027691 -0.00663191 -0.0299955 -0.02766978 -0.006587982 -0.02999997 -0.02764785 -0.006586015 -0.02999997 -0.02764689 -0.005428254 -0.02706605 -0.03940123 -0.005429387 -0.02704274 -0.0394001 -0.005432844 -0.02701967 -0.0393967 -0.005446374 -0.02697503 -0.03938311 -0.005468308 -0.0269339 -0.03936117 -0.005497932 -0.02689784 -0.03933155 -0.005533993 -0.02686828 -0.03929549 -0.00557512 -0.02684628 -0.03925436 -0.005619704 -0.02683275 -0.03920978 -0.005666136 -0.02682816 -0.03916335 -0.006741225 -0.02999997 -0.01819342 -0.006741225 -0.02999186 -0.01813185 -0.006779789 -0.02999186 -0.01814538 -0.006741881 -0.02999114 -0.01812922 -0.006780862 -0.02999114 -0.01814293 -0.006804645 -0.02996695 -0.01809048 -0.006815671 -0.02996808 -0.01810061 -0.006846427 -0.02993029 -0.01806217 -0.006824076 -0.02992862 -0.01804512 -0.00687009 -0.029881 -0.01803267 -0.006837725 -0.02987885 -0.01800996 -0.006884992 -0.02982366 -0.01801413 -0.006844758 -0.02982097 -0.01798748 -0.006890058 -0.02976208 -0.01800775 -0.006844818 -0.02976208 -0.01797926 -0.006789267 -0.02982097 -0.01796799 -0.006794393 -0.02976208 -0.0179615 -0.006741225 -0.02976208 -0.01795554 -0.006741225 -0.02982366 -0.01796364 -0.006780683 -0.02987885 -0.01798993 -0.006741225 -0.029881 -0.01798737 -0.006769418 -0.02992862 -0.01802593 -0.006741225 -0.02993029 -0.01802521 -0.006756126 -0.02996695 -0.01807343 -0.006741225 -0.02996808 -0.01807445 -0.005666136 -0.02682816 -0.03173398 -0.005619704 -0.02683275 -0.03178042 -0.00557512 -0.02684628 -0.03182506 -0.005533993 -0.02686828 -0.03186619 -0.005497932 -0.02689784 -0.03190219 -0.005468308 -0.0269339 -0.03193181 -0.005446374 -0.02697503 -0.03195381 -0.005432844 -0.02701967 -0.03196734 -0.005429387 -0.02704274 -0.03197073 -0.005428254 -0.02706605 -0.03197187 -0.006741225 -0.02682816 -0.01819342 -0.006779789 -0.02683627 -0.01814538 -0.006741225 -0.02683627 -0.01813185 -0.006741881 -0.02683699 -0.01812922 -0.006741225 -0.02686005 -0.01807445 -0.006756126 -0.02686119 -0.01807343 -0.006741225 -0.02689784 -0.01802521 -0.006769418 -0.02689951 -0.01802593 -0.006741225 -0.02694714 -0.01798737 -0.006780683 -0.02694928 -0.01798993 -0.006741225 -0.02700448 -0.01796364 -0.006789267 -0.02700716 -0.01796799 -0.006741225 -0.02706605 -0.01795554 -0.006794393 -0.02706605 -0.0179615 -0.006844818 -0.02706605 -0.01797926 -0.006844758 -0.02700716 -0.01798748 -0.006890058 -0.02706605 -0.01800775 -0.006884992 -0.02700448 -0.01801413 -0.006837725 -0.02694928 -0.01800996 -0.00687009 -0.02694714 -0.01803267 -0.006824076 -0.02689951 -0.01804512 -0.006846427 -0.02689784 -0.01806217 -0.006804645 -0.02686119 -0.01809048 -0.006815671 -0.02686005 -0.01810061 -0.006780862 -0.02683699 -0.01814293 -0.002431452 -0.02682816 -0.03173398 -0.002385079 -0.02683275 -0.03178042 -0.002340435 -0.02684628 -0.03182506 -0.002299308 -0.02686828 -0.03186619 -0.002263247 -0.02689784 -0.03190219 -0.002233684 -0.0269339 -0.03193181 -0.002211689 -0.02697503 -0.03195381 -0.002198159 -0.02701967 -0.03196734 -0.002194702 -0.02704274 -0.03197073 -0.00219357 -0.02706605 -0.03197187 -0.002431452 -0.02682816 -0.01819342 -0.002385079 -0.02683275 -0.01814699 -0.002340435 -0.02684628 -0.01810234 -0.002299308 -0.02686828 -0.01806122 -0.002263247 -0.02689784 -0.01802521 -0.002233684 -0.0269339 -0.01799559 -0.002211689 -0.02697503 -0.0179736 -0.002198159 -0.02701967 -0.01796007 -0.002194702 -0.02704274 -0.01795667 -0.00219357 -0.02706605 -0.01795554 -0.00681889 -0.02701753 -0.02776205 -0.006823897 -0.02706605 -0.02776449 -0.00749284 -0.02700448 -0.02714848 -0.007573246 -0.02706605 -0.02707457 -0.008138775 -0.02700448 -0.02634865 -0.008199989 -0.02706605 -0.02627164 -0.008643925 -0.02700448 -0.0254532 -0.008687138 -0.02706605 -0.02537709 -0.0089944 -0.02700448 -0.02448672 -0.009021759 -0.02706605 -0.02441507 -0.009180665 -0.02700448 -0.02347558 -0.00919485 -0.02706605 -0.02341127 -0.009197533 -0.02700448 -0.02244764 -0.009201765 -0.02706605 -0.02239274 -0.009044587 -0.02700448 -0.02143096 -0.009042322 -0.02706605 -0.02138668 -0.008726 -0.02700448 -0.02045345 -0.008720755 -0.02706605 -0.02042019 -0.008250534 -0.02700448 -0.01954191 -0.008245706 -0.02706605 -0.01951915 -0.007631182 -0.02700448 -0.01872128 -0.00762999 -0.02706605 -0.01870775 -0.00761348 -0.02694714 -0.01873713 -0.008230447 -0.02694714 -0.01955461 -0.008704125 -0.02694714 -0.02046269 -0.009021461 -0.02694714 -0.02143645 -0.00917381 -0.02694714 -0.02244919 -0.009157001 -0.02694714 -0.02347326 -0.008971512 -0.02694714 -0.02448046 -0.008622348 -0.02694714 -0.02544331 -0.008119106 -0.02694714 -0.02633529 -0.007475614 -0.02694714 -0.02713209 -0.006804227 -0.02697134 -0.0277549 -0.006781041 -0.02692985 -0.02774351 -0.007448315 -0.02689784 -0.02710598 -0.006750583 -0.02689427 -0.02772855 -0.007412672 -0.02686005 -0.02707195 -0.006714642 -0.02686595 -0.02771085 -0.006674587 -0.02684527 -0.027691 -0.007371187 -0.02683627 -0.02703237 -0.00663191 -0.02683264 -0.02766978 -0.007326602 -0.02682816 -0.02698981 -0.006587982 -0.02682816 -0.02764785 -0.006586015 -0.02682816 -0.02764689 -0.007585287 -0.02689784 -0.01876235 -0.008198499 -0.02689784 -0.01957482 -0.008669257 -0.02689784 -0.02047735 -0.008984684 -0.02689784 -0.02144515 -0.00913614 -0.02689784 -0.02245169 -0.009119391 -0.02689784 -0.0234695 -0.008935034 -0.02689784 -0.02447056 -0.008587956 -0.02689784 -0.02542752 -0.008087873 -0.02689784 -0.02631407 -0.00754857 -0.02686005 -0.01879519 -0.008156836 -0.02686005 -0.01960116 -0.008623838 -0.02686005 -0.02049642 -0.008936762 -0.02686005 -0.02145648 -0.009086966 -0.02686005 -0.02245497 -0.009070396 -0.02686005 -0.02346462 -0.008887469 -0.02686005 -0.02445769 -0.008543193 -0.02686005 -0.02540695 -0.008047103 -0.02686005 -0.02628642 -0.007505774 -0.02683627 -0.01883339 -0.008108377 -0.02683627 -0.0196318 -0.008570969 -0.02683627 -0.02051866 -0.008880913 -0.02683627 -0.02146965 -0.009029686 -0.02683627 -0.02245879 -0.009013295 -0.02683627 -0.02345895 -0.008832097 -0.02683627 -0.02444261 -0.008491098 -0.02683627 -0.02538299 -0.007999598 -0.02683627 -0.02625417 -0.007459878 -0.02682816 -0.0188744 -0.008056342 -0.02682816 -0.0196647 -0.008514225 -0.02682816 -0.0205425 -0.00882101 -0.02682816 -0.02148383 -0.008968293 -0.02682816 -0.0224629 -0.008952021 -0.02682816 -0.02345281 -0.008772671 -0.02682816 -0.02442651 -0.00843513 -0.02682816 -0.02535724 -0.007948696 -0.02682816 -0.0262196 -0.007326602 -0.02999997 -0.02698981 -0.007371187 -0.02999186 -0.02703237 -0.007412672 -0.02996808 -0.02707195 -0.007448315 -0.02993029 -0.02710598 -0.007475614 -0.029881 -0.02713209 -0.00749284 -0.02982366 -0.02714848 -0.007573246 -0.02976208 -0.02707457 -0.008138775 -0.02982366 -0.02634865 -0.008199989 -0.02976208 -0.02627164 -0.008643925 -0.02982366 -0.0254532 -0.008687138 -0.02976208 -0.02537709 -0.0089944 -0.02982366 -0.02448672 -0.009021759 -0.02976208 -0.02441507 -0.009180665 -0.02982366 -0.02347558 -0.00919485 -0.02976208 -0.02341127 -0.009197533 -0.02982366 -0.02244764 -0.009201765 -0.02976208 -0.02239274 -0.009044587 -0.02982366 -0.02143096 -0.009042322 -0.02976208 -0.02138668 -0.008726 -0.02982366 -0.02045345 -0.008720755 -0.02976208 -0.02042019 -0.008250534 -0.02982366 -0.01954191 -0.008245706 -0.02976208 -0.01951915 -0.007631182 -0.02982366 -0.01872128 -0.00762999 -0.02976208 -0.01870775 -0.007999598 -0.02999186 -0.02625417 -0.007948696 -0.02999997 -0.0262196 -0.008491098 -0.02999186 -0.02538299 -0.00843513 -0.02999997 -0.02535724 -0.008832097 -0.02999186 -0.02444261 -0.008772671 -0.02999997 -0.02442651 -0.009013295 -0.02999186 -0.02345895 -0.008952021 -0.02999997 -0.02345281 -0.009029686 -0.02999186 -0.02245879 -0.008968293 -0.02999997 -0.0224629 -0.008880913 -0.02999186 -0.02146965 -0.00882101 -0.02999997 -0.02148383 -0.008570969 -0.02999186 -0.02051866 -0.008514225 -0.02999997 -0.0205425 -0.008108377 -0.02999186 -0.0196318 -0.008056342 -0.02999997 -0.0196647 -0.007505774 -0.02999186 -0.01883339 -0.007459878 -0.02999997 -0.0188744 -0.00754857 -0.02996808 -0.01879519 -0.008156836 -0.02996808 -0.01960116 -0.008623838 -0.02996808 -0.02049642 -0.008936762 -0.02996808 -0.02145648 -0.009086966 -0.02996808 -0.02245497 -0.009070396 -0.02996808 -0.02346462 -0.008887469 -0.02996808 -0.02445769 -0.008543193 -0.02996808 -0.02540695 -0.008047103 -0.02996808 -0.02628642 -0.007585287 -0.02993029 -0.01876235 -0.008198499 -0.02993029 -0.01957482 -0.008669257 -0.02993029 -0.02047735 -0.008984684 -0.02993029 -0.02144515 -0.00913614 -0.02993029 -0.02245169 -0.009119391 -0.02993029 -0.0234695 -0.008935034 -0.02993029 -0.02447056 -0.008587956 -0.02993029 -0.02542752 -0.008087873 -0.02993029 -0.02631407 -0.00761348 -0.029881 -0.01873713 -0.008230447 -0.029881 -0.01955461 -0.008704125 -0.029881 -0.02046269 -0.009021461 -0.029881 -0.02143645 -0.00917381 -0.029881 -0.02244919 -0.009157001 -0.029881 -0.02347326 -0.008971512 -0.029881 -0.02448046 -0.008622348 -0.029881 -0.02544331 -0.008119106 -0.029881 -0.02633529 -0.00219357 -0.02976208 -0.01795554 -0.002194702 -0.02978539 -0.01795667 -0.002198159 -0.02980852 -0.01796007 -0.002211689 -0.0298531 -0.0179736 -0.002233684 -0.02989423 -0.01799559 -0.002263247 -0.02993029 -0.01802521 -0.002299308 -0.02995985 -0.01806122 -0.002340435 -0.02998185 -0.01810234 -0.002385079 -0.02999538 -0.01814699 -0.002431452 -0.02999997 -0.01819342 -0.00219357 -0.02976208 -0.03197187 -0.002194702 -0.02978539 -0.03197073 -0.002198159 -0.02980852 -0.03196734 -0.002211689 -0.0298531 -0.03195381 -0.002233684 -0.02989423 -0.03193181 -0.002263247 -0.02993029 -0.03190219 -0.002299308 -0.02995985 -0.03186619 -0.002340435 -0.02998185 -0.03182506 -0.002385079 -0.02999538 -0.03178042 -0.002431452 -0.02999997 -0.03173398 -0.02262604 -0.02984136 -0.07673054 -0.005570769 -0.02984136 -0.07673054 -0.02262604 -0.02698677 -0.07673054 -0.005570769 -0.02698677 -0.07673054 -0.02262604 -0.02698677 -0.07837861 -0.03117972 -0.02984136 -0.07673054 -0.03121578 -0.02841174 -0.07755595 -0.03113985 -0.02698677 -0.07837861 0.00195533 -0.02984136 -0.08999997 0.00195533 -0.02984136 -0.07875639 -0.001606345 -0.02984136 -0.08999997 -0.005570769 -0.02984136 -0.07875639 -0.02670025 -0.02984136 -0.083292 -0.02785426 -0.02984136 -0.08285409 -0.02889621 -0.02984136 -0.08219248 -0.02978342 -0.02984136 -0.08133429 -0.03047931 -0.02984136 -0.08031493 -0.03095543 -0.02984136 -0.07917612 -0.03119212 -0.02984136 -0.07796478 0.00195533 -0.02698677 -0.08999997 -0.001606345 -0.02698677 -0.08999997 0.00195533 -0.02698677 -0.07875639 -0.005570769 -0.02698677 -0.07875639 -0.02670025 -0.02698677 -0.083292 -0.02779185 -0.02698677 -0.08288484 -0.028786 -0.02698677 -0.08227729 -0.02964621 -0.02698677 -0.08149147 -0.03034102 -0.02698677 -0.08055627 -0.03084504 -0.02698677 -0.0795058 -0.03113985 -0.02698677 -0.05607116 -0.02262604 -0.02698677 -0.05607116 -0.03121578 -0.02841174 -0.05689382 -0.02262604 -0.02984136 -0.05771923 -0.03117972 -0.02984136 -0.05771923 -0.00219357 -0.02984136 -0.01795554 0.004256069 -0.02984136 -0.01795554 -0.00219357 -0.02698677 -0.01795554 0.004256069 -0.02698677 -0.01795554 0.004256069 -0.02984136 -0.05569338 0.004256069 -0.02698677 -0.05569338 -0.005570769 -0.02984136 -0.05569338 -0.005570769 -0.02698677 -0.05569338 -0.03116983 -0.02984136 -0.05628019 -0.03082257 -0.02984136 -0.05488359 -0.03076052 -0.02698677 -0.05472642 -0.03015726 -0.02984136 -0.05360746 -0.03008472 -0.02698677 -0.05350357 -0.0292111 -0.02984136 -0.05252313 -0.02914804 -0.02698677 -0.05246692 -0.02803689 -0.02984136 -0.05169105 -0.02799975 -0.02698677 -0.05167102 -0.02670025 -0.02984136 -0.05115771 -0.02670025 -0.02698677 -0.05115771 -0.007045745 -0.02984136 -0.0459038 -0.007045745 -0.02698677 -0.0459038 -0.006602942 -0.02698677 -0.0457319 -0.006602942 -0.02984136 -0.0457319 -0.006207823 -0.02984136 -0.04546815 -0.006207823 -0.02698677 -0.04546815 -0.005879282 -0.02984136 -0.04512512 -0.005879282 -0.02698677 -0.04512512 -0.005632758 -0.02984136 -0.04471909 -0.005632758 -0.02698677 -0.04471909 -0.005479991 -0.02984136 -0.04426938 -0.005479991 -0.02698677 -0.04426938 -0.005428254 -0.02698677 -0.04379719 -0.005428254 -0.02984136 -0.04379719 -0.005428254 -0.02984136 -0.03197187 -0.005428254 -0.02698677 -0.03197187 -0.00219357 -0.02984136 -0.03197187 -0.00219357 -0.02698677 -0.03197187 -0.005570769 -0.02984136 -0.05771923 -0.02262604 -0.02698677 -0.05771923 -0.005570769 -0.02698677 -0.05771923 0.00195533 -0.02722465 -0.08011001 0.006624519 -0.02722465 -0.08011001 0.00195533 -0.02762115 -0.08011001 0.006624519 -0.02762115 -0.08011001 0.006624519 -0.02722465 -0.08090293 0.006624519 -0.02762115 -0.08090293 0.00195533 -0.02722465 -0.08090293 0.00195533 -0.02762115 -0.08090293 0.00195533 -0.02722465 -0.07849764 0.00195533 -0.02762115 -0.07849764 0.00195533 -0.02960348 -0.08999997 0.00195533 -0.02762115 -0.08248883 0.00195533 -0.02722465 -0.08248883 0.00195533 -0.02762115 -0.08328181 0.00195533 -0.02762115 -0.08486771 0.00195533 -0.02762115 -0.08566063 0.00195533 -0.02722465 -0.08328181 0.00195533 -0.02722465 -0.08486771 0.00195533 -0.02722465 -0.08566063 0.00195533 -0.02722465 -0.08724653 0.00195533 -0.02762115 -0.08724653 0.00195533 -0.02762115 -0.08803951 0.00195533 -0.02722465 -0.08999997 0.00195533 -0.02722465 -0.08803951 0.00195533 -0.02960348 0.07098901 0.00195533 -0.02762115 -0.00932604 0.00195533 -0.02762115 -0.01091194 0.00195533 -0.02762115 -0.01170486 0.00195533 -0.02722465 0.07098901 0.00195533 -0.02762115 0.06301736 0.00195533 -0.02762115 0.06222438 0.00195533 -0.02762115 0.06063848 0.00195533 -0.02722465 0.06063848 0.00195533 -0.02722465 0.06222438 0.00195533 -0.02722465 0.06301736 0.00195533 -0.02762115 0.05984556 0.00195533 -0.02762115 0.05825966 0.00195533 -0.02762115 0.05746668 0.00195533 -0.02722465 0.05984556 0.00195533 -0.02722465 0.05825966 0.00195533 -0.02722465 0.05746668 0.00195533 -0.02722465 0.05588078 0.00195533 -0.02762115 0.05588078 0.00195533 -0.02762115 0.05508786 0.00195533 -0.02762115 0.05347555 0.00195533 -0.02722465 0.05347555 0.00195533 -0.02722465 0.05508786 0.00195533 -0.02762115 0.05268257 0.00195533 -0.02762115 0.05109667 0.00195533 -0.02762115 0.05030375 0.00195533 -0.02722465 0.05268257 0.00195533 -0.02722465 0.05109667 0.00195533 -0.02722465 0.05030375 0.00195533 -0.02722465 0.04871785 0.00195533 -0.02762115 0.04871785 0.00195533 -0.02762115 0.04792487 0.00195533 -0.02762115 0.04633897 0.00195533 -0.02722465 0.04633897 0.00195533 -0.02722465 0.04792487 0.00195533 -0.02762115 0.04554605 0.00195533 -0.02762115 0.04393368 0.00195533 -0.02762115 0.04314076 0.00195533 -0.02722465 0.04554605 0.00195533 -0.02722465 0.04393368 0.00195533 -0.02722465 0.04314076 0.00195533 -0.02722465 0.04155486 0.00195533 -0.02762115 0.04155486 0.00195533 -0.02762115 0.04076188 0.00195533 -0.02762115 0.03917598 0.00195533 -0.02722465 0.03917598 0.00195533 -0.02722465 0.04076188 0.00195533 -0.02762115 0.03838306 0.00195533 -0.02762115 0.03679716 0.00195533 -0.02762115 0.03600418 0.00195533 -0.02722465 0.03838306 0.00195533 -0.02722465 0.03679716 0.00195533 -0.02722465 0.03600418 0.00195533 -0.02722465 0.03439188 0.00195533 -0.02762115 0.03439188 0.00195533 -0.02762115 0.03359895 0.00195533 -0.02762115 0.03201305 0.00195533 -0.02722465 0.03201305 0.00195533 -0.02722465 0.03359895 0.00195533 -0.02762115 0.03122007 0.00195533 -0.02762115 0.02963417 0.00195533 -0.02762115 0.02884125 0.00195533 -0.02722465 0.03122007 0.00195533 -0.02722465 0.02963417 0.00195533 -0.02722465 0.02884125 0.00195533 -0.02722465 0.02725535 0.00195533 -0.02762115 0.02725535 0.00195533 -0.02762115 0.02646237 0.00195533 -0.02762115 0.02485007 0.00195533 -0.02722465 0.02485007 0.00195533 -0.02722465 0.02646237 0.00195533 -0.02762115 0.02405709 0.00195533 -0.02762115 0.02247118 0.00195533 -0.02762115 0.02167826 0.00195533 -0.02722465 0.02405709 0.00195533 -0.02722465 0.02247118 0.00195533 -0.02722465 0.02167826 0.00195533 -0.02722465 0.02009236 0.00195533 -0.02762115 0.02009236 0.00195533 -0.02762115 0.01929938 0.00195533 -0.02762115 0.01771348 0.00195533 -0.02722465 0.01771348 0.00195533 -0.02722465 0.01929938 0.00195533 -0.02762115 0.01692056 0.00195533 -0.02762115 0.0153082 0.00195533 -0.02762115 0.01451528 0.00195533 -0.02722465 0.01692056 0.00195533 -0.02722465 0.0153082 0.00195533 -0.02722465 0.01451528 0.00195533 -0.02722465 0.01292937 0.00195533 -0.02762115 0.01292937 0.00195533 -0.02762115 0.01213645 0.00195533 -0.02762115 0.01055055 0.00195533 -0.02722465 0.01055055 0.00195533 -0.02722465 0.01213645 0.00195533 -0.02762115 0.009757578 0.00195533 -0.02762115 0.008171677 0.00195533 -0.02762115 0.007378756 0.00195533 -0.02722465 0.009757578 0.00195533 -0.02722465 0.008171677 0.00195533 -0.02722465 0.007378756 0.00195533 -0.02722465 0.005766391 0.00195533 -0.02762115 0.005766391 0.00195533 -0.02762115 0.004973471 0.00195533 -0.02762115 0.00338757 0.00195533 -0.02722465 0.00338757 0.00195533 -0.02722465 0.004973471 0.00195533 -0.02762115 0.00259459 0.00195533 -0.02762115 0.001008689 0.00195533 -0.02762115 2.1578e-4 0.00195533 -0.02722465 0.00259459 0.00195533 -0.02722465 0.001008689 0.00195533 -0.02722465 2.1578e-4 0.00195533 -0.02722465 -0.001370072 0.00195533 -0.02762115 -0.001370072 0.00195533 -0.02762115 -0.002163052 0.00195533 -0.02762115 -0.003775358 0.00195533 -0.02722465 -0.003775358 0.00195533 -0.02722465 -0.002163052 0.00195533 -0.02762115 -0.004568338 0.00195533 -0.02762115 -0.006154239 0.00195533 -0.02762115 -0.006947159 0.00195533 -0.02722465 -0.004568338 0.00195533 -0.02722465 -0.006154239 0.00195533 -0.02722465 -0.006947159 0.00195533 -0.02722465 -0.00853306 0.00195533 -0.02762115 -0.00853306 0.00195533 -0.02722465 -0.00932604 0.00195533 -0.02722465 -0.01091194 0.00195533 -0.02722465 -0.01170486 0.00195533 -0.02722465 -0.01331722 0.00195533 -0.02762115 -0.01331722 0.00195533 -0.02762115 -0.01411014 0.00195533 -0.02762115 -0.01569604 0.00195533 -0.02722465 -0.01569604 0.00195533 -0.02722465 -0.01411014 0.00195533 -0.02762115 -0.01648902 0.00195533 -0.02762115 -0.01807487 0.00195533 -0.02762115 -0.01886785 0.00195533 -0.02722465 -0.01648902 0.00195533 -0.02722465 -0.01807487 0.00195533 -0.02722465 -0.01886785 0.00195533 -0.02722465 -0.02045375 0.00195533 -0.02762115 -0.02045375 0.00195533 -0.02762115 -0.02124667 0.00195533 -0.02762115 -0.02285903 0.00195533 -0.02722465 -0.02285903 0.00195533 -0.02722465 -0.02124667 0.00195533 -0.02762115 -0.02365195 0.00195533 -0.02762115 -0.02523785 0.00195533 -0.02762115 -0.02603083 0.00195533 -0.02722465 -0.02365195 0.00195533 -0.02722465 -0.02523785 0.00195533 -0.02722465 -0.02603083 0.00195533 -0.02722465 -0.02761673 0.00195533 -0.02762115 -0.02761673 0.00195533 -0.02762115 -0.02840965 0.00195533 -0.02762115 -0.02999556 0.00195533 -0.02722465 -0.02999556 0.00195533 -0.02722465 -0.02840965 0.00195533 -0.02762115 -0.03078854 0.00195533 -0.02762115 -0.03240084 0.00195533 -0.02762115 -0.03319382 0.00195533 -0.02722465 -0.03078854 0.00195533 -0.02722465 -0.03240084 0.00195533 -0.02722465 -0.03319382 0.00195533 -0.02722465 -0.03477972 0.00195533 -0.02762115 -0.03477972 0.00195533 -0.02762115 -0.03557264 0.00195533 -0.02762115 -0.03715854 0.00195533 -0.02722465 -0.03715854 0.00195533 -0.02722465 -0.03557264 0.00195533 -0.02762115 -0.03795152 0.00195533 -0.02762115 -0.03953742 0.00195533 -0.02762115 -0.04033035 0.00195533 -0.02722465 -0.03795152 0.00195533 -0.02722465 -0.03953742 0.00195533 -0.02722465 -0.04033035 0.00195533 -0.02722465 -0.04194265 0.00195533 -0.02762115 -0.04194265 0.00195533 -0.02762115 -0.04273563 0.00195533 -0.02762115 -0.04432153 0.00195533 -0.02722465 -0.04432153 0.00195533 -0.02722465 -0.04273563 0.00195533 -0.02762115 -0.04511445 0.00195533 -0.02762115 -0.04670035 0.00195533 -0.02762115 -0.04749333 0.00195533 -0.02722465 -0.04511445 0.00195533 -0.02722465 -0.04670035 0.00195533 -0.02722465 -0.04749333 0.00195533 -0.02722465 -0.04907923 0.00195533 -0.02762115 -0.04907923 0.00195533 -0.02762115 -0.04987215 0.00195533 -0.02762115 -0.05148452 0.00195533 -0.02722465 -0.05148452 0.00195533 -0.02722465 -0.04987215 0.00195533 -0.02762115 -0.05227744 0.00195533 -0.02762115 -0.05386334 0.00195533 -0.02762115 -0.05465632 0.00195533 -0.02722465 -0.05227744 0.00195533 -0.02722465 -0.05386334 0.00195533 -0.02722465 -0.05465632 0.00195533 -0.02722465 -0.05624222 0.00195533 -0.02762115 -0.05624222 0.00195533 -0.02762115 -0.05703514 0.00195533 -0.02762115 -0.05862104 0.00195533 -0.02722465 -0.05862104 0.00195533 -0.02722465 -0.05703514 0.00195533 -0.02762115 -0.05941402 0.00195533 -0.02762115 -0.06102633 0.00195533 -0.02762115 -0.06181931 0.00195533 -0.02722465 -0.05941402 0.00195533 -0.02722465 -0.06102633 0.00195533 -0.02722465 -0.06181931 0.00195533 -0.02722465 -0.06340521 0.00195533 -0.02762115 -0.06340521 0.00195533 -0.02762115 -0.06419813 0.00195533 -0.02762115 -0.06578403 0.00195533 -0.02722465 -0.06578403 0.00195533 -0.02722465 -0.06419813 0.00195533 -0.02762115 -0.06657701 0.00195533 -0.02762115 -0.06816285 0.00195533 -0.02762115 -0.06895583 0.00195533 -0.02722465 -0.06657701 0.00195533 -0.02722465 -0.06816285 0.00195533 -0.02722465 -0.06895583 0.00195533 -0.02722465 -0.07056814 0.00195533 -0.02762115 -0.07056814 0.00195533 -0.02762115 -0.07136112 0.00195533 -0.02762115 -0.07294702 0.00195533 -0.02722465 -0.07294702 0.00195533 -0.02722465 -0.07136112 0.00195533 -0.02762115 -0.07373994 0.00195533 -0.02762115 -0.07532584 0.00195533 -0.02762115 -0.07611882 0.00195533 -0.02722465 -0.07373994 0.00195533 -0.02722465 -0.07532584 0.00195533 -0.02722465 -0.07611882 0.00195533 -0.02722465 -0.07770472 0.00195533 -0.02762115 -0.07770472 0.006624519 -0.02722465 -0.07056814 0.006624519 -0.02762115 -0.07056814 0.006624519 -0.02722465 -0.07136112 0.006624519 -0.02762115 -0.07136112 0.006624519 -0.02722465 -0.06102633 0.006624519 -0.02762115 -0.06102633 0.006624519 -0.02722465 -0.06181931 0.006624519 -0.02762115 -0.06181931 0.006624519 -0.02722465 -0.05148452 0.006624519 -0.02762115 -0.05148452 0.006624519 -0.02722465 -0.05227744 0.006624519 -0.02762115 -0.05227744 0.006624519 -0.02722465 -0.04194265 0.006624519 -0.02762115 -0.04194265 0.006624519 -0.02722465 -0.04273563 0.006624519 -0.02762115 -0.04273563 0.006624519 -0.02722465 -0.03240084 0.006624519 -0.02762115 -0.03240084 0.006624519 -0.02722465 -0.03319382 0.006624519 -0.02762115 -0.03319382 0.006624519 -0.02722465 -0.02285903 0.006624519 -0.02762115 -0.02285903 0.006624519 -0.02722465 -0.02365195 0.006624519 -0.02762115 -0.02365195 0.006624519 -0.02722465 -0.01331722 0.006624519 -0.02762115 -0.01331722 0.006624519 -0.02722465 -0.01411014 0.006624519 -0.02762115 -0.01411014 0.006624519 -0.02722465 -0.003775358 0.006624519 -0.02762115 -0.003775358 0.006624519 -0.02722465 -0.004568338 0.006624519 -0.02762115 -0.004568338 0.006624519 -0.02722465 0.005766391 0.006624519 -0.02762115 0.005766391 0.006624519 -0.02722465 0.004973471 0.006624519 -0.02762115 0.004973471 0.006624519 -0.02722465 0.0153082 0.006624519 -0.02762115 0.0153082 0.006624519 -0.02722465 0.01451528 0.006624519 -0.02762115 0.01451528 0.006624519 -0.02722465 0.02485007 0.006624519 -0.02762115 0.02485007 0.006624519 -0.02722465 0.02405709 0.006624519 -0.02762115 0.02405709 0.006624519 -0.02722465 0.03439188 0.006624519 -0.02762115 0.03439188 0.006624519 -0.02722465 0.03359895 0.006624519 -0.02762115 0.03359895 0.006624519 -0.02722465 0.04393368 0.006624519 -0.02762115 0.04393368 0.006624519 -0.02722465 0.04314076 0.006624519 -0.02762115 0.04314076 0.006624519 -0.02722465 0.05347555 0.006624519 -0.02762115 0.05347555 0.006624519 -0.02722465 0.05268257 0.006624519 -0.02762115 0.05268257 0.004289925 -0.02722465 -0.08248883 0.004289925 -0.02762115 -0.08248883 0.004289925 -0.02722465 -0.08328181 0.004289925 -0.02762115 -0.08328181 0.004289925 -0.02722465 -0.07294702 0.004289925 -0.02762115 -0.07294702 0.004289925 -0.02722465 -0.07373994 0.004289925 -0.02762115 -0.07373994 0.004289925 -0.02722465 -0.06340521 0.004289925 -0.02762115 -0.06340521 0.004289925 -0.02722465 -0.06419813 0.004289925 -0.02762115 -0.06419813 0.004289925 -0.02722465 -0.05386334 0.004289925 -0.02762115 -0.05386334 0.004289925 -0.02722465 -0.05465632 0.004289925 -0.02762115 -0.05465632 0.004289925 -0.02722465 -0.04432153 0.004289925 -0.02762115 -0.04432153 0.004289925 -0.02722465 -0.04511445 0.004289925 -0.02762115 -0.04511445 0.004289925 -0.02722465 -0.03477972 0.004289925 -0.02762115 -0.03477972 0.004289925 -0.02722465 -0.03557264 0.004289925 -0.02762115 -0.03557264 0.004289925 -0.02722465 -0.02523785 0.004289925 -0.02762115 -0.02523785 0.004289925 -0.02722465 -0.02603083 0.004289925 -0.02762115 -0.02603083 0.004289925 -0.02722465 -0.01569604 0.004289925 -0.02762115 -0.01569604 0.004289925 -0.02722465 -0.01648902 0.004289925 -0.02762115 -0.01648902 0.004289925 -0.02722465 -0.006154239 0.004289925 -0.02762115 -0.006154239 0.004289925 -0.02722465 -0.006947159 0.004289925 -0.02762115 -0.006947159 0.004289925 -0.02722465 0.00338757 0.004289925 -0.02762115 0.00338757 0.004289925 -0.02722465 0.00259459 0.004289925 -0.02762115 0.00259459 0.004289925 -0.02722465 0.01292937 0.004289925 -0.02762115 0.01292937 0.004289925 -0.02722465 0.01213645 0.004289925 -0.02762115 0.01213645 0.004289925 -0.02722465 0.02247118 0.004289925 -0.02762115 0.02247118 0.004289925 -0.02722465 0.02167826 0.004289925 -0.02762115 0.02167826 0.004289925 -0.02722465 0.03201305 0.004289925 -0.02762115 0.03201305 0.004289925 -0.02722465 0.03122007 0.004289925 -0.02762115 0.03122007 0.004289925 -0.02722465 0.04155486 0.004289925 -0.02762115 0.04155486 0.004289925 -0.02722465 0.04076188 0.004289925 -0.02762115 0.04076188 0.004289925 -0.02722465 0.05109667 0.004289925 -0.02762115 0.05109667 0.004289925 -0.02722465 0.05030375 0.004289925 -0.02762115 0.05030375 0.004289925 -0.02722465 -0.08486771 0.004289925 -0.02762115 -0.08486771 0.004289925 -0.02722465 -0.08566063 0.004289925 -0.02762115 -0.08566063 0.004289925 -0.02722465 -0.07532584 0.004289925 -0.02762115 -0.07532584 0.004289925 -0.02722465 -0.07611882 0.004289925 -0.02762115 -0.07611882 0.004289925 -0.02722465 -0.06578403 0.004289925 -0.02762115 -0.06578403 0.004289925 -0.02722465 -0.06657701 0.004289925 -0.02762115 -0.06657701 0.004289925 -0.02722465 -0.05624222 0.004289925 -0.02762115 -0.05624222 0.004289925 -0.02722465 -0.05703514 0.004289925 -0.02762115 -0.05703514 0.004289925 -0.02722465 -0.04670035 0.004289925 -0.02762115 -0.04670035 0.004289925 -0.02722465 -0.04749333 0.004289925 -0.02762115 -0.04749333 0.004289925 -0.02722465 -0.03715854 0.004289925 -0.02762115 -0.03715854 0.004289925 -0.02722465 -0.03795152 0.004289925 -0.02762115 -0.03795152 0.004289925 -0.02722465 -0.02761673 0.004289925 -0.02762115 -0.02761673 0.004289925 -0.02722465 -0.02840965 0.004289925 -0.02762115 -0.02840965 0.004289925 -0.02722465 -0.01807487 0.004289925 -0.02762115 -0.01807487 0.004289925 -0.02722465 -0.01886785 0.004289925 -0.02762115 -0.01886785 0.004289925 -0.02722465 -0.00853306 0.004289925 -0.02762115 -0.00853306 0.004289925 -0.02722465 -0.00932604 0.004289925 -0.02762115 -0.00932604 0.004289925 -0.02722465 0.001008689 0.004289925 -0.02762115 0.001008689 0.004289925 -0.02722465 2.1578e-4 0.004289925 -0.02762115 2.1578e-4 0.004289925 -0.02722465 0.01055055 0.004289925 -0.02762115 0.01055055 0.004289925 -0.02722465 0.009757578 0.004289925 -0.02762115 0.009757578 0.004289925 -0.02722465 0.02009236 0.004289925 -0.02762115 0.02009236 0.004289925 -0.02722465 0.01929938 0.004289925 -0.02762115 0.01929938 0.004289925 -0.02722465 0.02963417 0.004289925 -0.02762115 0.02963417 0.004289925 -0.02722465 0.02884125 0.004289925 -0.02762115 0.02884125 0.004289925 -0.02722465 0.03917598 0.004289925 -0.02762115 0.03917598 0.004289925 -0.02722465 0.03838306 0.004289925 -0.02762115 0.03838306 0.004289925 -0.02722465 0.04871785 0.004289925 -0.02762115 0.04871785 0.004289925 -0.02722465 0.04792487 0.004289925 -0.02762115 0.04792487 0.004289925 -0.02722465 -0.08724653 0.004289925 -0.02762115 -0.08724653 0.004289925 -0.02722465 -0.08803951 0.004289925 -0.02762115 -0.08803951 0.004289925 -0.02722465 -0.07770472 0.004289925 -0.02762115 -0.07770472 0.004289925 -0.02722465 -0.07849764 0.004289925 -0.02762115 -0.07849764 0.004289925 -0.02722465 -0.06816285 0.004289925 -0.02762115 -0.06816285 0.004289925 -0.02722465 -0.06895583 0.004289925 -0.02762115 -0.06895583 0.004289925 -0.02722465 -0.05862104 0.004289925 -0.02762115 -0.05862104 0.004289925 -0.02722465 -0.05941402 0.004289925 -0.02762115 -0.05941402 0.004289925 -0.02722465 -0.04907923 0.004289925 -0.02762115 -0.04907923 0.004289925 -0.02722465 -0.04987215 0.004289925 -0.02762115 -0.04987215 0.004289925 -0.02722465 -0.03953742 0.004289925 -0.02762115 -0.03953742 0.004289925 -0.02722465 -0.04033035 0.004289925 -0.02762115 -0.04033035 0.004289925 -0.02722465 -0.02999556 0.004289925 -0.02762115 -0.02999556 0.004289925 -0.02722465 -0.03078854 0.004289925 -0.02762115 -0.03078854 0.004289925 -0.02722465 -0.02045375 0.004289925 -0.02762115 -0.02045375 0.004289925 -0.02722465 -0.02124667 0.004289925 -0.02762115 -0.02124667 0.004289925 -0.02722465 -0.01091194 0.004289925 -0.02762115 -0.01091194 0.004289925 -0.02722465 -0.01170486 0.004289925 -0.02762115 -0.01170486 0.004289925 -0.02722465 -0.001370072 0.004289925 -0.02762115 -0.001370072 0.004289925 -0.02722465 -0.002163052 0.004289925 -0.02762115 -0.002163052 0.004289925 -0.02722465 0.008171677 0.004289925 -0.02762115 0.008171677 0.004289925 -0.02722465 0.007378756 0.004289925 -0.02762115 0.007378756 0.004289925 -0.02722465 0.01771348 0.004289925 -0.02762115 0.01771348 0.004289925 -0.02722465 0.01692056 0.004289925 -0.02762115 0.01692056 0.004289925 -0.02722465 0.02725535 0.004289925 -0.02762115 0.02725535 0.004289925 -0.02722465 0.02646237 0.004289925 -0.02762115 0.02646237 0.004289925 -0.02722465 0.03679716 0.004289925 -0.02762115 0.03679716 0.004289925 -0.02722465 0.03600418 0.004289925 -0.02762115 0.03600418 0.004289925 -0.02722465 0.04633897 0.004289925 -0.02762115 0.04633897 0.004289925 -0.02722465 0.04554605 0.004289925 -0.02762115 0.04554605 0.004289925 -0.02722465 0.06063848 0.004289925 -0.02762115 0.06063848 0.004289925 -0.02722465 0.05984556 0.004289925 -0.02762115 0.05984556 0.004289925 -0.02722465 0.05825966 0.004289925 -0.02762115 0.05825966 0.004289925 -0.02722465 0.05746668 0.004289925 -0.02762115 0.05746668 0.006624519 -0.02722465 0.06301736 0.006624519 -0.02762115 0.06301736 0.006624519 -0.02722465 0.06222438 0.006624519 -0.02762115 0.06222438 0.004289925 -0.02722465 0.05588078 0.004289925 -0.02762115 0.05588078 0.004289925 -0.02722465 0.05508786 0.004289925 -0.02762115 0.05508786 0.01384955 -0.02722465 0.07098901 0.01384955 -0.02960348 0.07098901 0.01384955 -0.02722465 -0.08999997 0.01384955 -0.02960348 -0.08999997 0.01384955 -0.02722465 -0.07227891 0.01384955 -0.02960348 -0.07227891 0.01313263 -0.02722465 -0.07227891 0.01313263 -0.02960348 -0.07227891 0.01313263 -0.02722465 -0.06875532 0.01313263 -0.02960348 -0.06875532 0.01384955 -0.02722465 -0.06875532 0.01384955 -0.02960348 -0.06875532 0.03114247 -0.02698677 -0.05753755 0.02257204 -0.02698677 -0.05753755 0.0302332 -0.02844464 -0.05837923 0.02257204 -0.02984136 -0.05918568 0.02920383 -0.02984136 -0.05918568 0.02936577 -0.02698677 -0.05906772 0.02729928 -0.02698677 -0.06036341 0.02741318 -0.02984136 -0.06030279 0.02615946 -0.02698677 -0.06090998 0.02541291 -0.02984136 -0.061212 0.02495509 -0.02698677 -0.06137657 0.02323943 -0.02984136 -0.06186193 0.02369636 -0.02698677 -0.06175225 0.02239841 -0.02698677 -0.06202811 0.02097225 -0.02984136 -0.06220972 0.02108252 -0.02698677 -0.0622 0.01977682 -0.02698677 -0.06227177 0.01874625 -0.02984136 -0.06226444 0.01851505 -0.02698677 -0.06225538 0.01733171 -0.02698677 -0.06216722 0.01673442 -0.02984136 -0.06209552 0.01625752 -0.02698677 -0.06202411 0.01585739 -0.02984136 -0.06195348 0.01531374 -0.02698677 -0.06183946 0.015082 -0.02984136 -0.06178343 0.01451033 -0.02698677 -0.06162118 0.01441246 -0.02984136 -0.0615893 0.01384955 -0.02698677 -0.06137263 0.01384955 -0.02984136 -0.06137263 0.01137679 -0.02698677 -0.01783913 0.01137679 -0.02698677 -0.04971933 0.01137679 -0.02984136 -0.01783913 0.01137679 -0.02984136 -0.04971933 0.01762139 -0.02698677 -0.01783913 0.01762139 -0.02984136 -0.01783913 0.01384955 -0.02698677 -0.04971933 0.01384955 -0.02984136 -0.04971933 0.02257204 -0.02984136 -0.05753755 0.02008599 -0.02984136 -0.05807602 0.02008599 -0.02984136 -0.05753755 0.01762139 -0.02984136 -0.05807602 0.01762139 -0.02698677 -0.05807602 0.02008599 -0.02698677 -0.05807602 0.02008599 -0.02698677 -0.05753755 0.01759618 -0.02984136 -0.0768994 0.01759618 -0.02984136 -0.08999997 0.01759618 -0.02698677 -0.0768994 0.01759618 -0.02698677 -0.08999997 0.01384955 -0.02984136 -0.08999997 0.01384955 -0.02698677 -0.08999997 0.02257204 -0.02984136 -0.0768994 0.02257204 -0.02698677 -0.0768994 0.02257204 -0.02698677 -0.07525128 0.02922576 -0.02698677 -0.07525128 0.03026783 -0.02838933 -0.07606106 0.03121578 -0.02984136 -0.0768994 0.03021454 -0.02984136 -0.0760169 0.02917182 -0.02984136 -0.07521247 0.02840906 -0.02698677 -0.07469552 0.0280838 -0.02984136 -0.07449311 0.02756464 -0.02698677 -0.07419192 0.02694612 -0.02984136 -0.07386708 0.0266909 -0.02698677 -0.0737434 0.02575665 -0.02984136 -0.07333844 0.02578747 -0.02698677 -0.07335066 0.02485567 -0.02698677 -0.07301133 0.02451771 -0.02984136 -0.07290285 0.02389734 -0.02698677 -0.07272183 0.02323365 -0.02984136 -0.07255202 0.02190828 -0.02698677 -0.07227891 0.02190828 -0.02984136 -0.07227891 0.01384955 -0.02698677 -0.07227891 0.01384955 -0.02984136 -0.07227891 0.007021605 -0.02817803 0.08999997 0.007021605 -0.02817803 0.07098901 0.006990551 -0.02841407 0.08999997 0.006990551 -0.02841407 0.07098901 0.007021605 -0.0286501 0.08999997 0.007021605 -0.0286501 0.07098901 0.007112741 -0.02887004 0.08999997 0.007112741 -0.02887004 0.07098901 0.00725764 -0.02905887 0.08999997 0.00725764 -0.02905887 0.07098901 0.007446527 -0.02920377 0.08999997 0.007446527 -0.02920377 0.07098901 0.007666409 -0.0292949 0.08999997 0.007666409 -0.0292949 0.07098901 0.007902443 -0.02932596 0.08999997 0.007902443 -0.02932596 0.07098901 0.008138477 -0.0292949 0.08999997 0.008138477 -0.0292949 0.07098901 0.008358418 -0.02920377 0.08999997 0.008358418 -0.02920377 0.07098901 0.008547246 -0.02905887 0.08999997 0.008547246 -0.02905887 0.07098901 0.008692145 -0.02887004 0.08999997 0.008692145 -0.02887004 0.07098901 0.00878328 -0.0286501 0.08999997 0.00878328 -0.0286501 0.07098901 0.008814334 -0.02841407 0.08999997 0.008814334 -0.02841407 0.07098901 0.00878328 -0.02817803 0.08999997 0.00878328 -0.02817803 0.07098901 0.008692145 -0.02795815 0.08999997 0.008692145 -0.02795815 0.07098901 0.008547246 -0.02776926 0.08999997 0.008547246 -0.02776926 0.07098901 0.008358418 -0.02762436 0.08999997 0.008358418 -0.02762436 0.07098901 0.008138477 -0.02753323 0.08999997 0.008138477 -0.02753323 0.07098901 0.007902443 -0.02750217 0.08999997 0.007902443 -0.02750217 0.07098901 0.007666409 -0.02753323 0.08999997 0.007666409 -0.02753323 0.07098901 0.007446527 -0.02762436 0.08999997 0.007446527 -0.02762436 0.07098901 0.00725764 -0.02776926 0.08999997 0.00725764 -0.02776926 0.07098901 0.007112741 -0.02795815 0.08999997 0.007112741 -0.02795815 0.07098901</float_array>
          <technique_common>
            <accessor source="#Digital_Calliper_-mesh-positions-array" count="1105" stride="3">
              <param name="X" type="float"/>
              <param name="Y" type="float"/>
              <param name="Z" type="float"/>
            </accessor>
          </technique_common>
        </source>
        <source id="Digital_Calliper_-mesh-normals">
          <float_array id="Digital_Calliper_-mesh-normals-array" count="2664">6.68834e-6 -1 -2.09236e-5 6.03415e-6 -1 -1.7681e-5 0.1950734 -0.9807887 -2.24449e-6 0.1950556 -0.9807922 -1.10455e-6 0.3826174 -0.9239069 1.3262e-6 0.3826756 -0.9238829 -2.20351e-6 0.5555658 -0.8314726 1.69501e-6 0.5555732 -0.8314676 -1.21258e-6 0.7071122 -0.7071014 -5.04777e-7 0.7071064 -0.7071072 2.71574e-6 0.8314675 -0.5555734 1.50595e-6 0.8314546 -0.5555928 -1.40257e-6 0.9238895 -0.3826593 3.46452e-7 0.9238756 -0.382693 -1.35321e-6 0.9807966 -0.1950331 1.5134e-6 0.980792 -0.195057 6.56117e-7 0.9951846 -0.0980184 0 0.995192 -0.09794402 -1.60959e-7 1 -2.12869e-5 0 1 -6.05732e-6 0 -0.2588177 -0.9659262 -2.62032e-5 -0.2245203 -0.9702121 -0.09098964 0 -1 -1.56984e-5 -0.09089201 -0.9702208 -0.2245224 3.72715e-5 -0.9659331 -0.2587919 -0.2313951 -0.8919728 -0.3883823 -0.04710656 -0.8598524 -0.5083649 -0.3594858 -0.7667706 -0.5318204 -0.1575323 -0.7315247 -0.6633667 -0.4687423 -0.6013114 -0.6470744 -0.2595441 -0.5647099 -0.7834155 -0.5532721 -0.4040389 -0.7284522 -0.3478779 -0.3681046 -0.8622529 -0.6087353 -0.1854168 -0.7714027 -0.4179458 -0.152119 -0.8956457 -0.4999905 -2.11121e-5 -0.8660309 -0.2588271 -1.67722e-5 -0.9659237 -0.4999531 -0.8660526 8.17145e-5 -0.5083436 -0.8598681 -0.04705041 -0.3884264 -0.8919658 -0.2313486 -0.7071087 -0.7071049 -3.55728e-5 -0.66333 -0.7315681 -0.1574852 -0.5317898 -0.7667919 -0.3594855 -0.866151 -0.4997825 2.50456e-6 -0.868913 -0.4938753 -0.03282546 -0.7834352 -0.5646761 -0.2595578 -0.9659225 -0.2588315 -4.33996e-6 -0.9460472 -0.2987938 -0.1253678 -0.8622024 -0.3682166 -0.3478845 -0.6471639 -0.6012309 -0.4687221 -0.7284753 -0.4039735 -0.5532894 -0.973483 -0.08772468 -0.2112709 -1 7.39098e-6 1.64993e-5 -0.9659303 -2.82098e-6 -0.2588025 -0.8956246 -0.1521094 -0.4179947 -0.8660318 -1.33859e-5 -0.4999891 -0.7714248 -0.1853951 -0.6087138 -0.707122 -3.21511e-5 -0.7070916 -0.2112941 -0.08774346 -0.9734762 6.06291e-7 -4.75906e-6 -1 -1.56248e-5 -0.2588168 -0.9659265 -0.1253718 -0.298772 -0.9460535 3.66267e-4 -0.4999616 -0.8660475 -0.0324679 -0.4940329 -0.8688369 -1.00359e-5 -0.7070963 -0.7071173 1.5737e-5 -0.8660416 -0.4999721 2.0931e-5 0.9659242 -0.2588253 -0.09093946 0.9702076 -0.2245602 1.3411e-7 1 -1.39686e-5 -0.2245502 0.9702119 -0.09091877 -0.2588178 0.9659262 7.73743e-6 -0.3883543 0.8920025 -0.2313277 -0.5083561 0.8598568 -0.04712289 -0.5318416 0.7667489 -0.3595008 -0.6633549 0.7315419 -0.1575018 -0.647315 0.6009485 -0.4688755 -0.7834473 0.5646855 -0.259501 -0.7284956 0.4039257 -0.5532978 -0.8622239 0.3681921 -0.3478571 -0.7714246 0.1853887 -0.6087159 -0.895609 0.1521315 -0.4180197 -0.8660351 1.19265e-5 -0.4999835 -0.9659312 2.82377e-6 -0.2587989 -0.2312887 0.8920003 -0.3883825 -7.24196e-6 0.8660665 -0.4999288 -0.0470919 0.8599404 -0.5082175 -1.13323e-5 0.7071107 -0.7071029 -0.1575111 0.7315503 -0.6633434 -0.2595909 0.56469 -0.7834143 -0.3595235 0.7667607 -0.5318093 -0.4687132 0.6013159 -0.6470914 -0.03275388 0.494051 -0.8688158 2.04471e-4 0.4999909 -0.8660307 8.9556e-6 0.258831 -0.9659227 2.29739e-5 -1.6056e-5 -1 -0.2112782 0.08774191 -0.9734798 -0.1252978 0.2990719 -0.9459686 -0.2588183 2.78447e-5 -0.9659261 -0.4179527 0.1521609 -0.8956354 -0.3478864 0.3681129 -0.862246 -0.5532569 0.4039418 -0.7285175 -0.4999833 2.25026e-5 -0.8660352 -0.608729 0.1854165 -0.7714077 -0.7071371 3.20496e-5 -0.7070765 -0.9734823 0.08771073 -0.2112794 -1 1.20196e-5 -1.112e-6 -0.965929 0.2588073 -2.47452e-6 -0.9460664 0.2987446 -0.1253403 -0.8661095 0.4998543 -2.59504e-5 -0.8688513 0.4939807 -0.03287291 -0.7071127 0.707101 -2.71015e-5 -0.4999903 0.866031 1.18632e-5 -1 1.36271e-5 0 -0.9789724 -0.2039927 -3.02738e-7 -0.9173752 -0.398024 3.55649e-7 -0.8197953 -0.5726569 0 -0.691851 -0.7220403 9.33185e-7 -0.5406656 -0.8412377 1.53203e-7 -0.3722259 -0.9281423 -8.48435e-7 -0.1928621 -0.9812259 -1.13714e-6 -0.006149411 -0.9999772 -0.002812981 3.79213e-5 -1 1.92274e-4 0 -3.1963e-6 -1 -5.48607e-7 0.09800386 -0.9951861 6.1302e-6 0.1950703 -0.9807893 2.03913e-6 0.3826764 -0.9238826 3.82774e-6 0.5555561 -0.831479 2.26684e-6 0.7070959 -0.7071177 -1.88127e-6 0.8314682 -0.5555725 -1.05985e-6 0.9238668 -0.3827145 1.77883e-6 0.9807991 -0.1950211 1.31958e-5 1 -1.06163e-5 1.47894e-6 -1 -3.1169e-5 -1.06558e-4 -0.9659675 0.2586638 -0.1618844 -0.9658576 0.2022684 -0.00313878 -0.9629107 0.269802 -0.166942 -0.9627597 0.2126598 -0.2665027 -0.8612654 0.4326642 -0.3126711 -0.8660273 0.3901713 -0.4422417 -0.7070995 0.5517541 -0.3480815 -0.7001257 0.6234288 -0.5416558 -0.4999532 0.6757632 -0.4056615 -0.4905833 0.7712114 -0.6040819 -0.2588276 0.7537198 -0.4350616 -0.2476643 0.8656696 -0.6254228 -3.00331e-5 0.7802861 -0.4353712 -1.36867e-5 0.900251 -0.2018741 -0.2476621 0.9475813 -0.2233358 2.14651e-5 0.9747416 -1.66381e-6 -1.63168e-5 1 1.98185e-5 -0.2588207 0.9659254 -0.1657856 -0.4908405 0.8553308 -1.61678e-6 -0.4999756 0.8660395 -0.1182982 -0.7002125 0.7040653 -1.22264e-5 -0.7071132 0.7071005 -0.06262338 -0.8612579 0.5042948 1.04075e-5 -0.8660306 0.4999909 1.37638e-5 1 -1.44866e-5 0.195073 0.9807888 -2.5034e-6 0.1950554 0.9807922 -1.13621e-6 0.3826162 0.9239074 1.40257e-6 0.3826761 0.9238827 -2.34507e-6 0.5555679 0.8314713 1.65589e-6 0.5555747 0.8314668 -1.27777e-6 0.7071167 0.7070968 -5.47618e-7 0.7071049 0.7071088 2.67848e-6 0.8314707 0.5555686 1.53296e-6 0.8314529 0.5555953 -1.44541e-6 0.9238894 0.3826597 3.36673e-7 0.9238751 0.3826941 -1.37091e-6 0.9807956 0.1950382 1.49664e-6 0.9807919 0.1950571 6.54953e-7 0.995185 0.09801417 0 0.9951925 0.09793925 -1.62574e-7 1 -1.96677e-5 0 1 -2.93041e-5 0 4.74602e-6 1 -1.82102e-5 -0.1618875 0.9658352 0.2023732 -6.20866e-5 0.9659095 0.2588802 -0.002753198 0.9628182 0.2701362 1.86535e-5 0.8660366 0.4999806 -0.06261563 0.861249 0.5043108 -1.6192e-5 0.7071042 0.7071095 -0.1182972 0.7001228 0.7041548 -3.57255e-6 0.4999734 0.8660408 -0.1657796 0.490584 0.8554791 1.50055e-5 0.2588245 0.9659244 -0.2018787 0.2476652 0.9475795 -7.35e-6 1.81142e-7 1 -0.2233706 -1.92374e-5 0.9747337 -0.4353622 1.24462e-5 0.9002555 -0.4350652 0.2476673 0.8656669 -0.6254125 -3.73274e-6 0.7802942 -0.6040886 0.2588309 0.7537133 -0.4055537 0.4908483 0.7710995 -0.5416538 0.4999737 0.6757497 -0.348026 0.7002133 0.6233612 -0.4422034 0.7071323 0.5517427 -0.2665082 0.8612664 0.4326587 -0.3127204 0.8660414 0.3901007 -0.1668814 0.9624959 0.2138976 2.01759e-5 1 1.51988e-6 6.89179e-7 0.9807734 -0.1951503 7.07805e-7 0.9807984 -0.1950244 2.36928e-6 0.9239093 -0.3826116 -1.55903e-6 0.9238855 -0.382669 -2.62633e-7 0.8314735 -0.5555643 1.39512e-6 0.831472 -0.5555666 -1.22562e-6 0.7070541 -0.7071595 1.42492e-6 0.7071466 -0.707067 3.76254e-7 0.5555633 -0.8314743 9.40636e-7 0.5555596 -0.8314768 0 0.3826511 -0.9238929 -1.09011e-6 0.3826817 -0.9238803 9.85339e-7 0.1950678 -0.9807898 5.42961e-7 0.1951076 -0.9807819 0 0.09803676 -0.9951829 0 0.09800636 -0.9951859 0 3.68181e-5 -1 0 2.60118e-5 -1 1.55579e-6 1 -1.65018e-5 0.1950248 0.9807983 -2.10293e-6 0.1950536 0.9807926 5.40167e-7 0.3826729 0.9238839 -2.0545e-6 0.3826825 0.9238801 -6.46338e-7 0.5555799 0.8314632 8.67992e-7 0.5555772 0.831465 -1.75089e-6 0.7071046 0.707109 1.42306e-6 0.7070999 0.7071138 -1.15484e-6 0.8314705 0.5555691 -3.7998e-7 0.8314689 0.5555713 5.7742e-7 0.9238945 0.3826473 -1.60886e-6 0.9238945 0.3826474 0 0.9807888 0.1950733 3.62052e-7 0.9807935 0.1950487 6.14673e-7 0.9951868 0.0979973 -1.65717e-7 0.9951885 0.0979799 0 1 -5.92642e-6 0 1 1.03246e-5 0 2.41771e-6 0.9807932 0.1950507 -2.43634e-6 0.9238754 0.3826934 -1.33179e-6 0.8314445 0.5556079 1.13063e-6 0.7070587 0.7071549 5.03846e-7 0.5555794 0.8314636 -5.11296e-7 0.3826946 0.9238749 -9.11998e-7 0.1950662 0.9807901 -2.52132e-6 0.09795951 0.9951905 0 2.98561e-5 1 -0.6015899 0.2040334 -0.7723082 -0.6148035 1.42345e-5 -0.7886804 -0.6986439 0.2588341 -0.6670096 -0.7352991 5.21541e-6 -0.6777428 -0.7991077 0.2588195 -0.5426226 -0.8360751 -2.50563e-5 -0.5486152 -0.8776938 0.2588306 -0.4033117 -0.9144219 -1.02073e-6 -0.4047625 -0.9321986 0.2588208 -0.2530174 -0.9682304 -1.25654e-5 -0.25006 -0.9611707 0.258818 -0.09573018 -0.9960651 3.18885e-6 -0.0886259 -0.9638052 0.2587835 0.06411403 -0.997174 1.5907e-5 0.07512736 -0.940005 0.2588265 0.2222599 -0.9715327 2.03028e-5 0.2369058 -0.8904528 0.2588187 0.3743084 -0.91983 -5.28432e-6 0.3923172 -0.8164978 0.2588531 0.5160683 -0.8434373 2.77078e-5 0.5372279 -0.720202 0.2587886 0.6436907 -0.7444033 1.15409e-5 0.6677303 -0.6456922 0.4999842 0.5771459 -0.7320588 0.5000131 0.4626843 -0.7983726 0.4999932 0.3355712 -0.8428255 0.4999426 0.1992548 -0.8640949 0.5000343 0.05749654 -0.8617714 0.4999852 -0.08581924 -0.8358023 0.4999913 -0.2268111 -0.7869288 0.4999842 -0.3616057 -0.7165034 0.4999495 -0.4864911 -0.6264056 0.4999653 -0.5980391 -0.5628765 0.3980432 -0.7243837 -0.5017881 0.5726571 -0.6482844 -0.5114545 0.7071017 -0.4882844 -0.4221751 0.7220481 -0.5481012 -0.3616431 0.8660299 -0.345263 -0.328689 0.8412219 -0.4293125 -0.225312 0.9281386 -0.2962993 -0.1871947 0.9659302 -0.1787094 -0.1161928 0.9812246 -0.1539402 -9.59635e-6 1 -4.20585e-6 -0.006149351 0.9999771 -0.002828061 8.15493e-5 1 2.12067e-4 -0.5272192 0.7070747 0.4712594 -0.5977459 0.7070829 0.377801 -0.6518885 0.7070883 0.2739847 -0.6881329 0.7071115 0.1626855 -0.7055705 0.7070838 0.04693436 -0.7036581 0.7070751 -0.07007235 -0.6824518 0.7070805 -0.1851939 -0.6425406 0.7070747 -0.2952743 -0.5849699 0.7071586 -0.3971612 -0.3728045 0.8660147 0.3332199 -0.4226572 0.8660178 0.2671593 -0.4609503 0.8660193 0.1937406 -0.4865929 0.8660207 0.1150459 -0.4989064 0.8660201 0.03318965 -0.4975513 0.8660193 -0.04953199 -0.4825533 0.8660191 -0.1309705 -0.4543437 0.866018 -0.2087698 -0.4136832 0.8660175 -0.2808557 -0.1929804 0.965921 0.1724973 -0.218748 0.9659376 0.1382532 -0.2386059 0.9659243 0.100287 -0.2518304 0.9659391 0.05952596 -0.2582483 0.9659255 0.01719689 -0.2575516 0.9659248 -0.02562379 -0.2497897 0.9659247 -0.06778347 -0.2351706 0.9659265 -0.1080782 -0.2140834 0.9659378 -0.1453702 -7.38745e-6 1 9.13305e-6 4.24683e-6 1 -1.1088e-5 4.76508e-6 1 -1.04757e-5 -8.40617e-6 1 -2.23163e-5 -5.87733e-6 1 -4.66424e-6 7.20515e-6 1 3.28438e-5 2.77252e-5 1 3.59246e-6 -1.0163e-5 1 -1.56988e-5 2.68706e-5 1 1.35492e-5 -3.95253e-6 -1 -2.87704e-5 -0.1161937 -0.9812321 -0.1538921 -0.187196 -0.9659242 -0.1787402 -0.2253149 -0.9281468 -0.2962713 -0.3616866 -0.8660064 -0.3452764 -0.3286892 -0.84123 -0.4292969 -0.4221726 -0.7220399 -0.5481138 -0.5114544 -0.7071095 -0.4882732 -0.5018168 -0.5726884 -0.6482346 -0.6264057 -0.4999719 -0.5980336 -0.5628793 -0.3980508 -0.7243773 -0.6986422 -0.2588316 -0.6670122 -0.6015683 -0.2040233 -0.7723277 -0.6147929 -6.21355e-6 -0.7886887 -0.7352855 -2.73436e-6 -0.6777575 -0.7991245 -0.2587916 -0.5426112 -0.8360787 -1.63317e-5 -0.5486097 -0.8776914 -0.2588497 -0.4033046 -0.9144241 -3.33339e-5 -0.4047576 -0.9322 -0.2588413 -0.2529906 -0.9682281 -9.43989e-6 -0.2500687 -0.961169 -0.258827 -0.09572279 -0.9960651 -9.46969e-6 -0.08862477 -0.9637973 -0.2588075 0.06413632 -0.9971746 -7.39098e-6 0.07511937 -0.9400197 -0.2587935 0.2222365 -0.971532 7.46548e-6 0.2369085 -0.8904458 -0.2588376 0.3743118 -0.9198265 -1.22935e-6 0.3923254 -0.816502 -0.25883 0.5160734 -0.8434302 -1.48341e-5 0.5372389 -0.7201817 -0.2588208 0.6437004 -0.7444149 1.84029e-5 0.6677174 -0.2141205 -0.9659295 -0.1453706 5.2455e-6 -1 5.21647e-5 -0.2351723 -0.9659265 -0.1080744 -1.76203e-5 -1 -1.10301e-5 -0.2497401 -0.9659375 -0.06778413 2.60233e-5 -1 1.50042e-5 -0.2575516 -0.9659249 -0.02562028 9.81361e-6 -1 1.12378e-5 -0.2582486 -0.9659258 0.01718592 -6.52902e-6 -1 -1.96922e-5 -0.2518325 -0.9659387 0.0595228 -7.65838e-6 -1 -1.33956e-5 -0.238609 -0.9659234 0.1002887 8.66086e-6 -1 3.07732e-6 -0.2187861 -0.9659253 0.138279 1.12243e-5 -1 5.15365e-6 -0.1929804 -0.9659247 0.1724767 1.04792e-5 -1 1.59095e-5 -0.3727977 -0.8660203 0.333213 -0.4226593 -0.8660155 0.2671635 -0.4609439 -0.8660188 0.1937578 -0.4865882 -0.8660237 0.1150436 -0.4989129 -0.8660162 0.03319698 -0.4975493 -0.8660188 -0.04955977 -0.4825545 -0.8660181 -0.1309729 -0.4543319 -0.8660209 -0.2087835 -0.4136688 -0.8660225 -0.280862 -0.5271936 -0.7071234 0.471215 -0.5977509 -0.7070668 0.3778233 -0.6518788 -0.7070853 0.2740151 -0.6881478 -0.707091 0.1627113 -0.7055473 -0.7071056 0.04695391 -0.703651 -0.7070804 -0.07009106 -0.6824122 -0.707115 -0.1852082 -0.6425395 -0.7070749 -0.2952765 -0.5849948 -0.7071129 -0.3972059 -0.6457096 -0.4999595 0.5771479 -0.7320916 -0.4999453 0.4627059 -0.798367 -0.4999893 0.3355904 -0.8428069 -0.4999614 0.1992866 -0.8641003 -0.5000239 0.05750674 -0.8617661 -0.4999904 -0.08584213 -0.8358244 -0.4999407 -0.2268412 -0.7869152 -0.4999968 -0.3616182 -0.7165023 -0.4999369 -0.4865055 0 -1.00024e-5 1 -2.77348e-6 -0.0979737 0.995189 -1.2446e-6 -0.1950495 0.9807934 -6.53323e-7 -0.3826718 0.9238844 3.61353e-7 -0.5556035 0.8314474 1.30944e-6 -0.7071368 0.7070768 -1.10082e-6 -0.8315094 0.5555108 -2.57976e-6 -0.923882 0.3826777 2.33017e-6 -0.9807927 0.195053 1.78335e-5 -1 6.62279e-5 -0.1928621 0.9812259 -8.99658e-7 -0.3722259 0.9281423 -7.86036e-7 -0.5406655 0.8412377 4.57279e-7 -0.691851 0.7220404 1.17905e-6 -0.8197953 0.5726569 0 -0.9173752 0.398024 4.22355e-7 -0.9789724 0.2039927 -2.91562e-7 -1 1.05656e-6 0 1 -1.07121e-5 0 1 6.01239e-6 0 0.9951885 -0.0979793 -1.64495e-7 0.9951866 -0.0979979 0 0.9807903 -0.1950652 6.10016e-7 0.9807921 -0.1950561 3.52971e-7 0.9238936 -0.3826494 -1.60281e-6 0.9238954 -0.3826454 0 0.831472 -0.5555667 5.9139e-7 0.8314669 -0.5555743 -3.46452e-7 0.7071042 -0.7071094 1.4063e-6 0.7071004 -0.7071132 -1.18464e-6 0.5555772 -0.8314649 -1.75461e-6 0.5555786 -0.8314641 9.98378e-7 0.3826787 -0.9238816 -1.96137e-6 0.3826773 -0.9238821 -6.35162e-7 0.1950272 -0.9807978 6.70552e-7 0.1950511 -0.9807931 -2.0545e-6 1.00359e-5 -1 -3.53831e-5 0 -2.39386e-5 -1 0 -0.09795111 -0.9951912 0 -2.05338e-5 -1 0 -0.09804713 -0.9951819 5.36675e-7 -0.1950937 -0.9807847 9.95118e-7 -0.1950952 -0.9807844 -1.0943e-6 -0.3826781 -0.9238818 0 -0.3826612 -0.9238888 9.19215e-7 -0.5555598 -0.8314768 3.70666e-7 -0.5555633 -0.8314743 1.39885e-6 -0.7071508 -0.7070628 -1.18464e-6 -0.7070543 -0.7071593 1.451e-6 -0.8314842 -0.5555486 -2.44007e-7 -0.8314735 -0.5555645 -1.48453e-6 -0.9238753 -0.3826936 2.48849e-6 -0.9239352 -0.3825494 6.1281e-7 -0.9807935 -0.1950492 8.90345e-7 -0.9807779 -0.1951278 1.10641e-6 -0.9807991 -0.1950212 -1.14553e-6 -0.9238663 -0.3827154 -1.93156e-6 -0.8314682 -0.5555725 2.26311e-6 -0.7070959 -0.7071177 3.88175e-6 -0.5555738 -0.8314672 5.76861e-6 -0.3826869 -0.9238781 5.80586e-6 -0.1950702 -0.9807893 -1.93703e-6 -0.09801077 -0.9951854 0 -2.55688e-5 -1 0 0 1 -1 0 0 0 0.4999969 0.8660272 1.80731e-6 0.4999991 0.866026 2.53587e-7 0.4999998 0.8660256 1.80811e-6 0.4999998 0.8660256 0 0.5000028 0.8660238 0 -1 0 0 -1 3.77676e-7 0 -1 1.50749e-6 0 -1 1.3205e-6 0 -1 2.65988e-6 0 -1 5.51354e-6 0 0 -1 1 0 0 -0.2582468 0 -0.9660791 -0.2582473 -2.05869e-6 -0.9660788 -0.2582467 0 -0.9660791 -0.2582114 0 -0.9660884 0 1 0 0 1 0 0 1 -2.5408e-7 0 1 0 0 1 -2.30612e-7 0 1 -2.76762e-7 0 1 -3.03621e-7 0 1 -1.56258e-6 0 1 -8.71084e-7 0 1 -5.84029e-7 0 1 5.55364e-7 0 1 1.7059e-6 -0.9937874 -8.51229e-6 0.111295 -0.9997069 1.2666e-7 -0.02420967 -0.9958215 -2.26926e-5 -0.09132063 -0.9872367 4.97326e-7 -0.1592602 -0.9569585 -1.27261e-5 -0.2902248 -0.9388302 -1.66674e-5 -0.3443807 -0.8787772 8.15792e-6 -0.4772325 -0.8560723 2.44253e-5 -0.5168564 -0.7645161 -1.36755e-5 -0.6446047 -0.7419815 1.80171e-5 -0.6704205 -0.618832 2.45697e-5 -0.7855235 -0.6007238 3.11954e-5 -0.7994568 -0.4477163 -3.64252e-5 -0.8941757 -0.4374421 4.78541e-5 -0.8992466 0 0.5000011 -0.8660248 0 0.5000004 -0.8660252 0 0.5000006 -0.8660251 0 0.5000004 -0.8660253 0 0.5000002 -0.8660254 -0.9997069 -2.97837e-6 0.02421271 -0.9921603 -2.67383e-6 0.1249723 -0.9872339 1.33552e-6 0.1592769 -0.9351369 -2.77259e-5 0.3542867 -0.9249575 6.76047e-6 0.3800705 -0.8258956 1.85538e-5 0.5638231 -0.8139739 6.41106e-5 0.5809015 -0.6705179 -1.08152e-5 0.7418934 -0.6601531 6.57198e-5 0.7511311 -0.4777212 -3.35387e-5 0.8785116 -0.4715576 6.00019e-5 0.8818354 -0.2582123 -6.04775e-4 0.966088 -0.2582055 5.50526e-6 0.96609 -0.9937835 4.92297e-6 -0.1113302 -0.2582299 0 0.9660836 -0.2582063 0 0.9660899 -0.461305 0 0.8872417 -0.4613122 0 0.8872379 -0.6424892 0 0.7662948 -0.6424878 0 0.766296 -0.7931697 0 0.6090009 -0.7931763 0 0.6089921 -0.9062228 0 0.4228007 -0.9062233 0 0.4227994 -0.9762747 0 0.2165355 -0.9762741 0 0.2165388 -1 0 -1.88798e-5 -1 0 1.07437e-5 0 -1 0 0 -1 1.4067e-7 0 -1 -2.77747e-6 0 -1 -5.14976e-6 0 -1 7.07125e-6 0 -1 1.83965e-6 0 -1 0 0 -1 2.15925e-7 0 -1 -2.64557e-7 0 -1 0 0 -1 -1.26675e-7 0 -1 -3.84177e-7 0 -1 1.17953e-6 0 -1 -2.35005e-7 0 -1 -1.75405e-6 0 -1 -3.5366e-7 0 -1 2.25757e-7 0 1 0 0 1 0 0 1 1.22083e-7 0 1 -5.29113e-7 0 1 -2.83074e-7 0 1 1.74148e-7 0 1 8.87782e-7 0 1 -2.68761e-7 0 1 -5.90144e-7 0 1 0 0 1 -7.67806e-6 0 1 1.19303e-5 0 1 5.27717e-6 0 1 0 -1 -8.20731e-7 0 -1 0 0 -1 0 0 -1 6.22329e-7 0 -1 0 0 -1 0 0 -1 0 0 -1 0 0 -1 1.35403e-7 0 -1 0 0 -1 0 0 -1 0 0 -1 -2.34925e-6 0 -1 5.26097e-6 0 -1 6.22635e-7 0 -1 0 0 -1 -1.45577e-6 0 -1 -1.7749e-7 0 -1 6.3708e-7 0 -1 0 0 -1 6.46984e-7 0 -1 -5.19986e-7 0 -1 2.95472e-6 0 -1 -7.32122e-7 0 -1 -8.67886e-7 0 -1 0 0 -1 -8.43353e-7 0 -1 6.32908e-7 0 -1 0 0 -1 -5.55014e-7 0 -1 2.15303e-6 0 -1 -1.45783e-6 0 -1 2.13743e-6 0 -1 7.0718e-7 0 -1 0 0 -1 -8.51108e-7 0 -1 -8.67879e-7 0 -1 0 0 -1 -8.52929e-7 0 -1 2.16589e-6 0 -1 0 0 -1 -2.37255e-6 0 -1 -8.91403e-7 0 -1 3.02667e-6 0 -1 2.23043e-6 0 -1 -3.52185e-6 0 -1 0 0 -1 6.65953e-7 0 -1 -8.47824e-7 0 -1 0 0 -1 -8.57124e-7 0 -1 -2.39196e-6 0 -1 0 0 -1 2.43733e-6 0 -1 -2.35553e-6 0 -1 0 0 -1 -8.58449e-7 0 -1 -1.63106e-6 0 -1 6.09012e-6 0 -1 -2.32236e-6 0 -1 2.93513e-6 0 -1 0 0 -1 4.48842e-6 0 -1 -2.15342e-6 0 -1 -1.22487e-5 0 -1 -2.50239e-6 0 -1 3.89633e-6 0 -1 6.15184e-6 0 -1 4.35537e-6 0 -1 -4.09999e-6 0 -1 0 0 -1 3.7294e-6 0 -1 -7.71627e-6 0 -1 0 0 -1 3.731e-6 0 -1 0 0 -1 -8.42844e-6 0 -1 9.74334e-6 0 -1 -1.22579e-5 0 -1 -2.34311e-6 0 -1 5.25667e-6 0 -1 0 0 -1 5.26374e-6 0 -1 8.23631e-7 0 -1 -1.22487e-5 0 -1 -2.33564e-6 0 -1 5.2514e-6 0 -1 0 0 -1 -8.20469e-7 0 -1 3.65642e-6 0 -1 -6.1119e-6 0 -1 -5.72372e-7 0 -1 -8.58242e-7 0 -1 0 0 -1 5.23219e-6 0 -1 -8.57528e-7 0 -1 0 0 -1 -8.67887e-7 0 -1 -8.1832e-7 0 -1 2.98399e-6 0 -1 -8.67879e-7 0 -1 -8.55898e-7 0 -1 0 0 -1 -7.78002e-7 0 -1 5.22512e-6 0 -1 0 0 -1 -8.632e-7 0 -1 -5.59782e-7 0 -1 0 0 -1 2.16408e-6 0 -1 -8.52416e-7 0 -1 0 0 -1 -7.88477e-7 0 -1 3.04176e-6 0 -1 9.09007e-7 0 -1 -8.82984e-7 0 -1 -1.45383e-6 0 -1 2.14259e-6 0 -1 -7.65086e-7 0 -1 2.97953e-6 0 -1 -8.67894e-7 0 -1 -7.96561e-7 0 -1 1.4404e-6 0 -1 -8.15841e-7 0 -1 6.50157e-7 0 -1 0 0 -1 0 0 -1 6.44538e-7 0 -1 0 0 0 1 -2.48836e-7 0 1 2.47917e-7 0 1 2.47917e-7 0 1 -2.48836e-7 0 1 2.47917e-7 0 1 -2.48836e-7 0 1 2.47917e-7 0 1 -8.12446e-7 0 1 -7.46507e-7 0 1 7.43751e-7 0 1 7.92797e-7 0 1 -2.48836e-7 0 1 -8.1244e-7 0 1 -7.46507e-7 0 1 7.92797e-7 0 1 -8.12443e-7 0 1 -7.46507e-7 0 1 7.43752e-7 0 1 7.928e-7 0 1 2.47917e-7 0 1 -2.48836e-7 0 1 2.47917e-7 0 1 7.928e-7 0 1 -2.48836e-7 0 1 -8.12441e-7 0 1 -7.46507e-7 0 1 7.43752e-7 0 1 7.92801e-7 0 1 7.43752e-7 0 1 7.92801e-7 0 1 -8.12441e-7 0 1 -7.46507e-7 0 1 7.43752e-7 0 1 7.92801e-7 0 1 -2.48836e-7 0 1 2.47917e-7 0 1 7.43752e-7 0 1 7.92803e-7 0 1 2.47917e-7 0 -0.4999997 0.8660256 0 -0.4999988 0.8660261 0 -0.5000002 0.8660253 0 -0.4999991 0.8660259 0 -0.5000019 0.8660244 0.7087531 -7.17491e-6 -0.7054567 0.6490847 -9.57772e-6 -0.7607162 0.5937381 1.38395e-6 -0.8046585 0.5835311 1.54646e-6 -0.8120909 0.466524 -2.65078e-7 -0.8845086 0.4734597 -1.15221e-5 -0.8808155 0.397558 -2.1334e-5 -0.9175772 0.3522 2.02879e-5 -0.9359248 0.3242203 -2.72496e-5 -0.9459817 0.2193185 -7.69459e-6 -0.9756534 0.2472586 -2.20491e-7 -0.9689496 0.1683625 -2.01529e-5 -0.9857252 0.08484262 4.72833e-6 -0.9963945 0.09121912 -7.97733e-6 -0.9958309 0.01953452 2.08686e-6 -0.9998092 -0.03331494 7.84546e-6 -0.9994449 -0.04489952 -3.30427e-5 -0.9989916 -0.1038196 9.38657e-7 -0.9945962 -0.1348461 -1.11861e-5 -0.9908666 -0.1616238 1.03546e-4 -0.9868525 -0.1863493 -3.81691e-6 -0.9824836 -0.2254125 9.1719e-6 -0.9742635 -0.2449286 -4.47512e-5 -0.9695411 -0.3040801 6.34778e-6 -0.9526466 -0.3164315 -1.95115e-6 -0.9486154 -0.4078082 3.4211e-6 -0.9130676 -0.4077878 2.52754e-6 -0.9130768 0 -1 0 0 -1 2.10545e-7 0 -1 3.61233e-7 0 -1 1.18188e-6 0 -1 4.99016e-7 0 -1 0 0 -1 2.07157e-7 0 -1 0 0 -1 -1.00692e-6 0 -1 -9.8211e-7 0 1 0 0 1 0 0 1 -1.60896e-7 0 1 3.64826e-7 0 1 7.83018e-7 0 1 0 0 1 0 0 1 2.40284e-7 0 1 3.95971e-7 0 1 -1.45562e-6 0 1 -9.30822e-7 0 1 1.6393e-6 0 1 2.21928e-6 0 1 -1.38988e-7 0 1 -1.35232e-7 0 0.5000016 -0.8660245 0 0.4999999 -0.8660255 0 0.5000014 -0.8660247 0 0.5000012 -0.8660249 0 0.5000022 -0.8660241 0.6840897 2.59653e-6 0.729398 0.6397138 3.26242e-6 0.7686133 0.6370609 -4.11426e-5 0.7708135 0.585658 6.01256e-7 0.8105583 0.5826659 -1.65798e-5 0.8127118 0.5382749 6.5299e-5 0.8427693 0.5182379 8.30972e-6 0.8552365 0.4850154 6.89082e-5 0.8745057 0.4444499 -2.10935e-5 0.8958037 0.4276952 -3.19347e-5 0.903923 0.3680279 -3.32671e-5 0.9298148 0.3699507 -6.50754e-7 0.9290514 0.3150278 1.27181e-5 0.9490825 0.2964432 -4.24639e-5 0.9550505 0.2641198 -3.65893e-6 0.9644899 0.2315278 -3.37393e-5 0.9728283 0.1724853 -3.06591e-6 0.9850122 0.172517 1.4265e-6 0.9850065 0 1 -1.89541e-7 0 1 -1.2076e-6 0 1 -3.48359e-6 0 1 0 0 1 0 0 1 2.21297e-7 0 -1 1.35696e-7 0 -1 1.03341e-6 0 -1 2.99792e-6 0 -1 -4.1194e-7 0 -1 -2.72475e-7 0 -1 4.06773e-7 0 -1 -2.9578e-7 -0.9659258 0.2588193 0 -0.9659249 0.2588225 0 -1 -3.40152e-6 0 -1 3.40151e-6 0 -0.9659249 -0.2588227 0 -0.9659259 -0.2588189 0 -0.8660261 -0.4999989 0 -0.8660253 -0.5000003 0 -0.7071073 -0.7071062 0 -0.7071046 -0.7071089 0 -0.5000033 -0.8660236 0 -0.5000013 -0.8660247 0 -0.2588201 -0.9659256 0 -0.2588196 -0.9659257 0 2.29638e-7 -1 0 -2.34422e-7 -1 0 0.2588205 -0.9659255 0 0.2588192 -0.9659258 0 0.5000021 -0.8660242 0 0.5000025 -0.866024 0 0.7071045 -0.7071091 0 0.7071057 -0.7071079 0 0.866025 -0.5000008 0 0.8660236 -0.5000032 0 0.9659258 -0.2588193 0 0.9659259 -0.2588192 0 1 -2.93267e-6 0 1 2.92788e-6 0 0.9659257 0.2588196 0 0.9659259 0.258819 0 0.8660234 0.5000038 0 0.8660253 0.5000004 0 0.7071055 0.7071081 0 0.7071046 0.7071089 0 0.5000023 0.8660242 0 0.5000023 0.8660241 0 0.2588189 0.9659259 0 0.2588208 0.9659254 0 -2.34422e-7 1 0 2.29638e-7 1 0 -0.2588194 0.9659258 0 -0.2588204 0.9659255 0 -0.500001 0.8660249 0 -0.5000035 0.8660234 0 -0.7071045 0.7071091 0 -0.7071075 0.7071061 0 -0.866025 0.5000008 0 -0.8660263 0.4999985 0</float_array>
          <technique_common>
            <accessor source="#Digital_Calliper_-mesh-normals-array" count="888" stride="3">
              <param name="X" type="float"/>
              <param name="Y" type="float"/>
              <param name="Z" type="float"/>
            </accessor>
          </technique_common>
        </source>
        <source id="Digital_Calliper_-mesh-map-0">
          <float_array id="Digital_Calliper_-mesh-map-0-array" count="13092">0.177675 -0.02356195 1.114601 -0.02356195 0.183528 -0.01767098 0.183528 -0.01767098 1.114601 -0.02356195 1.120453 -0.01767098 0.183528 -0.01767098 1.120453 -0.01767098 0.189155 -0.01178097 0.189155 -0.01178097 1.120453 -0.01767098 1.126081 -0.01178097 0.189155 -0.01178097 1.126081 -0.01178097 0.194342 -0.005889952 0.194342 -0.005889952 1.126081 -0.01178097 1.131268 -0.005889952 0.194342 -0.005889952 1.131268 -0.005889952 0.198888 0 0.198888 0 1.131268 -0.005889952 1.135814 0 0.198888 0 1.135814 0 0.202619 0.005889952 0.202619 0.005889952 1.135814 0 1.139545 0.005889952 0.202619 0.005889952 1.139545 0.005889952 0.205391 0.01178097 0.205391 0.01178097 1.139545 0.005889952 1.142317 0.01178097 0.205391 0.01178097 1.142317 0.01178097 0.207099 0.01767098 0.207099 0.01767098 1.142317 0.01178097 1.144024 0.01767098 0.207099 0.01767098 1.144024 0.01767098 0.207531 0.02061694 0.207531 0.02061694 1.144024 0.01767098 1.144456 0.02061694 0.207531 0.02061694 1.144456 0.02061694 0.207675 0.02356195 0.207675 0.02356195 1.144456 0.02061694 1.144601 0.02356195 -0.02255594 -0.007487952 -0.02175897 -0.003742992 -0.02865898 0 -0.02865898 0 -0.02175897 -0.003742992 -0.02175897 0.003742992 -0.02865898 0 -0.02175897 0.003742992 -0.02255594 0.007487952 -0.02255594 0.007487952 -0.02175897 0.003742992 -0.01485896 0.003742992 -0.02255594 0.007487952 -0.01485896 0.003742992 -0.01485896 0.01122796 -0.01485896 0.01122796 -0.01485896 0.003742992 -0.007958948 0.003742992 -0.01485896 0.01122796 -0.007958948 0.003742992 -0.007958948 0.01122796 -0.007958948 0.01122796 -0.007958948 0.003742992 -0.001058995 0.003742992 -0.007958948 0.01122796 -0.001058995 0.003742992 -0.001058995 0.01122796 -0.001058995 0.01122796 -0.001058995 0.003742992 0.005840957 0.003742992 -0.001058995 0.01122796 0.005840957 0.003742992 0.005840957 0.01122796 0.005840957 0.01122796 0.005840957 0.003742992 0.01274096 0.003742992 0.005840957 0.01122796 0.01274096 0.003742992 0.01274096 0.01122796 0.01274096 0.01122796 0.01274096 0.003742992 0.01774799 0.009375989 0.01274096 0.01122796 0.01774799 0.009375989 0.01570796 0.01819795 -0.01581096 -0.01246094 -0.01485896 -0.01122796 -0.02255594 -0.007487952 -0.02255594 -0.007487952 -0.01485896 -0.01122796 -0.01485896 -0.003742992 -0.02255594 -0.007487952 -0.01485896 -0.003742992 -0.02175897 -0.003742992 -0.02175897 -0.003742992 -0.01485896 -0.003742992 -0.02175897 0.003742992 -0.01581096 -0.01246094 -0.008784949 -0.01624697 -0.01485896 -0.01122796 -0.01485896 -0.01122796 -0.008784949 -0.01624697 -0.007958948 -0.01122796 -0.01485896 -0.01122796 -0.007958948 -0.01122796 -0.01485896 -0.003742992 -0.01485896 -0.003742992 -0.007958948 -0.01122796 -0.007958948 -0.003742992 -0.01485896 -0.003742992 -0.007958948 -0.003742992 -0.01485896 0.003742992 -0.01485896 0.003742992 -0.007958948 -0.003742992 -0.007958948 0.003742992 -0.001641988 -0.01952099 -0.001058995 -0.01871395 -0.008784949 -0.01624697 -0.008784949 -0.01624697 -0.001058995 -0.01871395 -0.001058995 -0.01122796 -0.008784949 -0.01624697 -0.001058995 -0.01122796 -0.007958948 -0.01122796 -0.007958948 -0.01122796 -0.001058995 -0.01122796 -0.007958948 -0.003742992 -0.001641988 -0.01952099 0.005521953 -0.02270996 -0.001058995 -0.01871395 -0.001058995 -0.01871395 0.005521953 -0.02270996 0.005840957 -0.01871395 -0.001058995 -0.01871395 0.005840957 -0.01871395 -0.001058995 -0.01122796 -0.001058995 -0.01122796 0.005840957 -0.01871395 0.005840957 -0.01122796 -0.001058995 -0.01122796 0.005840957 -0.01122796 -0.001058995 -0.003742992 -0.001058995 -0.003742992 0.005840957 -0.01122796 0.005840957 -0.003742992 -0.001058995 -0.003742992 0.005840957 -0.003742992 -0.001058995 0.003742992 -0.001058995 0.003742992 0.005840957 -0.003742992 0.005840957 0.003742992 0.005840957 -0.01871395 0.005521953 -0.02270996 0.01274096 -0.01871395 0.01274096 -0.01871395 0.005521953 -0.02270996 0.01261597 -0.02619898 0.01274096 -0.01871395 0.01261597 -0.02619898 0.01570796 -0.01819795 0.01274096 -0.01871395 0.01570796 -0.01819795 0.01274096 -0.01122796 0.01274096 -0.01122796 0.01570796 -0.01819795 0.01774799 -0.009375989 0.01274096 -0.01122796 0.01774799 -0.009375989 0.01274096 -0.003742992 0.01274096 -0.003742992 0.01774799 -0.009375989 0.01846396 0 0.01274096 -0.003742992 0.01846396 0 0.01274096 0.003742992 0.01274096 0.003742992 0.01846396 0 0.01774799 0.009375989 0.01274096 0.01122796 0.01570796 0.01819795 0.01274096 0.01871395 0.01274096 0.01871395 0.01570796 0.01819795 0.01261597 0.02619898 0.01274096 0.01871395 0.01261597 0.02619898 0.005521953 0.02270996 0.01274096 0.01871395 0.005521953 0.02270996 0.005840957 0.01871395 0.005840957 0.01871395 0.005521953 0.02270996 -0.001641988 0.01952099 0.005840957 0.01871395 -0.001641988 0.01952099 -0.001058995 0.01871395 -0.001058995 0.01871395 -0.001641988 0.01952099 -0.008784949 0.01624697 -0.001058995 0.01871395 -0.008784949 0.01624697 -0.001058995 0.01122796 -0.001058995 0.01122796 -0.008784949 0.01624697 -0.007958948 0.01122796 -0.007958948 0.01122796 -0.008784949 0.01624697 -0.01485896 0.01122796 -0.01485896 0.01122796 -0.008784949 0.01624697 -0.01581096 0.01246094 -0.01485896 0.01122796 -0.01581096 0.01246094 -0.02255594 0.007487952 0.01274096 0.003742992 0.005840957 0.003742992 0.01274096 -0.003742992 0.01274096 -0.003742992 0.005840957 0.003742992 0.005840957 -0.003742992 0.01274096 -0.003742992 0.005840957 -0.003742992 0.01274096 -0.01122796 0.01274096 -0.01122796 0.005840957 -0.003742992 0.005840957 -0.01122796 0.01274096 -0.01122796 0.005840957 -0.01122796 0.01274096 -0.01871395 0.01274096 -0.01871395 0.005840957 -0.01122796 0.005840957 -0.01871395 -0.001058995 0.003742992 -0.007958948 0.003742992 -0.001058995 -0.003742992 -0.001058995 -0.003742992 -0.007958948 0.003742992 -0.007958948 -0.003742992 -0.001058995 -0.003742992 -0.007958948 -0.003742992 -0.001058995 -0.01122796 -0.01485896 0.003742992 -0.02175897 0.003742992 -0.01485896 -0.003742992 -0.001058995 0.01871395 -0.001058995 0.01122796 0.005840957 0.01122796 0.01274096 0.01871395 0.005840957 0.01871395 0.01274096 0.01122796 0.01274096 0.01122796 0.005840957 0.01871395 0.005840957 0.01122796 0.005840957 0.01871395 -0.001058995 0.01871395 0.005840957 0.01122796 0.02255594 0.007487952 0.02175897 0.003742992 0.02865898 0 0.02865898 0 0.02175897 0.003742992 0.02175897 -0.003742992 0.02865898 0 0.02175897 -0.003742992 0.02255594 -0.007487952 0.02255594 -0.007487952 0.02175897 -0.003742992 0.01485896 -0.003742992 0.02255594 -0.007487952 0.01485896 -0.003742992 0.01485896 -0.01122796 0.01485896 -0.01122796 0.01485896 -0.003742992 0.007958948 -0.003742992 0.01485896 -0.01122796 0.007958948 -0.003742992 0.007958948 -0.01122796 0.007958948 -0.01122796 0.007958948 -0.003742992 0.001058995 -0.003742992 0.007958948 -0.01122796 0.001058995 -0.003742992 0.001058995 -0.01122796 0.001058995 -0.01122796 0.001058995 -0.003742992 -0.005840957 -0.003742992 0.001058995 -0.01122796 -0.005840957 -0.003742992 -0.005840957 -0.01122796 -0.005840957 -0.01122796 -0.005840957 -0.003742992 -0.01274096 -0.003742992 -0.005840957 -0.01122796 -0.01274096 -0.003742992 -0.01274096 -0.01122796 -0.01274096 -0.01122796 -0.01274096 -0.003742992 -0.01774799 -0.009375989 -0.01274096 -0.01122796 -0.01774799 -0.009375989 -0.01570796 -0.01819795 0.02175897 0.003742992 0.02255594 0.007487952 0.01485896 0.003742992 0.01485896 0.003742992 0.02255594 0.007487952 0.01581096 0.01246094 0.01485896 0.003742992 0.01581096 0.01246094 0.01485896 0.01122796 0.01485896 0.01122796 0.01581096 0.01246094 0.008784949 0.01624697 0.01485896 0.01122796 0.008784949 0.01624697 0.007958948 0.01122796 0.007958948 0.01122796 0.008784949 0.01624697 0.001058995 0.01122796 0.007958948 0.01122796 0.001058995 0.01122796 0.007958948 0.003742992 0.007958948 0.003742992 0.001058995 0.01122796 0.001058995 0.003742992 0.007958948 0.003742992 0.001058995 0.003742992 0.007958948 -0.003742992 0.007958948 -0.003742992 0.001058995 0.003742992 0.001058995 -0.003742992 0.001058995 0.01122796 0.008784949 0.01624697 0.001058995 0.01871395 0.001058995 0.01871395 0.008784949 0.01624697 0.001641988 0.01952099 0.001058995 0.01871395 0.001641988 0.01952099 -0.005521953 0.02270996 -0.01261597 0.02619898 -0.01274096 0.01871395 -0.005521953 0.02270996 -0.005521953 0.02270996 -0.01274096 0.01871395 -0.005840957 0.01871395 -0.005521953 0.02270996 -0.005840957 0.01871395 0.001058995 0.01871395 0.001058995 0.01871395 -0.005840957 0.01871395 0.001058995 0.01122796 -0.01261597 0.02619898 -0.01570796 0.01819795 -0.01274096 0.01871395 -0.01274096 0.01871395 -0.01570796 0.01819795 -0.01274096 0.01122796 -0.01274096 0.01871395 -0.01274096 0.01122796 -0.005840957 0.01122796 -0.005840957 0.01122796 -0.01274096 0.01122796 -0.005840957 0.003742992 -0.005840957 0.01122796 -0.005840957 0.003742992 0.001058995 0.003742992 0.001058995 0.003742992 -0.005840957 0.003742992 0.001058995 -0.003742992 -0.01570796 0.01819795 -0.01774799 0.009375989 -0.01274096 0.01122796 -0.01274096 0.01122796 -0.01774799 0.009375989 -0.01274096 0.003742992 -0.01274096 0.01122796 -0.01274096 0.003742992 -0.005840957 0.003742992 -0.005840957 0.003742992 -0.01274096 0.003742992 -0.005840957 -0.003742992 -0.005840957 0.003742992 -0.005840957 -0.003742992 0.001058995 -0.003742992 -0.01774799 0.009375989 -0.01846396 0 -0.01274096 0.003742992 -0.01274096 0.003742992 -0.01846396 0 -0.01274096 -0.003742992 -0.01274096 0.003742992 -0.01274096 -0.003742992 -0.005840957 -0.003742992 -0.01846396 0 -0.01774799 -0.009375989 -0.01274096 -0.003742992 -0.01274096 -0.01122796 -0.01570796 -0.01819795 -0.01274096 -0.01871395 -0.01274096 -0.01871395 -0.01570796 -0.01819795 -0.01261597 -0.02619898 -0.01274096 -0.01871395 -0.01261597 -0.02619898 -0.005521953 -0.02270996 -0.01274096 -0.01871395 -0.005521953 -0.02270996 -0.005840957 -0.01871395 -0.005840957 -0.01871395 -0.005521953 -0.02270996 0.001641988 -0.01952099 -0.005840957 -0.01871395 0.001641988 -0.01952099 0.001058995 -0.01871395 0.001058995 -0.01871395 0.001641988 -0.01952099 0.008784949 -0.01624697 0.001058995 -0.01871395 0.008784949 -0.01624697 0.001058995 -0.01122796 0.001058995 -0.01122796 0.008784949 -0.01624697 0.007958948 -0.01122796 0.007958948 -0.01122796 0.008784949 -0.01624697 0.01485896 -0.01122796 0.01485896 -0.01122796 0.008784949 -0.01624697 0.01581096 -0.01246094 0.01485896 -0.01122796 0.01581096 -0.01246094 0.02255594 -0.007487952 0.007958948 -0.003742992 0.01485896 -0.003742992 0.007958948 0.003742992 0.007958948 0.003742992 0.01485896 -0.003742992 0.01485896 0.003742992 0.007958948 0.003742992 0.01485896 0.003742992 0.007958948 0.01122796 0.007958948 0.01122796 0.01485896 0.003742992 0.01485896 0.01122796 0.02175897 0.003742992 0.01485896 0.003742992 0.02175897 -0.003742992 0.02175897 -0.003742992 0.01485896 0.003742992 0.01485896 -0.003742992 -0.005840957 0.01122796 0.001058995 0.003742992 0.001058995 0.01122796 -0.01274096 0.01871395 -0.005840957 0.01122796 -0.005840957 0.01871395 -0.005840957 0.01871395 -0.005840957 0.01122796 0.001058995 0.01122796 0.001058995 -0.01871395 0.001058995 -0.01122796 -0.005840957 -0.01122796 -0.01274096 -0.01871395 -0.005840957 -0.01871395 -0.01274096 -0.01122796 -0.01274096 -0.01122796 -0.005840957 -0.01871395 -0.005840957 -0.01122796 -0.005840957 -0.01871395 0.001058995 -0.01871395 -0.005840957 -0.01122796 0.17 0.02356195 -0.17 0.02356195 0.17 0.01570796 0.17 0.01570796 -0.17 0.02356195 -0.17 0.01570796 0.17 0.01570796 -0.17 0.01570796 0.17 0.007853984 0.17 0.007853984 -0.17 0.01570796 -0.17 0.007853984 0.17 0.007853984 -0.17 0.007853984 0.17 0 0.17 0 -0.17 0.007853984 -0.17 0 0.17 0 -0.17 0 0.17 -0.007853984 0.17 -0.007853984 -0.17 0 -0.17 -0.007853984 0.17 -0.007853984 -0.17 -0.007853984 0.17 -0.01570796 0.17 -0.01570796 -0.17 -0.007853984 -0.17 -0.01570796 0.17 -0.01570796 -0.17 -0.01570796 0.17 -0.02356195 0.17 -0.02356195 -0.17 -0.01570796 -0.17 -0.02356195 0.791389 0.02356195 -0.646138 0.02356195 0.791697 0.01739799 0.791697 0.01739799 -0.646138 0.02356195 -0.646138 0.01570796 0.791697 0.01739799 -0.646138 0.01570796 0.792601 0.01128 0.792601 0.01128 -0.646138 0.01570796 -0.646138 0.007853984 0.792601 0.01128 -0.646138 0.007853984 0.794035 0.00526899 0.794035 0.00526899 -0.646138 0.007853984 -0.646138 0 0.794035 0.00526899 -0.646138 0 0.79592 -6.4e-4 0.79592 -6.4e-4 -0.646138 0 0.798155 -0.006422996 0.798155 -0.006422996 -0.646138 0 -0.646138 -0.007853984 0.798155 -0.006422996 -0.646138 -0.007853984 0.800656 -0.01211899 0.800656 -0.01211899 -0.646138 -0.007853984 -0.646138 -0.01570796 0.800656 -0.01211899 -0.646138 -0.01570796 0.80333 -0.01773899 0.80333 -0.01773899 -0.646138 -0.01570796 -0.646138 -0.02356195 0.80333 -0.01773899 -0.646138 -0.02356195 0.806096 -0.02331697 0.806096 -0.02331697 -0.646138 -0.02356195 0.806219 -0.02356195 0.01754397 0.02356195 -0.128466 0.02356195 0.01739895 0.02061694 0.01739895 0.02061694 -0.128466 0.02356195 -0.128466 0.01570796 0.01739895 0.02061694 -0.128466 0.01570796 0.01696699 0.01767098 0.01696699 0.01767098 -0.128466 0.01570796 0.01525998 0.01178097 0.01525998 0.01178097 -0.128466 0.01570796 -0.128466 0.007853984 0.01525998 0.01178097 -0.128466 0.007853984 0.01248794 0.005889952 0.01248794 0.005889952 -0.128466 0.007853984 -0.128466 0 0.01248794 0.005889952 -0.128466 0 0.008756995 0 0.008756995 0 -0.128466 0 0.004210948 -0.005889952 0.004210948 -0.005889952 -0.128466 0 -0.128466 -0.007853984 0.004210948 -0.005889952 -0.128466 -0.007853984 -9.76e-4 -0.01178097 -9.76e-4 -0.01178097 -0.128466 -0.007853984 -0.128466 -0.01570796 -9.76e-4 -0.01178097 -0.128466 -0.01570796 -0.006603956 -0.01767098 -0.006603956 -0.01767098 -0.128466 -0.01570796 -0.128466 -0.02356195 -0.006603956 -0.01767098 -0.128466 -0.02356195 -0.01245599 -0.02356195 -0.03250396 0 -0.02495396 -0.003659963 -0.02495396 0.003659963 -0.02495396 0.003659963 -0.02495396 -0.003659963 -0.02460396 -0.003659963 -0.02495396 0.003659963 -0.02460396 -0.003659963 -0.02460396 0.003659963 -0.02460396 0.003659963 -0.02460396 -0.003659963 -0.01670396 0.003657996 -0.02460396 0.003659963 -0.01670396 0.003657996 -0.01726698 0.005699992 -0.01726698 0.005699992 -0.01670396 0.003657996 -0.009530961 0.007144987 -0.009530961 0.007144987 -0.01670396 0.003657996 -0.008803963 0.00365597 -0.009530961 0.007144987 -0.008803963 0.00365597 -0.001776993 0.008359968 -0.001776993 0.008359968 -0.008803963 0.00365597 -9.03e-4 0.003652989 -0.001776993 0.008359968 -9.03e-4 0.003652989 0.005980968 0.009536981 0.005980968 0.009536981 -9.03e-4 0.003652989 0.006996989 0.003650963 0.005980968 0.009536981 0.006996989 0.003650963 0.01372796 0.01084697 0.01372796 0.01084697 0.006996989 0.003650963 0.01451897 0.003648996 0.01451897 0.003648996 0.006996989 0.003650963 0.006996989 -0.003650963 0.01451897 0.003648996 0.006996989 -0.003650963 0.01451897 -0.003648996 0.01451897 -0.003648996 0.006996989 -0.003650963 0.01372796 -0.01084697 0.01372796 -0.01084697 0.006996989 -0.003650963 0.005980968 -0.009536981 0.005980968 -0.009536981 0.006996989 -0.003650963 -9.03e-4 -0.003652989 0.005980968 -0.009536981 -9.03e-4 -0.003652989 -0.001776993 -0.008359968 -0.001776993 -0.008359968 -9.03e-4 -0.003652989 -0.008803963 -0.00365597 -0.001776993 -0.008359968 -0.008803963 -0.00365597 -0.009530961 -0.007144987 -0.009530961 -0.007144987 -0.008803963 -0.00365597 -0.01670396 -0.003657996 -0.009530961 -0.007144987 -0.01670396 -0.003657996 -0.01726698 -0.005699992 -0.01726698 -0.005699992 -0.01670396 -0.003657996 -0.02460396 -0.003659963 -0.01726698 -0.005699992 -0.02460396 -0.003659963 -0.02495396 -0.003659963 -0.01726698 0.005699992 -0.02495396 0.003659963 -0.02460396 0.003659963 -9.03e-4 -0.003652989 0.006996989 -0.003650963 0.006996989 0.003650963 -0.008803963 -0.00365597 -9.03e-4 -0.003652989 -9.03e-4 0.003652989 -9.03e-4 0.003652989 -9.03e-4 -0.003652989 0.006996989 0.003650963 -0.01670396 -0.003657996 -0.008803963 -0.00365597 -0.008803963 0.00365597 -0.008803963 0.00365597 -0.008803963 -0.00365597 -9.03e-4 0.003652989 -0.02460396 -0.003659963 -0.01670396 -0.003657996 -0.01670396 0.003657996 -0.01670396 0.003657996 -0.01670396 -0.003657996 -0.008803963 0.00365597 -0.177675 -0.02356195 -0.183528 -0.01767098 -1.114601 -0.02356195 -1.114601 -0.02356195 -0.183528 -0.01767098 -1.120453 -0.01767098 -1.120453 -0.01767098 -0.183528 -0.01767098 -0.189155 -0.01178097 -1.120453 -0.01767098 -0.189155 -0.01178097 -1.126081 -0.01178097 -1.126081 -0.01178097 -0.189155 -0.01178097 -0.194342 -0.005889952 -1.126081 -0.01178097 -0.194342 -0.005889952 -1.131268 -0.005889952 -1.131268 -0.005889952 -0.194342 -0.005889952 -0.198888 0 -1.131268 -0.005889952 -0.198888 0 -1.135814 0 -1.135814 0 -0.198888 0 -0.202619 0.005889952 -1.135814 0 -0.202619 0.005889952 -1.139545 0.005889952 -1.139545 0.005889952 -0.202619 0.005889952 -0.205391 0.01178097 -1.139545 0.005889952 -0.205391 0.01178097 -1.142317 0.01178097 -1.142317 0.01178097 -0.205391 0.01178097 -0.207099 0.01767098 -1.142317 0.01178097 -0.207099 0.01767098 -1.144024 0.01767098 -1.144024 0.01767098 -0.207099 0.01767098 -0.207531 0.02061694 -1.144024 0.01767098 -0.207531 0.02061694 -1.144456 0.02061694 -1.144456 0.02061694 -0.207531 0.02061694 -0.207675 0.02356195 -1.144456 0.02061694 -0.207675 0.02356195 -1.144601 0.02356195 0.03250396 0 0.02495396 0.003659963 0.02495396 -0.003659963 0.02495396 -0.003659963 0.02495396 0.003659963 0.02460396 -0.003659963 0.02495396 -0.003659963 0.02460396 -0.003659963 0.01726698 -0.005699992 0.01726698 -0.005699992 0.02460396 -0.003659963 0.01670396 -0.003657996 0.01726698 -0.005699992 0.01670396 -0.003657996 0.009530961 -0.007144987 0.009530961 -0.007144987 0.01670396 -0.003657996 0.008803963 -0.00365597 0.009530961 -0.007144987 0.008803963 -0.00365597 0.001776993 -0.008359968 0.001776993 -0.008359968 0.008803963 -0.00365597 9.03e-4 -0.003652989 0.001776993 -0.008359968 9.03e-4 -0.003652989 -0.005980968 -0.009536981 -0.005980968 -0.009536981 9.03e-4 -0.003652989 -0.006996989 -0.003650963 -0.005980968 -0.009536981 -0.006996989 -0.003650963 -0.01372796 -0.01084697 -0.01372796 -0.01084697 -0.006996989 -0.003650963 -0.01451897 -0.003648996 -0.01451897 -0.003648996 -0.006996989 -0.003650963 -0.01451897 0.003648996 -0.01451897 0.003648996 -0.006996989 -0.003650963 -0.006996989 0.003650963 -0.01451897 0.003648996 -0.006996989 0.003650963 -0.01372796 0.01084697 -0.01372796 0.01084697 -0.006996989 0.003650963 -0.005980968 0.009536981 -0.005980968 0.009536981 -0.006996989 0.003650963 9.03e-4 0.003652989 -0.005980968 0.009536981 9.03e-4 0.003652989 0.001776993 0.008359968 0.001776993 0.008359968 9.03e-4 0.003652989 0.008803963 0.00365597 0.001776993 0.008359968 0.008803963 0.00365597 0.009530961 0.007144987 0.009530961 0.007144987 0.008803963 0.00365597 0.01670396 0.003657996 0.009530961 0.007144987 0.01670396 0.003657996 0.01726698 0.005699992 0.01726698 0.005699992 0.01670396 0.003657996 0.02460396 0.003659963 0.01726698 0.005699992 0.02460396 0.003659963 0.02495396 0.003659963 0.02495396 0.003659963 0.02460396 0.003659963 0.02460396 -0.003659963 9.03e-4 0.003652989 -0.006996989 0.003650963 9.03e-4 -0.003652989 9.03e-4 -0.003652989 -0.006996989 0.003650963 -0.006996989 -0.003650963 0.008803963 0.00365597 9.03e-4 0.003652989 0.008803963 -0.00365597 0.008803963 -0.00365597 9.03e-4 0.003652989 9.03e-4 -0.003652989 0.01670396 0.003657996 0.008803963 0.00365597 0.01670396 -0.003657996 0.01670396 -0.003657996 0.008803963 0.00365597 0.008803963 -0.00365597 0.02460396 0.003659963 0.01670396 0.003657996 0.02460396 -0.003659963 0.02460396 -0.003659963 0.01670396 0.003657996 0.01670396 -0.003657996 0.17 0.01013499 -0.17 0.01013499 0.17 0.003377974 0.17 0.003377974 -0.17 0.01013499 -0.17 0.003377974 0.17 0.003377974 -0.17 0.003377974 0.17 -0.003377974 0.17 -0.003377974 -0.17 0.003377974 -0.17 -0.003377974 0.17 -0.003377974 -0.17 -0.003377974 0.17 -0.01013499 0.17 -0.01013499 -0.17 -0.003377974 -0.17 -0.01013499 -0.2164199 -0.02356195 0.1915079 -0.02356195 -0.210568 -0.01767098 -0.210568 -0.01767098 0.1915079 -0.02356195 0.19736 -0.01767098 -0.210568 -0.01767098 0.19736 -0.01767098 -0.20494 -0.01178097 -0.20494 -0.01178097 0.19736 -0.01767098 0.202988 -0.01178097 -0.20494 -0.01178097 0.202988 -0.01178097 -0.199753 -0.005889952 -0.199753 -0.005889952 0.202988 -0.01178097 0.208175 -0.005889952 -0.199753 -0.005889952 0.208175 -0.005889952 -0.1952069 0 -0.1952069 0 0.208175 -0.005889952 0.212721 0 -0.1952069 0 0.212721 0 -0.191476 0.005889952 -0.191476 0.005889952 0.212721 0 0.216452 0.005889952 -0.191476 0.005889952 0.216452 0.005889952 -0.188704 0.01178097 -0.188704 0.01178097 0.216452 0.005889952 0.219224 0.01178097 -0.188704 0.01178097 0.219224 0.01178097 -0.1869969 0.01767098 -0.1869969 0.01767098 0.219224 0.01178097 0.2209309 0.01767098 -0.1869969 0.01767098 0.2209309 0.01767098 -0.186565 0.02061694 -0.186565 0.02061694 0.2209309 0.01767098 0.221363 0.02061694 -0.186565 0.02061694 0.221363 0.02061694 -0.18642 0.02356195 -0.18642 0.02356195 0.221363 0.02061694 0.221508 0.02356195 -1.061488 -0.02356195 0.646138 -0.02356195 -1.06734 -0.01767098 -1.06734 -0.01767098 0.646138 -0.02356195 0.65199 -0.01767098 -1.06734 -0.01767098 0.65199 -0.01767098 0.657618 -0.01178097 -1.06734 -0.01767098 0.657618 -0.01178097 -1.072968 -0.01178097 -1.072968 -0.01178097 0.657618 -0.01178097 0.662805 -0.005889952 -1.072968 -0.01178097 0.662805 -0.005889952 -1.078155 -0.005889952 -1.078155 -0.005889952 0.662805 -0.005889952 -1.082701 0 -1.082701 0 0.662805 -0.005889952 0.667351 0 -1.082701 0 0.667351 0 -1.086432 0.005889952 -1.086432 0.005889952 0.667351 0 0.671082 0.005889952 -1.086432 0.005889952 0.671082 0.005889952 0.673854 0.01178097 -1.086432 0.005889952 0.673854 0.01178097 -1.089204 0.01178097 -1.089204 0.01178097 0.673854 0.01178097 0.675561 0.01767098 -1.089204 0.01178097 0.675561 0.01767098 -1.090911 0.01767098 -1.090911 0.01767098 0.675561 0.01767098 -1.091343 0.02061694 -1.091343 0.02061694 0.675561 0.01767098 0.675993 0.02061694 -1.091343 0.02061694 0.675993 0.02061694 -1.091488 0.02356195 -1.091488 0.02356195 0.675993 0.02061694 0.676138 0.02356195 -0.483476 -0.02356195 0.06003695 -0.02356195 -0.489329 -0.01767098 -0.489329 -0.01767098 0.06003695 -0.02356195 0.06003695 -0.01570796 -0.489329 -0.01767098 0.06003695 -0.01570796 -0.494957 -0.01178097 -0.494957 -0.01178097 0.06003695 -0.01570796 0.06003695 -0.007853984 -0.494957 -0.01178097 0.06003695 -0.007853984 -0.500143 -0.005889952 -0.500143 -0.005889952 0.06003695 -0.007853984 0.06003695 0 -0.500143 -0.005889952 0.06003695 0 -0.504689 0 -0.504689 0 0.06003695 0 -0.50842 0.005889952 -0.50842 0.005889952 0.06003695 0 0.06003695 0.007853984 -0.50842 0.005889952 0.06003695 0.007853984 -0.511192 0.01178097 -0.511192 0.01178097 0.06003695 0.007853984 0.06003695 0.01570796 -0.511192 0.01178097 0.06003695 0.01570796 -0.5129 0.01767098 -0.5129 0.01767098 0.06003695 0.01570796 -0.513332 0.02061694 -0.513332 0.02061694 0.06003695 0.01570796 0.06003695 0.02356195 -0.513332 0.02061694 0.06003695 0.02356195 -0.513476 0.02356195 -0.006163954 -1.922985 0 -1.92268 -0.007853984 -1.809116 -0.007853984 -1.809116 0 -1.92268 0 -1.795522 -0.007853984 -1.809116 0 -1.795522 -0.007853984 -1.680599 -0.007853984 -1.680599 0 -1.795522 0 -1.668364 -0.007853984 -1.680599 0 -1.668364 -0.007853984 -1.552081 -0.007853984 -1.552081 0 -1.668364 0 -1.541206 -0.007853984 -1.552081 0 -1.541206 -0.007853984 -1.423564 -0.007853984 -1.423564 0 -1.541206 0 -1.414048 -0.007853984 -1.423564 0 -1.414048 -0.007853984 -1.295046 -0.007853984 -1.295046 0 -1.414048 0 -1.28689 -0.007853984 -1.295046 0 -1.28689 -0.007853984 -1.166529 -0.007853984 -1.166529 0 -1.28689 0 -1.159732 -0.007853984 -1.166529 0 -1.159732 -0.007853984 -1.038011 -0.007853984 -1.038011 0 -1.159732 0 -1.032574 -0.007853984 -1.038011 0 -1.032574 -0.007853984 -0.909494 -0.007853984 -0.909494 0 -1.032574 0 -0.905416 -0.007853984 -0.909494 0 -0.905416 -0.007853984 -0.780976 -0.007853984 -0.780976 0 -0.905416 0 -0.778258 -0.007853984 -0.780976 0 -0.778258 -0.007853984 -0.652459 -0.007853984 -0.652459 0 -0.778258 0 -0.651099 -0.007853984 -0.652459 0 -0.651099 -0.007853984 -0.523941 -0.007853984 -0.523941 0 -0.651099 0 -0.523941 -0.007853984 -0.523941 -0.01570796 -0.523941 -0.007853984 -0.652459 -0.007853984 -0.652459 -0.01570796 -0.523941 -0.01570796 -0.652459 -0.007853984 -0.652459 -0.01570796 -0.652459 -0.007853984 -0.780976 -0.007853984 -0.780976 -0.01570796 -0.652459 -0.01570796 -0.780976 -0.007853984 -0.780976 -0.01570796 -0.780976 -0.007853984 -0.909494 -0.007853984 -0.909494 -0.01570796 -0.780976 -0.01570796 -0.909494 -0.007853984 -0.909494 -0.01570796 -0.909494 -0.007853984 -1.038011 -0.007853984 -1.038011 -0.01570796 -0.909494 -0.01570796 -1.038011 -0.007853984 -1.038011 -0.01570796 -1.038011 -0.007853984 -1.166529 -0.007853984 -1.166529 -0.01570796 -1.038011 -0.01570796 -1.166529 -0.007853984 -1.166529 -0.01570796 -1.166529 -0.007853984 -1.295046 -0.007853984 -1.295046 -0.01570796 -1.166529 -0.01570796 -1.295046 -0.007853984 -1.295046 -0.01570796 -1.295046 -0.007853984 -1.423564 -0.007853984 -1.423564 -0.01570796 -1.295046 -0.01570796 -1.423564 -0.007853984 -1.423564 -0.01570796 -1.423564 -0.007853984 -1.552081 -0.007853984 -1.552081 -0.01570796 -1.423564 -0.01570796 -1.552081 -0.007853984 -1.552081 -0.01570796 -1.552081 -0.007853984 -1.680599 -0.007853984 -1.680599 -0.01570796 -1.552081 -0.01570796 -1.680599 -0.007853984 -1.680599 -0.01570796 -1.680599 -0.007853984 -1.809116 -0.007853984 -1.809116 -0.01570796 -1.680599 -0.01570796 -1.809116 -0.007853984 -1.809116 -0.01570796 -1.809116 -0.01228195 -1.923881 -0.01228195 -1.923881 -0.01570796 -1.809116 -0.01829296 -1.925306 -0.01829296 -1.925306 -0.01570796 -1.809116 -0.02356195 -1.809116 -0.01829296 -1.925306 -0.02356195 -1.809116 -0.02420198 -1.927188 -0.02420198 -1.927188 -0.02356195 -1.809116 -0.03141599 -1.809116 -0.02420198 -1.927188 -0.03141599 -1.809116 -0.02998495 -1.929431 -0.02998495 -1.929431 -0.03141599 -1.809116 -0.03568094 -1.931956 -0.03568094 -1.931956 -0.03141599 -1.809116 -0.03926998 -1.809116 -0.03568094 -1.931956 -0.03926998 -1.809116 -0.04130095 -1.934675 -0.04130095 -1.934675 -0.03926998 -1.809116 -0.04712396 -1.809116 -0.04130095 -1.934675 -0.04712396 -1.809116 -0.04687899 -1.937508 -0.04687899 -1.937508 -0.04712396 -1.809116 -0.04712396 -1.937634 -0.01570796 -0.523941 -0.02356195 -0.523941 -0.01570796 -0.652459 -0.01570796 -0.652459 -0.02356195 -0.523941 -0.02356195 -0.652459 -0.01570796 -0.652459 -0.02356195 -0.652459 -0.01570796 -0.780976 -0.01570796 -0.780976 -0.02356195 -0.652459 -0.02356195 -0.780976 -0.01570796 -0.780976 -0.02356195 -0.780976 -0.01570796 -0.909494 -0.01570796 -0.909494 -0.02356195 -0.780976 -0.02356195 -0.909494 -0.01570796 -0.909494 -0.02356195 -0.909494 -0.01570796 -1.038011 -0.01570796 -1.038011 -0.02356195 -0.909494 -0.02356195 -1.038011 -0.01570796 -1.038011 -0.02356195 -1.038011 -0.01570796 -1.166529 -0.01570796 -1.166529 -0.02356195 -1.038011 -0.02356195 -1.166529 -0.01570796 -1.166529 -0.02356195 -1.166529 -0.01570796 -1.295046 -0.01570796 -1.295046 -0.02356195 -1.166529 -0.02356195 -1.295046 -0.01570796 -1.295046 -0.02356195 -1.295046 -0.01570796 -1.423564 -0.01570796 -1.423564 -0.02356195 -1.295046 -0.02356195 -1.423564 -0.01570796 -1.423564 -0.02356195 -1.423564 -0.01570796 -1.552081 -0.01570796 -1.552081 -0.02356195 -1.423564 -0.02356195 -1.552081 -0.01570796 -1.552081 -0.02356195 -1.552081 -0.01570796 -1.680599 -0.01570796 -1.680599 -0.02356195 -1.552081 -0.02356195 -1.680599 -0.01570796 -1.680599 -0.02356195 -1.680599 -0.01570796 -1.809116 -0.01570796 -1.809116 -0.02356195 -1.680599 -0.02356195 -1.809116 -0.02356195 -0.523941 -0.03141599 -0.523941 -0.02356195 -0.652459 -0.02356195 -0.652459 -0.03141599 -0.523941 -0.03141599 -0.652459 -0.02356195 -0.652459 -0.03141599 -0.652459 -0.02356195 -0.780976 -0.02356195 -0.780976 -0.03141599 -0.652459 -0.03141599 -0.780976 -0.02356195 -0.780976 -0.03141599 -0.780976 -0.02356195 -0.909494 -0.02356195 -0.909494 -0.03141599 -0.780976 -0.03141599 -0.909494 -0.02356195 -0.909494 -0.03141599 -0.909494 -0.02356195 -1.038011 -0.02356195 -1.038011 -0.03141599 -0.909494 -0.03141599 -1.038011 -0.02356195 -1.038011 -0.03141599 -1.038011 -0.02356195 -1.166529 -0.02356195 -1.166529 -0.03141599 -1.038011 -0.03141599 -1.166529 -0.02356195 -1.166529 -0.03141599 -1.166529 -0.02356195 -1.295046 -0.02356195 -1.295046 -0.03141599 -1.166529 -0.03141599 -1.295046 -0.02356195 -1.295046 -0.03141599 -1.295046 -0.02356195 -1.423564 -0.02356195 -1.423564 -0.03141599 -1.295046 -0.03141599 -1.423564 -0.02356195 -1.423564 -0.03141599 -1.423564 -0.02356195 -1.552081 -0.02356195 -1.552081 -0.03141599 -1.423564 -0.03141599 -1.552081 -0.02356195 -1.552081 -0.03141599 -1.552081 -0.02356195 -1.680599 -0.02356195 -1.680599 -0.03141599 -1.552081 -0.03141599 -1.680599 -0.02356195 -1.680599 -0.03141599 -1.680599 -0.02356195 -1.809116 -0.02356195 -1.809116 -0.03141599 -1.680599 -0.03141599 -1.809116 -0.03141599 -0.523941 -0.03926998 -0.523941 -0.03141599 -0.652459 -0.03141599 -0.652459 -0.03926998 -0.523941 -0.03926998 -0.652459 -0.03141599 -0.652459 -0.03926998 -0.652459 -0.03141599 -0.780976 -0.03141599 -0.780976 -0.03926998 -0.652459 -0.03926998 -0.780976 -0.03141599 -0.780976 -0.03926998 -0.780976 -0.03141599 -0.909494 -0.03141599 -0.909494 -0.03926998 -0.780976 -0.03926998 -0.909494 -0.03141599 -0.909494 -0.03926998 -0.909494 -0.03141599 -1.038011 -0.03141599 -1.038011 -0.03926998 -0.909494 -0.03926998 -1.038011 -0.03141599 -1.038011 -0.03926998 -1.038011 -0.03141599 -1.166529 -0.03141599 -1.166529 -0.03926998 -1.038011 -0.03926998 -1.166529 -0.03141599 -1.166529 -0.03926998 -1.166529 -0.03141599 -1.295046 -0.03141599 -1.295046 -0.03926998 -1.166529 -0.03926998 -1.295046 -0.03141599 -1.295046 -0.03926998 -1.295046 -0.03141599 -1.423564 -0.03141599 -1.423564 -0.03926998 -1.295046 -0.03926998 -1.423564 -0.03141599 -1.423564 -0.03926998 -1.423564 -0.03141599 -1.552081 -0.03141599 -1.552081 -0.03926998 -1.423564 -0.03926998 -1.552081 -0.03141599 -1.552081 -0.03926998 -1.552081 -0.03141599 -1.680599 -0.03141599 -1.680599 -0.03926998 -1.552081 -0.03926998 -1.680599 -0.03141599 -1.680599 -0.03926998 -1.680599 -0.03141599 -1.809116 -0.03141599 -1.809116 -0.03926998 -1.680599 -0.03926998 -1.809116 -0.03926998 -0.523941 -0.04712396 -0.523941 -0.03926998 -0.652459 -0.03926998 -0.652459 -0.04712396 -0.523941 -0.04712396 -0.652459 -0.03926998 -0.652459 -0.04712396 -0.652459 -0.03926998 -0.780976 -0.03926998 -0.780976 -0.04712396 -0.652459 -0.04712396 -0.780976 -0.03926998 -0.780976 -0.04712396 -0.780976 -0.03926998 -0.909494 -0.03926998 -0.909494 -0.04712396 -0.780976 -0.04712396 -0.909494 -0.03926998 -0.909494 -0.04712396 -0.909494 -0.03926998 -1.038011 -0.03926998 -1.038011 -0.04712396 -0.909494 -0.04712396 -1.038011 -0.03926998 -1.038011 -0.04712396 -1.038011 -0.03926998 -1.166529 -0.03926998 -1.166529 -0.04712396 -1.038011 -0.04712396 -1.166529 -0.03926998 -1.166529 -0.04712396 -1.166529 -0.03926998 -1.295046 -0.03926998 -1.295046 -0.04712396 -1.166529 -0.04712396 -1.295046 -0.03926998 -1.295046 -0.04712396 -1.295046 -0.03926998 -1.423564 -0.03926998 -1.423564 -0.04712396 -1.295046 -0.04712396 -1.423564 -0.03926998 -1.423564 -0.04712396 -1.423564 -0.03926998 -1.552081 -0.03926998 -1.552081 -0.04712396 -1.423564 -0.04712396 -1.552081 -0.03926998 -1.552081 -0.04712396 -1.552081 -0.03926998 -1.680599 -0.03926998 -1.680599 -0.04712396 -1.552081 -0.04712396 -1.680599 -0.03926998 -1.680599 -0.04712396 -1.680599 -0.03926998 -1.809116 -0.03926998 -1.809116 -0.04712396 -1.680599 -0.04712396 -1.809116 -0.01228195 -1.923881 -0.006163954 -1.922985 -0.007853984 -1.809116 -0.04712396 -0.498478 -0.04712396 -0.626995 -0.04687899 -0.498604 -0.04687899 -0.498604 -0.04712396 -0.626995 -0.04130095 -0.501436 -0.04130095 -0.501436 -0.04712396 -0.626995 -0.03926998 -0.626995 -0.04130095 -0.501436 -0.03926998 -0.626995 -0.03568094 -0.504155 -0.03568094 -0.504155 -0.03926998 -0.626995 -0.03141599 -0.626995 -0.03568094 -0.504155 -0.03141599 -0.626995 -0.02998495 -0.506681 -0.02998495 -0.506681 -0.03141599 -0.626995 -0.02420198 -0.508924 -0.02420198 -0.508924 -0.03141599 -0.626995 -0.02356195 -0.626995 -0.02420198 -0.508924 -0.02356195 -0.626995 -0.01829296 -0.510806 -0.01829296 -0.510806 -0.02356195 -0.626995 -0.01570796 -0.626995 -0.01829296 -0.510806 -0.01570796 -0.626995 -0.01228195 -0.512231 -0.01228195 -0.512231 -0.01570796 -0.626995 -0.007853984 -0.626995 -0.01228195 -0.512231 -0.007853984 -0.626995 -0.006163954 -0.513126 -0.006163954 -0.513126 -0.007853984 -0.626995 0 -0.513431 0 -0.513431 -0.007853984 -0.626995 0 -0.640589 0 -0.640589 -0.007853984 -0.626995 -0.007853984 -0.755513 0 -0.640589 -0.007853984 -0.755513 0 -0.767747 0 -0.767747 -0.007853984 -0.755513 -0.007853984 -0.88403 0 -0.767747 -0.007853984 -0.88403 0 -0.894905 0 -0.894905 -0.007853984 -0.88403 -0.007853984 -1.012548 0 -0.894905 -0.007853984 -1.012548 0 -1.022064 0 -1.022064 -0.007853984 -1.012548 -0.007853984 -1.141065 0 -1.022064 -0.007853984 -1.141065 0 -1.149222 0 -1.149222 -0.007853984 -1.141065 -0.007853984 -1.269583 0 -1.149222 -0.007853984 -1.269583 0 -1.27638 0 -1.27638 -0.007853984 -1.269583 -0.007853984 -1.3981 0 -1.27638 -0.007853984 -1.3981 0 -1.403538 0 -1.403538 -0.007853984 -1.3981 -0.007853984 -1.526618 0 -1.403538 -0.007853984 -1.526618 0 -1.530696 0 -1.530696 -0.007853984 -1.526618 -0.007853984 -1.655135 0 -1.530696 -0.007853984 -1.655135 0 -1.657854 0 -1.657854 -0.007853984 -1.655135 -0.007853984 -1.783653 0 -1.657854 -0.007853984 -1.783653 0 -1.785012 0 -1.785012 -0.007853984 -1.783653 -0.007853984 -1.91217 0 -1.785012 -0.007853984 -1.91217 0 -1.91217 -0.03926998 -0.626995 -0.04712396 -0.626995 -0.03926998 -0.755513 -0.03926998 -0.755513 -0.04712396 -0.626995 -0.04712396 -0.755513 -0.03926998 -0.755513 -0.04712396 -0.755513 -0.03926998 -0.88403 -0.03926998 -0.88403 -0.04712396 -0.755513 -0.04712396 -0.88403 -0.03926998 -0.88403 -0.04712396 -0.88403 -0.03926998 -1.012548 -0.03926998 -1.012548 -0.04712396 -0.88403 -0.04712396 -1.012548 -0.03926998 -1.012548 -0.04712396 -1.012548 -0.03926998 -1.141065 -0.03926998 -1.141065 -0.04712396 -1.012548 -0.04712396 -1.141065 -0.03926998 -1.141065 -0.04712396 -1.141065 -0.03926998 -1.269583 -0.03926998 -1.269583 -0.04712396 -1.141065 -0.04712396 -1.269583 -0.03926998 -1.269583 -0.04712396 -1.269583 -0.03926998 -1.3981 -0.03926998 -1.3981 -0.04712396 -1.269583 -0.04712396 -1.3981 -0.03926998 -1.3981 -0.04712396 -1.3981 -0.03926998 -1.526618 -0.03926998 -1.526618 -0.04712396 -1.3981 -0.04712396 -1.526618 -0.03926998 -1.526618 -0.04712396 -1.526618 -0.03926998 -1.655135 -0.03926998 -1.655135 -0.04712396 -1.526618 -0.04712396 -1.655135 -0.03926998 -1.655135 -0.04712396 -1.655135 -0.03926998 -1.783653 -0.03926998 -1.783653 -0.04712396 -1.655135 -0.04712396 -1.783653 -0.03926998 -1.783653 -0.04712396 -1.783653 -0.03926998 -1.91217 -0.03926998 -1.91217 -0.04712396 -1.783653 -0.04712396 -1.91217 -0.03926998 -1.91217 -0.03141599 -1.91217 -0.03926998 -1.783653 -0.03926998 -1.783653 -0.03141599 -1.91217 -0.03141599 -1.783653 -0.03926998 -1.783653 -0.03141599 -1.783653 -0.03926998 -1.655135 -0.03926998 -1.655135 -0.03141599 -1.783653 -0.03141599 -1.655135 -0.03926998 -1.655135 -0.03141599 -1.655135 -0.03926998 -1.526618 -0.03926998 -1.526618 -0.03141599 -1.655135 -0.03141599 -1.526618 -0.03926998 -1.526618 -0.03141599 -1.526618 -0.03926998 -1.3981 -0.03926998 -1.3981 -0.03141599 -1.526618 -0.03141599 -1.3981 -0.03926998 -1.3981 -0.03141599 -1.3981 -0.03926998 -1.269583 -0.03926998 -1.269583 -0.03141599 -1.3981 -0.03141599 -1.269583 -0.03926998 -1.269583 -0.03141599 -1.269583 -0.03926998 -1.141065 -0.03926998 -1.141065 -0.03141599 -1.269583 -0.03141599 -1.141065 -0.03926998 -1.141065 -0.03141599 -1.141065 -0.03926998 -1.012548 -0.03926998 -1.012548 -0.03141599 -1.141065 -0.03141599 -1.012548 -0.03926998 -1.012548 -0.03141599 -1.012548 -0.03926998 -0.88403 -0.03926998 -0.88403 -0.03141599 -1.012548 -0.03141599 -0.88403 -0.03926998 -0.88403 -0.03141599 -0.88403 -0.03926998 -0.755513 -0.03926998 -0.755513 -0.03141599 -0.88403 -0.03141599 -0.755513 -0.03926998 -0.755513 -0.03141599 -0.755513 -0.03926998 -0.626995 -0.03926998 -0.626995 -0.03141599 -0.755513 -0.03141599 -0.626995 -0.03141599 -1.91217 -0.02356195 -1.91217 -0.03141599 -1.783653 -0.03141599 -1.783653 -0.02356195 -1.91217 -0.02356195 -1.783653 -0.03141599 -1.783653 -0.02356195 -1.783653 -0.03141599 -1.655135 -0.03141599 -1.655135 -0.02356195 -1.783653 -0.02356195 -1.655135 -0.03141599 -1.655135 -0.02356195 -1.655135 -0.03141599 -1.526618 -0.03141599 -1.526618 -0.02356195 -1.655135 -0.02356195 -1.526618 -0.03141599 -1.526618 -0.02356195 -1.526618 -0.03141599 -1.3981 -0.03141599 -1.3981 -0.02356195 -1.526618 -0.02356195 -1.3981 -0.03141599 -1.3981 -0.02356195 -1.3981 -0.03141599 -1.269583 -0.03141599 -1.269583 -0.02356195 -1.3981 -0.02356195 -1.269583 -0.03141599 -1.269583 -0.02356195 -1.269583 -0.03141599 -1.141065 -0.03141599 -1.141065 -0.02356195 -1.269583 -0.02356195 -1.141065 -0.03141599 -1.141065 -0.02356195 -1.141065 -0.03141599 -1.012548 -0.03141599 -1.012548 -0.02356195 -1.141065 -0.02356195 -1.012548 -0.03141599 -1.012548 -0.02356195 -1.012548 -0.03141599 -0.88403 -0.03141599 -0.88403 -0.02356195 -1.012548 -0.02356195 -0.88403 -0.03141599 -0.88403 -0.02356195 -0.88403 -0.03141599 -0.755513 -0.03141599 -0.755513 -0.02356195 -0.88403 -0.02356195 -0.755513 -0.03141599 -0.755513 -0.02356195 -0.755513 -0.03141599 -0.626995 -0.03141599 -0.626995 -0.02356195 -0.755513 -0.02356195 -0.626995 -0.02356195 -1.91217 -0.01570796 -1.91217 -0.02356195 -1.783653 -0.02356195 -1.783653 -0.01570796 -1.91217 -0.01570796 -1.783653 -0.02356195 -1.783653 -0.01570796 -1.783653 -0.02356195 -1.655135 -0.02356195 -1.655135 -0.01570796 -1.783653 -0.01570796 -1.655135 -0.02356195 -1.655135 -0.01570796 -1.655135 -0.02356195 -1.526618 -0.02356195 -1.526618 -0.01570796 -1.655135 -0.01570796 -1.526618 -0.02356195 -1.526618 -0.01570796 -1.526618 -0.02356195 -1.3981 -0.02356195 -1.3981 -0.01570796 -1.526618 -0.01570796 -1.3981 -0.02356195 -1.3981 -0.01570796 -1.3981 -0.02356195 -1.269583 -0.02356195 -1.269583 -0.01570796 -1.3981 -0.01570796 -1.269583 -0.02356195 -1.269583 -0.01570796 -1.269583 -0.02356195 -1.141065 -0.02356195 -1.141065 -0.01570796 -1.269583 -0.01570796 -1.141065 -0.02356195 -1.141065 -0.01570796 -1.141065 -0.02356195 -1.012548 -0.02356195 -1.012548 -0.01570796 -1.141065 -0.01570796 -1.012548 -0.02356195 -1.012548 -0.01570796 -1.012548 -0.02356195 -0.88403 -0.02356195 -0.88403 -0.01570796 -1.012548 -0.01570796 -0.88403 -0.02356195 -0.88403 -0.01570796 -0.88403 -0.02356195 -0.755513 -0.02356195 -0.755513 -0.01570796 -0.88403 -0.01570796 -0.755513 -0.02356195 -0.755513 -0.01570796 -0.755513 -0.02356195 -0.626995 -0.02356195 -0.626995 -0.01570796 -0.755513 -0.01570796 -0.626995 -0.01570796 -1.91217 -0.007853984 -1.91217 -0.01570796 -1.783653 -0.01570796 -1.783653 -0.007853984 -1.91217 -0.007853984 -1.783653 -0.01570796 -1.783653 -0.007853984 -1.783653 -0.01570796 -1.655135 -0.01570796 -1.655135 -0.007853984 -1.783653 -0.007853984 -1.655135 -0.01570796 -1.655135 -0.007853984 -1.655135 -0.01570796 -1.526618 -0.01570796 -1.526618 -0.007853984 -1.655135 -0.007853984 -1.526618 -0.01570796 -1.526618 -0.007853984 -1.526618 -0.01570796 -1.3981 -0.01570796 -1.3981 -0.007853984 -1.526618 -0.007853984 -1.3981 -0.01570796 -1.3981 -0.007853984 -1.3981 -0.01570796 -1.269583 -0.01570796 -1.269583 -0.007853984 -1.3981 -0.007853984 -1.269583 -0.01570796 -1.269583 -0.007853984 -1.269583 -0.01570796 -1.141065 -0.01570796 -1.141065 -0.007853984 -1.269583 -0.007853984 -1.141065 -0.01570796 -1.141065 -0.007853984 -1.141065 -0.01570796 -1.012548 -0.01570796 -1.012548 -0.007853984 -1.141065 -0.007853984 -1.012548 -0.01570796 -1.012548 -0.007853984 -1.012548 -0.01570796 -0.88403 -0.01570796 -0.88403 -0.007853984 -1.012548 -0.007853984 -0.88403 -0.01570796 -0.88403 -0.007853984 -0.88403 -0.01570796 -0.755513 -0.01570796 -0.755513 -0.007853984 -0.88403 -0.007853984 -0.755513 -0.01570796 -0.755513 -0.007853984 -0.755513 -0.01570796 -0.626995 -0.01570796 -0.626995 -0.007853984 -0.755513 -0.007853984 -0.626995 0.513476 0.02356195 -0.06003695 0.02356195 0.513332 0.02061694 0.513332 0.02061694 -0.06003695 0.02356195 -0.06003695 0.01570796 0.513332 0.02061694 -0.06003695 0.01570796 0.5129 0.01767098 0.5129 0.01767098 -0.06003695 0.01570796 0.511192 0.01178097 0.511192 0.01178097 -0.06003695 0.01570796 -0.06003695 0.007853984 0.511192 0.01178097 -0.06003695 0.007853984 0.50842 0.005889952 0.50842 0.005889952 -0.06003695 0.007853984 -0.06003695 0 0.50842 0.005889952 -0.06003695 0 0.504689 0 0.504689 0 -0.06003695 0 0.500143 -0.005889952 0.500143 -0.005889952 -0.06003695 0 -0.06003695 -0.007853984 0.500143 -0.005889952 -0.06003695 -0.007853984 0.494957 -0.01178097 0.494957 -0.01178097 -0.06003695 -0.007853984 -0.06003695 -0.01570796 0.494957 -0.01178097 -0.06003695 -0.01570796 0.489329 -0.01767098 0.489329 -0.01767098 -0.06003695 -0.01570796 -0.06003695 -0.02356195 0.489329 -0.01767098 -0.06003695 -0.02356195 0.483476 -0.02356195 -0.806219 -0.02356195 0.646138 -0.02356195 -0.806096 -0.02331697 -0.806096 -0.02331697 0.646138 -0.02356195 -0.80333 -0.01773899 -0.80333 -0.01773899 0.646138 -0.02356195 0.646138 -0.01570796 -0.80333 -0.01773899 0.646138 -0.01570796 -0.800656 -0.01211899 -0.800656 -0.01211899 0.646138 -0.01570796 0.646138 -0.007853984 -0.800656 -0.01211899 0.646138 -0.007853984 -0.798155 -0.006422996 -0.798155 -0.006422996 0.646138 -0.007853984 0.646138 0 -0.798155 -0.006422996 0.646138 0 -0.79592 -6.4e-4 -0.79592 -6.4e-4 0.646138 0 -0.794035 0.00526899 -0.794035 0.00526899 0.646138 0 0.646138 0.007853984 -0.794035 0.00526899 0.646138 0.007853984 -0.792601 0.01128 -0.792601 0.01128 0.646138 0.007853984 0.646138 0.01570796 -0.792601 0.01128 0.646138 0.01570796 -0.791697 0.01739799 -0.791697 0.01739799 0.646138 0.01570796 0.646138 0.02356195 -0.791697 0.01739799 0.646138 0.02356195 -0.791389 0.02356195 1.091488 0.02356195 -0.676138 0.02356195 1.091343 0.02061694 1.091343 0.02061694 -0.676138 0.02356195 -0.675993 0.02061694 1.091343 0.02061694 -0.675993 0.02061694 1.090911 0.01767098 1.090911 0.01767098 -0.675993 0.02061694 -0.675561 0.01767098 1.090911 0.01767098 -0.675561 0.01767098 -0.673854 0.01178097 1.090911 0.01767098 -0.673854 0.01178097 1.089204 0.01178097 1.089204 0.01178097 -0.673854 0.01178097 -0.671082 0.005889952 1.089204 0.01178097 -0.671082 0.005889952 1.086432 0.005889952 1.086432 0.005889952 -0.671082 0.005889952 1.082701 0 1.082701 0 -0.671082 0.005889952 -0.667351 0 1.082701 0 -0.667351 0 1.078155 -0.005889952 1.078155 -0.005889952 -0.667351 0 -0.662805 -0.005889952 1.078155 -0.005889952 -0.662805 -0.005889952 -0.657618 -0.01178097 1.078155 -0.005889952 -0.657618 -0.01178097 1.072968 -0.01178097 1.072968 -0.01178097 -0.657618 -0.01178097 -0.65199 -0.01767098 1.072968 -0.01178097 -0.65199 -0.01767098 1.06734 -0.01767098 1.06734 -0.01767098 -0.65199 -0.01767098 1.061488 -0.02356195 1.061488 -0.02356195 -0.65199 -0.01767098 -0.646138 -0.02356195 -0.221508 0.02356195 -0.221363 0.02061694 0.18642 0.02356195 0.18642 0.02356195 -0.221363 0.02061694 0.186565 0.02061694 0.186565 0.02061694 -0.221363 0.02061694 -0.2209309 0.01767098 0.186565 0.02061694 -0.2209309 0.01767098 0.1869969 0.01767098 0.1869969 0.01767098 -0.2209309 0.01767098 -0.219224 0.01178097 0.1869969 0.01767098 -0.219224 0.01178097 0.188704 0.01178097 0.188704 0.01178097 -0.219224 0.01178097 -0.216452 0.005889952 0.188704 0.01178097 -0.216452 0.005889952 0.191476 0.005889952 0.191476 0.005889952 -0.216452 0.005889952 -0.212721 0 0.191476 0.005889952 -0.212721 0 0.1952069 0 0.1952069 0 -0.212721 0 -0.208175 -0.005889952 0.1952069 0 -0.208175 -0.005889952 0.199753 -0.005889952 0.199753 -0.005889952 -0.208175 -0.005889952 -0.202988 -0.01178097 0.199753 -0.005889952 -0.202988 -0.01178097 0.20494 -0.01178097 0.20494 -0.01178097 -0.202988 -0.01178097 -0.19736 -0.01767098 0.20494 -0.01178097 -0.19736 -0.01767098 0.210568 -0.01767098 0.210568 -0.01767098 -0.19736 -0.01767098 -0.1915079 -0.02356195 0.210568 -0.01767098 -0.1915079 -0.02356195 0.2164199 -0.02356195 0.01245599 -0.02356195 0.128466 -0.02356195 0.006603956 -0.01767098 0.006603956 -0.01767098 0.128466 -0.02356195 0.128466 -0.01570796 0.006603956 -0.01767098 0.128466 -0.01570796 9.76e-4 -0.01178097 9.76e-4 -0.01178097 0.128466 -0.01570796 0.128466 -0.007853984 9.76e-4 -0.01178097 0.128466 -0.007853984 -0.004210948 -0.005889952 -0.004210948 -0.005889952 0.128466 -0.007853984 0.128466 0 -0.004210948 -0.005889952 0.128466 0 -0.008756995 0 -0.008756995 0 0.128466 0 -0.01248794 0.005889952 -0.01248794 0.005889952 0.128466 0 0.128466 0.007853984 -0.01248794 0.005889952 0.128466 0.007853984 -0.01525998 0.01178097 -0.01525998 0.01178097 0.128466 0.007853984 0.128466 0.01570796 -0.01525998 0.01178097 0.128466 0.01570796 -0.01696699 0.01767098 -0.01696699 0.01767098 0.128466 0.01570796 -0.01739895 0.02061694 -0.01739895 0.02061694 0.128466 0.01570796 0.128466 0.02356195 -0.01739895 0.02061694 0.128466 0.02356195 -0.01754397 0.02356195 0.936926 0.17 0 0.17 0.936926 -0.17 0.936926 -0.17 0 0.17 0 -0.17 0.407928 0.17 0 0.17 0.407928 -0.17 0.407928 -0.17 0 0.17 0 -0.17 1.767626 0.17 0 0.17 1.767626 -0.17 1.767626 -0.17 0 0.17 0 -0.17 0.583937 0.17 0.01042395 0.17 0.583937 -0.17 0.583937 -0.17 0.01042395 0.17 0.01042395 -0.17 -0.17 0 0.17 0 -0.17 0.128599 -0.17 0.128599 0.17 0 0.17 0.128599 -0.17 0.128599 0.17 0.128599 -0.17 0.257198 -0.17 0.257198 0.17 0.128599 0.17 0.257198 -0.17 0.257198 0.17 0.257198 -0.17 0.385797 -0.17 0.385797 0.17 0.257198 0.17 0.385797 -0.17 0.385797 0.17 0.385797 -0.17 0.514396 -0.17 0.514396 0.17 0.385797 0.17 0.514396 -0.17 0.514396 0.17 0.514396 -0.17 0.642995 -0.17 0.642995 0.17 0.514396 0.17 0.642995 -0.17 0.642995 0.17 0.642995 -0.17 0.771594 -0.17 0.771594 0.17 0.642995 0.17 0.771594 -0.17 0.771594 0.17 0.771594 -0.17 0.900193 -0.17 0.900193 0.17 0.771594 0.17 0.900193 -0.17 0.900193 0.17 0.900193 -0.17 1.028792 -0.17 1.028792 0.17 0.900193 0.17 1.028792 -0.17 1.028792 0.17 1.028792 -0.17 1.157391 -0.17 1.157391 0.17 1.028792 0.17 1.157391 -0.17 1.157391 0.17 1.157391 -0.17 1.28599 -0.17 1.28599 0.17 1.157391 0.17 1.28599 -0.17 1.28599 0.17 1.28599 -0.17 1.414589 -0.17 1.414589 0.17 1.28599 0.17 1.414589 0.110922 1.322276 -0.005086958 0.38535 0.110922 -0.1300809 0.110922 -0.1300809 -0.005086958 0.38535 -0.413015 0.38535 0.110922 -0.1300809 -0.413015 0.38535 -0.413015 -1.322276 0.110922 1.322276 -0.005086958 1.322276 -0.005086958 0.38535 -0.413015 -1.322276 0.130498 -1.322276 0.110922 -0.1300809 0.110922 -0.1300809 0.130498 -1.322276 0.204321 -0.212945 0.204321 -0.212945 0.130498 -1.322276 0.221126 -1.23639 0.204321 -0.212945 0.221126 -1.23639 0.282769 -0.310082 0.282769 -0.310082 0.221126 -1.23639 0.296343 -1.13673 0.282769 -0.310082 0.296343 -1.13673 0.344117 -0.41883 0.344117 -0.41883 0.296343 -1.13673 0.354087 -1.026026 0.344117 -0.41883 0.354087 -1.026026 0.386683 -0.536209 0.386683 -0.536209 0.354087 -1.026026 0.392776 -0.907313 0.386683 -0.536209 0.392776 -0.907313 0.409301 -0.659002 0.409301 -0.659002 0.392776 -0.907313 0.41135 -0.783844 0.005086958 1.322276 -0.110922 1.322276 0.005086958 0.38535 0.005086958 0.38535 -0.110922 1.322276 -0.110922 -0.1300809 0.005086958 0.38535 -0.110922 -0.1300809 0.413015 0.38535 0.413015 0.38535 -0.110922 -0.1300809 0.413015 -1.322276 0.413015 -1.322276 -0.110922 -0.1300809 -0.130498 -1.322276 -0.130498 -1.322276 -0.110922 -0.1300809 -0.204321 -0.212945 -0.130498 -1.322276 -0.204321 -0.212945 -0.221126 -1.23639 -0.221126 -1.23639 -0.204321 -0.212945 -0.282769 -0.310082 -0.221126 -1.23639 -0.282769 -0.310082 -0.296343 -1.13673 -0.296343 -1.13673 -0.282769 -0.310082 -0.344117 -0.41883 -0.296343 -1.13673 -0.344117 -0.41883 -0.354087 -1.026026 -0.354087 -1.026026 -0.344117 -0.41883 -0.386683 -0.536209 -0.354087 -1.026026 -0.386683 -0.536209 -0.392776 -0.907313 -0.392776 -0.907313 -0.386683 -0.536209 -0.409301 -0.659002 -0.392776 -0.907313 -0.409301 -0.659002 -0.41135 -0.783844 0.146009 0.17 0 0.17 0.146009 -0.17 0.146009 -0.17 0 0.17 0 -0.17 0.02999997 -0.17 1.467526 -0.17 0.02999997 0.17 0.02999997 0.17 1.467526 -0.17 1.467526 0.17 2.150867 0.02999997 0 0.02999997 2.150867 -0.33 2.150867 -0.33 0 0.02999997 0 -0.33 -1.406615 0.18 -1.198769 -0.18 -1.198769 0.18 -2.08697 -0.574242 -1.008255 -0.574242 -2.09152 -0.366054 -2.09152 -0.366054 -1.008255 -0.574242 -1.008255 -0.15855 -2.09152 -0.366054 -1.008255 -0.15855 -2.081938 -0.15855 -2.091745 0.836715 -2.091745 -0.581231 -1.64257 0.836715 -1.64257 0.836715 -2.091745 -0.581231 -1.142612 -0.581231 -1.64257 0.836715 -1.142612 -0.581231 1.522058 -0.009232997 1.522058 -0.009232997 -1.142612 -0.581231 1.008255 -0.836715 1.522058 -0.009232997 1.008255 -0.836715 1.667589 -0.06446295 1.667589 -0.06446295 1.008255 -0.836715 1.798995 -0.147903 1.798995 -0.147903 1.008255 -0.836715 1.910878 -0.256124 1.910878 -0.256124 1.008255 -0.836715 1.998643 -0.384681 1.998643 -0.384681 1.008255 -0.836715 2.058684 -0.528294 2.058684 -0.528294 1.008255 -0.836715 2.088535 -0.681064 2.088535 -0.681064 1.008255 -0.836715 2.08697 -0.836715 -1.142612 -0.581231 -1.142612 -0.836715 1.008255 -0.836715 0.449175 0.02999997 0 0.02999997 0.449175 -0.33 0.449175 -0.33 0 0.02999997 0 -0.33 1.417946 0.02999997 0 0.02999997 1.417946 -0.33 1.417946 -0.33 0 0.02999997 0 -0.33 0.949133 0.02999997 0 0.02999997 0.949133 -0.33 0.949133 -0.33 0 0.02999997 0 -0.33 0.255484 0.02999997 0 0.02999997 0.255484 -0.33 0.255484 -0.33 0 0.02999997 0 -0.33 3.275744 0.02999997 0 0.02999997 3.275744 -0.33 3.275744 -0.33 0 0.02999997 0 -0.33 -1.008255 -0.836715 1.142612 -0.836715 -1.008255 -0.628869 -1.008255 -0.628869 1.142612 -0.836715 1.142612 -0.581231 -1.008255 -0.628869 1.142612 -0.581231 -1.522058 -0.009232997 -1.522058 -0.009232997 1.142612 -0.581231 1.64257 0.836715 1.64257 0.836715 1.142612 -0.581231 2.091745 -0.581231 1.64257 0.836715 2.091745 -0.581231 2.091745 0.836715 -1.522058 -0.009232997 -1.659725 -0.06058096 -1.008255 -0.628869 -1.008255 -0.628869 -1.659725 -0.06058096 -1.785094 -0.137206 -1.008255 -0.628869 -1.785094 -0.137206 -1.893577 -0.236304 -1.893577 -0.236304 -1.981203 -0.354246 -1.008255 -0.628869 -1.008255 -0.628869 -1.981203 -0.354246 -2.044766 -0.486717 -1.008255 -0.628869 -2.044766 -0.486717 -2.081938 -0.628869 -0.02999997 -1.091485 0.150296 -0.987211 -0.02999997 -0.935558 -0.02999997 -0.935558 0.150296 -0.987211 0.33 -0.882938 -0.02999997 -0.935558 0.33 -0.882938 -0.02999997 -0.779632 -0.02999997 -0.779632 0.33 -0.882938 0.33 -0.735781 -0.02999997 -0.779632 0.33 -0.735781 -0.02999997 -0.623706 -0.02999997 -0.623706 0.33 -0.735781 0.33 -0.588625 -0.02999997 -0.623706 0.33 -0.588625 -0.02999997 -0.467779 -0.02999997 -0.467779 0.33 -0.588625 0.33 -0.441469 -0.02999997 -0.467779 0.33 -0.441469 -0.02999997 -0.311853 -0.02999997 -0.311853 0.33 -0.441469 0.33 -0.294313 -0.02999997 -0.311853 0.33 -0.294313 -0.02999997 -0.155926 -0.02999997 -0.155926 0.33 -0.294313 0.33 -0.147156 -0.02999997 -0.155926 0.33 -0.147156 -0.02999997 0 -0.02999997 0 0.33 -0.147156 0.33 0 2.227013 -0.993858 1.15333 -0.993858 2.236595 -1.201362 2.236595 -1.201362 1.15333 -0.993858 1.15333 -1.40955 2.236595 -1.201362 1.15333 -1.40955 2.232045 -1.40955 0.813382 0.02999997 0 0.02999997 0.813382 -0.33 0.813382 -0.33 0 0.02999997 0 -0.33 4.759177 0.02999997 0 0.02999997 4.759177 -0.33 4.759177 -0.33 0 0.02999997 0 -0.33 1.239282 0.02999997 0 0.02999997 1.239282 -0.33 1.239282 -0.33 0 0.02999997 0 -0.33 0.150296 -0.104274 -0.02999997 -0.181914 0.33 -0.2085469 0.33 -0.2085469 -0.02999997 -0.181914 -0.02999997 -0.363828 0.33 -0.2085469 -0.02999997 -0.363828 0.33 -0.385135 0.33 -0.385135 -0.02999997 -0.363828 -0.02999997 -0.545742 0.33 -0.385135 -0.02999997 -0.545742 0.33 -0.561722 0.33 -0.561722 -0.02999997 -0.545742 -0.02999997 -0.727657 0.33 -0.561722 -0.02999997 -0.727657 0.33 -0.73831 0.33 -0.73831 -0.02999997 -0.727657 -0.02999997 -0.909571 0.33 -0.73831 -0.02999997 -0.909571 0.33 -0.914897 0.33 -0.914897 -0.02999997 -0.909571 -0.02999997 -1.091485 0.33 -0.914897 -0.02999997 -1.091485 0.33 -1.091485 0.150296 -0.104274 -0.02999997 0 -0.02999997 -0.181914 2.565691 0.02999997 0 0.02999997 2.565691 -0.33 2.565691 -0.33 0 0.02999997 0 -0.33 -0.33 -0.360137 0.02999997 -0.360137 -0.33 -0.300114 -0.33 -0.300114 0.02999997 -0.360137 0.02999997 -0.300114 -0.33 -0.300114 0.02999997 -0.300114 0.02999997 -0.240092 -0.33 -0.300114 0.02999997 -0.240092 -0.33 -0.240092 -0.33 -0.240092 0.02999997 -0.240092 0.02999997 -0.180069 -0.33 -0.240092 0.02999997 -0.180069 -0.33 -0.180069 -0.33 -0.180069 0.02999997 -0.180069 0.02999997 -0.120046 -0.33 -0.180069 0.02999997 -0.120046 -0.33 -0.120046 -0.33 -0.120046 0.02999997 -0.120046 0.02999997 -0.06002295 -0.33 -0.120046 0.02999997 -0.06002295 -0.33 -0.06002295 -0.33 -0.06002295 0.02999997 -0.06002295 -0.33 0 -0.33 0 0.02999997 -0.06002295 0.02999997 0 1.491302 0.02999997 0 0.02999997 1.491302 -0.33 1.491302 -0.33 0 0.02999997 0 -0.33 0.407928 0.02999997 0 0.02999997 0.407928 -0.33 0.407928 -0.33 0 0.02999997 0 -0.33 1.767626 0.02999997 0 0.02999997 1.767626 -0.33 1.767626 -0.33 0 0.02999997 0 -0.33 -0.883813 -0.261616 0.883813 -0.261616 -0.883813 0.551766 -0.883813 0.551766 0.883813 -0.261616 3.875364 0.551766 3.875364 0.551766 0.883813 -0.261616 2.375115 -0.669544 3.875364 0.551766 2.375115 -0.669544 2.434662 -0.676068 0.883813 -0.261616 0.883813 -0.669544 2.375115 -0.669544 2.434662 -0.676068 2.491384 -0.695332 3.875364 0.551766 3.875364 0.551766 2.491384 -0.695332 2.542589 -0.726421 3.875364 0.551766 2.542589 -0.726421 3.875364 -0.687517 3.875364 -0.687517 2.542589 -0.726421 2.585847 -0.767861 3.875364 -0.687517 2.585847 -0.767861 2.619106 -0.817684 2.619106 -0.817684 2.640787 -0.873526 3.875364 -0.687517 3.875364 -0.687517 2.640787 -0.873526 4.130848 -2.838384 3.875364 -0.687517 4.130848 -2.838384 4.130848 -0.687517 2.640787 -0.873526 3.303366 -3.352187 4.130848 -2.838384 4.130848 -2.838384 3.303366 -3.352187 3.370623 -3.520754 4.130848 -2.838384 3.370623 -3.520754 3.475556 -3.668833 3.475556 -3.668833 3.612307 -3.788155 4.130848 -2.838384 4.130848 -2.838384 3.612307 -3.788155 3.773238 -3.872056 4.130848 -2.838384 3.773238 -3.872056 3.949363 -3.915853 3.949363 -3.915853 4.130848 -3.917098 4.130848 -2.838384 -4.130848 -2.838384 -3.923002 -2.838384 -4.130848 -0.687517 -4.130848 -0.687517 -3.923002 -2.838384 -3.875364 -0.687517 -3.875364 -0.687517 -3.923002 -2.838384 -2.640787 -0.873526 -3.875364 -0.687517 -2.640787 -0.873526 -2.619106 -0.817684 -3.923002 -3.912066 -3.753421 -3.864232 -3.923002 -2.838384 -3.923002 -2.838384 -3.753421 -3.864232 -3.599204 -3.779008 -3.923002 -2.838384 -3.599204 -3.779008 -3.468468 -3.66088 -3.468468 -3.66088 -3.368095 -3.516066 -3.923002 -2.838384 -3.923002 -2.838384 -3.368095 -3.516066 -3.303366 -3.352187 -3.923002 -2.838384 -3.303366 -3.352187 -2.640787 -0.873526 -2.619106 -0.817684 -2.585847 -0.767861 -3.875364 -0.687517 -3.875364 -0.687517 -2.585847 -0.767861 -2.542589 -0.726421 -3.875364 -0.687517 -2.542589 -0.726421 -3.875364 0.551766 -3.875364 0.551766 -2.542589 -0.726421 -2.491384 -0.695332 -3.875364 0.551766 -2.491384 -0.695332 -2.434662 -0.676068 -2.434662 -0.676068 -2.375115 -0.669544 -3.875364 0.551766 -3.875364 0.551766 -2.375115 -0.669544 -0.883813 -0.261616 -3.875364 0.551766 -0.883813 -0.261616 0.883813 0.551766 0.883813 0.551766 -0.883813 -0.261616 0.883813 -0.261616 -2.375115 -0.669544 -0.883813 -0.669544 -0.883813 -0.261616 0 -0.33 0.255484 -0.33 0 0.02999997 0 0.02999997 0.255484 -0.33 0.255484 0.02999997 1.078714 -0.33 3.229582 -0.33 1.078714 0.02999997 1.078714 0.02999997 3.229582 -0.33 3.229582 0.02999997 1.198769 0.18 1.198769 -0.18 1.406615 0.18 -0.588843 0 0 0 -0.588843 0.04999995 -0.588843 0.04999995 0 0 0 0.04999995 -0.1 0 0 0 -0.1 0.04999995 -0.1 0.04999995 0 0 0 0.04999995 -0.588843 0 0 0 -0.588843 0.04999995 -0.588843 0.04999995 0 0 0 0.04999995 -0.04999995 -0.294421 0.04999995 -0.294421 -0.04999995 0.294421 -0.04999995 0.294421 0.04999995 -0.294421 0.04999995 0.294421 -2.875879 0.15 -3.079212 0.15 -2.875879 0.1 -2.875879 0.1 -3.079212 0.15 -3.079212 0.1 -2.875879 0.1 -3.079212 0.1 -4.326452 -0.15 -4.326452 -0.15 -3.079212 0.1 -3.179212 0.1 -4.326452 -0.15 -3.179212 0.1 -3.379212 0.1 -3.379212 0.1 -3.179212 0.1 -3.379212 0.15 -3.379212 0.15 -3.179212 0.1 -3.179212 0.15 -3.379212 0.1 -3.479212 0.1 -4.326452 -0.15 -4.326452 -0.15 -3.479212 0.1 -3.679212 0.1 -4.326452 -0.15 -3.679212 0.1 -3.779212 0.1 -3.479212 0.15 -3.679212 0.15 -3.479212 0.1 -3.479212 0.1 -3.679212 0.15 -3.679212 0.1 -3.779212 0.15 -3.979212 0.15 -3.779212 0.1 -3.779212 0.1 -3.979212 0.15 -3.979212 0.1 -3.779212 0.1 -3.979212 0.1 -4.326452 -0.15 -4.326452 -0.15 -3.979212 0.1 -4.079212 0.1 -4.326452 -0.15 -4.079212 0.1 -4.326452 0.15 -4.326452 0.15 -4.079212 0.1 -4.079212 0.15 15.9761 -0.15 5.847455 0.1 -4.326452 -0.15 -4.326452 -0.15 5.847455 0.1 5.647455 0.1 -4.326452 -0.15 5.647455 0.1 5.547455 0.1 15.9761 0.15 14.97079 0.1 15.9761 -0.15 15.9761 -0.15 14.97079 0.1 14.87079 0.1 15.9761 -0.15 14.87079 0.1 14.67079 0.1 14.67079 0.1 14.87079 0.1 14.67079 0.15 14.67079 0.15 14.87079 0.1 14.87079 0.15 15.9761 0.15 14.97079 0.15 14.97079 0.1 14.67079 0.1 14.57079 0.1 15.9761 -0.15 15.9761 -0.15 14.57079 0.1 14.37079 0.1 15.9761 -0.15 14.37079 0.1 14.27079 0.1 14.57079 0.15 14.37079 0.15 14.57079 0.1 14.57079 0.1 14.37079 0.15 14.37079 0.1 14.27079 0.15 14.07079 0.15 14.27079 0.1 14.27079 0.1 14.07079 0.15 14.07079 0.1 14.27079 0.1 14.07079 0.1 15.9761 -0.15 15.9761 -0.15 14.07079 0.1 13.97079 0.1 15.9761 -0.15 13.97079 0.1 13.76745 0.1 13.76745 0.1 13.97079 0.1 13.76745 0.15 13.76745 0.15 13.97079 0.1 13.97079 0.15 13.76745 0.1 13.66745 0.1 15.9761 -0.15 15.9761 -0.15 13.66745 0.1 13.46745 0.1 15.9761 -0.15 13.46745 0.1 13.36745 0.1 13.66745 0.15 13.46745 0.15 13.66745 0.1 13.66745 0.1 13.46745 0.15 13.46745 0.1 13.36745 0.15 13.16745 0.15 13.36745 0.1 13.36745 0.1 13.16745 0.15 13.16745 0.1 13.36745 0.1 13.16745 0.1 15.9761 -0.15 15.9761 -0.15 13.16745 0.1 13.06746 0.1 15.9761 -0.15 13.06746 0.1 12.86745 0.1 12.86745 0.1 13.06746 0.1 12.86745 0.15 12.86745 0.15 13.06746 0.1 13.06746 0.15 12.86745 0.1 12.76745 0.1 15.9761 -0.15 15.9761 -0.15 12.76745 0.1 12.56412 0.1 15.9761 -0.15 12.56412 0.1 12.46412 0.1 12.76745 0.15 12.56412 0.15 12.76745 0.1 12.76745 0.1 12.56412 0.15 12.56412 0.1 12.46412 0.15 12.26412 0.15 12.46412 0.1 12.46412 0.1 12.26412 0.15 12.26412 0.1 12.46412 0.1 12.26412 0.1 15.9761 -0.15 15.9761 -0.15 12.26412 0.1 12.16412 0.1 15.9761 -0.15 12.16412 0.1 11.96412 0.1 11.96412 0.1 12.16412 0.1 11.96412 0.15 11.96412 0.15 12.16412 0.1 12.16412 0.15 11.96412 0.1 11.86412 0.1 15.9761 -0.15 15.9761 -0.15 11.86412 0.1 11.66412 0.1 15.9761 -0.15 11.66412 0.1 11.56412 0.1 11.86412 0.15 11.66412 0.15 11.86412 0.1 11.86412 0.1 11.66412 0.15 11.66412 0.1 11.56412 0.15 11.36079 0.15 11.56412 0.1 11.56412 0.1 11.36079 0.15 11.36079 0.1 11.56412 0.1 11.36079 0.1 15.9761 -0.15 15.9761 -0.15 11.36079 0.1 11.26079 0.1 15.9761 -0.15 11.26079 0.1 11.06079 0.1 11.06079 0.1 11.26079 0.1 11.06079 0.15 11.06079 0.15 11.26079 0.1 11.26079 0.15 11.06079 0.1 10.96079 0.1 15.9761 -0.15 15.9761 -0.15 10.96079 0.1 10.76079 0.1 15.9761 -0.15 10.76079 0.1 10.66079 0.1 10.96079 0.15 10.76079 0.15 10.96079 0.1 10.96079 0.1 10.76079 0.15 10.76079 0.1 10.66079 0.15 10.46079 0.15 10.66079 0.1 10.66079 0.1 10.46079 0.15 10.46079 0.1 10.66079 0.1 10.46079 0.1 15.9761 -0.15 15.9761 -0.15 10.46079 0.1 10.36079 0.1 15.9761 -0.15 10.36079 0.1 10.15746 0.1 10.15746 0.1 10.36079 0.1 10.15746 0.15 10.15746 0.15 10.36079 0.1 10.36079 0.15 10.15746 0.1 10.05745 0.1 15.9761 -0.15 15.9761 -0.15 10.05745 0.1 9.857456 0.1 15.9761 -0.15 9.857456 0.1 9.757455 0.1 10.05745 0.15 9.857456 0.15 10.05745 0.1 10.05745 0.1 9.857456 0.15 9.857456 0.1 9.757455 0.15 9.557456 0.15 9.757455 0.1 9.757455 0.1 9.557456 0.15 9.557456 0.1 9.757455 0.1 9.557456 0.1 15.9761 -0.15 15.9761 -0.15 9.557456 0.1 9.457455 0.1 15.9761 -0.15 9.457455 0.1 9.257455 0.1 9.257455 0.1 9.457455 0.1 9.257455 0.15 9.257455 0.15 9.457455 0.1 9.457455 0.15 9.257455 0.1 9.157456 0.1 15.9761 -0.15 15.9761 -0.15 9.157456 0.1 8.954121 0.1 15.9761 -0.15 8.954121 0.1 8.854122 0.1 9.157456 0.15 8.954121 0.15 9.157456 0.1 9.157456 0.1 8.954121 0.15 8.954121 0.1 8.854122 0.15 8.654122 0.15 8.854122 0.1 8.854122 0.1 8.654122 0.15 8.654122 0.1 8.854122 0.1 8.654122 0.1 15.9761 -0.15 15.9761 -0.15 8.654122 0.1 8.554121 0.1 15.9761 -0.15 8.554121 0.1 8.354122 0.1 8.354122 0.1 8.554121 0.1 8.354122 0.15 8.354122 0.15 8.554121 0.1 8.554121 0.15 8.354122 0.1 8.254121 0.1 15.9761 -0.15 15.9761 -0.15 8.254121 0.1 8.054121 0.1 15.9761 -0.15 8.054121 0.1 7.954121 0.1 8.254121 0.15 8.054121 0.15 8.254121 0.1 8.254121 0.1 8.054121 0.15 8.054121 0.1 7.954121 0.15 7.750788 0.15 7.954121 0.1 7.954121 0.1 7.750788 0.15 7.750788 0.1 7.954121 0.1 7.750788 0.1 15.9761 -0.15 15.9761 -0.15 7.750788 0.1 7.650788 0.1 15.9761 -0.15 7.650788 0.1 7.450788 0.1 7.450788 0.1 7.650788 0.1 7.450788 0.15 7.450788 0.15 7.650788 0.1 7.650788 0.15 7.450788 0.1 7.350788 0.1 15.9761 -0.15 15.9761 -0.15 7.350788 0.1 7.150788 0.1 15.9761 -0.15 7.150788 0.1 7.050788 0.1 7.350788 0.15 7.150788 0.15 7.350788 0.1 7.350788 0.1 7.150788 0.15 7.150788 0.1 7.050788 0.15 6.850788 0.15 7.050788 0.1 7.050788 0.1 6.850788 0.15 6.850788 0.1 7.050788 0.1 6.850788 0.1 15.9761 -0.15 15.9761 -0.15 6.850788 0.1 6.750788 0.1 15.9761 -0.15 6.750788 0.1 6.547455 0.1 6.547455 0.1 6.750788 0.1 6.547455 0.15 6.547455 0.15 6.750788 0.1 6.750788 0.15 6.547455 0.1 6.447455 0.1 15.9761 -0.15 15.9761 -0.15 6.447455 0.1 6.247455 0.1 15.9761 -0.15 6.247455 0.1 6.147455 0.1 6.447455 0.15 6.247455 0.15 6.447455 0.1 6.447455 0.1 6.247455 0.15 6.247455 0.1 6.147455 0.15 5.947455 0.15 6.147455 0.1 6.147455 0.1 5.947455 0.15 5.947455 0.1 6.147455 0.1 5.947455 0.1 15.9761 -0.15 15.9761 -0.15 5.947455 0.1 5.847455 0.1 5.847455 0.15 5.647455 0.15 5.847455 0.1 5.847455 0.1 5.647455 0.15 5.647455 0.1 5.547455 0.15 5.344121 0.15 5.547455 0.1 5.547455 0.1 5.344121 0.15 5.344121 0.1 5.547455 0.1 5.344121 0.1 -4.326452 -0.15 -4.326452 -0.15 5.344121 0.1 5.244121 0.1 -4.326452 -0.15 5.244121 0.1 5.044121 0.1 5.044121 0.1 5.244121 0.1 5.044121 0.15 5.044121 0.15 5.244121 0.1 5.244121 0.15 5.044121 0.1 4.944121 0.1 -4.326452 -0.15 -4.326452 -0.15 4.944121 0.1 4.744121 0.1 -4.326452 -0.15 4.744121 0.1 4.644121 0.1 4.944121 0.15 4.744121 0.15 4.944121 0.1 4.944121 0.1 4.744121 0.15 4.744121 0.1 4.644121 0.15 4.444121 0.15 4.644121 0.1 4.644121 0.1 4.444121 0.15 4.444121 0.1 4.644121 0.1 4.444121 0.1 -4.326452 -0.15 -4.326452 -0.15 4.444121 0.1 4.344121 0.1 -4.326452 -0.15 4.344121 0.1 4.140788 0.1 4.140788 0.1 4.344121 0.1 4.140788 0.15 4.140788 0.15 4.344121 0.1 4.344121 0.15 4.140788 0.1 4.040788 0.1 -4.326452 -0.15 -4.326452 -0.15 4.040788 0.1 3.840788 0.1 -4.326452 -0.15 3.840788 0.1 3.740788 0.1 4.040788 0.15 3.840788 0.15 4.040788 0.1 4.040788 0.1 3.840788 0.15 3.840788 0.1 3.740788 0.15 3.540788 0.15 3.740788 0.1 3.740788 0.1 3.540788 0.15 3.540788 0.1 3.740788 0.1 3.540788 0.1 -4.326452 -0.15 -4.326452 -0.15 3.540788 0.1 3.440788 0.1 -4.326452 -0.15 3.440788 0.1 3.240788 0.1 3.240788 0.1 3.440788 0.1 3.240788 0.15 3.240788 0.15 3.440788 0.1 3.440788 0.15 3.240788 0.1 3.140788 0.1 -4.326452 -0.15 -4.326452 -0.15 3.140788 0.1 2.937455 0.1 -4.326452 -0.15 2.937455 0.1 2.837455 0.1 3.140788 0.15 2.937455 0.15 3.140788 0.1 3.140788 0.1 2.937455 0.15 2.937455 0.1 2.837455 0.15 2.637455 0.15 2.837455 0.1 2.837455 0.1 2.637455 0.15 2.637455 0.1 2.837455 0.1 2.637455 0.1 -4.326452 -0.15 -4.326452 -0.15 2.637455 0.1 2.537455 0.1 -4.326452 -0.15 2.537455 0.1 2.337455 0.1 2.337455 0.1 2.537455 0.1 2.337455 0.15 2.337455 0.15 2.537455 0.1 2.537455 0.15 2.337455 0.1 2.237455 0.1 -4.326452 -0.15 -4.326452 -0.15 2.237455 0.1 2.037455 0.1 -4.326452 -0.15 2.037455 0.1 1.937455 0.1 2.237455 0.15 2.037455 0.15 2.237455 0.1 2.237455 0.1 2.037455 0.15 2.037455 0.1 1.937455 0.15 1.734121 0.15 1.937455 0.1 1.937455 0.1 1.734121 0.15 1.734121 0.1 1.937455 0.1 1.734121 0.1 -4.326452 -0.15 -4.326452 -0.15 1.734121 0.1 1.634121 0.1 -4.326452 -0.15 1.634121 0.1 1.434121 0.1 1.434121 0.1 1.634121 0.1 1.434121 0.15 1.434121 0.15 1.634121 0.1 1.634121 0.15 1.434121 0.1 1.334121 0.1 -4.326452 -0.15 -4.326452 -0.15 1.334121 0.1 1.134121 0.1 -4.326452 -0.15 1.134121 0.1 1.034121 0.1 1.334121 0.15 1.134121 0.15 1.334121 0.1 1.334121 0.1 1.134121 0.15 1.134121 0.1 1.034121 0.15 0.834121 0.15 1.034121 0.1 1.034121 0.1 0.834121 0.15 0.834121 0.1 1.034121 0.1 0.834121 0.1 -4.326452 -0.15 -4.326452 -0.15 0.834121 0.1 0.734121 0.1 -4.326452 -0.15 0.734121 0.1 0.530788 0.1 0.530788 0.1 0.734121 0.1 0.530788 0.15 0.530788 0.15 0.734121 0.1 0.734121 0.15 0.530788 0.1 0.430788 0.1 -4.326452 -0.15 -4.326452 -0.15 0.430788 0.1 0.230788 0.1 -4.326452 -0.15 0.230788 0.1 0.130788 0.1 0.430788 0.15 0.230788 0.15 0.430788 0.1 0.430788 0.1 0.230788 0.15 0.230788 0.1 0.130788 0.15 -0.06921195 0.15 0.130788 0.1 0.130788 0.1 -0.06921195 0.15 -0.06921195 0.1 0.130788 0.1 -0.06921195 0.1 -4.326452 -0.15 -4.326452 -0.15 -0.06921195 0.1 -0.169212 0.1 -4.326452 -0.15 -0.169212 0.1 -0.369212 0.1 -0.369212 0.1 -0.169212 0.1 -0.369212 0.15 -0.369212 0.15 -0.169212 0.1 -0.169212 0.15 -0.369212 0.1 -0.469212 0.1 -4.326452 -0.15 -4.326452 -0.15 -0.469212 0.1 -0.672545 0.1 -4.326452 -0.15 -0.672545 0.1 -0.772545 0.1 -0.469212 0.15 -0.672545 0.15 -0.469212 0.1 -0.469212 0.1 -0.672545 0.15 -0.672545 0.1 -0.772545 0.15 -0.972545 0.15 -0.772545 0.1 -0.772545 0.1 -0.972545 0.15 -0.972545 0.1 -0.772545 0.1 -0.972545 0.1 -4.326452 -0.15 -4.326452 -0.15 -0.972545 0.1 -1.072545 0.1 -4.326452 -0.15 -1.072545 0.1 -1.272545 0.1 -1.272545 0.1 -1.072545 0.1 -1.272545 0.15 -1.272545 0.15 -1.072545 0.1 -1.072545 0.15 -1.272545 0.1 -1.372545 0.1 -4.326452 -0.15 -4.326452 -0.15 -1.372545 0.1 -1.572545 0.1 -4.326452 -0.15 -1.572545 0.1 -1.672545 0.1 -1.372545 0.15 -1.572545 0.15 -1.372545 0.1 -1.372545 0.1 -1.572545 0.15 -1.572545 0.1 -1.672545 0.15 -1.875879 0.15 -1.672545 0.1 -1.672545 0.1 -1.875879 0.15 -1.875879 0.1 -1.672545 0.1 -1.875879 0.1 -4.326452 -0.15 -4.326452 -0.15 -1.875879 0.1 -1.975879 0.1 -4.326452 -0.15 -1.975879 0.1 -2.175879 0.1 -2.175879 0.1 -1.975879 0.1 -2.175879 0.15 -2.175879 0.15 -1.975879 0.1 -1.975879 0.15 -2.175879 0.1 -2.275879 0.1 -4.326452 -0.15 -4.326452 -0.15 -2.275879 0.1 -2.475879 0.1 -4.326452 -0.15 -2.475879 0.1 -2.575879 0.1 -2.275879 0.15 -2.475879 0.15 -2.275879 0.1 -2.275879 0.1 -2.475879 0.15 -2.475879 0.1 -2.575879 0.15 -2.775879 0.15 -2.575879 0.1 -2.575879 0.1 -2.775879 0.15 -2.775879 0.1 -2.575879 0.1 -2.775879 0.1 -4.326452 -0.15 -4.326452 -0.15 -2.775879 0.1 -2.875879 0.1 -0.588843 0 0 0 -0.588843 0.04999995 -0.588843 0.04999995 0 0 0 0.04999995 -0.1 0 0 0 -0.1 0.04999995 -0.1 0.04999995 0 0 0 0.04999995 -0.588843 0 0 0 -0.588843 0.04999995 -0.588843 0.04999995 0 0 0 0.04999995 -0.04999995 -0.294421 0.04999995 -0.294421 -0.04999995 0.294421 -0.04999995 0.294421 0.04999995 -0.294421 0.04999995 0.294421 -0.588843 0 0 0 -0.588843 0.04999995 -0.588843 0.04999995 0 0 0 0.04999995 -0.1 0 0 0 -0.1 0.04999995 -0.1 0.04999995 0 0 0 0.04999995 -0.588843 0 0 0 -0.588843 0.04999995 -0.588843 0.04999995 0 0 0 0.04999995 -0.04999995 -0.294421 0.04999995 -0.294421 -0.04999995 0.294421 -0.04999995 0.294421 0.04999995 -0.294421 0.04999995 0.294421 -0.588843 0 0 0 -0.588843 0.04999995 -0.588843 0.04999995 0 0 0 0.04999995 -0.1 0 0 0 -0.1 0.04999995 -0.1 0.04999995 0 0 0 0.04999995 -0.588843 0 0 0 -0.588843 0.04999995 -0.588843 0.04999995 0 0 0 0.04999995 -0.04999995 -0.294421 0.04999995 -0.294421 -0.04999995 0.294421 -0.04999995 0.294421 0.04999995 -0.294421 0.04999995 0.294421 -0.588843 0 0 0 -0.588843 0.04999995 -0.588843 0.04999995 0 0 0 0.04999995 -0.1 0 0 0 -0.1 0.04999995 -0.1 0.04999995 0 0 0 0.04999995 -0.588843 0 0 0 -0.588843 0.04999995 -0.588843 0.04999995 0 0 0 0.04999995 -0.04999995 -0.294421 0.04999995 -0.294421 -0.04999995 0.294421 -0.04999995 0.294421 0.04999995 -0.294421 0.04999995 0.294421 -0.588843 0 0 0 -0.588843 0.04999995 -0.588843 0.04999995 0 0 0 0.04999995 -0.1 0 0 0 -0.1 0.04999995 -0.1 0.04999995 0 0 0 0.04999995 -0.588843 0 0 0 -0.588843 0.04999995 -0.588843 0.04999995 0 0 0 0.04999995 -0.04999995 -0.294421 0.04999995 -0.294421 -0.04999995 0.294421 -0.04999995 0.294421 0.04999995 -0.294421 0.04999995 0.294421 -0.588843 0 0 0 -0.588843 0.04999995 -0.588843 0.04999995 0 0 0 0.04999995 -0.1 0 0 0 -0.1 0.04999995 -0.1 0.04999995 0 0 0 0.04999995 -0.588843 0 0 0 -0.588843 0.04999995 -0.588843 0.04999995 0 0 0 0.04999995 -0.04999995 -0.294421 0.04999995 -0.294421 -0.04999995 0.294421 -0.04999995 0.294421 0.04999995 -0.294421 0.04999995 0.294421 -0.588843 0 0 0 -0.588843 0.04999995 -0.588843 0.04999995 0 0 0 0.04999995 -0.1 0 0 0 -0.1 0.04999995 -0.1 0.04999995 0 0 0 0.04999995 -0.588843 0 0 0 -0.588843 0.04999995 -0.588843 0.04999995 0 0 0 0.04999995 -0.04999995 -0.294421 0.04999995 -0.294421 -0.04999995 0.294421 -0.04999995 0.294421 0.04999995 -0.294421 0.04999995 0.294421 -0.588843 0 0 0 -0.588843 0.04999995 -0.588843 0.04999995 0 0 0 0.04999995 -0.1 0 0 0 -0.1 0.04999995 -0.1 0.04999995 0 0 0 0.04999995 -0.588843 0 0 0 -0.588843 0.04999995 -0.588843 0.04999995 0 0 0 0.04999995 -0.04999995 -0.294421 0.04999995 -0.294421 -0.04999995 0.294421 -0.04999995 0.294421 0.04999995 -0.294421 0.04999995 0.294421 -0.588843 0 0 0 -0.588843 0.04999995 -0.588843 0.04999995 0 0 0 0.04999995 -0.1 0 0 0 -0.1 0.04999995 -0.1 0.04999995 0 0 0 0.04999995 -0.588843 0 0 0 -0.588843 0.04999995 -0.588843 0.04999995 0 0 0 0.04999995 -0.04999995 -0.294421 0.04999995 -0.294421 -0.04999995 0.294421 -0.04999995 0.294421 0.04999995 -0.294421 0.04999995 0.294421 -0.588843 0 0 0 -0.588843 0.04999995 -0.588843 0.04999995 0 0 0 0.04999995 -0.1 0 0 0 -0.1 0.04999995 -0.1 0.04999995 0 0 0 0.04999995 -0.588843 0 0 0 -0.588843 0.04999995 -0.588843 0.04999995 0 0 0 0.04999995 -0.04999995 -0.294421 0.04999995 -0.294421 -0.04999995 0.294421 -0.04999995 0.294421 0.04999995 -0.294421 0.04999995 0.294421 -0.588843 0 0 0 -0.588843 0.04999995 -0.588843 0.04999995 0 0 0 0.04999995 -0.1 0 0 0 -0.1 0.04999995 -0.1 0.04999995 0 0 0 0.04999995 -0.588843 0 0 0 -0.588843 0.04999995 -0.588843 0.04999995 0 0 0 0.04999995 -0.04999995 -0.294421 0.04999995 -0.294421 -0.04999995 0.294421 -0.04999995 0.294421 0.04999995 -0.294421 0.04999995 0.294421 -0.588843 0 0 0 -0.588843 0.04999995 -0.588843 0.04999995 0 0 0 0.04999995 -0.1 0 0 0 -0.1 0.04999995 -0.1 0.04999995 0 0 0 0.04999995 -0.588843 0 0 0 -0.588843 0.04999995 -0.588843 0.04999995 0 0 0 0.04999995 -0.04999995 -0.294421 0.04999995 -0.294421 -0.04999995 0.294421 -0.04999995 0.294421 0.04999995 -0.294421 0.04999995 0.294421 -0.588843 0 0 0 -0.588843 0.04999995 -0.588843 0.04999995 0 0 0 0.04999995 -0.1 0 0 0 -0.1 0.04999995 -0.1 0.04999995 0 0 0 0.04999995 -0.588843 0 0 0 -0.588843 0.04999995 -0.588843 0.04999995 0 0 0 0.04999995 -0.04999995 -0.294421 0.04999995 -0.294421 -0.04999995 0.294421 -0.04999995 0.294421 0.04999995 -0.294421 0.04999995 0.294421 -0.588843 0 0 0 -0.588843 0.04999995 -0.588843 0.04999995 0 0 0 0.04999995 -0.1 0 0 0 -0.1 0.04999995 -0.1 0.04999995 0 0 0 0.04999995 -0.588843 0 0 0 -0.588843 0.04999995 -0.588843 0.04999995 0 0 0 0.04999995 -0.04999995 -0.294421 0.04999995 -0.294421 -0.04999995 0.294421 -0.04999995 0.294421 0.04999995 -0.294421 0.04999995 0.294421 -0.294421 0 0 0 -0.294421 0.04999995 -0.294421 0.04999995 0 0 0 0.04999995 -0.1 0 0 0 -0.1 0.04999995 -0.1 0.04999995 0 0 0 0.04999995 -0.294421 0 0 0 -0.294421 0.04999995 -0.294421 0.04999995 0 0 0 0.04999995 -0.04999995 -0.147211 0.04999995 -0.147211 -0.04999995 0.147211 -0.04999995 0.147211 0.04999995 -0.147211 0.04999995 0.147211 -0.294421 0 0 0 -0.294421 0.04999995 -0.294421 0.04999995 0 0 0 0.04999995 -0.1 0 0 0 -0.1 0.04999995 -0.1 0.04999995 0 0 0 0.04999995 -0.294421 0 0 0 -0.294421 0.04999995 -0.294421 0.04999995 0 0 0 0.04999995 -0.04999995 -0.147211 0.04999995 -0.147211 -0.04999995 0.147211 -0.04999995 0.147211 0.04999995 -0.147211 0.04999995 0.147211 -0.294421 0 0 0 -0.294421 0.04999995 -0.294421 0.04999995 0 0 0 0.04999995 -0.1 0 0 0 -0.1 0.04999995 -0.1 0.04999995 0 0 0 0.04999995 -0.294421 0 0 0 -0.294421 0.04999995 -0.294421 0.04999995 0 0 0 0.04999995 -0.04999995 -0.147211 0.04999995 -0.147211 -0.04999995 0.147211 -0.04999995 0.147211 0.04999995 -0.147211 0.04999995 0.147211 -0.294421 0 0 0 -0.294421 0.04999995 -0.294421 0.04999995 0 0 0 0.04999995 -0.1 0 0 0 -0.1 0.04999995 -0.1 0.04999995 0 0 0 0.04999995 -0.294421 0 0 0 -0.294421 0.04999995 -0.294421 0.04999995 0 0 0 0.04999995 -0.04999995 -0.147211 0.04999995 -0.147211 -0.04999995 0.147211 -0.04999995 0.147211 0.04999995 -0.147211 0.04999995 0.147211 -0.294421 0 0 0 -0.294421 0.04999995 -0.294421 0.04999995 0 0 0 0.04999995 -0.1 0 0 0 -0.1 0.04999995 -0.1 0.04999995 0 0 0 0.04999995 -0.294421 0 0 0 -0.294421 0.04999995 -0.294421 0.04999995 0 0 0 0.04999995 -0.04999995 -0.147211 0.04999995 -0.147211 -0.04999995 0.147211 -0.04999995 0.147211 0.04999995 -0.147211 0.04999995 0.147211 -0.294421 0 0 0 -0.294421 0.04999995 -0.294421 0.04999995 0 0 0 0.04999995 -0.1 0 0 0 -0.1 0.04999995 -0.1 0.04999995 0 0 0 0.04999995 -0.294421 0 0 0 -0.294421 0.04999995 -0.294421 0.04999995 0 0 0 0.04999995 -0.04999995 -0.147211 0.04999995 -0.147211 -0.04999995 0.147211 -0.04999995 0.147211 0.04999995 -0.147211 0.04999995 0.147211 -0.294421 0 0 0 -0.294421 0.04999995 -0.294421 0.04999995 0 0 0 0.04999995 -0.1 0 0 0 -0.1 0.04999995 -0.1 0.04999995 0 0 0 0.04999995 -0.294421 0 0 0 -0.294421 0.04999995 -0.294421 0.04999995 0 0 0 0.04999995 -0.04999995 -0.147211 0.04999995 -0.147211 -0.04999995 0.147211 -0.04999995 0.147211 0.04999995 -0.147211 0.04999995 0.147211 -0.294421 0 0 0 -0.294421 0.04999995 -0.294421 0.04999995 0 0 0 0.04999995 -0.1 0 0 0 -0.1 0.04999995 -0.1 0.04999995 0 0 0 0.04999995 -0.294421 0 0 0 -0.294421 0.04999995 -0.294421 0.04999995 0 0 0 0.04999995 -0.04999995 -0.147211 0.04999995 -0.147211 -0.04999995 0.147211 -0.04999995 0.147211 0.04999995 -0.147211 0.04999995 0.147211 -0.294421 0 0 0 -0.294421 0.04999995 -0.294421 0.04999995 0 0 0 0.04999995 -0.1 0 0 0 -0.1 0.04999995 -0.1 0.04999995 0 0 0 0.04999995 -0.294421 0 0 0 -0.294421 0.04999995 -0.294421 0.04999995 0 0 0 0.04999995 -0.04999995 -0.147211 0.04999995 -0.147211 -0.04999995 0.147211 -0.04999995 0.147211 0.04999995 -0.147211 0.04999995 0.147211 -0.294421 0 0 0 -0.294421 0.04999995 -0.294421 0.04999995 0 0 0 0.04999995 -0.1 0 0 0 -0.1 0.04999995 -0.1 0.04999995 0 0 0 0.04999995 -0.294421 0 0 0 -0.294421 0.04999995 -0.294421 0.04999995 0 0 0 0.04999995 -0.04999995 -0.147211 0.04999995 -0.147211 -0.04999995 0.147211 -0.04999995 0.147211 0.04999995 -0.147211 0.04999995 0.147211 -0.294421 0 0 0 -0.294421 0.04999995 -0.294421 0.04999995 0 0 0 0.04999995 -0.1 0 0 0 -0.1 0.04999995 -0.1 0.04999995 0 0 0 0.04999995 -0.294421 0 0 0 -0.294421 0.04999995 -0.294421 0.04999995 0 0 0 0.04999995 -0.04999995 -0.147211 0.04999995 -0.147211 -0.04999995 0.147211 -0.04999995 0.147211 0.04999995 -0.147211 0.04999995 0.147211 -0.294421 0 0 0 -0.294421 0.04999995 -0.294421 0.04999995 0 0 0 0.04999995 -0.1 0 0 0 -0.1 0.04999995 -0.1 0.04999995 0 0 0 0.04999995 -0.294421 0 0 0 -0.294421 0.04999995 -0.294421 0.04999995 0 0 0 0.04999995 -0.04999995 -0.147211 0.04999995 -0.147211 -0.04999995 0.147211 -0.04999995 0.147211 0.04999995 -0.147211 0.04999995 0.147211 -0.294421 0 0 0 -0.294421 0.04999995 -0.294421 0.04999995 0 0 0 0.04999995 -0.1 0 0 0 -0.1 0.04999995 -0.1 0.04999995 0 0 0 0.04999995 -0.294421 0 0 0 -0.294421 0.04999995 -0.294421 0.04999995 0 0 0 0.04999995 -0.04999995 -0.147211 0.04999995 -0.147211 -0.04999995 0.147211 -0.04999995 0.147211 0.04999995 -0.147211 0.04999995 0.147211 -0.294421 0 0 0 -0.294421 0.04999995 -0.294421 0.04999995 0 0 0 0.04999995 -0.1 0 0 0 -0.1 0.04999995 -0.1 0.04999995 0 0 0 0.04999995 -0.294421 0 0 0 -0.294421 0.04999995 -0.294421 0.04999995 0 0 0 0.04999995 -0.04999995 -0.147211 0.04999995 -0.147211 -0.04999995 0.147211 -0.04999995 0.147211 0.04999995 -0.147211 0.04999995 0.147211 -0.294421 0 0 0 -0.294421 0.04999995 -0.294421 0.04999995 0 0 0 0.04999995 -0.1 0 0 0 -0.1 0.04999995 -0.1 0.04999995 0 0 0 0.04999995 -0.294421 0 0 0 -0.294421 0.04999995 -0.294421 0.04999995 0 0 0 0.04999995 -0.04999995 -0.147211 0.04999995 -0.147211 -0.04999995 0.147211 -0.04999995 0.147211 0.04999995 -0.147211 0.04999995 0.147211 -0.294421 0 0 0 -0.294421 0.04999995 -0.294421 0.04999995 0 0 0 0.04999995 -0.1 0 0 0 -0.1 0.04999995 -0.1 0.04999995 0 0 0 0.04999995 -0.294421 0 0 0 -0.294421 0.04999995 -0.294421 0.04999995 0 0 0 0.04999995 -0.04999995 -0.147211 0.04999995 -0.147211 -0.04999995 0.147211 -0.04999995 0.147211 0.04999995 -0.147211 0.04999995 0.147211 -0.294421 0 0 0 -0.294421 0.04999995 -0.294421 0.04999995 0 0 0 0.04999995 -0.1 0 0 0 -0.1 0.04999995 -0.1 0.04999995 0 0 0 0.04999995 -0.294421 0 0 0 -0.294421 0.04999995 -0.294421 0.04999995 0 0 0 0.04999995 -0.04999995 -0.147211 0.04999995 -0.147211 -0.04999995 0.147211 -0.04999995 0.147211 0.04999995 -0.147211 0.04999995 0.147211 -0.294421 0 0 0 -0.294421 0.04999995 -0.294421 0.04999995 0 0 0 0.04999995 -0.1 0 0 0 -0.1 0.04999995 -0.1 0.04999995 0 0 0 0.04999995 -0.294421 0 0 0 -0.294421 0.04999995 -0.294421 0.04999995 0 0 0 0.04999995 -0.04999995 -0.147211 0.04999995 -0.147211 -0.04999995 0.147211 -0.04999995 0.147211 0.04999995 -0.147211 0.04999995 0.147211 -0.294421 0 0 0 -0.294421 0.04999995 -0.294421 0.04999995 0 0 0 0.04999995 -0.1 0 0 0 -0.1 0.04999995 -0.1 0.04999995 0 0 0 0.04999995 -0.294421 0 0 0 -0.294421 0.04999995 -0.294421 0.04999995 0 0 0 0.04999995 -0.04999995 -0.147211 0.04999995 -0.147211 -0.04999995 0.147211 -0.04999995 0.147211 0.04999995 -0.147211 0.04999995 0.147211 -0.294421 0 0 0 -0.294421 0.04999995 -0.294421 0.04999995 0 0 0 0.04999995 -0.1 0 0 0 -0.1 0.04999995 -0.1 0.04999995 0 0 0 0.04999995 -0.294421 0 0 0 -0.294421 0.04999995 -0.294421 0.04999995 0 0 0 0.04999995 -0.04999995 -0.147211 0.04999995 -0.147211 -0.04999995 0.147211 -0.04999995 0.147211 0.04999995 -0.147211 0.04999995 0.147211 -0.294421 0 0 0 -0.294421 0.04999995 -0.294421 0.04999995 0 0 0 0.04999995 -0.1 0 0 0 -0.1 0.04999995 -0.1 0.04999995 0 0 0 0.04999995 -0.294421 0 0 0 -0.294421 0.04999995 -0.294421 0.04999995 0 0 0 0.04999995 -0.04999995 -0.147211 0.04999995 -0.147211 -0.04999995 0.147211 -0.04999995 0.147211 0.04999995 -0.147211 0.04999995 0.147211 -0.294421 0 0 0 -0.294421 0.04999995 -0.294421 0.04999995 0 0 0 0.04999995 -0.1 0 0 0 -0.1 0.04999995 -0.1 0.04999995 0 0 0 0.04999995 -0.294421 0 0 0 -0.294421 0.04999995 -0.294421 0.04999995 0 0 0 0.04999995 -0.04999995 -0.147211 0.04999995 -0.147211 -0.04999995 0.147211 -0.04999995 0.147211 0.04999995 -0.147211 0.04999995 0.147211 -0.294421 0 0 0 -0.294421 0.04999995 -0.294421 0.04999995 0 0 0 0.04999995 -0.1 0 0 0 -0.1 0.04999995 -0.1 0.04999995 0 0 0 0.04999995 -0.294421 0 0 0 -0.294421 0.04999995 -0.294421 0.04999995 0 0 0 0.04999995 -0.04999995 -0.147211 0.04999995 -0.147211 -0.04999995 0.147211 -0.04999995 0.147211 0.04999995 -0.147211 0.04999995 0.147211 -0.294421 0 0 0 -0.294421 0.04999995 -0.294421 0.04999995 0 0 0 0.04999995 -0.1 0 0 0 -0.1 0.04999995 -0.1 0.04999995 0 0 0 0.04999995 -0.294421 0 0 0 -0.294421 0.04999995 -0.294421 0.04999995 0 0 0 0.04999995 -0.04999995 -0.147211 0.04999995 -0.147211 -0.04999995 0.147211 -0.04999995 0.147211 0.04999995 -0.147211 0.04999995 0.147211 -0.294421 0 0 0 -0.294421 0.04999995 -0.294421 0.04999995 0 0 0 0.04999995 -0.1 0 0 0 -0.1 0.04999995 -0.1 0.04999995 0 0 0 0.04999995 -0.294421 0 0 0 -0.294421 0.04999995 -0.294421 0.04999995 0 0 0 0.04999995 -0.04999995 -0.147211 0.04999995 -0.147211 -0.04999995 0.147211 -0.04999995 0.147211 0.04999995 -0.147211 0.04999995 0.147211 -0.294421 0 0 0 -0.294421 0.04999995 -0.294421 0.04999995 0 0 0 0.04999995 -0.1 0 0 0 -0.1 0.04999995 -0.1 0.04999995 0 0 0 0.04999995 -0.294421 0 0 0 -0.294421 0.04999995 -0.294421 0.04999995 0 0 0 0.04999995 -0.04999995 -0.147211 0.04999995 -0.147211 -0.04999995 0.147211 -0.04999995 0.147211 0.04999995 -0.147211 0.04999995 0.147211 -0.294421 0 0 0 -0.294421 0.04999995 -0.294421 0.04999995 0 0 0 0.04999995 -0.1 0 0 0 -0.1 0.04999995 -0.1 0.04999995 0 0 0 0.04999995 -0.294421 0 0 0 -0.294421 0.04999995 -0.294421 0.04999995 0 0 0 0.04999995 -0.04999995 -0.147211 0.04999995 -0.147211 -0.04999995 0.147211 -0.04999995 0.147211 0.04999995 -0.147211 0.04999995 0.147211 -0.294421 0 0 0 -0.294421 0.04999995 -0.294421 0.04999995 0 0 0 0.04999995 -0.1 0 0 0 -0.1 0.04999995 -0.1 0.04999995 0 0 0 0.04999995 -0.294421 0 0 0 -0.294421 0.04999995 -0.294421 0.04999995 0 0 0 0.04999995 -0.04999995 -0.147211 0.04999995 -0.147211 -0.04999995 0.147211 -0.04999995 0.147211 0.04999995 -0.147211 0.04999995 0.147211 -0.294421 0 0 0 -0.294421 0.04999995 -0.294421 0.04999995 0 0 0 0.04999995 -0.1 0 0 0 -0.1 0.04999995 -0.1 0.04999995 0 0 0 0.04999995 -0.294421 0 0 0 -0.294421 0.04999995 -0.294421 0.04999995 0 0 0 0.04999995 -0.04999995 -0.147211 0.04999995 -0.147211 -0.04999995 0.147211 -0.04999995 0.147211 0.04999995 -0.147211 0.04999995 0.147211 -0.294421 0 0 0 -0.294421 0.04999995 -0.294421 0.04999995 0 0 0 0.04999995 -0.1 0 0 0 -0.1 0.04999995 -0.1 0.04999995 0 0 0 0.04999995 -0.294421 0 0 0 -0.294421 0.04999995 -0.294421 0.04999995 0 0 0 0.04999995 -0.04999995 -0.147211 0.04999995 -0.147211 -0.04999995 0.147211 -0.04999995 0.147211 0.04999995 -0.147211 0.04999995 0.147211 -0.294421 0 0 0 -0.294421 0.04999995 -0.294421 0.04999995 0 0 0 0.04999995 -0.1 0 0 0 -0.1 0.04999995 -0.1 0.04999995 0 0 0 0.04999995 -0.294421 0 0 0 -0.294421 0.04999995 -0.294421 0.04999995 0 0 0 0.04999995 -0.04999995 -0.147211 0.04999995 -0.147211 -0.04999995 0.147211 -0.04999995 0.147211 0.04999995 -0.147211 0.04999995 0.147211 -0.294421 0 0 0 -0.294421 0.04999995 -0.294421 0.04999995 0 0 0 0.04999995 -0.1 0 0 0 -0.1 0.04999995 -0.1 0.04999995 0 0 0 0.04999995 -0.294421 0 0 0 -0.294421 0.04999995 -0.294421 0.04999995 0 0 0 0.04999995 -0.04999995 -0.147211 0.04999995 -0.147211 -0.04999995 0.147211 -0.04999995 0.147211 0.04999995 -0.147211 0.04999995 0.147211 -0.294421 0 0 0 -0.294421 0.04999995 -0.294421 0.04999995 0 0 0 0.04999995 -0.1 0 0 0 -0.1 0.04999995 -0.1 0.04999995 0 0 0 0.04999995 -0.294421 0 0 0 -0.294421 0.04999995 -0.294421 0.04999995 0 0 0 0.04999995 -0.04999995 -0.147211 0.04999995 -0.147211 -0.04999995 0.147211 -0.04999995 0.147211 0.04999995 -0.147211 0.04999995 0.147211 -0.294421 0 0 0 -0.294421 0.04999995 -0.294421 0.04999995 0 0 0 0.04999995 -0.1 0 0 0 -0.1 0.04999995 -0.1 0.04999995 0 0 0 0.04999995 -0.294421 0 0 0 -0.294421 0.04999995 -0.294421 0.04999995 0 0 0 0.04999995 -0.04999995 -0.147211 0.04999995 -0.147211 -0.04999995 0.147211 -0.04999995 0.147211 0.04999995 -0.147211 0.04999995 0.147211 -0.294421 0 0 0 -0.294421 0.04999995 -0.294421 0.04999995 0 0 0 0.04999995 -0.1 0 0 0 -0.1 0.04999995 -0.1 0.04999995 0 0 0 0.04999995 -0.294421 0 0 0 -0.294421 0.04999995 -0.294421 0.04999995 0 0 0 0.04999995 -0.04999995 -0.147211 0.04999995 -0.147211 -0.04999995 0.147211 -0.04999995 0.147211 0.04999995 -0.147211 0.04999995 0.147211 -0.294421 0 0 0 -0.294421 0.04999995 -0.294421 0.04999995 0 0 0 0.04999995 -0.1 0 0 0 -0.1 0.04999995 -0.1 0.04999995 0 0 0 0.04999995 -0.294421 0 0 0 -0.294421 0.04999995 -0.294421 0.04999995 0 0 0 0.04999995 -0.04999995 -0.147211 0.04999995 -0.147211 -0.04999995 0.147211 -0.04999995 0.147211 0.04999995 -0.147211 0.04999995 0.147211 -0.294421 0 0 0 -0.294421 0.04999995 -0.294421 0.04999995 0 0 0 0.04999995 -0.1 0 0 0 -0.1 0.04999995 -0.1 0.04999995 0 0 0 0.04999995 -0.294421 0 0 0 -0.294421 0.04999995 -0.294421 0.04999995 0 0 0 0.04999995 -0.04999995 -0.147211 0.04999995 -0.147211 -0.04999995 0.147211 -0.04999995 0.147211 0.04999995 -0.147211 0.04999995 0.147211 -0.294421 0 0 0 -0.294421 0.04999995 -0.294421 0.04999995 0 0 0 0.04999995 -0.1 0 0 0 -0.1 0.04999995 -0.1 0.04999995 0 0 0 0.04999995 -0.294421 0 0 0 -0.294421 0.04999995 -0.294421 0.04999995 0 0 0 0.04999995 -0.04999995 -0.147211 0.04999995 -0.147211 -0.04999995 0.147211 -0.04999995 0.147211 0.04999995 -0.147211 0.04999995 0.147211 -0.294421 0 0 0 -0.294421 0.04999995 -0.294421 0.04999995 0 0 0 0.04999995 -0.1 0 0 0 -0.1 0.04999995 -0.1 0.04999995 0 0 0 0.04999995 -0.294421 0 0 0 -0.294421 0.04999995 -0.294421 0.04999995 0 0 0 0.04999995 -0.04999995 -0.147211 0.04999995 -0.147211 -0.04999995 0.147211 -0.04999995 0.147211 0.04999995 -0.147211 0.04999995 0.147211 -0.294421 0 0 0 -0.294421 0.04999995 -0.294421 0.04999995 0 0 0 0.04999995 -0.1 0 0 0 -0.1 0.04999995 -0.1 0.04999995 0 0 0 0.04999995 -0.294421 0 0 0 -0.294421 0.04999995 -0.294421 0.04999995 0 0 0 0.04999995 -0.04999995 -0.147211 0.04999995 -0.147211 -0.04999995 0.147211 -0.04999995 0.147211 0.04999995 -0.147211 0.04999995 0.147211 -0.294421 0 0 0 -0.294421 0.04999995 -0.294421 0.04999995 0 0 0 0.04999995 -0.1 0 0 0 -0.1 0.04999995 -0.1 0.04999995 0 0 0 0.04999995 -0.294421 0 0 0 -0.294421 0.04999995 -0.294421 0.04999995 0 0 0 0.04999995 -0.04999995 -0.147211 0.04999995 -0.147211 -0.04999995 0.147211 -0.04999995 0.147211 0.04999995 -0.147211 0.04999995 0.147211 -0.294421 0 0 0 -0.294421 0.04999995 -0.294421 0.04999995 0 0 0 0.04999995 -0.1 0 0 0 -0.1 0.04999995 -0.1 0.04999995 0 0 0 0.04999995 -0.294421 0 0 0 -0.294421 0.04999995 -0.294421 0.04999995 0 0 0 0.04999995 -0.04999995 -0.147211 0.04999995 -0.147211 -0.04999995 0.147211 -0.04999995 0.147211 0.04999995 -0.147211 0.04999995 0.147211 -0.294421 0 0 0 -0.294421 0.04999995 -0.294421 0.04999995 0 0 0 0.04999995 -0.1 0 0 0 -0.1 0.04999995 -0.1 0.04999995 0 0 0 0.04999995 -0.294421 0 0 0 -0.294421 0.04999995 -0.294421 0.04999995 0 0 0 0.04999995 -0.04999995 -0.147211 0.04999995 -0.147211 -0.04999995 0.147211 -0.04999995 0.147211 0.04999995 -0.147211 0.04999995 0.147211 -0.294421 0 0 0 -0.294421 0.04999995 -0.294421 0.04999995 0 0 0 0.04999995 -0.1 0 0 0 -0.1 0.04999995 -0.1 0.04999995 0 0 0 0.04999995 -0.294421 0 0 0 -0.294421 0.04999995 -0.294421 0.04999995 0 0 0 0.04999995 -0.04999995 -0.147211 0.04999995 -0.147211 -0.04999995 0.147211 -0.04999995 0.147211 0.04999995 -0.147211 0.04999995 0.147211 -0.294421 0 0 0 -0.294421 0.04999995 -0.294421 0.04999995 0 0 0 0.04999995 -0.1 0 0 0 -0.1 0.04999995 -0.1 0.04999995 0 0 0 0.04999995 -0.294421 0 0 0 -0.294421 0.04999995 -0.294421 0.04999995 0 0 0 0.04999995 -0.04999995 -0.147211 0.04999995 -0.147211 -0.04999995 0.147211 -0.04999995 0.147211 0.04999995 -0.147211 0.04999995 0.147211 -0.294421 0 0 0 -0.294421 0.04999995 -0.294421 0.04999995 0 0 0 0.04999995 -0.1 0 0 0 -0.1 0.04999995 -0.1 0.04999995 0 0 0 0.04999995 -0.294421 0 0 0 -0.294421 0.04999995 -0.294421 0.04999995 0 0 0 0.04999995 -0.04999995 -0.147211 0.04999995 -0.147211 -0.04999995 0.147211 -0.04999995 0.147211 0.04999995 -0.147211 0.04999995 0.147211 -0.294421 0 0 0 -0.294421 0.04999995 -0.294421 0.04999995 0 0 0 0.04999995 -0.1 0 0 0 -0.1 0.04999995 -0.1 0.04999995 0 0 0 0.04999995 -0.294421 0 0 0 -0.294421 0.04999995 -0.294421 0.04999995 0 0 0 0.04999995 -0.04999995 -0.147211 0.04999995 -0.147211 -0.04999995 0.147211 -0.04999995 0.147211 0.04999995 -0.147211 0.04999995 0.147211 -0.588843 0 0 0 -0.588843 0.04999995 -0.588843 0.04999995 0 0 0 0.04999995 -0.1 0 0 0 -0.1 0.04999995 -0.1 0.04999995 0 0 0 0.04999995 -0.588843 0 0 0 -0.588843 0.04999995 -0.588843 0.04999995 0 0 0 0.04999995 -0.04999995 -0.294421 0.04999995 -0.294421 -0.04999995 0.294421 -0.04999995 0.294421 0.04999995 -0.294421 0.04999995 0.294421 -0.294421 0 0 0 -0.294421 0.04999995 -0.294421 0.04999995 0 0 0 0.04999995 -0.1 0 0 0 -0.1 0.04999995 -0.1 0.04999995 0 0 0 0.04999995 -0.294421 0 0 0 -0.294421 0.04999995 -0.294421 0.04999995 0 0 0 0.04999995 -0.04999995 -0.147211 0.04999995 -0.147211 -0.04999995 0.147211 -0.04999995 0.147211 0.04999995 -0.147211 0.04999995 0.147211 1.5 0.15 0 0.15 1.5 -0.15 1.5 -0.15 0 0.15 0 -0.15 1.5 0.15 0 0.15 1.5 -0.15 1.5 -0.15 0 0.15 0 -0.15 2.234831 0.15 0 0.15 2.234831 -0.15 2.234831 -0.15 0 0.15 0 -0.15 0.09041696 0.15 0 0.15 0.09041696 -0.15 0.09041696 -0.15 0 0.15 0 -0.15 0.444361 0.15 0 0.15 0.444361 -0.15 0.444361 -0.15 0 0.15 0 -0.15 0.09041696 0.15 0 0.15 0.09041696 -0.15 0.09041696 -0.15 0 0.15 0 -0.15 2.400654 0.15 -15.22271 0.15 2.400654 -0.15 2.400654 -0.15 -15.22271 0.15 -15.22271 -0.15 -13.59652 1.354925 -13.59652 -0.145075 4.026848 1.264509 4.026848 1.264509 -13.59652 -0.145075 6.70604 -0.145075 4.026848 1.264509 6.70604 -0.145075 4.471209 1.264509 4.471209 1.264509 6.70604 -0.145075 6.70604 1.354925 4.471209 1.264509 6.70604 1.354925 4.471209 1.354925 4.026848 1.264509 4.026848 1.354925 -13.59652 1.354925 -4.026848 1.354925 -4.026848 1.264509 13.59652 1.354925 13.59652 1.354925 -4.026848 1.264509 5.2712 0.443768 13.59652 1.354925 5.2712 0.443768 5.3712 0.443768 -4.471209 1.264509 -4.255467 0.443768 -4.026848 1.264509 -4.026848 1.264509 -4.255467 0.443768 -3.152134 0.443768 -4.026848 1.264509 -3.152134 0.443768 -3.052134 0.443768 -4.471209 1.354925 -6.70604 1.354925 -4.471209 1.264509 -4.471209 1.264509 -6.70604 1.354925 -5.5588 0.443768 -4.471209 1.264509 -5.5588 0.443768 -5.4588 0.443768 -5.5588 0.443768 -6.70604 1.354925 -6.4588 0.1493459 -6.4588 0.1493459 -6.70604 1.354925 -6.70604 -0.145075 -6.4588 0.1493459 -6.70604 -0.145075 -6.4588 -0.145075 -6.4588 0.1493459 -6.3588 0.1493459 -5.5588 0.443768 -5.5588 0.443768 -6.3588 0.1493459 -6.1588 0.1493459 -5.5588 0.443768 -6.1588 0.1493459 -6.0588 0.1493459 -6.3588 -0.145075 -6.1588 -0.145075 -6.3588 0.1493459 -6.3588 0.1493459 -6.1588 -0.145075 -6.1588 0.1493459 -6.0588 -0.145075 -5.8588 -0.145075 -6.0588 0.1493459 -6.0588 0.1493459 -5.8588 -0.145075 -5.8588 0.1493459 -6.0588 0.1493459 -5.8588 0.1493459 -5.5588 0.443768 -5.5588 0.443768 -5.8588 0.1493459 -5.7588 0.1493459 -5.5588 0.443768 -5.7588 0.1493459 -5.5588 -0.145075 -5.5588 -0.145075 -5.7588 0.1493459 -5.7588 -0.145075 -5.4588 -0.145075 -5.255467 0.1493459 -5.4588 0.443768 -5.4588 0.443768 -5.255467 0.1493459 -5.155467 0.1493459 -5.4588 0.443768 -5.155467 0.1493459 -4.955467 0.1493459 -4.955467 0.1493459 -5.155467 0.1493459 -4.955467 -0.145075 -4.955467 -0.145075 -5.155467 0.1493459 -5.155467 -0.145075 -5.4588 -0.145075 -5.255467 -0.145075 -5.255467 0.1493459 -5.4588 0.443768 -4.955467 0.1493459 -4.355467 0.443768 -4.355467 0.443768 -4.955467 0.1493459 -4.855467 0.1493459 -4.355467 0.443768 -4.855467 0.1493459 -4.655467 0.1493459 -4.655467 0.1493459 -4.855467 0.1493459 -4.655467 -0.145075 -4.655467 -0.145075 -4.855467 0.1493459 -4.855467 -0.145075 -4.655467 0.1493459 -4.555467 0.1493459 -4.355467 0.443768 -4.355467 0.443768 -4.555467 0.1493459 -4.355467 -0.145075 -4.355467 -0.145075 -4.555467 0.1493459 -4.555467 -0.145075 -5.4588 0.443768 -4.355467 0.443768 -4.471209 1.264509 -4.471209 1.264509 -4.355467 0.443768 -4.255467 0.443768 -4.255467 -0.145075 -4.052134 0.1493459 -4.255467 0.443768 -4.255467 0.443768 -4.052134 0.1493459 -3.952134 0.1493459 -4.255467 0.443768 -3.952134 0.1493459 -3.752134 0.1493459 -3.752134 0.1493459 -3.952134 0.1493459 -3.752134 -0.145075 -3.752134 -0.145075 -3.952134 0.1493459 -3.952134 -0.145075 -4.255467 -0.145075 -4.052134 -0.145075 -4.052134 0.1493459 -4.255467 0.443768 -3.752134 0.1493459 -3.152134 0.443768 -3.152134 0.443768 -3.752134 0.1493459 -3.652134 0.1493459 -3.152134 0.443768 -3.652134 0.1493459 -3.452134 0.1493459 -3.452134 0.1493459 -3.652134 0.1493459 -3.452134 -0.145075 -3.452134 -0.145075 -3.652134 0.1493459 -3.652134 -0.145075 -3.452134 0.1493459 -3.352134 0.1493459 -3.152134 0.443768 -3.152134 0.443768 -3.352134 0.1493459 -3.152134 -0.145075 -3.152134 -0.145075 -3.352134 0.1493459 -3.352134 -0.145075 -3.052134 -0.145075 -2.8488 0.1493459 -3.052134 0.443768 -3.052134 0.443768 -2.8488 0.1493459 -2.7488 0.1493459 -3.052134 0.443768 -2.7488 0.1493459 -2.5488 0.1493459 -2.5488 0.1493459 -2.7488 0.1493459 -2.5488 -0.145075 -2.5488 -0.145075 -2.7488 0.1493459 -2.7488 -0.145075 -3.052134 -0.145075 -2.8488 -0.145075 -2.8488 0.1493459 -3.052134 0.443768 -2.5488 0.1493459 -1.9488 0.443768 -1.9488 0.443768 -2.5488 0.1493459 -2.4488 0.1493459 -1.9488 0.443768 -2.4488 0.1493459 -2.2488 0.1493459 -2.2488 0.1493459 -2.4488 0.1493459 -2.2488 -0.145075 -2.2488 -0.145075 -2.4488 0.1493459 -2.4488 -0.145075 -2.2488 0.1493459 -2.1488 0.1493459 -1.9488 0.443768 -1.9488 0.443768 -2.1488 0.1493459 -1.9488 -0.145075 -1.9488 -0.145075 -2.1488 0.1493459 -2.1488 -0.145075 -3.052134 0.443768 -1.9488 0.443768 -4.026848 1.264509 -4.026848 1.264509 -1.9488 0.443768 -1.8488 0.443768 -4.026848 1.264509 -1.8488 0.443768 -0.745467 0.443768 -0.745467 0.443768 -1.8488 0.443768 -1.345467 0.1493459 -0.745467 0.443768 -1.345467 0.1493459 -1.245467 0.1493459 -1.8488 -0.145075 -1.645467 0.1493459 -1.8488 0.443768 -1.8488 0.443768 -1.645467 0.1493459 -1.545467 0.1493459 -1.8488 0.443768 -1.545467 0.1493459 -1.345467 0.1493459 -1.345467 0.1493459 -1.545467 0.1493459 -1.345467 -0.145075 -1.345467 -0.145075 -1.545467 0.1493459 -1.545467 -0.145075 -1.8488 -0.145075 -1.645467 -0.145075 -1.645467 0.1493459 -1.245467 -0.145075 -1.045467 -0.145075 -1.245467 0.1493459 -1.245467 0.1493459 -1.045467 -0.145075 -1.045467 0.1493459 -1.245467 0.1493459 -1.045467 0.1493459 -0.745467 0.443768 -0.745467 0.443768 -1.045467 0.1493459 -0.945467 0.1493459 -0.745467 0.443768 -0.945467 0.1493459 -0.745467 -0.145075 -0.745467 -0.145075 -0.945467 0.1493459 -0.945467 -0.145075 -0.745467 0.443768 -0.645467 0.443768 -4.026848 1.264509 -4.026848 1.264509 -0.645467 0.443768 0.457866 0.443768 -4.026848 1.264509 0.457866 0.443768 0.557866 0.443768 -0.645467 -0.145075 -0.442134 0.1493459 -0.645467 0.443768 -0.645467 0.443768 -0.442134 0.1493459 -0.342134 0.1493459 -0.645467 0.443768 -0.342134 0.1493459 -0.142134 0.1493459 -0.142134 0.1493459 -0.342134 0.1493459 -0.142134 -0.145075 -0.142134 -0.145075 -0.342134 0.1493459 -0.342134 -0.145075 -0.645467 -0.145075 -0.442134 -0.145075 -0.442134 0.1493459 -0.645467 0.443768 -0.142134 0.1493459 0.457866 0.443768 0.457866 0.443768 -0.142134 0.1493459 -0.04213398 0.1493459 0.457866 0.443768 -0.04213398 0.1493459 0.157866 0.1493459 0.157866 0.1493459 -0.04213398 0.1493459 0.157866 -0.145075 0.157866 -0.145075 -0.04213398 0.1493459 -0.04213398 -0.145075 0.157866 0.1493459 0.257866 0.1493459 0.457866 0.443768 0.457866 0.443768 0.257866 0.1493459 0.457866 -0.145075 0.457866 -0.145075 0.257866 0.1493459 0.257866 -0.145075 0.557866 -0.145075 0.7612 0.1493459 0.557866 0.443768 0.557866 0.443768 0.7612 0.1493459 0.8612 0.1493459 0.557866 0.443768 0.8612 0.1493459 1.0612 0.1493459 1.0612 0.1493459 0.8612 0.1493459 1.0612 -0.145075 1.0612 -0.145075 0.8612 0.1493459 0.8612 -0.145075 0.557866 -0.145075 0.7612 -0.145075 0.7612 0.1493459 0.557866 0.443768 1.0612 0.1493459 1.6612 0.443768 1.6612 0.443768 1.0612 0.1493459 1.1612 0.1493459 1.6612 0.443768 1.1612 0.1493459 1.3612 0.1493459 1.3612 0.1493459 1.1612 0.1493459 1.3612 -0.145075 1.3612 -0.145075 1.1612 0.1493459 1.1612 -0.145075 1.3612 0.1493459 1.4612 0.1493459 1.6612 0.443768 1.6612 0.443768 1.4612 0.1493459 1.6612 -0.145075 1.6612 -0.145075 1.4612 0.1493459 1.4612 -0.145075 0.557866 0.443768 1.6612 0.443768 -4.026848 1.264509 -4.026848 1.264509 1.6612 0.443768 1.7612 0.443768 -4.026848 1.264509 1.7612 0.443768 2.864533 0.443768 2.864533 0.443768 1.7612 0.443768 2.264533 0.1493459 2.864533 0.443768 2.264533 0.1493459 2.364533 0.1493459 1.7612 -0.145075 1.964533 0.1493459 1.7612 0.443768 1.7612 0.443768 1.964533 0.1493459 2.064533 0.1493459 1.7612 0.443768 2.064533 0.1493459 2.264533 0.1493459 2.264533 0.1493459 2.064533 0.1493459 2.264533 -0.145075 2.264533 -0.145075 2.064533 0.1493459 2.064533 -0.145075 1.7612 -0.145075 1.964533 -0.145075 1.964533 0.1493459 2.364533 -0.145075 2.564533 -0.145075 2.364533 0.1493459 2.364533 0.1493459 2.564533 -0.145075 2.564533 0.1493459 2.364533 0.1493459 2.564533 0.1493459 2.864533 0.443768 2.864533 0.443768 2.564533 0.1493459 2.664533 0.1493459 2.864533 0.443768 2.664533 0.1493459 2.864533 -0.145075 2.864533 -0.145075 2.664533 0.1493459 2.664533 -0.145075 2.864533 0.443768 2.964533 0.443768 -4.026848 1.264509 -4.026848 1.264509 2.964533 0.443768 4.067866 0.443768 -4.026848 1.264509 4.067866 0.443768 4.167866 0.443768 2.964533 -0.145075 3.167866 0.1493459 2.964533 0.443768 2.964533 0.443768 3.167866 0.1493459 3.267866 0.1493459 2.964533 0.443768 3.267866 0.1493459 3.467866 0.1493459 3.467866 0.1493459 3.267866 0.1493459 3.467866 -0.145075 3.467866 -0.145075 3.267866 0.1493459 3.267866 -0.145075 2.964533 -0.145075 3.167866 -0.145075 3.167866 0.1493459 2.964533 0.443768 3.467866 0.1493459 4.067866 0.443768 4.067866 0.443768 3.467866 0.1493459 3.567866 0.1493459 4.067866 0.443768 3.567866 0.1493459 3.767866 0.1493459 3.767866 0.1493459 3.567866 0.1493459 3.767866 -0.145075 3.767866 -0.145075 3.567866 0.1493459 3.567866 -0.145075 3.767866 0.1493459 3.867866 0.1493459 4.067866 0.443768 4.067866 0.443768 3.867866 0.1493459 4.067866 -0.145075 4.067866 -0.145075 3.867866 0.1493459 3.867866 -0.145075 4.167866 -0.145075 4.3712 0.1493459 4.167866 0.443768 4.167866 0.443768 4.3712 0.1493459 4.4712 0.1493459 4.167866 0.443768 4.4712 0.1493459 4.6712 0.1493459 4.6712 0.1493459 4.4712 0.1493459 4.6712 -0.145075 4.6712 -0.145075 4.4712 0.1493459 4.4712 -0.145075 4.167866 -0.145075 4.3712 -0.145075 4.3712 0.1493459 4.167866 0.443768 4.6712 0.1493459 5.2712 0.443768 5.2712 0.443768 4.6712 0.1493459 4.7712 0.1493459 5.2712 0.443768 4.7712 0.1493459 4.9712 0.1493459 4.9712 0.1493459 4.7712 0.1493459 4.9712 -0.145075 4.9712 -0.145075 4.7712 0.1493459 4.7712 -0.145075 4.9712 0.1493459 5.0712 0.1493459 5.2712 0.443768 5.2712 0.443768 5.0712 0.1493459 5.2712 -0.145075 5.2712 -0.145075 5.0712 0.1493459 5.0712 -0.145075 5.3712 -0.145075 5.574533 0.1493459 5.3712 0.443768 5.3712 0.443768 5.574533 0.1493459 5.674533 0.1493459 5.3712 0.443768 5.674533 0.1493459 5.874533 0.1493459 5.874533 0.1493459 5.674533 0.1493459 5.874533 -0.145075 5.874533 -0.145075 5.674533 0.1493459 5.674533 -0.145075 5.3712 -0.145075 5.574533 -0.145075 5.574533 0.1493459 5.3712 0.443768 5.874533 0.1493459 6.474533 0.443768 6.474533 0.443768 5.874533 0.1493459 5.974533 0.1493459 6.474533 0.443768 5.974533 0.1493459 6.174533 0.1493459 6.174533 0.1493459 5.974533 0.1493459 6.174533 -0.145075 6.174533 -0.145075 5.974533 0.1493459 5.974533 -0.145075 6.174533 0.1493459 6.274533 0.1493459 6.474533 0.443768 6.474533 0.443768 6.274533 0.1493459 6.474533 -0.145075 6.474533 -0.145075 6.274533 0.1493459 6.274533 -0.145075 5.3712 0.443768 6.474533 0.443768 13.59652 1.354925 13.59652 1.354925 6.474533 0.443768 6.574533 0.443768 13.59652 1.354925 6.574533 0.443768 7.677866 0.443768 7.677866 0.443768 6.574533 0.443768 7.077866 0.1493459 7.677866 0.443768 7.077866 0.1493459 7.177866 0.1493459 6.574533 -0.145075 6.777866 0.1493459 6.574533 0.443768 6.574533 0.443768 6.777866 0.1493459 6.877866 0.1493459 6.574533 0.443768 6.877866 0.1493459 7.077866 0.1493459 7.077866 0.1493459 6.877866 0.1493459 7.077866 -0.145075 7.077866 -0.145075 6.877866 0.1493459 6.877866 -0.145075 6.574533 -0.145075 6.777866 -0.145075 6.777866 0.1493459 7.177866 -0.145075 7.377866 -0.145075 7.177866 0.1493459 7.177866 0.1493459 7.377866 -0.145075 7.377866 0.1493459 7.177866 0.1493459 7.377866 0.1493459 7.677866 0.443768 7.677866 0.443768 7.377866 0.1493459 7.477866 0.1493459 7.677866 0.443768 7.477866 0.1493459 7.677866 -0.145075 7.677866 -0.145075 7.477866 0.1493459 7.477866 -0.145075 7.677866 0.443768 7.777866 0.443768 13.59652 1.354925 13.59652 1.354925 7.777866 0.443768 8.8812 0.443768 13.59652 1.354925 8.8812 0.443768 8.981201 0.443768 7.777866 -0.145075 7.9812 0.1493459 7.777866 0.443768 7.777866 0.443768 7.9812 0.1493459 8.0812 0.1493459 7.777866 0.443768 8.0812 0.1493459 8.281201 0.1493459 8.281201 0.1493459 8.0812 0.1493459 8.281201 -0.145075 8.281201 -0.145075 8.0812 0.1493459 8.0812 -0.145075 7.777866 -0.145075 7.9812 -0.145075 7.9812 0.1493459 7.777866 0.443768 8.281201 0.1493459 8.8812 0.443768 8.8812 0.443768 8.281201 0.1493459 8.3812 0.1493459 8.8812 0.443768 8.3812 0.1493459 8.5812 0.1493459 8.5812 0.1493459 8.3812 0.1493459 8.5812 -0.145075 8.5812 -0.145075 8.3812 0.1493459 8.3812 -0.145075 8.5812 0.1493459 8.6812 0.1493459 8.8812 0.443768 8.8812 0.443768 8.6812 0.1493459 8.8812 -0.145075 8.8812 -0.145075 8.6812 0.1493459 8.6812 -0.145075 8.981201 -0.145075 9.184534 0.1493459 8.981201 0.443768 8.981201 0.443768 9.184534 0.1493459 9.284533 0.1493459 8.981201 0.443768 9.284533 0.1493459 9.484534 0.1493459 9.484534 0.1493459 9.284533 0.1493459 9.484534 -0.145075 9.484534 -0.145075 9.284533 0.1493459 9.284533 -0.145075 8.981201 -0.145075 9.184534 -0.145075 9.184534 0.1493459 8.981201 0.443768 9.484534 0.1493459 10.08453 0.443768 10.08453 0.443768 9.484534 0.1493459 9.584533 0.1493459 10.08453 0.443768 9.584533 0.1493459 9.784533 0.1493459 9.784533 0.1493459 9.584533 0.1493459 9.784533 -0.145075 9.784533 -0.145075 9.584533 0.1493459 9.584533 -0.145075 9.784533 0.1493459 9.884533 0.1493459 10.08453 0.443768 10.08453 0.443768 9.884533 0.1493459 10.08453 -0.145075 10.08453 -0.145075 9.884533 0.1493459 9.884533 -0.145075 8.981201 0.443768 10.08453 0.443768 13.59652 1.354925 13.59652 1.354925 10.08453 0.443768 10.18453 0.443768 13.59652 1.354925 10.18453 0.443768 11.28787 0.443768 11.28787 0.443768 10.18453 0.443768 10.68787 0.1493459 11.28787 0.443768 10.68787 0.1493459 10.78787 0.1493459 10.18453 -0.145075 10.38787 0.1493459 10.18453 0.443768 10.18453 0.443768 10.38787 0.1493459 10.48787 0.1493459 10.18453 0.443768 10.48787 0.1493459 10.68787 0.1493459 10.68787 0.1493459 10.48787 0.1493459 10.68787 -0.145075 10.68787 -0.145075 10.48787 0.1493459 10.48787 -0.145075 10.18453 -0.145075 10.38787 -0.145075 10.38787 0.1493459 10.78787 -0.145075 10.98787 -0.145075 10.78787 0.1493459 10.78787 0.1493459 10.98787 -0.145075 10.98787 0.1493459 10.78787 0.1493459 10.98787 0.1493459 11.28787 0.443768 11.28787 0.443768 10.98787 0.1493459 11.08787 0.1493459 11.28787 0.443768 11.08787 0.1493459 11.28787 -0.145075 11.28787 -0.145075 11.08787 0.1493459 11.08787 -0.145075 11.28787 0.443768 11.38787 0.443768 13.59652 1.354925 13.59652 1.354925 11.38787 0.443768 12.4912 0.443768 13.59652 1.354925 12.4912 0.443768 12.5912 0.443768 11.38787 -0.145075 11.5912 0.1493459 11.38787 0.443768 11.38787 0.443768 11.5912 0.1493459 11.6912 0.1493459 11.38787 0.443768 11.6912 0.1493459 11.8912 0.1493459 11.8912 0.1493459 11.6912 0.1493459 11.8912 -0.145075 11.8912 -0.145075 11.6912 0.1493459 11.6912 -0.145075 11.38787 -0.145075 11.5912 -0.145075 11.5912 0.1493459 11.38787 0.443768 11.8912 0.1493459 12.4912 0.443768 12.4912 0.443768 11.8912 0.1493459 11.9912 0.1493459 12.4912 0.443768 11.9912 0.1493459 12.1912 0.1493459 12.1912 0.1493459 11.9912 0.1493459 12.1912 -0.145075 12.1912 -0.145075 11.9912 0.1493459 11.9912 -0.145075 12.1912 0.1493459 12.2912 0.1493459 12.4912 0.443768 12.4912 0.443768 12.2912 0.1493459 12.4912 -0.145075 12.4912 -0.145075 12.2912 0.1493459 12.2912 -0.145075 12.5912 -0.145075 13.59652 -0.145075 12.5912 0.443768 12.5912 0.443768 13.59652 -0.145075 13.59652 1.354925 4.167866 0.443768 5.2712 0.443768 -4.026848 1.264509 1.246336 -0.945947 0.165506 -0.945947 1.13167 -1.158241 1.13167 -1.158241 0.165506 -0.945947 0.165506 -1.361639 1.13167 -1.158241 0.165506 -1.361639 1.001851 -1.361639 2.683696 -0.33 2.505251 -0.146147 2.348234 -0.33 2.348234 -0.33 2.505251 -0.146147 2.320126 0.02999997 2.348234 -0.33 2.320126 0.02999997 2.012772 -0.33 2.012772 -0.33 2.320126 0.02999997 2.03011 0.02999997 2.012772 -0.33 2.03011 0.02999997 1.845041 -0.33 1.845041 -0.33 2.03011 0.02999997 1.740094 0.02999997 1.845041 -0.33 1.740094 0.02999997 1.67731 -0.33 1.67731 -0.33 1.740094 0.02999997 1.450079 0.02999997 1.67731 -0.33 1.450079 0.02999997 1.509579 -0.33 1.509579 -0.33 1.450079 0.02999997 1.341848 -0.33 1.341848 -0.33 1.450079 0.02999997 1.160063 0.02999997 1.341848 -0.33 1.160063 0.02999997 1.174117 -0.33 1.174117 -0.33 1.160063 0.02999997 1.006386 -0.33 1.006386 -0.33 1.160063 0.02999997 0.870047 0.02999997 1.006386 -0.33 0.870047 0.02999997 0.838655 -0.33 0.838655 -0.33 0.870047 0.02999997 0.670924 -0.33 0.670924 -0.33 0.870047 0.02999997 0.580031 0.02999997 0.670924 -0.33 0.580031 0.02999997 0.503193 -0.33 0.503193 -0.33 0.580031 0.02999997 0.435024 0.02999997 0.503193 -0.33 0.435024 0.02999997 0.335462 -0.33 0.335462 -0.33 0.435024 0.02999997 0.290016 0.02999997 0.335462 -0.33 0.290016 0.02999997 0.167731 -0.33 0.167731 -0.33 0.290016 0.02999997 0.145008 0.02999997 0.167731 -0.33 0.145008 0.02999997 0 -0.33 0 -0.33 0.145008 0.02999997 0 0.02999997 4.020461 0.18 0 0.18 4.020461 -0.18 4.020461 -0.18 0 0.18 0 -0.18 0.787513 0.18 0 0.18 0.787513 -0.18 0.787513 -0.18 0 0.18 0 -0.18 0.311842 0.18 0 0.18 0.311842 -0.18 0.311842 -0.18 0 0.18 0 -0.18 2.996196 1.255921 3.0641 0.942401 3.204042 1.255921 3.204042 1.255921 3.0641 0.942401 3.585411 1.054173 3.204042 1.255921 3.585411 1.054173 3.541545 1.340091 2.996196 1.255921 2.996196 0.942401 3.0641 0.942401 3.585411 1.054173 3.0641 0.942401 3.59231 0.773446 3.59231 0.773446 3.0641 0.942401 3.0641 0.631592 3.59231 0.773446 3.0641 0.631592 3.571005 0.519736 3.571005 0.519736 3.0641 0.631592 3.553096 0.409132 3.553096 0.409132 3.0641 0.631592 3.53165 0.311345 3.53165 0.311345 3.0641 0.631592 2.010231 0.155921 3.53165 0.311345 2.010231 0.155921 3.507162 0.226909 3.507162 0.226909 2.010231 0.155921 3.479845 0.155921 3.0641 0.631592 -2.010231 0.631592 2.010231 0.155921 2.010231 0.155921 -2.010231 0.631592 -2.010231 -0.155921 2.010231 0.155921 -2.010231 -0.155921 2.010231 -0.155921 3.541545 1.340091 3.459583 1.614195 3.204042 1.255921 3.204042 1.255921 3.459583 1.614195 3.344924 1.866446 3.204042 1.255921 3.344924 1.866446 3.204042 2.092266 5.490075 0.02999997 4.020461 0.02999997 5.490075 -0.33 5.490075 -0.33 4.020461 0.02999997 4.020461 -0.33 -3.479845 0.155921 -2.010231 0.155921 -3.51119 0.239251 -3.51119 0.239251 -2.010231 0.155921 -3.0641 0.631592 -3.51119 0.239251 -3.0641 0.631592 -3.538715 0.340569 -3.538715 0.340569 -3.0641 0.631592 -3.561999 0.45959 -3.561999 0.45959 -3.0641 0.631592 -3.580049 0.595061 -3.580049 0.595061 -3.0641 0.631592 -3.591169 0.744289 -3.591169 0.744289 -3.0641 0.631592 -3.0641 0.942401 -3.591169 0.744289 -3.0641 0.942401 -3.593236 0.903416 -3.593236 0.903416 -3.0641 0.942401 -3.584183 1.068075 -3.584183 1.068075 -3.0641 0.942401 -2.996196 1.255921 -3.584183 1.068075 -2.996196 1.255921 -3.562506 1.234024 -3.562506 1.234024 -2.996196 1.255921 -3.52772 1.397712 -3.52772 1.397712 -2.996196 1.255921 -3.480339 1.556458 -3.480339 1.556458 -2.996196 1.255921 -3.421497 1.708341 -3.421497 1.708341 -2.996196 1.255921 -3.352571 1.852085 -3.352571 1.852085 -2.996196 1.255921 -3.189166 2.112695 -3.189166 2.112695 -2.996196 1.255921 -2.996196 2.336751 -2.010231 -0.155921 2.010231 -0.155921 -2.010231 0.155921 -2.010231 0.155921 2.010231 -0.155921 2.010231 0.631592 -2.010231 0.155921 2.010231 0.631592 -3.0641 0.631592 -3.0641 0.942401 -2.996196 0.942401 -2.996196 1.255921 0 -0.33 5.074331 -0.33 0 0.02999997 0 0.02999997 5.074331 -0.33 5.074331 0.02999997 0.310809 0.02999997 0 0.02999997 0.310809 -0.33 0.310809 -0.33 0 0.02999997 0 -0.33 0.06790399 0.02999997 0 0.02999997 0.06790399 -0.33 0.06790399 -0.33 0 0.02999997 0 -0.33 1.08083 -0.33 1.39435 -0.33 1.08083 0.02999997 1.08083 0.02999997 1.39435 -0.33 1.39435 0.02999997 2.607136 -0.18 2.39929 0.18 2.39929 -0.18 1.652131 0.02999997 0 0.02999997 1.652131 -0.33 1.652131 -0.33 0 0.02999997 0 -0.33 0.472488 0.02999997 0 0.02999997 0.472488 -0.33 0.472488 -0.33 0 0.02999997 0 -0.33 0.627512 0.02999997 0 0.02999997 0.627512 -0.33 0.627512 -0.33 0 0.02999997 0 -0.33 -0.722142 -0.18 -0.722142 0.18 -0.929988 0.18 -0.00496 0.527165 -0.844077 0.527165 -0.00496 0.111473 -0.00496 0.111473 -0.844077 0.527165 -0.975492 0.32292 -0.00496 0.111473 -0.975492 0.32292 -1.09504 0.111473 -1.310471 0.02999997 -1.155213 -0.153118 -1.146662 0.02999997 -1.146662 0.02999997 -1.155213 -0.153118 -0.991167 -0.33 -1.146662 0.02999997 -0.991167 -0.33 -0.982853 0.02999997 -0.982853 0.02999997 -0.991167 -0.33 -0.867271 -0.33 -0.982853 0.02999997 -0.867271 -0.33 -0.819045 0.02999997 -0.819045 0.02999997 -0.867271 -0.33 -0.743375 -0.33 -0.819045 0.02999997 -0.743375 -0.33 -0.655236 0.02999997 -0.655236 0.02999997 -0.743375 -0.33 -0.619479 -0.33 -0.655236 0.02999997 -0.619479 -0.33 -0.491427 0.02999997 -0.491427 0.02999997 -0.619479 -0.33 -0.495583 -0.33 -0.491427 0.02999997 -0.495583 -0.33 -0.371687 -0.33 -0.491427 0.02999997 -0.371687 -0.33 -0.327618 0.02999997 -0.327618 0.02999997 -0.371687 -0.33 -0.247792 -0.33 -0.327618 0.02999997 -0.247792 -0.33 -0.163809 0.02999997 -0.163809 0.02999997 -0.247792 -0.33 0 -0.33 -0.163809 0.02999997 0 -0.33 0 0.02999997 0.844077 -0.742561 0.00496 -0.742561 0.741082 -0.812649 0.741082 -0.812649 0.00496 -0.742561 0.634589 -0.876161 0.634589 -0.876161 0.00496 -0.742561 0.524397 -0.93272 0.524397 -0.93272 0.00496 -0.742561 0.410467 -0.982251 0.410467 -0.982251 0.00496 -0.742561 0.292952 -1.025042 0.292952 -1.025042 0.00496 -0.742561 0.172096 -1.061555 0.172096 -1.061555 0.00496 -0.742561 -0.078745 -1.117416 -0.078745 -1.117416 0.00496 -0.742561 -0.622551 -0.534715 -0.078745 -1.117416 -0.622551 -0.534715 -1.09504 -1.117416 -1.09504 -1.117416 -0.622551 -0.534715 -1.09504 1.117416 -1.09504 1.117416 -0.622551 -0.534715 -0.622551 1.117416 0.00496 -0.742561 0.00496 -0.534715 -0.622551 -0.534715 2.234831 0.02999997 0 0.02999997 2.234831 -0.33 2.234831 -0.33 0 0.02999997 0 -0.33 1.016295 0.02999997 0 0.02999997 1.016295 -0.33 1.016295 -0.33 0 0.02999997 0 -0.33 -0.00496 -0.534715 0.078745 -1.117416 0.622551 -0.534715 0.622551 -0.534715 0.078745 -1.117416 1.09504 -1.117416 0.622551 -0.534715 1.09504 -1.117416 1.09504 1.117416 -1.09504 -0.534715 -0.968774 -0.646011 -0.00496 -0.534715 -0.00496 -0.534715 -0.968774 -0.646011 -0.837271 -0.74746 -0.00496 -0.534715 -0.837271 -0.74746 -0.700059 -0.838178 -0.700059 -0.838178 -0.556585 -0.917123 -0.00496 -0.534715 -0.00496 -0.534715 -0.556585 -0.917123 -0.406582 -0.983794 -0.00496 -0.534715 -0.406582 -0.983794 -0.250333 -1.038724 -0.250333 -1.038724 -0.0884 -1.082968 -0.00496 -0.534715 -0.00496 -0.534715 -0.0884 -1.082968 0.078745 -1.117416 1.09504 1.117416 0.622551 1.117416 0.622551 -0.534715 -2.3975 0.331176 0 0.331176 -2.3975 0.361283 -2.3975 0.361283 0 0.331176 0 0.361283 -2.3975 -0.361283 0 -0.361283 -2.3975 -0.331176 -2.3975 -0.331176 0 -0.361283 0 -0.331176 -2.3975 -0.331176 0 -0.331176 -2.3975 -0.301069 -2.3975 -0.301069 0 -0.331176 0 -0.301069 -2.3975 -0.301069 0 -0.301069 -2.3975 -0.270962 -2.3975 -0.270962 0 -0.301069 0 -0.270962 -2.3975 -0.270962 0 -0.270962 -2.3975 -0.240855 -2.3975 -0.240855 0 -0.270962 0 -0.240855 -2.3975 -0.240855 0 -0.240855 -2.3975 -0.210749 -2.3975 -0.210749 0 -0.240855 0 -0.210749 -2.3975 -0.210749 0 -0.210749 -2.3975 -0.180642 -2.3975 -0.180642 0 -0.210749 0 -0.180642 -2.3975 -0.180642 0 -0.180642 -2.3975 -0.150535 -2.3975 -0.150535 0 -0.180642 0 -0.150535 -2.3975 -0.150535 0 -0.150535 -2.3975 -0.120428 -2.3975 -0.120428 0 -0.150535 0 -0.120428 -2.3975 -0.120428 0 -0.120428 -2.3975 -0.090321 -2.3975 -0.090321 0 -0.120428 0 -0.090321 -2.3975 -0.090321 0 -0.090321 -2.3975 -0.06021398 -2.3975 -0.06021398 0 -0.090321 0 -0.06021398 -2.3975 -0.06021398 0 -0.06021398 -2.3975 -0.03010696 -2.3975 -0.03010696 0 -0.06021398 0 -0.03010696 -2.3975 -0.03010696 0 -0.03010696 -2.3975 0 -2.3975 0 0 -0.03010696 0 0 -2.3975 0 0 0 -2.3975 0.03010696 -2.3975 0.03010696 0 0 0 0.03010696 -2.3975 0.03010696 0 0.03010696 -2.3975 0.06021398 -2.3975 0.06021398 0 0.03010696 0 0.06021398 -2.3975 0.06021398 0 0.06021398 -2.3975 0.090321 -2.3975 0.090321 0 0.06021398 0 0.090321 -2.3975 0.090321 0 0.090321 -2.3975 0.120428 -2.3975 0.120428 0 0.090321 0 0.120428 -2.3975 0.120428 0 0.120428 -2.3975 0.150535 -2.3975 0.150535 0 0.120428 0 0.150535 -2.3975 0.150535 0 0.150535 -2.3975 0.180642 -2.3975 0.180642 0 0.150535 0 0.180642 -2.3975 0.180642 0 0.180642 -2.3975 0.210749 -2.3975 0.210749 0 0.180642 0 0.210749 -2.3975 0.210749 0 0.210749 -2.3975 0.240855 -2.3975 0.240855 0 0.210749 0 0.240855 -2.3975 0.240855 0 0.240855 -2.3975 0.270962 -2.3975 0.270962 0 0.240855 0 0.270962 -2.3975 0.270962 0 0.270962 -2.3975 0.301069 -2.3975 0.301069 0 0.270962 0 0.301069 -2.3975 0.301069 0 0.301069 -2.3975 0.331176 -2.3975 0.331176 0 0.301069 0 0.331176 -0.111081 -0.02976399 0.111081 -0.02976399 -0.115 0 -0.115 0 0.111081 -0.02976399 0.115 0 -0.115 0 0.115 0 -0.111081 0.02976399 -0.111081 0.02976399 0.115 0 0.111081 0.02976399 -0.111081 0.02976399 0.111081 0.02976399 -0.09959298 0.0575 -0.09959298 0.0575 0.111081 0.02976399 0.09959298 0.0575 -0.09959298 0.0575 0.09959298 0.0575 -0.081317 0.081317 -0.081317 0.081317 0.09959298 0.0575 0.081317 0.081317 -0.081317 0.081317 0.081317 0.081317 -0.0575 0.09959298 -0.0575 0.09959298 0.081317 0.081317 0.0575 0.09959298 -0.0575 0.09959298 0.0575 0.09959298 -0.02976399 0.111081 -0.02976399 0.111081 0.0575 0.09959298 0.02976399 0.111081 -0.02976399 0.111081 0.02976399 0.111081 0 0.115 0.111081 -0.02976399 -0.111081 -0.02976399 0.09959298 -0.0575 0.09959298 -0.0575 -0.111081 -0.02976399 -0.09959298 -0.0575 0.09959298 -0.0575 -0.09959298 -0.0575 0.081317 -0.081317 0.081317 -0.081317 -0.09959298 -0.0575 -0.081317 -0.081317 0.081317 -0.081317 -0.081317 -0.081317 0.0575 -0.09959298 0.0575 -0.09959298 -0.081317 -0.081317 -0.0575 -0.09959298 0.0575 -0.09959298 -0.0575 -0.09959298 0.02976399 -0.111081 0.02976399 -0.111081 -0.0575 -0.09959298 -0.02976399 -0.111081 0.02976399 -0.111081 -0.02976399 -0.111081 0 -0.115 0.111081 0.02976399 -0.111081 0.02976399 0.115 0 0.115 0 -0.111081 0.02976399 -0.115 0 0.115 0 -0.115 0 0.111081 -0.02976399 0.111081 -0.02976399 -0.115 0 -0.111081 -0.02976399 0.111081 -0.02976399 -0.111081 -0.02976399 0.09959298 -0.0575 0.09959298 -0.0575 -0.111081 -0.02976399 -0.09959298 -0.0575 0.09959298 -0.0575 -0.09959298 -0.0575 0.081317 -0.081317 0.081317 -0.081317 -0.09959298 -0.0575 -0.081317 -0.081317 0.081317 -0.081317 -0.081317 -0.081317 0.0575 -0.09959298 0.0575 -0.09959298 -0.081317 -0.081317 -0.0575 -0.09959298 0.0575 -0.09959298 -0.0575 -0.09959298 0.02976399 -0.111081 0.02976399 -0.111081 -0.0575 -0.09959298 -0.02976399 -0.111081 0.02976399 -0.111081 -0.02976399 -0.111081 0 -0.115 -0.111081 0.02976399 0.111081 0.02976399 -0.09959298 0.0575 -0.09959298 0.0575 0.111081 0.02976399 0.09959298 0.0575 -0.09959298 0.0575 0.09959298 0.0575 -0.081317 0.081317 -0.081317 0.081317 0.09959298 0.0575 0.081317 0.081317 -0.081317 0.081317 0.081317 0.081317 -0.0575 0.09959298 -0.0575 0.09959298 0.081317 0.081317 0.0575 0.09959298 -0.0575 0.09959298 0.0575 0.09959298 -0.02976399 0.111081 -0.02976399 0.111081 0.0575 0.09959298 0.02976399 0.111081 -0.02976399 0.111081 0.02976399 0.111081 0 0.115</float_array>
          <technique_common>
            <accessor source="#Digital_Calliper_-mesh-map-0-array" count="6546" stride="2">
              <param name="S" type="float"/>
              <param name="T" type="float"/>
            </accessor>
          </technique_common>
        </source>
        <vertices id="Digital_Calliper_-mesh-vertices">
          <input semantic="POSITION" source="#Digital_Calliper_-mesh-positions"/>
        </vertices>
        <triangles material="Paint_-_Enamel_Glossy__Black_-material" count="760">
          <input semantic="VERTEX" source="#Digital_Calliper_-mesh-vertices" offset="0"/>
          <input semantic="NORMAL" source="#Digital_Calliper_-mesh-normals" offset="1"/>
          <input semantic="TEXCOORD" source="#Digital_Calliper_-mesh-map-0" offset="2" set="0"/>
          <p>0 0 0 1 1 1 2 2 2 2 2 3 1 1 4 3 3 5 2 2 6 3 3 7 4 4 8 4 4 9 3 3 10 5 5 11 4 4 12 5 5 13 6 6 14 6 6 15 5 5 16 7 7 17 6 6 18 7 7 19 8 8 20 8 8 21 7 7 22 9 9 23 8 8 24 9 9 25 10 10 26 10 10 27 9 9 28 11 11 29 10 10 30 11 11 31 12 12 32 12 12 33 11 11 34 13 13 35 12 12 36 13 13 37 14 14 38 14 14 39 13 13 40 15 15 41 14 14 42 15 15 43 16 16 44 16 16 45 15 15 46 17 17 47 16 16 48 17 17 49 18 18 50 18 18 51 17 17 52 19 19 53 20 20 54 21 21 55 22 22 56 22 22 57 21 21 58 23 23 59 22 22 60 23 23 61 24 24 62 24 24 63 23 23 64 25 25 65 24 24 66 25 25 67 26 26 68 26 26 69 25 25 70 27 27 71 26 26 72 27 27 73 28 28 74 28 28 75 27 27 76 29 29 77 28 28 78 29 29 79 30 30 80 30 30 81 29 29 82 31 31 83 30 30 84 31 31 85 32 32 86 32 32 87 31 31 88 33 33 89 32 32 90 33 33 91 34 34 92 34 34 93 33 33 94 35 35 95 34 34 96 35 35 97 36 36 98 37 37 99 38 38 100 20 20 101 20 20 102 38 38 103 39 39 104 20 20 105 39 39 106 21 21 107 21 21 108 39 39 109 23 23 110 37 37 111 40 40 112 38 38 113 38 38 114 40 40 115 41 41 116 38 38 117 41 41 118 39 39 119 39 39 120 41 41 121 42 42 122 39 39 123 42 42 124 25 25 125 25 25 126 42 42 127 27 27 128 43 43 129 44 44 130 40 40 131 40 40 132 44 44 133 45 45 134 40 40 135 45 45 136 41 41 137 41 41 138 45 45 139 42 42 140 43 43 141 46 46 142 44 44 143 44 44 144 46 46 145 47 47 146 44 44 147 47 47 148 45 45 149 45 45 150 47 47 151 48 48 152 45 45 153 48 48 154 49 49 155 49 49 156 48 48 157 50 50 158 49 49 159 50 50 160 29 29 161 29 29 162 50 50 163 31 31 164 47 47 165 46 46 166 51 51 167 51 51 168 46 46 169 52 52 170 51 51 171 52 52 172 53 53 173 51 51 174 53 53 175 54 54 176 54 54 177 53 53 178 55 55 179 54 54 180 55 55 181 56 56 182 56 56 183 55 55 184 57 57 185 56 56 186 57 57 187 33 33 188 33 33 189 57 57 190 35 35 191 34 34 192 36 36 193 58 58 194 58 58 195 36 36 196 59 59 197 58 58 198 59 59 199 60 60 200 58 58 201 60 60 202 61 61 203 61 61 204 60 60 205 62 62 206 61 61 207 62 62 208 63 63 209 63 63 210 62 62 211 64 64 212 63 63 213 64 64 214 30 30 215 30 30 216 64 64 217 28 28 218 28 28 219 64 64 220 26 26 221 26 26 222 64 64 223 65 65 224 26 26 225 65 65 226 24 24 227 33 33 228 31 31 229 56 56 230 56 56 231 31 31 232 50 50 233 56 56 234 50 50 235 54 54 236 54 54 237 50 50 238 48 48 239 54 54 240 48 48 241 51 51 242 51 51 243 48 48 244 47 47 245 29 29 246 27 27 247 49 49 248 49 49 249 27 27 250 42 42 251 49 49 252 42 42 253 45 45 254 25 25 255 23 23 256 39 39 257 63 63 258 30 30 259 32 32 260 58 58 261 61 61 262 34 34 263 34 34 264 61 61 265 32 32 266 61 61 267 63 63 268 32 32 269 66 66 270 67 67 271 68 68 272 68 68 273 67 67 274 69 69 275 68 68 276 69 69 277 70 70 278 70 70 279 69 69 280 71 71 281 70 70 282 71 71 283 72 72 284 72 72 285 71 71 286 73 73 287 72 72 288 73 73 289 74 74 290 74 74 291 73 73 292 75 75 293 74 74 294 75 75 295 76 76 296 76 76 297 75 75 298 77 77 299 76 76 300 77 77 301 78 78 302 78 78 303 77 77 304 79 79 305 78 78 306 79 79 307 80 80 308 80 80 309 79 79 310 81 81 311 80 80 312 81 81 313 82 82 314 67 67 315 66 66 316 83 83 317 83 83 318 66 66 319 84 84 320 83 83 321 84 84 322 85 85 323 85 85 324 84 84 325 86 86 326 85 85 327 86 86 328 87 87 329 87 87 330 86 86 331 88 88 332 87 87 333 88 88 334 89 89 335 89 89 336 88 88 337 90 90 338 89 89 339 90 90 340 73 73 341 73 73 342 90 90 343 75 75 344 88 88 345 86 86 346 91 91 347 91 91 348 86 86 349 92 92 350 91 91 351 92 92 352 93 93 353 94 94 354 95 95 355 93 93 356 93 93 357 95 95 358 96 96 359 93 93 360 96 96 361 91 91 362 91 91 363 96 96 364 88 88 365 94 94 366 97 97 367 95 95 368 95 95 369 97 97 370 98 98 371 95 95 372 98 98 373 99 99 374 99 99 375 98 98 376 100 100 377 99 99 378 100 100 379 90 90 380 90 90 381 100 100 382 75 75 383 97 97 384 101 101 385 98 98 386 98 98 387 101 101 388 102 102 389 98 98 390 102 102 391 100 100 392 100 100 393 102 102 394 77 77 395 100 100 396 77 77 397 75 75 398 101 101 399 103 103 400 102 102 401 102 102 402 103 103 403 79 79 404 102 102 405 79 79 406 77 77 407 103 103 408 81 81 409 79 79 410 80 80 411 82 82 412 104 104 413 104 104 414 82 82 415 105 105 416 104 104 417 105 105 418 106 106 419 104 104 420 106 106 421 107 107 422 107 107 423 106 106 424 108 108 425 107 107 426 108 108 427 109 109 428 109 109 429 108 108 430 110 110 431 109 109 432 110 110 433 76 76 434 76 76 435 110 110 436 74 74 437 74 74 438 110 110 439 72 72 440 72 72 441 110 110 442 111 111 443 72 72 444 111 111 445 70 70 446 73 73 447 71 71 448 89 89 449 89 89 450 71 71 451 83 83 452 89 89 453 83 83 454 87 87 455 87 87 456 83 83 457 85 85 458 67 67 459 83 83 460 69 69 461 69 69 462 83 83 463 71 71 464 99 99 465 90 90 466 88 88 467 95 95 468 99 99 469 96 96 470 96 96 471 99 99 472 88 88 473 109 109 474 76 76 475 78 78 476 104 104 477 107 107 478 80 80 479 80 80 480 107 107 481 78 78 482 107 107 483 109 109 484 78 78 485 94 94 486 59 59 487 97 97 488 97 97 489 59 59 490 36 36 491 97 97 492 36 36 493 101 101 494 101 101 495 36 36 496 35 35 497 101 101 498 35 35 499 103 103 500 103 103 501 35 35 502 57 57 503 103 103 504 57 57 505 81 81 506 81 81 507 57 57 508 55 55 509 81 81 510 55 55 511 82 82 512 82 82 513 55 55 514 53 53 515 82 82 516 53 53 517 105 105 518 105 105 519 53 53 520 52 52 521 112 112 522 52 52 523 113 113 524 113 113 525 52 52 526 46 46 527 113 113 528 46 46 529 114 114 530 114 114 531 46 46 532 43 43 533 114 114 534 43 43 535 115 115 536 115 115 537 43 43 538 40 40 539 115 115 540 40 40 541 116 116 542 116 116 543 40 40 544 117 117 545 117 117 546 40 40 547 37 37 548 117 117 549 37 37 550 118 118 551 118 118 552 37 37 553 20 20 554 118 118 555 20 20 556 119 119 557 119 119 558 20 20 559 22 22 560 119 119 561 22 22 562 120 120 563 120 120 564 22 22 565 121 121 566 122 122 567 94 94 568 123 123 569 123 123 570 94 94 571 93 93 572 123 123 573 93 93 574 124 124 575 124 124 576 93 93 577 125 125 578 125 125 579 93 93 580 92 92 581 125 125 582 92 92 583 126 126 584 126 126 585 92 92 586 86 86 587 126 126 588 86 86 589 127 127 590 127 127 591 86 86 592 128 128 593 128 128 594 86 86 595 84 84 596 128 128 597 84 84 598 129 129 599 129 129 600 84 84 601 66 66 602 129 129 603 66 66 604 130 130 605 130 130 606 66 66 607 68 68 608 130 130 609 68 68 610 131 131 611 132 132 612 133 133 613 134 134 614 134 134 615 133 133 616 135 135 617 134 134 618 135 135 619 136 136 620 136 136 621 135 135 622 137 137 623 136 136 624 137 137 625 138 138 626 138 138 627 137 137 628 139 139 629 139 139 630 137 137 631 140 140 632 139 139 633 140 140 634 141 141 635 141 141 636 140 140 637 142 142 638 141 141 639 142 142 640 143 143 641 143 143 642 142 142 643 144 144 644 143 143 645 144 144 646 145 145 647 145 145 648 144 144 649 146 146 650 146 146 651 144 144 652 147 147 653 146 146 654 147 147 655 148 148 656 148 148 657 147 147 658 149 149 659 149 149 660 147 147 661 150 150 662 150 150 663 147 147 664 151 151 665 150 150 666 151 151 667 152 152 668 152 152 669 151 151 670 153 153 671 152 152 672 153 153 673 154 154 674 154 154 675 153 153 676 155 155 677 154 154 678 155 155 679 156 156 680 156 156 681 155 155 682 135 135 683 156 156 684 135 135 685 133 133 686 138 138 687 134 134 688 136 136 689 151 151 690 147 147 691 144 144 692 153 153 693 151 151 694 142 142 695 142 142 696 151 151 697 144 144 698 155 155 699 153 153 700 140 140 701 140 140 702 153 153 703 142 142 704 135 135 705 155 155 706 137 137 707 137 137 708 155 155 709 140 140 710 157 157 711 158 158 712 131 131 713 131 131 714 158 158 715 130 159 716 130 159 717 158 158 718 159 160 719 130 159 720 159 160 721 129 161 722 129 161 723 159 160 724 160 162 725 129 161 726 160 162 727 128 163 728 128 163 729 160 162 730 161 164 731 128 163 732 161 164 733 127 165 734 127 165 735 161 164 736 162 166 737 127 165 738 162 166 739 126 167 740 126 167 741 162 166 742 163 168 743 126 167 744 163 168 745 125 169 746 125 169 747 163 168 748 164 170 749 125 169 750 164 170 751 124 171 752 124 171 753 164 170 754 165 172 755 124 171 756 165 172 757 123 173 758 123 173 759 165 172 760 166 174 761 123 173 762 166 174 763 122 175 764 167 176 765 168 177 766 169 178 767 169 178 768 168 177 769 170 179 770 169 178 771 170 179 772 171 180 773 171 180 774 170 179 775 172 181 776 171 180 777 172 181 778 173 182 779 173 182 780 172 181 781 174 183 782 173 182 783 174 183 784 175 184 785 175 184 786 174 183 787 176 185 788 175 184 789 176 185 790 177 186 791 177 186 792 176 185 793 178 187 794 177 186 795 178 187 796 179 188 797 179 188 798 178 187 799 180 189 800 180 189 801 178 187 802 181 190 803 181 190 804 178 187 805 182 191 806 181 190 807 182 191 808 183 192 809 183 192 810 182 191 811 184 193 812 184 193 813 182 191 814 185 194 815 184 193 816 185 194 817 186 195 818 186 195 819 185 194 820 187 196 821 186 195 822 187 196 823 188 197 824 188 197 825 187 196 826 189 198 827 188 197 828 189 198 829 190 199 830 190 199 831 189 198 832 191 200 833 190 199 834 191 200 835 168 177 836 168 177 837 191 200 838 170 179 839 185 194 840 182 191 841 176 185 842 176 185 843 182 191 844 178 187 845 187 196 846 185 194 847 174 183 848 174 183 849 185 194 850 176 185 851 189 198 852 187 196 853 172 181 854 172 181 855 187 196 856 174 183 857 191 200 858 189 198 859 170 179 860 170 179 861 189 198 862 172 181 863 149 149 864 179 188 865 148 148 866 148 148 867 179 188 868 180 189 869 148 148 870 180 189 871 146 146 872 146 146 873 180 189 874 181 190 875 146 146 876 181 190 877 145 145 878 145 145 879 181 190 880 183 192 881 157 157 882 192 201 883 158 202 884 158 202 885 192 201 886 193 203 887 158 202 888 193 203 889 159 204 890 159 204 891 193 203 892 194 205 893 159 204 894 194 205 895 160 206 896 160 206 897 194 205 898 195 207 899 160 206 900 195 207 901 161 208 902 161 208 903 195 207 904 196 209 905 161 208 906 196 209 907 162 210 908 162 210 909 196 209 910 197 211 911 162 210 912 197 211 913 163 212 914 163 212 915 197 211 916 198 213 917 163 212 918 198 213 919 164 214 920 164 214 921 198 213 922 199 215 923 164 214 924 199 215 925 165 216 926 165 216 927 199 215 928 200 217 929 165 216 930 200 217 931 166 218 932 166 218 933 200 217 934 201 219 935 192 201 936 202 220 937 193 221 938 193 221 939 202 220 940 203 222 941 193 221 942 203 222 943 204 223 944 193 221 945 204 223 946 194 224 947 194 224 948 204 223 949 205 225 950 194 224 951 205 225 952 195 226 953 195 226 954 205 225 955 196 227 956 196 227 957 205 225 958 206 228 959 196 227 960 206 228 961 197 229 962 197 229 963 206 228 964 207 230 965 197 229 966 207 230 967 208 231 968 197 229 969 208 231 970 198 232 971 198 232 972 208 231 973 209 233 974 198 232 975 209 233 976 199 234 977 199 234 978 209 233 979 200 235 980 200 235 981 209 233 982 210 236 983 200 235 984 210 236 985 201 237 986 201 237 987 210 236 988 211 238 989 202 220 990 167 176 991 203 239 992 203 239 993 167 176 994 169 178 995 203 239 996 169 178 997 204 240 998 204 240 999 169 178 1000 171 180 1001 204 240 1002 171 180 1003 205 241 1004 205 241 1005 171 180 1006 173 182 1007 205 241 1008 173 182 1009 206 242 1010 206 242 1011 173 182 1012 207 243 1013 207 243 1014 173 182 1015 175 184 1016 207 243 1017 175 184 1018 208 244 1019 208 244 1020 175 184 1021 177 186 1022 208 244 1023 177 186 1024 209 245 1025 209 245 1026 177 186 1027 210 246 1028 210 246 1029 177 186 1030 179 188 1031 210 246 1032 179 188 1033 211 247 1034 212 248 1035 213 249 1036 214 250 1037 214 250 1038 213 249 1039 215 251 1040 214 250 1041 215 251 1042 216 252 1043 216 252 1044 215 251 1045 217 253 1046 216 252 1047 217 253 1048 218 254 1049 218 254 1050 217 253 1051 219 255 1052 218 254 1053 219 255 1054 220 256 1055 220 256 1056 219 255 1057 221 257 1058 220 256 1059 221 257 1060 222 258 1061 222 258 1062 221 257 1063 223 259 1064 222 258 1065 223 259 1066 224 260 1067 224 260 1068 223 259 1069 225 261 1070 224 260 1071 225 261 1072 226 262 1073 226 262 1074 225 261 1075 227 263 1076 226 262 1077 227 263 1078 228 264 1079 228 264 1080 227 263 1081 229 265 1082 228 264 1083 229 265 1084 230 266 1085 230 266 1086 229 265 1087 231 267 1088 230 266 1089 231 267 1090 232 268 1091 232 268 1092 231 267 1093 233 269 1094 232 268 1095 233 269 1096 184 193 1097 184 193 1098 233 269 1099 183 192 1100 184 193 1101 186 195 1102 232 268 1103 232 268 1104 186 195 1105 234 270 1106 232 268 1107 234 270 1108 230 266 1109 230 266 1110 234 270 1111 235 271 1112 230 266 1113 235 271 1114 228 264 1115 228 264 1116 235 271 1117 236 272 1118 228 264 1119 236 272 1120 226 262 1121 226 262 1122 236 272 1123 237 273 1124 226 262 1125 237 273 1126 224 260 1127 224 260 1128 237 273 1129 238 274 1130 224 260 1131 238 274 1132 222 258 1133 222 258 1134 238 274 1135 239 275 1136 222 258 1137 239 275 1138 220 256 1139 220 256 1140 239 275 1141 240 276 1142 220 256 1143 240 276 1144 218 254 1145 218 254 1146 240 276 1147 241 277 1148 218 254 1149 241 277 1150 216 252 1151 216 252 1152 241 277 1153 242 278 1154 216 252 1155 242 278 1156 214 250 1157 214 250 1158 242 278 1159 243 279 1160 214 250 1161 243 279 1162 244 280 1163 244 280 1164 243 279 1165 245 281 1166 245 281 1167 243 279 1168 246 282 1169 245 281 1170 246 282 1171 247 283 1172 247 283 1173 246 282 1174 248 284 1175 247 283 1176 248 284 1177 249 285 1178 249 285 1179 248 284 1180 250 286 1181 250 286 1182 248 284 1183 251 287 1184 250 286 1185 251 287 1186 252 288 1187 252 288 1188 251 287 1189 253 289 1190 252 288 1191 253 289 1192 254 290 1193 254 290 1194 253 289 1195 255 291 1196 186 195 1197 188 197 1198 234 270 1199 234 270 1200 188 197 1201 256 292 1202 234 270 1203 256 292 1204 235 271 1205 235 271 1206 256 292 1207 257 293 1208 235 271 1209 257 293 1210 236 272 1211 236 272 1212 257 293 1213 258 294 1214 236 272 1215 258 294 1216 237 273 1217 237 273 1218 258 294 1219 259 295 1220 237 273 1221 259 295 1222 238 274 1223 238 274 1224 259 295 1225 260 296 1226 238 274 1227 260 296 1228 239 275 1229 239 275 1230 260 296 1231 261 297 1232 239 275 1233 261 297 1234 240 276 1235 240 276 1236 261 297 1237 262 298 1238 240 276 1239 262 298 1240 241 277 1241 241 277 1242 262 298 1243 263 299 1244 241 277 1245 263 299 1246 242 278 1247 242 278 1248 263 299 1249 264 300 1250 242 278 1251 264 300 1252 243 279 1253 243 279 1254 264 300 1255 246 282 1256 188 197 1257 190 199 1258 256 292 1259 256 292 1260 190 199 1261 265 301 1262 256 292 1263 265 301 1264 257 293 1265 257 293 1266 265 301 1267 266 302 1268 257 293 1269 266 302 1270 258 294 1271 258 294 1272 266 302 1273 267 303 1274 258 294 1275 267 303 1276 259 295 1277 259 295 1278 267 303 1279 268 304 1280 259 295 1281 268 304 1282 260 296 1283 260 296 1284 268 304 1285 269 305 1286 260 296 1287 269 305 1288 261 297 1289 261 297 1290 269 305 1291 270 306 1292 261 297 1293 270 306 1294 262 298 1295 262 298 1296 270 306 1297 271 307 1298 262 298 1299 271 307 1300 263 299 1301 263 299 1302 271 307 1303 272 308 1304 263 299 1305 272 308 1306 264 300 1307 264 300 1308 272 308 1309 273 309 1310 264 300 1311 273 309 1312 246 282 1313 246 282 1314 273 309 1315 248 284 1316 190 199 1317 168 177 1318 265 301 1319 265 301 1320 168 177 1321 274 310 1322 265 301 1323 274 310 1324 266 302 1325 266 302 1326 274 310 1327 275 311 1328 266 302 1329 275 311 1330 267 303 1331 267 303 1332 275 311 1333 276 312 1334 267 303 1335 276 312 1336 268 304 1337 268 304 1338 276 312 1339 277 313 1340 268 304 1341 277 313 1342 269 305 1343 269 305 1344 277 313 1345 278 314 1346 269 305 1347 278 314 1348 270 306 1349 270 306 1350 278 314 1351 279 315 1352 270 306 1353 279 315 1354 271 307 1355 271 307 1356 279 315 1357 280 316 1358 271 307 1359 280 316 1360 272 308 1361 272 308 1362 280 316 1363 281 317 1364 272 308 1365 281 317 1366 273 309 1367 273 309 1368 281 317 1369 282 318 1370 273 309 1371 282 318 1372 248 284 1373 248 284 1374 282 318 1375 251 287 1376 168 177 1377 167 176 1378 274 310 1379 274 310 1380 167 176 1381 283 319 1382 274 310 1383 283 319 1384 275 311 1385 275 311 1386 283 319 1387 284 320 1388 275 311 1389 284 320 1390 276 312 1391 276 312 1392 284 320 1393 285 321 1394 276 312 1395 285 321 1396 277 313 1397 277 313 1398 285 321 1399 286 322 1400 277 313 1401 286 322 1402 278 314 1403 278 314 1404 286 322 1405 287 323 1406 278 314 1407 287 323 1408 279 315 1409 279 315 1410 287 323 1411 288 324 1412 279 315 1413 288 324 1414 280 316 1415 280 316 1416 288 324 1417 289 325 1418 280 316 1419 289 325 1420 281 317 1421 281 317 1422 289 325 1423 290 326 1424 281 317 1425 290 326 1426 282 318 1427 282 318 1428 290 326 1429 291 327 1430 282 318 1431 291 327 1432 251 287 1433 251 287 1434 291 327 1435 253 289 1436 244 280 1437 212 248 1438 214 250 1439 121 121 1440 292 328 1441 120 120 1442 120 120 1443 292 328 1444 119 329 1445 119 329 1446 292 328 1447 293 330 1448 119 329 1449 293 330 1450 118 331 1451 118 331 1452 293 330 1453 294 332 1454 118 331 1455 294 332 1456 117 333 1457 117 333 1458 294 332 1459 116 334 1460 116 334 1461 294 332 1462 295 335 1463 116 334 1464 295 335 1465 115 336 1466 115 336 1467 295 335 1468 296 337 1469 115 336 1470 296 337 1471 114 338 1472 114 338 1473 296 337 1474 297 339 1475 114 338 1476 297 339 1477 113 340 1478 113 340 1479 297 339 1480 112 341 1481 112 341 1482 297 339 1483 298 342 1484 298 342 1485 297 339 1486 299 343 1487 298 342 1488 299 343 1489 300 344 1490 300 344 1491 299 343 1492 301 345 1493 300 344 1494 301 345 1495 302 346 1496 302 346 1497 301 345 1498 303 347 1499 302 346 1500 303 347 1501 304 348 1502 304 348 1503 303 347 1504 305 349 1505 304 348 1506 305 349 1507 306 350 1508 306 350 1509 305 349 1510 307 351 1511 306 350 1512 307 351 1513 308 352 1514 308 352 1515 307 351 1516 309 353 1517 308 352 1518 309 353 1519 310 354 1520 310 354 1521 309 353 1522 311 355 1523 310 354 1524 311 355 1525 312 356 1526 312 356 1527 311 355 1528 313 357 1529 312 356 1530 313 357 1531 314 358 1532 314 358 1533 313 357 1534 315 359 1535 314 358 1536 315 359 1537 316 360 1538 316 360 1539 315 359 1540 143 143 1541 316 360 1542 143 143 1543 145 145 1544 293 330 1545 292 328 1546 317 361 1547 317 361 1548 292 328 1549 318 362 1550 317 361 1551 318 362 1552 319 363 1553 319 363 1554 318 362 1555 320 364 1556 319 363 1557 320 364 1558 321 365 1559 321 365 1560 320 364 1561 322 366 1562 321 365 1563 322 366 1564 323 367 1565 323 367 1566 322 366 1567 324 368 1568 323 367 1569 324 368 1570 325 369 1571 325 369 1572 324 368 1573 326 370 1574 325 369 1575 326 370 1576 327 371 1577 327 371 1578 326 370 1579 328 372 1580 327 371 1581 328 372 1582 329 373 1583 329 373 1584 328 372 1585 330 374 1586 329 373 1587 330 374 1588 331 375 1589 331 375 1590 330 374 1591 332 376 1592 331 375 1593 332 376 1594 333 377 1595 333 377 1596 332 376 1597 334 378 1598 333 377 1599 334 378 1600 134 134 1601 134 134 1602 334 378 1603 132 132 1604 134 134 1605 138 138 1606 333 377 1607 333 377 1608 138 138 1609 335 379 1610 333 377 1611 335 379 1612 331 375 1613 331 375 1614 335 379 1615 336 380 1616 331 375 1617 336 380 1618 329 373 1619 329 373 1620 336 380 1621 337 381 1622 329 373 1623 337 381 1624 327 371 1625 327 371 1626 337 381 1627 338 382 1628 327 371 1629 338 382 1630 325 369 1631 325 369 1632 338 382 1633 339 383 1634 325 369 1635 339 383 1636 323 367 1637 323 367 1638 339 383 1639 340 384 1640 323 367 1641 340 384 1642 321 365 1643 321 365 1644 340 384 1645 341 385 1646 321 365 1647 341 385 1648 319 363 1649 319 363 1650 341 385 1651 342 386 1652 319 363 1653 342 386 1654 317 361 1655 317 361 1656 342 386 1657 343 387 1658 317 361 1659 343 387 1660 293 330 1661 293 330 1662 343 387 1663 294 332 1664 138 138 1665 139 139 1666 335 379 1667 335 379 1668 139 139 1669 344 388 1670 335 379 1671 344 388 1672 336 380 1673 336 380 1674 344 388 1675 345 389 1676 336 380 1677 345 389 1678 337 381 1679 337 381 1680 345 389 1681 346 390 1682 337 381 1683 346 390 1684 338 382 1685 338 382 1686 346 390 1687 347 391 1688 338 382 1689 347 391 1690 339 383 1691 339 383 1692 347 391 1693 348 392 1694 339 383 1695 348 392 1696 340 384 1697 340 384 1698 348 392 1699 349 393 1700 340 384 1701 349 393 1702 341 385 1703 341 385 1704 349 393 1705 350 394 1706 341 385 1707 350 394 1708 342 386 1709 342 386 1710 350 394 1711 351 395 1712 342 386 1713 351 395 1714 343 387 1715 343 387 1716 351 395 1717 352 396 1718 343 387 1719 352 396 1720 294 332 1721 294 332 1722 352 396 1723 295 335 1724 139 139 1725 141 141 1726 344 388 1727 344 388 1728 141 141 1729 353 397 1730 344 388 1731 353 397 1732 345 389 1733 345 389 1734 353 397 1735 354 398 1736 345 389 1737 354 398 1738 346 390 1739 346 390 1740 354 398 1741 355 399 1742 346 390 1743 355 399 1744 347 391 1745 347 391 1746 355 399 1747 356 400 1748 347 391 1749 356 400 1750 348 392 1751 348 392 1752 356 400 1753 357 401 1754 348 392 1755 357 401 1756 349 393 1757 349 393 1758 357 401 1759 358 402 1760 349 393 1761 358 402 1762 350 394 1763 350 394 1764 358 402 1765 359 403 1766 350 394 1767 359 403 1768 351 395 1769 351 395 1770 359 403 1771 360 404 1772 351 395 1773 360 404 1774 352 396 1775 352 396 1776 360 404 1777 361 405 1778 352 396 1779 361 405 1780 295 335 1781 295 335 1782 361 405 1783 296 337 1784 141 141 1785 143 143 1786 353 397 1787 353 397 1788 143 143 1789 315 359 1790 353 397 1791 315 359 1792 354 398 1793 354 398 1794 315 359 1795 313 357 1796 354 398 1797 313 357 1798 355 399 1799 355 399 1800 313 357 1801 311 355 1802 355 399 1803 311 355 1804 356 400 1805 356 400 1806 311 355 1807 309 353 1808 356 400 1809 309 353 1810 357 401 1811 357 401 1812 309 353 1813 307 351 1814 357 401 1815 307 351 1816 358 402 1817 358 402 1818 307 351 1819 305 349 1820 358 402 1821 305 349 1822 359 403 1823 359 403 1824 305 349 1825 303 347 1826 359 403 1827 303 347 1828 360 404 1829 360 404 1830 303 347 1831 301 345 1832 360 404 1833 301 345 1834 361 405 1835 361 405 1836 301 345 1837 299 343 1838 361 405 1839 299 343 1840 296 337 1841 296 337 1842 299 343 1843 297 339 1844 362 406 1845 149 149 1846 363 407 1847 363 407 1848 149 149 1849 150 150 1850 363 407 1851 150 150 1852 364 408 1853 364 408 1854 150 150 1855 365 409 1856 365 409 1857 150 150 1858 152 152 1859 365 409 1860 152 152 1861 366 410 1862 366 410 1863 152 152 1864 154 154 1865 366 410 1866 154 154 1867 367 411 1868 367 411 1869 154 154 1870 368 412 1871 368 412 1872 154 154 1873 156 156 1874 368 412 1875 156 156 1876 369 413 1877 369 413 1878 156 156 1879 133 133 1880 369 413 1881 133 133 1882 370 414 1883 370 414 1884 133 133 1885 132 132 1886 370 414 1887 132 132 1888 371 415 1889 255 291 1890 68 68 1891 254 290 1892 254 290 1893 68 68 1894 252 416 1895 252 416 1896 68 68 1897 70 70 1898 252 416 1899 70 70 1900 250 417 1901 250 417 1902 70 70 1903 111 111 1904 250 417 1905 111 111 1906 249 418 1907 249 418 1908 111 111 1909 110 110 1910 249 418 1911 110 110 1912 247 419 1913 247 419 1914 110 110 1915 245 420 1916 245 420 1917 110 110 1918 108 108 1919 245 420 1920 108 108 1921 244 421 1922 244 421 1923 108 108 1924 106 106 1925 244 421 1926 106 106 1927 212 422 1928 212 422 1929 106 106 1930 105 105 1931 212 422 1932 105 105 1933 213 423 1934 372 424 1935 362 425 1936 373 426 1937 373 426 1938 362 425 1939 363 427 1940 373 426 1941 363 427 1942 374 428 1943 374 428 1944 363 427 1945 364 429 1946 374 428 1947 364 429 1948 365 430 1949 374 428 1950 365 430 1951 375 431 1952 375 431 1953 365 430 1954 366 432 1955 375 431 1956 366 432 1957 376 433 1958 376 433 1959 366 432 1960 377 434 1961 377 434 1962 366 432 1963 367 435 1964 377 434 1965 367 435 1966 378 436 1967 378 436 1968 367 435 1969 368 437 1970 378 436 1971 368 437 1972 369 438 1973 378 436 1974 369 438 1975 379 439 1976 379 439 1977 369 438 1978 370 440 1979 379 439 1980 370 440 1981 380 441 1982 380 441 1983 370 440 1984 381 442 1985 381 442 1986 370 440 1987 371 415 1988 372 443 1989 373 444 1990 18 445 1991 18 445 1992 373 444 1993 16 446 1994 16 446 1995 373 444 1996 374 447 1997 16 446 1998 374 447 1999 14 448 2000 14 448 2001 374 447 2002 375 449 2003 14 448 2004 375 449 2005 12 450 2006 12 450 2007 375 449 2008 376 451 2009 12 450 2010 376 451 2011 10 452 2012 10 452 2013 376 451 2014 377 453 2015 10 452 2016 377 453 2017 8 454 2018 8 454 2019 377 453 2020 378 455 2021 8 454 2022 378 455 2023 6 456 2024 6 456 2025 378 455 2026 379 457 2027 6 456 2028 379 457 2029 4 458 2030 4 458 2031 379 457 2032 380 459 2033 4 458 2034 380 459 2035 2 460 2036 2 460 2037 380 459 2038 381 442 2039 2 460 2040 381 442 2041 0 0 2042 1 1 2043 22 22 2044 3 461 2045 3 461 2046 22 22 2047 24 24 2048 3 461 2049 24 24 2050 5 462 2051 5 462 2052 24 24 2053 65 65 2054 5 462 2055 65 65 2056 7 463 2057 7 463 2058 65 65 2059 64 64 2060 7 463 2061 64 64 2062 9 464 2063 9 464 2064 64 64 2065 11 465 2066 11 465 2067 64 64 2068 62 62 2069 11 465 2070 62 62 2071 13 466 2072 13 466 2073 62 62 2074 60 60 2075 13 466 2076 60 60 2077 15 467 2078 15 467 2079 60 60 2080 17 468 2081 17 468 2082 60 60 2083 59 59 2084 17 468 2085 59 59 2086 19 469 2087 122 175 2088 166 174 2089 19 19 2090 19 19 2091 166 174 2092 18 18 2093 166 218 2094 201 219 2095 18 445 2096 18 445 2097 201 219 2098 372 443 2099 201 237 2100 211 238 2101 372 424 2102 372 424 2103 211 238 2104 362 425 2105 211 247 2106 179 188 2107 362 406 2108 362 406 2109 179 188 2110 149 149 2111 213 249 2112 112 341 2113 215 251 2114 215 251 2115 112 341 2116 298 342 2117 215 251 2118 298 342 2119 217 253 2120 217 253 2121 298 342 2122 300 344 2123 217 253 2124 300 344 2125 219 255 2126 219 255 2127 300 344 2128 302 346 2129 219 255 2130 302 346 2131 221 257 2132 221 257 2133 302 346 2134 304 348 2135 221 257 2136 304 348 2137 223 259 2138 223 259 2139 304 348 2140 306 350 2141 223 259 2142 306 350 2143 225 261 2144 225 261 2145 306 350 2146 308 352 2147 225 261 2148 308 352 2149 227 263 2150 227 263 2151 308 352 2152 310 354 2153 227 263 2154 310 354 2155 229 265 2156 229 265 2157 310 354 2158 312 356 2159 229 265 2160 312 356 2161 231 267 2162 231 267 2163 312 356 2164 314 358 2165 231 267 2166 314 358 2167 233 269 2168 233 269 2169 314 358 2170 316 360 2171 233 269 2172 316 360 2173 183 192 2174 183 192 2175 316 360 2176 145 145 2177 22 22 2178 0 0 2179 121 121 2180 121 121 2181 0 0 2182 381 442 2183 121 121 2184 381 442 2185 371 415 2186 22 22 2187 1 1 2188 0 0 2189 371 415 2190 132 132 2191 121 121 2192 121 121 2193 132 132 2194 292 328 2195 292 328 2196 132 132 2197 334 378 2198 292 328 2199 334 378 2200 318 362 2201 318 362 2202 334 378 2203 332 376 2204 318 362 2205 332 376 2206 320 364 2207 320 364 2208 332 376 2209 330 374 2210 320 364 2211 330 374 2212 322 366 2213 322 366 2214 330 374 2215 328 372 2216 322 366 2217 328 372 2218 324 368 2219 324 368 2220 328 372 2221 326 370 2222 131 131 2223 68 68 2224 157 157 2225 157 157 2226 68 68 2227 255 291 2228 157 157 2229 255 291 2230 192 201 2231 192 201 2232 255 291 2233 202 220 2234 202 220 2235 255 291 2236 167 176 2237 167 176 2238 255 291 2239 253 289 2240 167 176 2241 253 289 2242 283 319 2243 283 319 2244 253 289 2245 291 327 2246 283 319 2247 291 327 2248 284 320 2249 284 320 2250 291 327 2251 290 326 2252 284 320 2253 290 326 2254 285 321 2255 285 321 2256 290 326 2257 289 325 2258 285 321 2259 289 325 2260 286 322 2261 286 322 2262 289 325 2263 288 324 2264 286 322 2265 288 324 2266 287 323 2267 94 94 2268 122 122 2269 59 59 2270 59 59 2271 122 122 2272 19 469 2273 52 52 2274 112 112 2275 105 105 2276 105 105 2277 112 112 2278 213 423 2279</p>
        </triangles>
        <triangles material="Aluminum_-_Polished-material" count="370">
          <input semantic="VERTEX" source="#Digital_Calliper_-mesh-vertices" offset="0"/>
          <input semantic="NORMAL" source="#Digital_Calliper_-mesh-normals" offset="1"/>
          <input semantic="TEXCOORD" source="#Digital_Calliper_-mesh-map-0" offset="2" set="0"/>
          <p>382 470 2280 383 470 2281 384 470 2282 384 470 2283 383 470 2284 385 470 2285 386 471 2286 382 471 2287 384 471 2288 387 472 2289 382 473 2290 388 474 2291 388 474 2292 382 473 2293 386 475 2294 388 474 2295 386 475 2296 389 476 2297 390 477 2298 391 477 2299 392 477 2300 392 477 2301 391 477 2302 393 477 2303 392 477 2304 393 477 2305 394 477 2306 394 477 2307 393 477 2308 382 478 2309 394 477 2310 382 478 2311 395 477 2312 395 477 2313 382 478 2314 396 477 2315 396 477 2316 382 478 2317 397 479 2318 397 479 2319 382 478 2320 398 480 2321 398 480 2322 382 478 2323 399 477 2324 399 477 2325 382 478 2326 400 481 2327 400 481 2328 382 478 2329 387 482 2330 393 477 2331 383 477 2332 382 478 2333 390 483 2334 392 483 2335 401 483 2336 401 483 2337 392 483 2338 402 483 2339 391 484 2340 390 484 2341 403 484 2342 403 484 2343 390 484 2344 401 484 2345 393 470 2346 391 470 2347 404 470 2348 404 470 2349 391 470 2350 403 470 2351 383 484 2352 393 484 2353 385 484 2354 385 484 2355 393 484 2356 404 484 2357 392 485 2358 394 486 2359 402 487 2360 402 487 2361 394 486 2362 405 488 2363 384 489 2364 385 489 2365 386 490 2366 386 490 2367 385 489 2368 404 491 2369 386 490 2370 404 491 2371 405 492 2372 405 492 2373 404 491 2374 402 493 2375 402 493 2376 404 491 2377 403 494 2378 402 493 2379 403 494 2380 401 489 2381 405 492 2382 406 495 2383 386 490 2384 386 490 2385 406 495 2386 407 496 2387 386 490 2388 407 496 2389 408 497 2390 408 497 2391 409 498 2392 386 490 2393 386 490 2394 409 498 2395 410 499 2396 386 490 2397 410 499 2398 389 500 2399 387 501 2400 388 502 2401 400 503 2402 400 503 2403 388 502 2404 389 504 2405 400 503 2406 389 504 2407 399 505 2408 399 505 2409 389 504 2410 410 506 2411 399 505 2412 410 506 2413 398 507 2414 398 507 2415 410 506 2416 409 508 2417 398 507 2418 409 508 2419 397 509 2420 397 509 2421 409 508 2422 408 510 2423 397 509 2424 408 510 2425 396 511 2426 396 511 2427 408 510 2428 407 512 2429 396 511 2430 407 512 2431 395 513 2432 395 513 2433 407 512 2434 406 514 2435 395 513 2436 406 514 2437 394 486 2438 394 486 2439 406 514 2440 405 488 2441 411 515 2442 412 516 2443 413 517 2444 413 517 2445 412 516 2446 414 518 2447 413 517 2448 414 518 2449 415 519 2450 416 470 2451 417 470 2452 418 470 2453 418 470 2454 417 470 2455 419 470 2456 417 484 2457 420 484 2458 419 484 2459 419 484 2460 420 484 2461 421 484 2462 420 483 2463 422 483 2464 421 483 2465 421 483 2466 422 483 2467 423 483 2468 413 520 2469 424 521 2470 411 522 2471 411 522 2472 424 521 2473 425 523 2474 411 522 2475 425 523 2476 426 524 2477 426 524 2478 425 523 2479 427 525 2480 426 524 2481 427 525 2482 428 526 2483 428 526 2484 427 525 2485 429 527 2486 428 526 2487 429 527 2488 430 528 2489 430 528 2490 429 527 2491 431 529 2492 430 528 2493 431 529 2494 432 530 2495 432 530 2496 431 529 2497 433 531 2498 432 530 2499 433 531 2500 434 532 2501 413 520 2502 415 533 2503 424 521 2504 433 531 2505 435 534 2506 434 532 2507 434 532 2508 435 534 2509 436 535 2510 436 535 2511 435 534 2512 437 536 2513 437 536 2514 435 534 2515 438 537 2516 437 536 2517 438 537 2518 439 538 2519 437 536 2520 439 538 2521 440 539 2522 440 539 2523 439 538 2524 441 540 2525 440 539 2526 441 540 2527 442 541 2528 442 541 2529 441 540 2530 443 542 2531 442 541 2532 443 542 2533 444 543 2534 444 543 2535 443 542 2536 445 544 2537 444 543 2538 445 544 2539 446 545 2540 446 545 2541 445 544 2542 447 546 2543 447 546 2544 445 544 2545 448 547 2546 448 547 2547 449 471 2548 447 546 2549 447 546 2550 449 471 2551 450 471 2552 449 470 2553 451 470 2554 450 470 2555 450 470 2556 451 470 2557 452 470 2558 451 471 2559 416 471 2560 452 471 2561 452 471 2562 416 471 2563 418 471 2564 416 477 2565 451 548 2566 417 477 2567 417 477 2568 451 548 2569 420 549 2570 420 549 2571 451 548 2572 448 550 2573 420 549 2574 448 550 2575 445 551 2576 451 548 2577 449 477 2578 448 550 2579 445 551 2580 443 552 2581 420 549 2582 420 549 2583 443 552 2584 441 553 2585 420 549 2586 441 553 2587 422 554 2588 422 554 2589 441 553 2590 439 555 2591 422 554 2592 439 555 2593 438 556 2594 438 556 2595 435 557 2596 422 554 2597 422 554 2598 435 557 2599 414 558 2600 422 554 2601 414 558 2602 453 477 2603 435 557 2604 433 559 2605 414 558 2606 414 558 2607 433 559 2608 431 560 2609 414 558 2610 431 560 2611 429 561 2612 429 561 2613 427 562 2614 414 558 2615 414 558 2616 427 562 2617 425 563 2618 414 558 2619 425 563 2620 424 564 2621 424 564 2622 415 477 2623 414 558 2624 454 489 2625 412 565 2626 455 489 2627 455 489 2628 412 565 2629 423 566 2630 423 566 2631 412 565 2632 436 567 2633 423 566 2634 436 567 2635 437 568 2636 411 489 2637 426 569 2638 412 565 2639 412 565 2640 426 569 2641 428 570 2642 412 565 2643 428 570 2644 430 571 2645 430 571 2646 432 489 2647 412 565 2648 412 565 2649 432 489 2650 434 489 2651 412 565 2652 434 489 2653 436 567 2654 437 568 2655 440 572 2656 423 566 2657 423 566 2658 440 572 2659 442 573 2660 423 566 2661 442 573 2662 421 574 2663 421 574 2664 442 573 2665 444 575 2666 421 574 2667 444 575 2668 446 576 2669 446 576 2670 447 577 2671 421 574 2672 421 574 2673 447 577 2674 452 578 2675 421 574 2676 452 578 2677 419 489 2678 419 489 2679 452 578 2680 418 489 2681 447 577 2682 450 489 2683 452 578 2684 455 484 2685 423 484 2686 453 484 2687 453 484 2688 423 484 2689 422 484 2690 454 483 2691 455 483 2692 414 483 2693 414 483 2694 455 483 2695 453 483 2696 454 471 2697 414 471 2698 412 471 2699 984 747 5856 985 748 5857 986 749 5858 986 749 5859 985 748 5860 987 750 5861 986 749 5862 987 750 5863 988 751 5864 984 752 5865 986 753 5866 989 754 5867 989 754 5868 986 753 5869 988 755 5870 989 754 5871 988 755 5872 990 756 5873 990 756 5874 988 755 5875 991 757 5876 990 756 5877 991 757 5878 992 758 5879 992 758 5880 991 757 5881 993 759 5882 992 758 5883 993 759 5884 994 760 5885 994 760 5886 993 759 5887 995 761 5888 994 760 5889 995 761 5890 996 762 5891 996 762 5892 995 761 5893 997 763 5894 997 763 5895 995 761 5896 998 764 5897 997 763 5898 998 764 5899 999 765 5900 999 765 5901 998 764 5902 1000 766 5903 1000 766 5904 998 764 5905 1001 767 5906 1000 766 5907 1001 767 5908 1002 768 5909 1002 768 5910 1001 767 5911 1003 769 5912 1003 769 5913 1001 767 5914 1004 770 5915 1003 769 5916 1004 770 5917 1005 771 5918 1005 771 5919 1004 770 5920 1006 772 5921 1005 771 5922 1006 772 5923 1007 773 5924 1007 773 5925 1006 772 5926 1008 774 5927 1007 773 5928 1008 774 5929 1009 775 5930 1009 775 5931 1008 774 5932 1010 776 5933 1009 775 5934 1010 776 5935 1011 777 5936 1011 777 5937 1010 776 5938 1012 778 5939 1013 471 5940 1014 471 5941 1015 471 5942 1015 471 5943 1014 471 5944 1016 471 5945 1017 470 5946 1013 470 5947 1018 470 5948 1018 470 5949 1013 470 5950 1015 470 5951 1014 483 5952 1019 483 5953 1016 483 5954 1016 483 5955 1019 483 5956 1020 483 5957 1021 477 5958 1022 779 5959 987 780 5960 987 780 5961 1022 779 5962 998 781 5963 987 780 5964 998 781 5965 995 782 5966 1021 477 5967 1023 477 5968 1022 779 5969 998 781 5970 1022 779 5971 1001 783 5972 1001 783 5973 1022 779 5974 1024 784 5975 1001 783 5976 1024 784 5977 1004 785 5978 1004 785 5979 1024 784 5980 1006 477 5981 1006 477 5982 1024 784 5983 1008 477 5984 1008 477 5985 1024 784 5986 1020 477 5987 1008 477 5988 1020 477 5989 1010 477 5990 1010 477 5991 1020 477 5992 1012 477 5993 1024 784 5994 1018 477 5995 1020 477 5996 1020 477 5997 1018 477 5998 1015 477 5999 1020 477 6000 1015 477 6001 1016 477 6002 995 782 6003 993 786 6004 987 780 6005 987 780 6006 993 786 6007 991 787 6008 987 780 6009 991 787 6010 988 788 6011 1012 471 6012 1020 471 6013 1011 471 6014 1011 471 6015 1020 471 6016 1019 471 6017 1011 489 6018 1019 789 6019 1009 790 6020 1009 790 6021 1019 789 6022 1025 791 6023 1009 790 6024 1025 791 6025 1007 489 6026 1007 489 6027 1025 791 6028 1005 792 6029 1005 792 6030 1025 791 6031 1003 793 6032 1003 793 6033 1025 791 6034 1002 794 6035 1002 794 6036 1025 791 6037 1026 795 6038 1002 794 6039 1026 795 6040 1000 489 6041 1000 489 6042 1026 795 6043 999 796 6044 999 796 6045 1026 795 6046 985 797 6047 999 796 6048 985 797 6049 997 489 6050 997 489 6051 985 797 6052 996 489 6053 996 489 6054 985 797 6055 994 798 6056 994 798 6057 985 797 6058 992 799 6059 992 799 6060 985 797 6061 990 489 6062 990 489 6063 985 797 6064 989 800 6065 989 800 6066 985 797 6067 984 801 6068 1014 489 6069 1013 802 6070 1019 789 6071 1019 789 6072 1013 802 6073 1017 803 6074 1019 789 6075 1017 803 6076 1025 791 6077 1026 795 6078 1027 489 6079 985 797 6080 1025 484 6081 1017 484 6082 1024 484 6083 1024 484 6084 1017 484 6085 1018 484 6086 1024 470 6087 1022 470 6088 1025 470 6089 1025 470 6090 1022 470 6091 1026 470 6092 1022 471 6093 1023 471 6094 1026 471 6095 1026 471 6096 1023 471 6097 1027 471 6098 985 470 6099 1027 470 6100 1021 470 6101 1021 470 6102 1027 470 6103 1023 470 6104 987 484 6105 985 484 6106 1021 484 6107 1028 484 6108 1029 484 6109 1030 484 6110 1030 484 6111 1029 484 6112 1031 484 6113 1029 483 6114 1032 483 6115 1031 483 6116 1031 483 6117 1032 483 6118 1033 483 6119 1034 483 6120 1028 483 6121 1035 483 6122 1035 483 6123 1028 483 6124 1030 483 6125 1034 484 6126 1035 484 6127 1036 484 6128 1036 804 6129 1037 805 6130 1034 806 6131 1034 806 6132 1037 805 6133 1038 807 6134 1034 806 6135 1038 807 6136 1039 808 6137 1039 809 6138 1038 810 6139 1040 811 6140 1040 811 6141 1038 810 6142 1037 812 6143 1040 811 6144 1037 812 6145 1041 813 6146 1041 813 6147 1037 812 6148 1042 814 6149 1041 813 6150 1042 814 6151 1043 815 6152 1043 815 6153 1042 814 6154 1044 816 6155 1043 815 6156 1044 816 6157 1045 817 6158 1045 817 6159 1044 816 6160 1046 818 6161 1045 817 6162 1046 818 6163 1047 819 6164 1047 819 6165 1046 818 6166 1048 820 6167 1047 819 6168 1048 820 6169 1049 821 6170 1047 819 6171 1049 821 6172 1050 822 6173 1050 822 6174 1049 821 6175 1051 823 6176 1050 822 6177 1051 823 6178 1052 824 6179 1052 824 6180 1051 823 6181 1053 825 6182 1052 824 6183 1053 825 6184 1054 826 6185 1037 489 6186 1036 827 6187 1042 489 6188 1042 489 6189 1036 827 6190 1044 489 6191 1044 489 6192 1036 827 6193 1046 828 6194 1046 828 6195 1036 827 6196 1048 829 6197 1048 829 6198 1036 827 6199 1049 489 6200 1049 489 6201 1036 827 6202 1051 489 6203 1051 489 6204 1036 827 6205 1053 830 6206 1053 830 6207 1036 827 6208 1030 831 6209 1053 830 6210 1030 831 6211 1055 832 6212 1055 832 6213 1030 831 6214 1033 489 6215 1033 489 6216 1030 831 6217 1031 489 6218 1036 827 6219 1035 489 6220 1030 831 6221 1032 471 6222 1056 471 6223 1033 471 6224 1033 471 6225 1056 471 6226 1055 471 6227 1056 470 6228 1054 470 6229 1055 470 6230 1055 470 6231 1054 470 6232 1053 470 6233 1034 833 6234 1054 477 6235 1028 477 6236 1028 477 6237 1054 477 6238 1056 477 6239 1028 477 6240 1056 477 6241 1032 477 6242 1039 477 6243 1040 834 6244 1034 833 6245 1034 833 6246 1040 834 6247 1041 835 6248 1034 833 6249 1041 835 6250 1043 477 6251 1043 477 6252 1045 836 6253 1034 833 6254 1034 833 6255 1045 836 6256 1047 837 6257 1034 833 6258 1047 837 6259 1050 838 6260 1050 838 6261 1052 839 6262 1034 833 6263 1034 833 6264 1052 839 6265 1054 477 6266 1032 477 6267 1029 477 6268 1028 477 6269 1057 840 6270 1058 841 6271 1059 842 6272 1059 842 6273 1058 841 6274 1060 843 6275 1059 842 6276 1060 843 6277 1061 844 6278 1061 844 6279 1060 843 6280 1062 845 6281 1061 844 6282 1062 845 6283 1063 846 6284 1063 846 6285 1062 845 6286 1064 847 6287 1063 846 6288 1064 847 6289 1065 848 6290 1065 848 6291 1064 847 6292 1066 849 6293 1065 848 6294 1066 849 6295 1067 850 6296 1067 850 6297 1066 849 6298 1068 851 6299 1067 850 6300 1068 851 6301 1069 852 6302 1069 852 6303 1068 851 6304 1070 853 6305 1069 852 6306 1070 853 6307 1071 854 6308 1071 854 6309 1070 853 6310 1072 855 6311 1071 854 6312 1072 855 6313 1073 856 6314 1073 856 6315 1072 855 6316 1074 857 6317 1073 856 6318 1074 857 6319 1075 858 6320 1075 858 6321 1074 857 6322 1076 859 6323 1075 858 6324 1076 859 6325 1077 860 6326 1077 860 6327 1076 859 6328 1078 861 6329 1077 860 6330 1078 861 6331 1079 862 6332 1079 862 6333 1078 861 6334 1080 863 6335 1079 862 6336 1080 863 6337 1081 864 6338 1081 864 6339 1080 863 6340 1082 865 6341 1081 864 6342 1082 865 6343 1083 866 6344 1083 866 6345 1082 865 6346 1084 867 6347 1083 866 6348 1084 867 6349 1085 868 6350 1085 868 6351 1084 867 6352 1086 869 6353 1085 868 6354 1086 869 6355 1087 870 6356 1087 870 6357 1086 869 6358 1088 871 6359 1087 870 6360 1088 871 6361 1089 872 6362 1089 872 6363 1088 871 6364 1090 873 6365 1089 872 6366 1090 873 6367 1091 874 6368 1091 874 6369 1090 873 6370 1092 875 6371 1091 874 6372 1092 875 6373 1093 876 6374 1093 876 6375 1092 875 6376 1094 877 6377 1093 876 6378 1094 877 6379 1095 878 6380 1095 878 6381 1094 877 6382 1096 879 6383 1095 878 6384 1096 879 6385 1097 880 6386 1097 880 6387 1096 879 6388 1098 881 6389 1097 880 6390 1098 881 6391 1099 882 6392 1099 882 6393 1098 881 6394 1100 883 6395 1099 882 6396 1100 883 6397 1101 884 6398 1101 884 6399 1100 883 6400 1102 885 6401 1101 884 6402 1102 885 6403 1103 886 6404 1103 886 6405 1102 885 6406 1104 887 6407 1103 886 6408 1104 887 6409 1057 840 6410 1057 840 6411 1104 887 6412 1058 841 6413 1061 470 6414 1081 470 6415 1059 470 6416 1059 470 6417 1081 470 6418 1083 470 6419 1059 470 6420 1083 470 6421 1057 470 6422 1057 470 6423 1083 470 6424 1085 470 6425 1057 470 6426 1085 470 6427 1103 470 6428 1103 470 6429 1085 470 6430 1087 470 6431 1103 470 6432 1087 470 6433 1101 470 6434 1101 470 6435 1087 470 6436 1089 470 6437 1101 470 6438 1089 470 6439 1099 470 6440 1099 470 6441 1089 470 6442 1091 470 6443 1099 470 6444 1091 470 6445 1097 470 6446 1097 470 6447 1091 470 6448 1093 470 6449 1097 470 6450 1093 470 6451 1095 470 6452 1081 470 6453 1061 470 6454 1079 470 6455 1079 470 6456 1061 470 6457 1063 470 6458 1079 470 6459 1063 470 6460 1077 470 6461 1077 470 6462 1063 470 6463 1065 470 6464 1077 470 6465 1065 470 6466 1075 470 6467 1075 470 6468 1065 470 6469 1067 470 6470 1075 470 6471 1067 470 6472 1073 470 6473 1073 470 6474 1067 470 6475 1069 470 6476 1073 470 6477 1069 470 6478 1071 470 6479 1058 483 6480 1086 483 6481 1060 483 6482 1060 483 6483 1086 483 6484 1084 483 6485 1060 483 6486 1084 483 6487 1062 483 6488 1062 483 6489 1084 483 6490 1082 483 6491 1062 483 6492 1082 483 6493 1064 483 6494 1064 483 6495 1082 483 6496 1080 483 6497 1064 483 6498 1080 483 6499 1066 483 6500 1066 483 6501 1080 483 6502 1078 483 6503 1066 483 6504 1078 483 6505 1068 483 6506 1068 483 6507 1078 483 6508 1076 483 6509 1068 483 6510 1076 483 6511 1070 483 6512 1070 483 6513 1076 483 6514 1074 483 6515 1070 483 6516 1074 483 6517 1072 483 6518 1086 483 6519 1058 483 6520 1088 483 6521 1088 483 6522 1058 483 6523 1104 483 6524 1088 483 6525 1104 483 6526 1090 483 6527 1090 483 6528 1104 483 6529 1102 483 6530 1090 483 6531 1102 483 6532 1092 483 6533 1092 483 6534 1102 483 6535 1100 483 6536 1092 483 6537 1100 483 6538 1094 483 6539 1094 483 6540 1100 483 6541 1098 483 6542 1094 483 6543 1098 483 6544 1096 483 6545</p>
        </triangles>
        <triangles material="Aluminum_-_Bead_Blasted-material" count="1052">
          <input semantic="VERTEX" source="#Digital_Calliper_-mesh-vertices" offset="0"/>
          <input semantic="NORMAL" source="#Digital_Calliper_-mesh-normals" offset="1"/>
          <input semantic="TEXCOORD" source="#Digital_Calliper_-mesh-map-0" offset="2" set="0"/>
          <p>456 483 2700 457 483 2701 458 483 2702 458 483 2703 457 483 2704 459 483 2705 457 471 2706 460 471 2707 459 471 2708 459 471 2709 460 471 2710 461 471 2711 460 470 2712 462 470 2713 461 470 2714 461 470 2715 462 470 2716 463 470 2717 463 489 2718 458 489 2719 461 489 2720 461 489 2721 458 489 2722 459 489 2723 464 471 2724 456 471 2725 465 579 2726 465 579 2727 456 471 2728 458 580 2729 465 579 2730 458 580 2731 466 581 2732 466 581 2733 458 580 2734 463 582 2735 466 581 2736 463 582 2737 467 583 2738 467 583 2739 463 582 2740 468 471 2741 468 471 2742 463 582 2743 462 471 2744 467 583 2745 469 584 2746 466 581 2747 466 581 2748 469 584 2749 470 585 2750 466 581 2751 470 585 2752 471 586 2753 472 471 2754 473 471 2755 469 584 2756 469 584 2757 473 471 2758 470 585 2759 474 471 2760 475 471 2761 471 586 2762 471 586 2763 475 471 2764 476 587 2765 471 586 2766 476 587 2767 466 581 2768 466 581 2769 476 587 2770 477 588 2771 466 581 2772 477 588 2773 478 471 2774 478 471 2775 477 588 2776 479 471 2777 480 589 2778 481 590 2779 466 581 2780 466 581 2781 481 590 2782 482 591 2783 466 581 2784 482 591 2785 483 592 2786 484 471 2787 485 593 2788 480 589 2789 480 589 2790 485 593 2791 486 594 2792 480 589 2793 486 594 2794 487 595 2795 487 595 2796 486 594 2797 488 471 2798 488 471 2799 486 594 2800 489 471 2801 484 471 2802 490 471 2803 485 593 2804 487 595 2805 491 596 2806 480 589 2807 480 589 2808 491 596 2809 492 597 2810 480 589 2811 492 597 2812 493 598 2813 494 471 2814 495 471 2815 491 596 2816 491 596 2817 495 471 2818 492 597 2819 496 471 2820 497 471 2821 493 598 2822 493 598 2823 497 471 2824 498 599 2825 493 598 2826 498 599 2827 480 589 2828 480 589 2829 498 599 2830 499 600 2831 480 589 2832 499 600 2833 500 601 2834 500 601 2835 499 600 2836 501 471 2837 501 471 2838 499 600 2839 502 471 2840 500 601 2841 503 602 2842 480 589 2843 480 589 2844 503 602 2845 504 603 2846 480 589 2847 504 603 2848 505 604 2849 506 471 2850 507 471 2851 503 602 2852 503 602 2853 507 471 2854 504 603 2855 508 471 2856 509 471 2857 505 604 2858 505 604 2859 509 471 2860 510 605 2861 505 604 2862 510 605 2863 480 589 2864 480 589 2865 510 605 2866 511 606 2867 480 589 2868 511 606 2869 512 607 2870 512 607 2871 511 606 2872 513 471 2873 513 471 2874 511 606 2875 514 471 2876 512 607 2877 515 608 2878 480 589 2879 480 589 2880 515 608 2881 516 609 2882 480 589 2883 516 609 2884 517 610 2885 518 471 2886 519 471 2887 515 608 2888 515 608 2889 519 471 2890 516 609 2891 520 471 2892 521 471 2893 517 610 2894 517 610 2895 521 471 2896 522 611 2897 517 610 2898 522 611 2899 480 589 2900 480 589 2901 522 611 2902 523 612 2903 480 589 2904 523 612 2905 524 613 2906 524 613 2907 523 612 2908 525 471 2909 525 471 2910 523 612 2911 526 471 2912 524 613 2913 527 614 2914 480 589 2915 480 589 2916 527 614 2917 528 615 2918 480 589 2919 528 615 2920 529 616 2921 530 471 2922 531 471 2923 527 614 2924 527 614 2925 531 471 2926 528 615 2927 532 471 2928 533 471 2929 529 616 2930 529 616 2931 533 471 2932 534 617 2933 529 616 2934 534 617 2935 480 589 2936 480 589 2937 534 617 2938 535 618 2939 480 589 2940 535 618 2941 536 619 2942 536 619 2943 535 618 2944 537 471 2945 537 471 2946 535 618 2947 538 471 2948 536 619 2949 539 620 2950 480 589 2951 480 589 2952 539 620 2953 540 621 2954 480 589 2955 540 621 2956 541 622 2957 542 471 2958 543 471 2959 539 620 2960 539 620 2961 543 471 2962 540 621 2963 544 471 2964 545 471 2965 541 622 2966 541 622 2967 545 471 2968 546 623 2969 541 622 2970 546 623 2971 480 589 2972 480 589 2973 546 623 2974 547 624 2975 480 589 2976 547 624 2977 548 625 2978 548 625 2979 547 624 2980 549 471 2981 549 471 2982 547 624 2983 550 471 2984 548 625 2985 551 626 2986 480 589 2987 480 589 2988 551 626 2989 552 627 2990 480 589 2991 552 627 2992 553 628 2993 554 471 2994 555 471 2995 551 626 2996 551 626 2997 555 471 2998 552 627 2999 556 471 3000 557 471 3001 553 628 3002 553 628 3003 557 471 3004 558 629 3005 553 628 3006 558 629 3007 480 589 3008 480 589 3009 558 629 3010 559 630 3011 480 589 3012 559 630 3013 560 631 3014 560 631 3015 559 630 3016 561 471 3017 561 471 3018 559 630 3019 562 471 3020 560 631 3021 563 632 3022 480 589 3023 480 589 3024 563 632 3025 564 633 3026 480 589 3027 564 633 3028 565 634 3029 566 471 3030 567 471 3031 563 632 3032 563 632 3033 567 471 3034 564 633 3035 568 471 3036 569 471 3037 565 634 3038 565 634 3039 569 471 3040 570 635 3041 565 634 3042 570 635 3043 480 589 3044 480 589 3045 570 635 3046 571 636 3047 480 589 3048 571 636 3049 572 637 3050 572 637 3051 571 636 3052 573 471 3053 573 471 3054 571 636 3055 574 471 3056 572 637 3057 575 638 3058 480 589 3059 480 589 3060 575 638 3061 576 639 3062 480 589 3063 576 639 3064 577 640 3065 578 471 3066 579 471 3067 575 638 3068 575 638 3069 579 471 3070 576 639 3071 580 471 3072 581 471 3073 577 640 3074 577 640 3075 581 471 3076 582 641 3077 577 640 3078 582 641 3079 480 589 3080 480 589 3081 582 641 3082 583 642 3083 480 589 3084 583 642 3085 584 643 3086 584 643 3087 583 642 3088 585 471 3089 585 471 3090 583 642 3091 586 471 3092 584 643 3093 587 644 3094 480 589 3095 480 589 3096 587 644 3097 588 645 3098 480 589 3099 588 645 3100 589 646 3101 590 471 3102 591 471 3103 587 644 3104 587 644 3105 591 471 3106 588 645 3107 592 471 3108 593 471 3109 589 646 3110 589 646 3111 593 471 3112 594 647 3113 589 646 3114 594 647 3115 480 589 3116 480 589 3117 594 647 3118 595 648 3119 480 589 3120 595 648 3121 596 649 3122 596 649 3123 595 648 3124 597 471 3125 597 471 3126 595 648 3127 598 471 3128 596 649 3129 599 650 3130 480 589 3131 480 589 3132 599 650 3133 600 651 3134 480 589 3135 600 651 3136 601 652 3137 602 471 3138 603 471 3139 599 650 3140 599 650 3141 603 471 3142 600 651 3143 604 471 3144 605 471 3145 601 652 3146 601 652 3147 605 471 3148 606 653 3149 601 652 3150 606 653 3151 480 589 3152 480 589 3153 606 653 3154 481 590 3155 607 471 3156 608 471 3157 481 590 3158 481 590 3159 608 471 3160 482 591 3161 609 471 3162 610 471 3163 483 592 3164 483 592 3165 610 471 3166 611 654 3167 483 592 3168 611 654 3169 466 581 3170 466 581 3171 611 654 3172 612 655 3173 466 581 3174 612 655 3175 613 656 3176 613 656 3177 612 655 3178 614 471 3179 614 471 3180 612 655 3181 615 471 3182 613 656 3183 616 657 3184 466 581 3185 466 581 3186 616 657 3187 617 658 3188 466 581 3189 617 658 3190 618 659 3191 619 471 3192 620 471 3193 616 657 3194 616 657 3195 620 471 3196 617 658 3197 621 471 3198 622 471 3199 618 659 3200 618 659 3201 622 471 3202 623 660 3203 618 659 3204 623 660 3205 466 581 3206 466 581 3207 623 660 3208 624 661 3209 466 581 3210 624 661 3211 625 662 3212 625 662 3213 624 661 3214 626 471 3215 626 471 3216 624 661 3217 627 471 3218 625 662 3219 628 663 3220 466 581 3221 466 581 3222 628 663 3223 629 664 3224 466 581 3225 629 664 3226 630 665 3227 631 471 3228 632 471 3229 628 663 3230 628 663 3231 632 471 3232 629 664 3233 633 471 3234 634 471 3235 630 665 3236 630 665 3237 634 471 3238 635 666 3239 630 665 3240 635 666 3241 466 581 3242 466 581 3243 635 666 3244 636 667 3245 466 581 3246 636 667 3247 637 668 3248 637 668 3249 636 667 3250 638 471 3251 638 471 3252 636 667 3253 639 471 3254 637 668 3255 640 669 3256 466 581 3257 466 581 3258 640 669 3259 641 670 3260 466 581 3261 641 670 3262 642 671 3263 643 471 3264 644 471 3265 640 669 3266 640 669 3267 644 471 3268 641 670 3269 645 471 3270 646 471 3271 642 671 3272 642 671 3273 646 471 3274 647 672 3275 642 671 3276 647 672 3277 466 581 3278 466 581 3279 647 672 3280 648 673 3281 466 581 3282 648 673 3283 649 674 3284 649 674 3285 648 673 3286 650 471 3287 650 471 3288 648 673 3289 651 471 3290 649 674 3291 652 675 3292 466 581 3293 466 581 3294 652 675 3295 653 676 3296 466 581 3297 653 676 3298 654 677 3299 655 471 3300 656 471 3301 652 675 3302 652 675 3303 656 471 3304 653 676 3305 657 471 3306 658 471 3307 654 677 3308 654 677 3309 658 471 3310 659 678 3311 654 677 3312 659 678 3313 466 581 3314 466 581 3315 659 678 3316 660 679 3317 466 581 3318 660 679 3319 661 680 3320 661 680 3321 660 679 3322 662 471 3323 662 471 3324 660 679 3325 663 471 3326 661 680 3327 664 681 3328 466 581 3329 466 581 3330 664 681 3331 665 682 3332 466 581 3333 665 682 3334 666 683 3335 667 471 3336 668 471 3337 664 681 3338 664 681 3339 668 471 3340 665 682 3341 669 471 3342 670 471 3343 666 683 3344 666 683 3345 670 471 3346 671 684 3347 666 683 3348 671 684 3349 466 581 3350 466 581 3351 671 684 3352 672 685 3353 466 581 3354 672 685 3355 673 686 3356 673 686 3357 672 685 3358 674 471 3359 674 471 3360 672 685 3361 675 471 3362 673 686 3363 676 687 3364 466 581 3365 466 581 3366 676 687 3367 677 688 3368 466 581 3369 677 688 3370 678 689 3371 679 471 3372 680 471 3373 676 687 3374 676 687 3375 680 471 3376 677 688 3377 681 471 3378 682 471 3379 678 689 3380 678 689 3381 682 471 3382 683 690 3383 678 689 3384 683 690 3385 466 581 3386 466 581 3387 683 690 3388 684 679 3389 466 581 3390 684 679 3391 685 691 3392 685 691 3393 684 679 3394 686 471 3395 686 471 3396 684 679 3397 687 471 3398 685 691 3399 688 692 3400 466 581 3401 466 581 3402 688 692 3403 689 693 3404 466 581 3405 689 693 3406 690 694 3407 691 471 3408 692 471 3409 688 692 3410 688 692 3411 692 471 3412 689 693 3413 693 471 3414 694 471 3415 690 694 3416 690 694 3417 694 471 3418 695 695 3419 690 694 3420 695 695 3421 466 581 3422 466 581 3423 695 695 3424 696 696 3425 466 581 3426 696 696 3427 697 697 3428 697 697 3429 696 696 3430 698 471 3431 698 471 3432 696 696 3433 699 471 3434 697 697 3435 700 698 3436 466 581 3437 466 581 3438 700 698 3439 701 699 3440 466 581 3441 701 699 3442 702 700 3443 703 471 3444 704 471 3445 700 698 3446 700 698 3447 704 471 3448 701 699 3449 705 471 3450 706 471 3451 702 700 3452 702 700 3453 706 471 3454 707 701 3455 702 700 3456 707 701 3457 466 581 3458 466 581 3459 707 701 3460 708 702 3461 466 581 3462 708 702 3463 709 703 3464 709 703 3465 708 702 3466 710 471 3467 710 471 3468 708 702 3469 711 471 3470 709 703 3471 712 704 3472 466 581 3473 466 581 3474 712 704 3475 713 705 3476 466 581 3477 713 705 3478 714 706 3479 715 471 3480 716 471 3481 712 704 3482 712 704 3483 716 471 3484 713 705 3485 717 471 3486 718 471 3487 714 706 3488 714 706 3489 718 471 3490 719 707 3491 714 706 3492 719 707 3493 466 581 3494 466 581 3495 719 707 3496 465 579 3497 706 483 3498 720 483 3499 707 483 3500 707 483 3501 720 483 3502 721 483 3503 720 471 3504 722 471 3505 721 471 3506 721 471 3507 722 471 3508 723 471 3509 722 470 3510 711 470 3511 723 470 3512 723 470 3513 711 470 3514 708 470 3515 708 489 3516 707 489 3517 723 489 3518 723 489 3519 707 489 3520 721 489 3521 692 483 3522 724 483 3523 689 483 3524 689 483 3525 724 483 3526 725 483 3527 724 471 3528 726 471 3529 725 471 3530 725 471 3531 726 471 3532 727 471 3533 726 470 3534 693 470 3535 727 470 3536 727 470 3537 693 470 3538 690 470 3539 690 489 3540 689 489 3541 727 489 3542 727 489 3543 689 489 3544 725 489 3545 674 483 3546 728 483 3547 673 483 3548 673 483 3549 728 483 3550 729 483 3551 728 471 3552 730 471 3553 729 471 3554 729 471 3555 730 471 3556 731 471 3557 730 470 3558 679 470 3559 731 470 3560 731 470 3561 679 470 3562 676 470 3563 676 489 3564 673 489 3565 731 489 3566 731 489 3567 673 489 3568 729 489 3569 658 483 3570 732 483 3571 659 483 3572 659 483 3573 732 483 3574 733 483 3575 732 471 3576 734 471 3577 733 471 3578 733 471 3579 734 471 3580 735 471 3581 734 470 3582 663 470 3583 735 470 3584 735 470 3585 663 470 3586 660 470 3587 660 489 3588 659 489 3589 735 489 3590 735 489 3591 659 489 3592 733 489 3593 644 483 3594 736 483 3595 641 483 3596 641 483 3597 736 483 3598 737 483 3599 736 471 3600 738 471 3601 737 471 3602 737 471 3603 738 471 3604 739 471 3605 738 470 3606 645 470 3607 739 470 3608 739 470 3609 645 470 3610 642 470 3611 642 489 3612 641 489 3613 739 489 3614 739 489 3615 641 489 3616 737 489 3617 626 483 3618 740 483 3619 625 483 3620 625 483 3621 740 483 3622 741 483 3623 740 471 3624 742 471 3625 741 471 3626 741 471 3627 742 471 3628 743 471 3629 742 470 3630 631 470 3631 743 470 3632 743 470 3633 631 470 3634 628 470 3635 628 489 3636 625 489 3637 743 489 3638 743 489 3639 625 489 3640 741 489 3641 610 483 3642 744 483 3643 611 483 3644 611 483 3645 744 483 3646 745 483 3647 744 471 3648 746 471 3649 745 471 3650 745 471 3651 746 471 3652 747 471 3653 746 470 3654 615 470 3655 747 470 3656 747 470 3657 615 470 3658 612 470 3659 612 489 3660 611 489 3661 747 489 3662 747 489 3663 611 489 3664 745 489 3665 597 483 3666 748 483 3667 596 483 3668 596 483 3669 748 483 3670 749 483 3671 748 471 3672 750 471 3673 749 471 3674 749 471 3675 750 471 3676 751 471 3677 750 470 3678 602 470 3679 751 470 3680 751 470 3681 602 470 3682 599 470 3683 599 489 3684 596 489 3685 751 489 3686 751 489 3687 596 489 3688 749 489 3689 581 483 3690 752 483 3691 582 483 3692 582 483 3693 752 483 3694 753 483 3695 752 471 3696 754 471 3697 753 471 3698 753 471 3699 754 471 3700 755 471 3701 754 470 3702 586 470 3703 755 470 3704 755 470 3705 586 470 3706 583 470 3707 583 489 3708 582 489 3709 755 489 3710 755 489 3711 582 489 3712 753 489 3713 567 483 3714 756 483 3715 564 483 3716 564 483 3717 756 483 3718 757 483 3719 756 471 3720 758 471 3721 757 471 3722 757 471 3723 758 471 3724 759 471 3725 758 470 3726 568 470 3727 759 470 3728 759 470 3729 568 470 3730 565 470 3731 565 489 3732 564 489 3733 759 489 3734 759 489 3735 564 489 3736 757 489 3737 549 483 3738 760 483 3739 548 483 3740 548 483 3741 760 483 3742 761 483 3743 760 471 3744 762 471 3745 761 471 3746 761 471 3747 762 471 3748 763 471 3749 762 470 3750 554 470 3751 763 470 3752 763 470 3753 554 470 3754 551 470 3755 551 489 3756 548 489 3757 763 489 3758 763 489 3759 548 489 3760 761 489 3761 533 483 3762 764 483 3763 534 483 3764 534 483 3765 764 483 3766 765 483 3767 764 471 3768 766 471 3769 765 471 3770 765 471 3771 766 471 3772 767 471 3773 766 470 3774 538 470 3775 767 470 3776 767 470 3777 538 470 3778 535 470 3779 535 489 3780 534 489 3781 767 489 3782 767 489 3783 534 489 3784 765 489 3785 519 483 3786 768 483 3787 516 483 3788 516 483 3789 768 483 3790 769 483 3791 768 471 3792 770 471 3793 769 471 3794 769 471 3795 770 471 3796 771 471 3797 770 470 3798 520 470 3799 771 470 3800 771 470 3801 520 470 3802 517 470 3803 517 489 3804 516 489 3805 771 489 3806 771 489 3807 516 489 3808 769 489 3809 501 483 3810 772 483 3811 500 483 3812 500 483 3813 772 483 3814 773 483 3815 772 471 3816 774 471 3817 773 471 3818 773 471 3819 774 471 3820 775 471 3821 774 470 3822 506 470 3823 775 470 3824 775 470 3825 506 470 3826 503 470 3827 503 489 3828 500 489 3829 775 489 3830 775 489 3831 500 489 3832 773 489 3833 468 483 3834 776 483 3835 467 483 3836 467 483 3837 776 483 3838 777 483 3839 776 471 3840 778 471 3841 777 471 3842 777 471 3843 778 471 3844 779 471 3845 778 470 3846 472 470 3847 779 470 3848 779 470 3849 472 470 3850 469 470 3851 469 489 3852 467 489 3853 779 489 3854 779 489 3855 467 489 3856 777 489 3857 710 483 3858 780 483 3859 709 483 3860 709 483 3861 780 483 3862 781 483 3863 780 471 3864 782 471 3865 781 471 3866 781 471 3867 782 471 3868 783 471 3869 782 470 3870 715 470 3871 783 470 3872 783 470 3873 715 470 3874 712 470 3875 712 489 3876 709 489 3877 783 489 3878 783 489 3879 709 489 3880 781 489 3881 694 483 3882 784 483 3883 695 483 3884 695 483 3885 784 483 3886 785 483 3887 784 471 3888 786 471 3889 785 471 3890 785 471 3891 786 471 3892 787 471 3893 786 470 3894 699 470 3895 787 470 3896 787 470 3897 699 470 3898 696 470 3899 696 489 3900 695 489 3901 787 489 3902 787 489 3903 695 489 3904 785 489 3905 680 483 3906 788 483 3907 677 483 3908 677 483 3909 788 483 3910 789 483 3911 788 471 3912 790 471 3913 789 471 3914 789 471 3915 790 471 3916 791 471 3917 790 470 3918 681 470 3919 791 470 3920 791 470 3921 681 470 3922 678 470 3923 678 489 3924 677 489 3925 791 489 3926 791 489 3927 677 489 3928 789 489 3929 662 483 3930 792 483 3931 661 483 3932 661 483 3933 792 483 3934 793 483 3935 792 471 3936 794 471 3937 793 471 3938 793 471 3939 794 471 3940 795 471 3941 794 470 3942 667 470 3943 795 470 3944 795 470 3945 667 470 3946 664 470 3947 664 489 3948 661 489 3949 795 489 3950 795 489 3951 661 489 3952 793 489 3953 646 483 3954 796 483 3955 647 483 3956 647 483 3957 796 483 3958 797 483 3959 796 471 3960 798 471 3961 797 471 3962 797 471 3963 798 471 3964 799 471 3965 798 470 3966 651 470 3967 799 470 3968 799 470 3969 651 470 3970 648 470 3971 648 489 3972 647 489 3973 799 489 3974 799 489 3975 647 489 3976 797 489 3977 632 483 3978 800 483 3979 629 483 3980 629 483 3981 800 483 3982 801 483 3983 800 471 3984 802 471 3985 801 471 3986 801 471 3987 802 471 3988 803 471 3989 802 470 3990 633 470 3991 803 470 3992 803 470 3993 633 470 3994 630 470 3995 630 489 3996 629 489 3997 803 489 3998 803 489 3999 629 489 4000 801 489 4001 614 483 4002 804 483 4003 613 483 4004 613 483 4005 804 483 4006 805 483 4007 804 471 4008 806 471 4009 805 471 4010 805 471 4011 806 471 4012 807 471 4013 806 470 4014 619 470 4015 807 470 4016 807 470 4017 619 470 4018 616 470 4019 616 489 4020 613 489 4021 807 489 4022 807 489 4023 613 489 4024 805 489 4025 603 483 4026 808 483 4027 600 483 4028 600 483 4029 808 483 4030 809 483 4031 808 471 4032 810 471 4033 809 471 4034 809 471 4035 810 471 4036 811 471 4037 810 470 4038 604 470 4039 811 470 4040 811 470 4041 604 470 4042 601 470 4043 601 489 4044 600 489 4045 811 489 4046 811 489 4047 600 489 4048 809 489 4049 585 483 4050 812 483 4051 584 483 4052 584 483 4053 812 483 4054 813 483 4055 812 471 4056 814 471 4057 813 471 4058 813 471 4059 814 471 4060 815 471 4061 814 470 4062 590 470 4063 815 470 4064 815 470 4065 590 470 4066 587 470 4067 587 489 4068 584 489 4069 815 489 4070 815 489 4071 584 489 4072 813 489 4073 569 483 4074 816 483 4075 570 483 4076 570 483 4077 816 483 4078 817 483 4079 816 471 4080 818 471 4081 817 471 4082 817 471 4083 818 471 4084 819 471 4085 818 470 4086 574 470 4087 819 470 4088 819 470 4089 574 470 4090 571 470 4091 571 489 4092 570 489 4093 819 489 4094 819 489 4095 570 489 4096 817 489 4097 555 483 4098 820 483 4099 552 483 4100 552 483 4101 820 483 4102 821 483 4103 820 471 4104 822 471 4105 821 471 4106 821 471 4107 822 471 4108 823 471 4109 822 470 4110 556 470 4111 823 470 4112 823 470 4113 556 470 4114 553 470 4115 553 489 4116 552 489 4117 823 489 4118 823 489 4119 552 489 4120 821 489 4121 537 483 4122 824 483 4123 536 483 4124 536 483 4125 824 483 4126 825 483 4127 824 471 4128 826 471 4129 825 471 4130 825 471 4131 826 471 4132 827 471 4133 826 470 4134 542 470 4135 827 470 4136 827 470 4137 542 470 4138 539 470 4139 539 489 4140 536 489 4141 827 489 4142 827 489 4143 536 489 4144 825 489 4145 521 483 4146 828 483 4147 522 483 4148 522 483 4149 828 483 4150 829 483 4151 828 471 4152 830 471 4153 829 471 4154 829 471 4155 830 471 4156 831 471 4157 830 470 4158 526 470 4159 831 470 4160 831 470 4161 526 470 4162 523 470 4163 523 489 4164 522 489 4165 831 489 4166 831 489 4167 522 489 4168 829 489 4169 507 483 4170 832 483 4171 504 483 4172 504 483 4173 832 483 4174 833 483 4175 832 471 4176 834 471 4177 833 471 4178 833 471 4179 834 471 4180 835 471 4181 834 470 4182 508 470 4183 835 470 4184 835 470 4185 508 470 4186 505 470 4187 505 489 4188 504 489 4189 835 489 4190 835 489 4191 504 489 4192 833 489 4193 473 483 4194 836 483 4195 470 483 4196 470 483 4197 836 483 4198 837 483 4199 836 471 4200 838 471 4201 837 471 4202 837 471 4203 838 471 4204 839 471 4205 838 470 4206 474 470 4207 839 470 4208 839 470 4209 474 470 4210 471 470 4211 471 489 4212 470 489 4213 839 489 4214 839 489 4215 470 489 4216 837 489 4217 716 483 4218 840 483 4219 713 483 4220 713 483 4221 840 483 4222 841 483 4223 840 471 4224 842 471 4225 841 471 4226 841 471 4227 842 471 4228 843 471 4229 842 470 4230 717 470 4231 843 470 4232 843 470 4233 717 470 4234 714 470 4235 714 489 4236 713 489 4237 843 489 4238 843 489 4239 713 489 4240 841 489 4241 698 483 4242 844 483 4243 697 483 4244 697 483 4245 844 483 4246 845 483 4247 844 471 4248 846 471 4249 845 471 4250 845 471 4251 846 471 4252 847 471 4253 846 470 4254 703 470 4255 847 470 4256 847 470 4257 703 470 4258 700 470 4259 700 489 4260 697 489 4261 847 489 4262 847 489 4263 697 489 4264 845 489 4265 682 483 4266 848 483 4267 683 483 4268 683 483 4269 848 483 4270 849 483 4271 848 471 4272 850 471 4273 849 471 4274 849 471 4275 850 471 4276 851 471 4277 850 470 4278 687 470 4279 851 470 4280 851 470 4281 687 470 4282 684 470 4283 684 489 4284 683 489 4285 851 489 4286 851 489 4287 683 489 4288 849 489 4289 668 483 4290 852 483 4291 665 483 4292 665 483 4293 852 483 4294 853 483 4295 852 471 4296 854 471 4297 853 471 4298 853 471 4299 854 471 4300 855 471 4301 854 470 4302 669 470 4303 855 470 4304 855 470 4305 669 470 4306 666 470 4307 666 489 4308 665 489 4309 855 489 4310 855 489 4311 665 489 4312 853 489 4313 650 483 4314 856 483 4315 649 483 4316 649 483 4317 856 483 4318 857 483 4319 856 471 4320 858 471 4321 857 471 4322 857 471 4323 858 471 4324 859 471 4325 858 470 4326 655 470 4327 859 470 4328 859 470 4329 655 470 4330 652 470 4331 652 489 4332 649 489 4333 859 489 4334 859 489 4335 649 489 4336 857 489 4337 634 483 4338 860 483 4339 635 483 4340 635 483 4341 860 483 4342 861 483 4343 860 471 4344 862 471 4345 861 471 4346 861 471 4347 862 471 4348 863 471 4349 862 470 4350 639 470 4351 863 470 4352 863 470 4353 639 470 4354 636 470 4355 636 489 4356 635 489 4357 863 489 4358 863 489 4359 635 489 4360 861 489 4361 620 483 4362 864 483 4363 617 483 4364 617 483 4365 864 483 4366 865 483 4367 864 471 4368 866 471 4369 865 471 4370 865 471 4371 866 471 4372 867 471 4373 866 470 4374 621 470 4375 867 470 4376 867 470 4377 621 470 4378 618 470 4379 618 489 4380 617 489 4381 867 489 4382 867 489 4383 617 489 4384 865 489 4385 605 483 4386 868 483 4387 606 483 4388 606 483 4389 868 483 4390 869 483 4391 868 471 4392 870 471 4393 869 471 4394 869 471 4395 870 471 4396 871 471 4397 870 470 4398 607 470 4399 871 470 4400 871 470 4401 607 470 4402 481 470 4403 481 489 4404 606 489 4405 871 489 4406 871 489 4407 606 489 4408 869 489 4409 591 483 4410 872 483 4411 588 483 4412 588 483 4413 872 483 4414 873 483 4415 872 471 4416 874 471 4417 873 471 4418 873 471 4419 874 471 4420 875 471 4421 874 470 4422 592 470 4423 875 470 4424 875 470 4425 592 470 4426 589 470 4427 589 489 4428 588 489 4429 875 489 4430 875 489 4431 588 489 4432 873 489 4433 573 483 4434 876 483 4435 572 483 4436 572 483 4437 876 483 4438 877 483 4439 876 471 4440 878 471 4441 877 471 4442 877 471 4443 878 471 4444 879 471 4445 878 470 4446 578 470 4447 879 470 4448 879 470 4449 578 470 4450 575 470 4451 575 489 4452 572 489 4453 879 489 4454 879 489 4455 572 489 4456 877 489 4457 557 483 4458 880 483 4459 558 483 4460 558 483 4461 880 483 4462 881 483 4463 880 471 4464 882 471 4465 881 471 4466 881 471 4467 882 471 4468 883 471 4469 882 470 4470 562 470 4471 883 470 4472 883 470 4473 562 470 4474 559 470 4475 559 489 4476 558 489 4477 883 489 4478 883 489 4479 558 489 4480 881 489 4481 543 483 4482 884 483 4483 540 483 4484 540 483 4485 884 483 4486 885 483 4487 884 471 4488 886 471 4489 885 471 4490 885 471 4491 886 471 4492 887 471 4493 886 470 4494 544 470 4495 887 470 4496 887 470 4497 544 470 4498 541 470 4499 541 489 4500 540 489 4501 887 489 4502 887 489 4503 540 489 4504 885 489 4505 525 483 4506 888 483 4507 524 483 4508 524 483 4509 888 483 4510 889 483 4511 888 471 4512 890 471 4513 889 471 4514 889 471 4515 890 471 4516 891 471 4517 890 470 4518 530 470 4519 891 470 4520 891 470 4521 530 470 4522 527 470 4523 527 489 4524 524 489 4525 891 489 4526 891 489 4527 524 489 4528 889 489 4529 509 483 4530 892 483 4531 510 483 4532 510 483 4533 892 483 4534 893 483 4535 892 471 4536 894 471 4537 893 471 4538 893 471 4539 894 471 4540 895 471 4541 894 470 4542 514 470 4543 895 470 4544 895 470 4545 514 470 4546 511 470 4547 511 489 4548 510 489 4549 895 489 4550 895 489 4551 510 489 4552 893 489 4553 475 483 4554 896 483 4555 476 483 4556 476 483 4557 896 483 4558 897 483 4559 896 471 4560 898 471 4561 897 471 4562 897 471 4563 898 471 4564 899 471 4565 898 470 4566 479 470 4567 899 470 4568 899 470 4569 479 470 4570 477 470 4571 477 489 4572 476 489 4573 899 489 4574 899 489 4575 476 489 4576 897 489 4577 718 483 4578 900 483 4579 719 483 4580 719 483 4581 900 483 4582 901 483 4583 900 471 4584 902 471 4585 901 471 4586 901 471 4587 902 471 4588 903 471 4589 902 470 4590 464 470 4591 903 470 4592 903 470 4593 464 470 4594 465 470 4595 465 489 4596 719 489 4597 903 489 4598 903 489 4599 719 489 4600 901 489 4601 704 483 4602 904 483 4603 701 483 4604 701 483 4605 904 483 4606 905 483 4607 904 471 4608 906 471 4609 905 471 4610 905 471 4611 906 471 4612 907 471 4613 906 470 4614 705 470 4615 907 470 4616 907 470 4617 705 470 4618 702 470 4619 702 489 4620 701 489 4621 907 489 4622 907 489 4623 701 489 4624 905 489 4625 686 483 4626 908 483 4627 685 483 4628 685 483 4629 908 483 4630 909 483 4631 908 471 4632 910 471 4633 909 471 4634 909 471 4635 910 471 4636 911 471 4637 910 470 4638 691 470 4639 911 470 4640 911 470 4641 691 470 4642 688 470 4643 688 489 4644 685 489 4645 911 489 4646 911 489 4647 685 489 4648 909 489 4649 670 483 4650 912 483 4651 671 483 4652 671 483 4653 912 483 4654 913 483 4655 912 471 4656 914 471 4657 913 471 4658 913 471 4659 914 471 4660 915 471 4661 914 470 4662 675 470 4663 915 470 4664 915 470 4665 675 470 4666 672 470 4667 672 489 4668 671 489 4669 915 489 4670 915 489 4671 671 489 4672 913 489 4673 656 483 4674 916 483 4675 653 483 4676 653 483 4677 916 483 4678 917 483 4679 916 471 4680 918 471 4681 917 471 4682 917 471 4683 918 471 4684 919 471 4685 918 470 4686 657 470 4687 919 470 4688 919 470 4689 657 470 4690 654 470 4691 654 489 4692 653 489 4693 919 489 4694 919 489 4695 653 489 4696 917 489 4697 638 483 4698 920 483 4699 637 483 4700 637 483 4701 920 483 4702 921 483 4703 920 471 4704 922 471 4705 921 471 4706 921 471 4707 922 471 4708 923 471 4709 922 470 4710 643 470 4711 923 470 4712 923 470 4713 643 470 4714 640 470 4715 640 489 4716 637 489 4717 923 489 4718 923 489 4719 637 489 4720 921 489 4721 622 483 4722 924 483 4723 623 483 4724 623 483 4725 924 483 4726 925 483 4727 924 471 4728 926 471 4729 925 471 4730 925 471 4731 926 471 4732 927 471 4733 926 470 4734 627 470 4735 927 470 4736 927 470 4737 627 470 4738 624 470 4739 624 489 4740 623 489 4741 927 489 4742 927 489 4743 623 489 4744 925 489 4745 608 483 4746 928 483 4747 482 483 4748 482 483 4749 928 483 4750 929 483 4751 928 471 4752 930 471 4753 929 471 4754 929 471 4755 930 471 4756 931 471 4757 930 470 4758 609 470 4759 931 470 4760 931 470 4761 609 470 4762 483 470 4763 483 489 4764 482 489 4765 931 489 4766 931 489 4767 482 489 4768 929 489 4769 593 483 4770 932 483 4771 594 483 4772 594 483 4773 932 483 4774 933 483 4775 932 471 4776 934 471 4777 933 471 4778 933 471 4779 934 471 4780 935 471 4781 934 470 4782 598 470 4783 935 470 4784 935 470 4785 598 470 4786 595 470 4787 595 489 4788 594 489 4789 935 489 4790 935 489 4791 594 489 4792 933 489 4793 579 483 4794 936 483 4795 576 483 4796 576 483 4797 936 483 4798 937 483 4799 936 471 4800 938 471 4801 937 471 4802 937 471 4803 938 471 4804 939 471 4805 938 470 4806 580 470 4807 939 470 4808 939 470 4809 580 470 4810 577 470 4811 577 489 4812 576 489 4813 939 489 4814 939 489 4815 576 489 4816 937 489 4817 561 483 4818 940 483 4819 560 483 4820 560 483 4821 940 483 4822 941 483 4823 940 471 4824 942 471 4825 941 471 4826 941 471 4827 942 471 4828 943 471 4829 942 470 4830 566 470 4831 943 470 4832 943 470 4833 566 470 4834 563 470 4835 563 489 4836 560 489 4837 943 489 4838 943 489 4839 560 489 4840 941 489 4841 545 483 4842 944 483 4843 546 483 4844 546 483 4845 944 483 4846 945 483 4847 944 471 4848 946 471 4849 945 471 4850 945 471 4851 946 471 4852 947 471 4853 946 470 4854 550 470 4855 947 470 4856 947 470 4857 550 470 4858 547 470 4859 547 489 4860 546 489 4861 947 489 4862 947 489 4863 546 489 4864 945 489 4865 531 483 4866 948 483 4867 528 483 4868 528 483 4869 948 483 4870 949 483 4871 948 471 4872 950 471 4873 949 471 4874 949 471 4875 950 471 4876 951 471 4877 950 470 4878 532 470 4879 951 470 4880 951 470 4881 532 470 4882 529 470 4883 529 489 4884 528 489 4885 951 489 4886 951 489 4887 528 489 4888 949 489 4889 513 483 4890 952 483 4891 512 483 4892 512 483 4893 952 483 4894 953 483 4895 952 471 4896 954 471 4897 953 471 4898 953 471 4899 954 471 4900 955 471 4901 954 470 4902 518 470 4903 955 470 4904 955 470 4905 518 470 4906 515 470 4907 515 489 4908 512 489 4909 955 489 4910 955 489 4911 512 489 4912 953 489 4913 488 483 4914 956 483 4915 487 483 4916 487 483 4917 956 483 4918 957 483 4919 956 471 4920 958 471 4921 957 471 4922 957 471 4923 958 471 4924 959 471 4925 958 470 4926 494 470 4927 959 470 4928 959 470 4929 494 470 4930 491 470 4931 491 489 4932 487 489 4933 959 489 4934 959 489 4935 487 489 4936 957 489 4937 495 483 4938 960 483 4939 492 483 4940 492 483 4941 960 483 4942 961 483 4943 960 471 4944 962 471 4945 961 471 4946 961 471 4947 962 471 4948 963 471 4949 962 470 4950 496 470 4951 963 470 4952 963 470 4953 496 470 4954 493 470 4955 493 489 4956 492 489 4957 963 489 4958 963 489 4959 492 489 4960 961 489 4961 490 483 4962 964 483 4963 485 483 4964 485 483 4965 964 483 4966 965 483 4967 964 471 4968 966 471 4969 965 471 4970 965 471 4971 966 471 4972 967 471 4973 966 470 4974 489 470 4975 967 470 4976 967 470 4977 489 470 4978 486 470 4979 486 489 4980 485 489 4981 967 489 4982 967 489 4983 485 489 4984 965 489 4985 497 483 4986 968 483 4987 498 483 4988 498 483 4989 968 483 4990 969 483 4991 968 471 4992 970 471 4993 969 471 4994 969 471 4995 970 471 4996 971 471 4997 970 470 4998 502 470 4999 971 470 5000 971 470 5001 502 470 5002 499 470 5003 499 489 5004 498 489 5005 971 489 5006 971 489 5007 498 489 5008 969 489 5009 972 470 5010 484 470 5011 973 470 5012 973 470 5013 484 470 5014 480 470 5015 478 483 5016 974 483 5017 466 483 5018 466 483 5019 974 483 5020 975 483 5021 974 484 5022 976 484 5023 975 484 5024 975 484 5025 976 484 5026 977 484 5027 976 470 5028 978 470 5029 977 470 5030 977 470 5031 978 470 5032 979 470 5033 978 484 5034 980 484 5035 979 484 5036 979 484 5037 980 484 5038 981 484 5039 980 483 5040 982 483 5041 981 483 5042 981 483 5043 982 483 5044 983 483 5045 982 484 5046 972 484 5047 983 484 5048 983 484 5049 972 484 5050 973 484 5051 973 477 5052 480 477 5053 981 477 5054 981 477 5055 480 477 5056 466 477 5057 981 477 5058 466 477 5059 979 477 5060 979 477 5061 466 477 5062 975 477 5063 979 477 5064 975 477 5065 977 477 5066 981 477 5067 983 477 5068 973 477 5069 982 489 5070 980 489 5071 972 489 5072 972 489 5073 980 489 5074 754 708 5075 972 489 5076 754 708 5077 752 709 5078 978 489 5079 720 710 5080 980 489 5081 980 489 5082 720 710 5083 726 711 5084 980 489 5085 726 711 5086 724 712 5087 976 489 5088 974 489 5089 978 489 5090 978 489 5091 974 489 5092 460 713 5093 978 489 5094 460 713 5095 457 714 5096 460 713 5097 974 489 5098 898 489 5099 898 489 5100 974 489 5101 478 489 5102 898 489 5103 478 489 5104 479 489 5105 898 489 5106 896 489 5107 460 713 5108 460 713 5109 896 489 5110 838 489 5111 460 713 5112 838 489 5113 836 489 5114 475 489 5115 474 489 5116 896 489 5117 896 489 5118 474 489 5119 838 489 5120 473 489 5121 472 489 5122 836 489 5123 836 489 5124 472 489 5125 778 489 5126 836 489 5127 778 489 5128 460 713 5129 460 713 5130 778 489 5131 776 715 5132 460 713 5133 776 715 5134 462 716 5135 462 716 5136 776 715 5137 468 489 5138 456 717 5139 902 718 5140 457 714 5141 457 714 5142 902 718 5143 900 489 5144 457 714 5145 900 489 5146 842 489 5147 842 489 5148 900 489 5149 717 489 5150 717 489 5151 900 489 5152 718 489 5153 456 717 5154 464 489 5155 902 718 5156 457 714 5157 842 489 5158 722 719 5159 722 719 5160 842 489 5161 840 489 5162 722 719 5163 840 489 5164 782 489 5165 782 489 5166 840 489 5167 715 489 5168 715 489 5169 840 489 5170 716 489 5171 782 489 5172 780 720 5173 722 719 5174 722 719 5175 780 720 5176 711 721 5177 711 721 5178 780 720 5179 710 489 5180 457 714 5181 722 719 5182 978 489 5183 978 489 5184 722 719 5185 720 710 5186 706 717 5187 906 722 5188 720 710 5189 720 710 5190 906 722 5191 904 489 5192 720 710 5193 904 489 5194 846 489 5195 846 489 5196 904 489 5197 703 489 5198 703 489 5199 904 489 5200 704 489 5201 706 717 5202 705 489 5203 906 722 5204 720 710 5205 846 489 5206 726 711 5207 726 711 5208 846 489 5209 844 489 5210 726 711 5211 844 489 5212 786 489 5213 786 489 5214 844 489 5215 699 489 5216 699 489 5217 844 489 5218 698 489 5219 786 489 5220 784 723 5221 726 711 5222 726 711 5223 784 723 5224 693 724 5225 693 724 5226 784 723 5227 694 489 5228 692 725 5229 910 726 5230 724 712 5231 724 712 5232 910 726 5233 908 489 5234 724 712 5235 908 489 5236 850 489 5237 850 489 5238 908 489 5239 687 489 5240 687 489 5241 908 489 5242 686 489 5243 692 725 5244 691 489 5245 910 726 5246 724 712 5247 850 489 5248 730 711 5249 730 711 5250 850 489 5251 848 489 5252 730 711 5253 848 489 5254 790 489 5255 790 489 5256 848 489 5257 681 489 5258 681 489 5259 848 489 5260 682 489 5261 790 489 5262 788 723 5263 730 711 5264 730 711 5265 788 723 5266 679 724 5267 679 724 5268 788 723 5269 680 489 5270 724 712 5271 730 711 5272 980 489 5273 980 489 5274 730 711 5275 728 727 5276 980 489 5277 728 727 5278 734 728 5279 734 728 5280 728 727 5281 854 489 5282 734 728 5283 854 489 5284 852 489 5285 674 725 5286 914 726 5287 728 727 5288 728 727 5289 914 726 5290 912 489 5291 728 727 5292 912 489 5293 854 489 5294 854 489 5295 912 489 5296 669 489 5297 669 489 5298 912 489 5299 670 489 5300 674 725 5301 675 489 5302 914 726 5303 668 489 5304 667 489 5305 852 489 5306 852 489 5307 667 489 5308 794 489 5309 852 489 5310 794 489 5311 734 728 5312 734 728 5313 794 489 5314 792 723 5315 734 728 5316 792 723 5317 663 724 5318 663 724 5319 792 723 5320 662 489 5321 734 728 5322 732 727 5323 980 489 5324 980 489 5325 732 727 5326 738 719 5327 980 489 5328 738 719 5329 736 729 5330 658 725 5331 918 726 5332 732 727 5333 732 727 5334 918 726 5335 916 489 5336 732 727 5337 916 489 5338 858 489 5339 858 489 5340 916 489 5341 655 489 5342 655 489 5343 916 489 5344 656 489 5345 658 725 5346 657 489 5347 918 726 5348 732 727 5349 858 489 5350 738 719 5351 738 719 5352 858 489 5353 856 489 5354 738 719 5355 856 489 5356 798 489 5357 798 489 5358 856 489 5359 651 489 5360 651 489 5361 856 489 5362 650 489 5363 798 489 5364 796 720 5365 738 719 5366 738 719 5367 796 720 5368 645 721 5369 645 721 5370 796 720 5371 646 489 5372 644 725 5373 922 730 5374 736 729 5375 736 729 5376 922 730 5377 920 489 5378 736 729 5379 920 489 5380 862 489 5381 862 489 5382 920 489 5383 639 489 5384 639 489 5385 920 489 5386 638 489 5387 644 725 5388 643 489 5389 922 730 5390 736 729 5391 862 489 5392 742 731 5393 742 731 5394 862 489 5395 860 489 5396 742 731 5397 860 489 5398 802 489 5399 802 489 5400 860 489 5401 633 489 5402 633 489 5403 860 489 5404 634 489 5405 802 489 5406 800 732 5407 742 731 5408 742 731 5409 800 732 5410 631 733 5411 631 733 5412 800 732 5413 632 489 5414 736 729 5415 742 731 5416 980 489 5417 980 489 5418 742 731 5419 740 712 5420 980 489 5421 740 712 5422 746 731 5423 746 731 5424 740 712 5425 866 489 5426 746 731 5427 866 489 5428 864 489 5429 626 734 5430 926 735 5431 740 712 5432 740 712 5433 926 735 5434 924 489 5435 740 712 5436 924 489 5437 866 489 5438 866 489 5439 924 489 5440 621 489 5441 621 489 5442 924 489 5443 622 489 5444 626 734 5445 627 489 5446 926 735 5447 620 489 5448 619 489 5449 864 489 5450 864 489 5451 619 489 5452 806 489 5453 864 489 5454 806 489 5455 746 731 5456 746 731 5457 806 489 5458 804 732 5459 746 731 5460 804 732 5461 615 733 5462 615 733 5463 804 732 5464 614 489 5465 746 731 5466 744 712 5467 980 489 5468 980 489 5469 744 712 5470 750 708 5471 980 489 5472 750 708 5473 748 729 5474 610 734 5475 930 735 5476 744 712 5477 744 712 5478 930 735 5479 928 489 5480 744 712 5481 928 489 5482 870 489 5483 870 489 5484 928 489 5485 607 489 5486 607 489 5487 928 489 5488 608 489 5489 610 734 5490 609 489 5491 930 735 5492 744 712 5493 870 489 5494 750 708 5495 750 708 5496 870 489 5497 868 489 5498 750 708 5499 868 489 5500 810 489 5501 810 489 5502 868 489 5503 604 489 5504 604 489 5505 868 489 5506 605 489 5507 810 489 5508 808 732 5509 750 708 5510 750 708 5511 808 732 5512 602 733 5513 602 733 5514 808 732 5515 603 489 5516 597 736 5517 934 737 5518 748 729 5519 748 729 5520 934 737 5521 932 489 5522 748 729 5523 932 489 5524 874 489 5525 874 489 5526 932 489 5527 592 489 5528 592 489 5529 932 489 5530 593 489 5531 597 736 5532 598 489 5533 934 737 5534 748 729 5535 874 489 5536 754 708 5537 754 708 5538 874 489 5539 872 489 5540 754 708 5541 872 489 5542 814 489 5543 814 489 5544 872 489 5545 590 489 5546 590 489 5547 872 489 5548 591 489 5549 814 489 5550 812 738 5551 754 708 5552 754 708 5553 812 738 5554 586 739 5555 586 739 5556 812 738 5557 585 489 5558 581 740 5559 938 741 5560 752 709 5561 752 709 5562 938 741 5563 936 489 5564 752 709 5565 936 489 5566 878 489 5567 878 489 5568 936 489 5569 578 489 5570 578 489 5571 936 489 5572 579 489 5573 581 740 5574 580 489 5575 938 741 5576 752 709 5577 878 489 5578 758 742 5579 758 742 5580 878 489 5581 876 489 5582 758 742 5583 876 489 5584 818 489 5585 818 489 5586 876 489 5587 574 489 5588 574 489 5589 876 489 5590 573 489 5591 818 489 5592 816 732 5593 758 742 5594 758 742 5595 816 732 5596 568 733 5597 568 733 5598 816 732 5599 569 489 5600 752 709 5601 758 742 5602 972 489 5603 972 489 5604 758 742 5605 756 727 5606 972 489 5607 756 727 5608 762 742 5609 762 742 5610 756 727 5611 882 489 5612 762 742 5613 882 489 5614 880 489 5615 567 725 5616 942 730 5617 756 727 5618 756 727 5619 942 730 5620 940 489 5621 756 727 5622 940 489 5623 882 489 5624 882 489 5625 940 489 5626 562 489 5627 562 489 5628 940 489 5629 561 489 5630 567 725 5631 566 489 5632 942 730 5633 557 489 5634 556 489 5635 880 489 5636 880 489 5637 556 489 5638 822 489 5639 880 489 5640 822 489 5641 762 742 5642 762 742 5643 822 489 5644 820 732 5645 762 742 5646 820 732 5647 554 733 5648 554 733 5649 820 732 5650 555 489 5651 762 742 5652 760 727 5653 972 489 5654 972 489 5655 760 727 5656 766 719 5657 972 489 5658 766 719 5659 764 743 5660 549 725 5661 946 730 5662 760 727 5663 760 727 5664 946 730 5665 944 489 5666 760 727 5667 944 489 5668 886 489 5669 886 489 5670 944 489 5671 544 489 5672 544 489 5673 944 489 5674 545 489 5675 549 725 5676 550 489 5677 946 730 5678 760 727 5679 886 489 5680 766 719 5681 766 719 5682 886 489 5683 884 489 5684 766 719 5685 884 489 5686 826 489 5687 826 489 5688 884 489 5689 542 489 5690 542 489 5691 884 489 5692 543 489 5693 826 489 5694 824 720 5695 766 719 5696 766 719 5697 824 720 5698 538 721 5699 538 721 5700 824 720 5701 537 489 5702 533 744 5703 950 745 5704 764 743 5705 764 743 5706 950 745 5707 948 489 5708 764 743 5709 948 489 5710 890 489 5711 890 489 5712 948 489 5713 530 489 5714 530 489 5715 948 489 5716 531 489 5717 533 744 5718 532 489 5719 950 745 5720 764 743 5721 890 489 5722 770 728 5723 770 728 5724 890 489 5725 888 489 5726 770 728 5727 888 489 5728 830 489 5729 830 489 5730 888 489 5731 526 489 5732 526 489 5733 888 489 5734 525 489 5735 830 489 5736 828 723 5737 770 728 5738 770 728 5739 828 723 5740 520 724 5741 520 724 5742 828 723 5743 521 489 5744 764 743 5745 770 728 5746 972 489 5747 972 489 5748 770 728 5749 768 727 5750 972 489 5751 768 727 5752 774 719 5753 774 719 5754 768 727 5755 894 489 5756 774 719 5757 894 489 5758 892 489 5759 519 725 5760 954 726 5761 768 727 5762 768 727 5763 954 726 5764 952 489 5765 768 727 5766 952 489 5767 894 489 5768 894 489 5769 952 489 5770 514 489 5771 514 489 5772 952 489 5773 513 489 5774 519 725 5775 518 489 5776 954 726 5777 509 489 5778 508 489 5779 892 489 5780 892 489 5781 508 489 5782 834 489 5783 892 489 5784 834 489 5785 774 719 5786 774 719 5787 834 489 5788 832 720 5789 774 719 5790 832 720 5791 506 721 5792 506 721 5793 832 720 5794 507 489 5795 774 719 5796 772 746 5797 972 489 5798 972 489 5799 772 746 5800 966 728 5801 972 489 5802 966 728 5803 964 489 5804 501 744 5805 970 745 5806 772 746 5807 772 746 5808 970 745 5809 968 489 5810 772 746 5811 968 489 5812 962 489 5813 962 489 5814 968 489 5815 496 489 5816 496 489 5817 968 489 5818 497 489 5819 501 744 5820 502 489 5821 970 745 5822 772 746 5823 962 489 5824 966 728 5825 966 728 5826 962 489 5827 960 489 5828 966 728 5829 960 489 5830 958 489 5831 958 489 5832 960 489 5833 494 489 5834 494 489 5835 960 489 5836 495 489 5837 958 489 5838 956 723 5839 966 728 5840 966 728 5841 956 723 5842 489 724 5843 489 724 5844 956 723 5845 488 489 5846 490 489 5847 484 489 5848 964 489 5849 964 489 5850 484 489 5851 972 489 5852 748 729 5853 754 708 5854 980 489 5855</p>
        </triangles>
      </mesh>
    </geometry>
  </library_geometries>
  <library_visual_scenes>
    <visual_scene id="Scene" name="Scene">
      <node id="Digital_Calliper_" name="Digital Calliper " type="NODE">
        <matrix sid="transform">1 0 0 0 0 -4.37114e-8 -1 0 0 1 -4.37114e-8 0 0 0 0 1</matrix>
        <instance_geometry url="#Digital_Calliper_-mesh" name="Digital Calliper ">
          <bind_material>
            <technique_common>
              <instance_material symbol="Paint_-_Enamel_Glossy__Black_-material" target="#Paint_-_Enamel_Glossy__Black_-material">
                <bind_vertex_input semantic="UVMap" input_semantic="TEXCOORD" input_set="0"/>
              </instance_material>
              <instance_material symbol="Aluminum_-_Polished-material" target="#Aluminum_-_Polished-material">
                <bind_vertex_input semantic="UVMap" input_semantic="TEXCOORD" input_set="0"/>
              </instance_material>
              <instance_material symbol="Aluminum_-_Bead_Blasted-material" target="#Aluminum_-_Bead_Blasted-material">
                <bind_vertex_input semantic="UVMap" input_semantic="TEXCOORD" input_set="0"/>
              </instance_material>
            </technique_common>
          </bind_material>
        </instance_geometry>
      </node>
    </visual_scene>
  </library_visual_scenes>
  <scene>
    <instance_visual_scene url="#Scene"/>
  </scene>
</COLLADA>