# WaveFront *.obj file (generated by Cinema 4D)

mtllib ./Digital_Calliper_.mtl

v -7.285293 -2.000000 -40.179965
v -7.285293 -2.000000 -49.549220
v -7.226766 -1.994236 -49.607747
v -7.170488 -1.977164 -49.664025
v -7.118622 -1.949441 -49.715891
v -7.073161 -1.912132 -49.761352
v -7.035853 -1.866671 -49.798661
v -7.008130 -1.814805 -49.826384
v -6.991058 -1.758527 -49.843456
v -6.986738 -1.729405 -49.847775
v -6.985293 -1.700000 -49.849220
v -6.985293 -1.700000 -40.479965
v -6.986738 -1.729405 -40.478520
v -6.991058 -1.758527 -40.474200
v -7.008130 -1.814805 -40.457128
v -7.035853 -1.866671 -40.429405
v -7.073161 -1.912132 -40.392097
v -7.118622 -1.949441 -40.346636
v -7.170488 -1.977164 -40.294770
v -7.226766 -1.994236 -40.238492
v -8.445387 -2.000000 -49.549220
v -8.523033 -1.989778 -49.549220
v -8.595387 -1.959808 -49.549220
v -8.657519 -1.912132 -49.549220
v -8.705195 -1.850000 -49.549220
v -8.735165 -1.777646 -49.549220
v -8.745387 -1.700000 -49.549220
v -8.735165 -1.700000 -49.626866
v -8.705195 -1.700000 -49.699220
v -8.657519 -1.700000 -49.761352
v -8.595387 -1.700000 -49.809028
v -8.523033 -1.700000 -49.838998
v -8.445387 -1.700000 -49.849220
v -8.445387 -1.777646 -49.838998
v -8.445387 -1.850000 -49.809028
v -8.445387 -1.912132 -49.761352
v -8.445387 -1.959808 -49.699220
v -8.445387 -1.989778 -49.626866
v -8.628006 -1.755627 -49.780642
v -8.611380 -1.821184 -49.767762
v -8.586012 -1.880360 -49.743372
v -8.553237 -1.930036 -49.708757
v -8.514782 -1.967596 -49.665739
v -8.472672 -1.991063 -49.616584
v -8.512752 -1.991063 -49.576505
v -8.561906 -1.967596 -49.618615
v -8.604924 -1.930036 -49.657070
v -8.639540 -1.880360 -49.689845
v -8.663929 -1.821184 -49.715213
v -8.676809 -1.755627 -49.731839
v -8.597891 -1.957959 -49.563356
v -8.644393 -1.919465 -49.596460
v -8.680414 -1.869413 -49.627076
v -8.704057 -1.810438 -49.653592
v -8.714076 -1.745646 -49.674611
v -8.706030 -1.848217 -49.559069
v -8.729205 -1.789629 -49.586828
v -8.737431 -1.726321 -49.612606
v -8.570778 -1.745646 -49.817909
v -8.549759 -1.810438 -49.807890
v -8.523244 -1.869413 -49.784247
v -8.492627 -1.919465 -49.748226
v -8.459523 -1.957959 -49.701724
v -8.508774 -1.726321 -49.841263
v -8.482995 -1.789629 -49.833037
v -8.455236 -1.848217 -49.809863
v -8.445387 2.000000 -49.549220
v -8.445387 1.989778 -49.626866
v -8.445387 1.959808 -49.699220
v -8.445387 1.912132 -49.761352
v -8.445387 1.850000 -49.809028
v -8.445387 1.777646 -49.838998
v -8.445387 1.700000 -49.849220
v -8.523033 1.700000 -49.838998
v -8.595387 1.700000 -49.809028
v -8.657519 1.700000 -49.761352
v -8.705195 1.700000 -49.699220
v -8.735165 1.700000 -49.626866
v -8.745387 1.700000 -49.549220
v -8.735165 1.777646 -49.549220
v -8.705195 1.850000 -49.549220
v -8.657519 1.912132 -49.549220
v -8.595387 1.959808 -49.549220
v -8.523033 1.989778 -49.549220
v -8.676809 1.755627 -49.731839
v -8.663929 1.821184 -49.715213
v -8.639540 1.880360 -49.689845
v -8.604924 1.930036 -49.657070
v -8.561906 1.967596 -49.618615
v -8.512752 1.991063 -49.576505
v -8.472672 1.991063 -49.616584
v -8.514782 1.967596 -49.665739
v -8.553237 1.930036 -49.708757
v -8.586012 1.880360 -49.743372
v -8.611380 1.821184 -49.767762
v -8.628006 1.755627 -49.780642
v -8.459523 1.957959 -49.701724
v -8.492627 1.919465 -49.748226
v -8.523244 1.869413 -49.784247
v -8.549759 1.810438 -49.807890
v -8.570778 1.745646 -49.817909
v -8.455236 1.848217 -49.809863
v -8.482995 1.789629 -49.833037
v -8.508774 1.726321 -49.841263
v -8.714076 1.745646 -49.674611
v -8.704057 1.810438 -49.653592
v -8.680414 1.869413 -49.627076
v -8.644393 1.919465 -49.596460
v -8.597891 1.957959 -49.563356
v -8.737431 1.726321 -49.612606
v -8.729205 1.789629 -49.586828
v -8.706030 1.848217 -49.559069
v -8.745387 -1.700000 -35.173957
v -8.445387 -2.000000 -35.025654
v -8.447837 -1.999990 -35.026880
v -8.503248 -1.994367 -35.054539
v -8.557065 -1.978439 -35.081283
v -8.607601 -1.952363 -35.106289
v -8.652949 -1.916607 -35.128643
v -8.691325 -1.871799 -35.147496
v -8.720597 -1.819415 -35.161837
v -8.739077 -1.761206 -35.170875
v -6.985293 1.700000 -49.849220
v -7.285293 2.000000 -49.549220
v -7.226766 1.994236 -49.607747
v -7.170488 1.977164 -49.664025
v -7.118622 1.949441 -49.715891
v -7.073161 1.912132 -49.761352
v -7.035853 1.866671 -49.798661
v -7.008130 1.814805 -49.826384
v -6.991058 1.758527 -49.843456
v -6.986738 1.729405 -49.847775
v -8.641148 -2.000000 -23.103710
v -8.641148 -1.989778 -23.026064
v -8.641148 -1.959808 -22.953710
v -8.641148 -1.912132 -22.891578
v -8.641148 -1.850000 -22.843902
v -8.641148 -1.777646 -22.813932
v -8.641148 -1.700000 -22.803710
v -8.708145 -1.700000 -22.811286
v -8.771759 -1.700000 -22.833634
v -8.828774 -1.700000 -22.869623
v -8.822381 -1.777646 -22.877600
v -8.803637 -1.850000 -22.900985
v -8.773820 -1.912132 -22.938186
v -8.734961 -1.959808 -22.986666
v -8.689709 -1.989778 -23.043124
v -8.771678 -1.774305 -22.844016
v -8.762814 -1.847258 -22.872382
v -8.745562 -1.910058 -22.916697
v -8.721106 -1.958375 -22.973905
v -8.691132 -1.988878 -23.040059
v -8.641954 -1.988878 -23.022783
v -8.659940 -1.958375 -22.952417
v -8.676637 -1.910058 -22.892484
v -8.690890 -1.847258 -22.847115
v -8.701715 -1.774305 -22.819438
v -7.285293 2.000000 -40.179965
v -7.226766 1.994236 -40.238492
v -7.170488 1.977164 -40.294770
v -7.118622 1.949441 -40.346636
v -7.073161 1.912132 -40.392097
v -7.035853 1.866671 -40.429405
v -7.008130 1.814805 -40.457128
v -6.991058 1.758527 -40.474200
v -6.986738 1.729405 -40.478520
v -6.985293 1.700000 -40.479965
v -8.641148 2.000000 -23.103710
v -8.689709 1.989778 -23.043124
v -8.734961 1.959808 -22.986666
v -8.773820 1.912132 -22.938186
v -8.803637 1.850000 -22.900985
v -8.822381 1.777646 -22.877600
v -8.828774 1.700000 -22.869623
v -8.771759 1.700000 -22.833634
v -8.708145 1.700000 -22.811286
v -8.641148 1.700000 -22.803710
v -8.641148 1.777646 -22.813932
v -8.641148 1.850000 -22.843902
v -8.641148 1.912132 -22.891578
v -8.641148 1.959808 -22.953710
v -8.641148 1.989778 -23.026064
v -8.701715 1.774305 -22.819438
v -8.690890 1.847258 -22.847115
v -8.676637 1.910058 -22.892484
v -8.659940 1.958375 -22.952417
v -8.641954 1.988878 -23.022783
v -8.691132 1.988878 -23.040059
v -8.721106 1.958375 -22.973905
v -8.745562 1.910058 -22.916697
v -8.762814 1.847258 -22.872382
v -8.771678 1.774305 -22.844016
v -3.206016 2.000000 -40.179965
v -3.147489 1.994236 -40.238492
v -3.091211 1.977164 -40.294770
v -3.039345 1.949441 -40.346636
v -2.993884 1.912132 -40.392097
v -2.956575 1.866671 -40.429405
v -2.928852 1.814805 -40.457128
v -2.911780 1.758527 -40.474200
v -2.907460 1.729405 -40.478520
v -2.906016 1.700000 -40.479965
v -3.206016 2.000000 -23.103710
v -3.147489 1.994236 -23.045182
v -3.091211 1.977164 -22.988905
v -3.039345 1.949441 -22.937039
v -2.993884 1.912132 -22.891578
v -2.956575 1.866671 -22.854269
v -2.928852 1.814805 -22.826546
v -2.911780 1.758527 -22.809474
v -2.907460 1.729405 -22.805154
v -2.906016 1.700000 -22.803710
v -8.745387 1.700000 -35.173957
v -9.690420 1.700000 -34.303911
v -10.480742 1.700000 -33.291262
v -11.095148 1.700000 -32.163179
v -11.517155 1.700000 -30.949928
v -11.735439 1.700000 -29.684061
v -11.744144 1.700000 -28.399541
v -11.543037 1.700000 -27.130832
v -11.137513 1.700000 -25.911973
v -10.538452 1.700000 -24.775666
v -9.761928 1.700000 -23.752398
v -9.547425 2.000000 -23.962565
v -10.299591 2.000000 -24.959166
v -10.877034 2.000000 -26.066202
v -11.263928 2.000000 -27.253334
v -11.449671 2.000000 -28.488028
v -11.429172 2.000000 -29.736446
v -11.202992 2.000000 -30.964376
v -10.777331 2.000000 -32.138166
v -10.163854 2.000000 -33.225647
v -9.379373 2.000000 -34.197016
v -8.445387 2.000000 -35.025654
v -8.447837 1.999990 -35.026880
v -8.503248 1.994367 -35.054539
v -8.557065 1.978439 -35.081283
v -8.607601 1.952363 -35.106289
v -8.652949 1.916607 -35.128643
v -8.691325 1.871799 -35.147496
v -8.720597 1.819415 -35.161837
v -8.739077 1.761206 -35.170875
v -9.588969 1.777646 -34.397118
v -9.567292 1.850000 -34.376422
v -9.532808 1.912132 -34.343501
v -9.487868 1.959808 -34.300596
v -9.435534 1.989778 -34.250633
v -10.403590 1.777646 -33.388428
v -10.378796 1.850000 -33.371592
v -10.339353 1.912132 -33.344811
v -10.287951 1.959808 -33.309908
v -10.228091 1.989778 -33.269264
v -11.040638 1.777646 -32.259165
v -11.013405 1.850000 -32.246651
v -10.970085 1.912132 -32.226743
v -10.913629 1.959808 -32.200800
v -10.847884 1.989778 -32.170587
v -11.482653 1.777646 -31.040278
v -11.453729 1.850000 -31.032428
v -11.407718 1.912132 -31.019940
v -11.347755 1.959808 -31.003666
v -11.277927 1.989778 -30.984714
v -11.717522 1.777646 -29.765170
v -11.687700 1.850000 -29.762199
v -11.640259 1.912132 -29.757474
v -11.578433 1.959808 -29.751315
v -11.506435 1.989778 -29.744143
v -11.738809 1.777646 -28.468787
v -11.708905 1.850000 -28.470777
v -11.661335 1.912132 -28.473942
v -11.599340 1.959808 -28.478068
v -11.527145 1.989778 -28.482872
v -11.545930 1.777646 -27.186655
v -11.516764 1.850000 -27.193551
v -11.470368 1.912132 -27.204522
v -11.409903 1.959808 -27.218818
v -11.339490 1.989778 -27.235467
v -11.144171 1.777646 -25.953913
v -11.116543 1.850000 -25.965526
v -11.072592 1.912132 -25.984001
v -11.015314 1.959808 -26.008077
v -10.948613 1.989778 -26.036114
v -10.544543 1.777646 -24.804344
v -10.519209 1.850000 -24.820356
v -10.478908 1.912132 -24.845828
v -10.426387 1.959808 -24.879024
v -10.365226 1.989778 -24.917682
v -9.763477 1.777646 -23.769452
v -9.741132 1.850000 -23.789425
v -9.705586 1.912132 -23.821197
v -9.659262 1.959808 -23.862602
v -9.605316 1.989778 -23.910820
v -9.379373 -2.000000 -34.197016
v -10.163854 -2.000000 -33.225647
v -10.777331 -2.000000 -32.138166
v -11.202992 -2.000000 -30.964376
v -11.429172 -2.000000 -29.736446
v -11.449671 -2.000000 -28.488028
v -11.263928 -2.000000 -27.253334
v -10.877034 -2.000000 -26.066202
v -10.299591 -2.000000 -24.959166
v -9.547425 -2.000000 -23.962565
v -9.761928 -1.700000 -23.752398
v -10.538452 -1.700000 -24.775666
v -11.137513 -1.700000 -25.911973
v -11.543037 -1.700000 -27.130832
v -11.744144 -1.700000 -28.399541
v -11.735439 -1.700000 -29.684061
v -11.517155 -1.700000 -30.949928
v -11.095148 -1.700000 -32.163179
v -10.480742 -1.700000 -33.291262
v -9.690420 -1.700000 -34.303911
v -9.435534 -1.989778 -34.250633
v -9.487868 -1.959808 -34.300596
v -9.532808 -1.912132 -34.343501
v -9.567292 -1.850000 -34.376422
v -9.588969 -1.777646 -34.397118
v -10.228091 -1.989778 -33.269264
v -10.287951 -1.959808 -33.309908
v -10.339353 -1.912132 -33.344811
v -10.378796 -1.850000 -33.371592
v -10.403590 -1.777646 -33.388428
v -10.847884 -1.989778 -32.170587
v -10.913629 -1.959808 -32.200800
v -10.970085 -1.912132 -32.226743
v -11.013405 -1.850000 -32.246651
v -11.040638 -1.777646 -32.259165
v -11.277927 -1.989778 -30.984714
v -11.347755 -1.959808 -31.003666
v -11.407718 -1.912132 -31.019940
v -11.453729 -1.850000 -31.032428
v -11.482653 -1.777646 -31.040278
v -11.506435 -1.989778 -29.744143
v -11.578433 -1.959808 -29.751315
v -11.640259 -1.912132 -29.757474
v -11.687700 -1.850000 -29.762199
v -11.717522 -1.777646 -29.765170
v -11.527145 -1.989778 -28.482872
v -11.599340 -1.959808 -28.478068
v -11.661335 -1.912132 -28.473942
v -11.708905 -1.850000 -28.470777
v -11.738809 -1.777646 -28.468787
v -11.339490 -1.989778 -27.235467
v -11.409903 -1.959808 -27.218818
v -11.470368 -1.912132 -27.204522
v -11.516764 -1.850000 -27.193551
v -11.545930 -1.777646 -27.186655
v -10.948613 -1.989778 -26.036114
v -11.015314 -1.959808 -26.008077
v -11.072592 -1.912132 -25.984001
v -11.116543 -1.850000 -25.965526
v -11.144171 -1.777646 -25.953913
v -10.365226 -1.989778 -24.917682
v -10.426387 -1.959808 -24.879024
v -10.478908 -1.912132 -24.845828
v -10.519209 -1.850000 -24.820356
v -10.544543 -1.777646 -24.804344
v -9.605316 -1.989778 -23.910820
v -9.659262 -1.959808 -23.862602
v -9.705586 -1.912132 -23.821197
v -9.741132 -1.850000 -23.789425
v -9.763477 -1.777646 -23.769452
v -2.906016 -1.700000 -22.803710
v -3.206016 -2.000000 -23.103710
v -3.147489 -1.994236 -23.045182
v -3.091211 -1.977164 -22.988905
v -3.039345 -1.949441 -22.937039
v -2.993884 -1.912132 -22.891578
v -2.956575 -1.866671 -22.854269
v -2.928852 -1.814805 -22.826546
v -2.911780 -1.758527 -22.809474
v -2.907460 -1.729405 -22.805154
v -2.906016 -1.700000 -40.479965
v -3.206016 -2.000000 -40.179965
v -3.147489 -1.994236 -40.238492
v -3.091211 -1.977164 -40.294770
v -3.039345 -1.949441 -40.346636
v -2.993884 -1.912132 -40.392097
v -2.956575 -1.866671 -40.429405
v -2.928852 -1.814805 -40.457128
v -2.911780 -1.758527 -40.474200
v -2.907460 -1.729405 -40.478520
# 382 vertices

vn 0.195063 -0.980781 0.000000
vn 0.000000 -1.000000 0.000000
vn 0.382656 -0.923875 0.000000
vn 0.555562 -0.831469 0.000000
vn 0.707094 -0.707094 0.000000
vn 0.831469 -0.555562 0.000000
vn 0.923875 -0.382656 0.000000
vn 0.980781 -0.195063 0.000000
vn 0.995156 -0.098000 0.000000
vn 1.000000 0.000000 0.000000
vn -0.224531 -0.970187 -0.090938
vn -0.258812 -0.965906 0.000000
vn -0.090938 -0.970187 -0.224531
vn 0.000000 -0.965906 -0.258812
vn -0.231312 -0.891969 -0.388375
vn -0.047094 -0.859844 -0.508344
vn -0.359469 -0.766781 -0.531781
vn -0.157469 -0.731531 -0.663344
vn -0.468750 -0.601188 -0.647156
vn -0.259500 -0.564687 -0.783406
vn -0.553281 -0.403937 -0.728469
vn -0.347906 -0.368125 -0.862219
vn -0.608719 -0.185406 -0.771406
vn -0.417969 -0.152125 -0.895625
vn -0.499969 0.000000 -0.866000
vn -0.258812 0.000000 -0.965906
vn -0.508344 -0.859844 -0.047094
vn -0.499969 -0.866000 0.000000
vn -0.388375 -0.891969 -0.231312
vn -0.707094 -0.707094 0.000000
vn -0.663344 -0.731531 -0.157469
vn -0.531781 -0.766781 -0.359469
vn -0.868781 -0.494031 -0.032812
vn -0.866000 -0.499969 0.000000
vn -0.783406 -0.564687 -0.259500
vn -0.965906 -0.258812 0.000000
vn -0.946031 -0.298750 -0.125344
vn -0.862219 -0.368125 -0.347906
vn -0.647156 -0.601188 -0.468750
vn -0.728469 -0.403937 -0.553281
vn -0.973469 -0.087719 -0.211281
vn -1.000000 0.000000 0.000000
vn -0.965906 0.000000 -0.258812
vn -0.895625 -0.152125 -0.417969
vn -0.866000 0.000000 -0.499969
vn -0.771406 -0.185406 -0.608719
vn -0.707094 0.000000 -0.707094
vn -0.211281 -0.087719 -0.973469
vn 0.000000 0.000000 -1.000000
vn 0.000000 -0.258812 -0.965906
vn -0.125344 -0.298750 -0.946031
vn 0.000000 -0.499969 -0.866000
vn -0.032812 -0.494031 -0.868781
vn 0.000000 -0.707094 -0.707094
vn 0.000000 -0.866000 -0.499969
vn 0.000000 1.000000 0.000000
vn -0.090938 0.970187 -0.224531
vn 0.000000 0.965906 -0.258812
vn -0.224531 0.970187 -0.090938
vn -0.258812 0.965906 0.000000
vn -0.388375 0.891969 -0.231312
vn -0.508344 0.859844 -0.047094
vn -0.531781 0.766781 -0.359469
vn -0.663344 0.731531 -0.157469
vn -0.647156 0.601188 -0.468750
vn -0.783406 0.564687 -0.259500
vn -0.728469 0.403937 -0.553281
vn -0.862219 0.368125 -0.347906
vn -0.771406 0.185406 -0.608719
vn -0.895625 0.152125 -0.417969
vn -0.231312 0.891969 -0.388375
vn 0.000000 0.866000 -0.499969
vn -0.047094 0.859844 -0.508344
vn 0.000000 0.707094 -0.707094
vn -0.157469 0.731531 -0.663344
vn -0.259500 0.564687 -0.783406
vn -0.359469 0.766781 -0.531781
vn -0.468750 0.601188 -0.647156
vn -0.032812 0.494031 -0.868781
vn 0.000000 0.499969 -0.866000
vn 0.000000 0.258812 -0.965906
vn -0.211281 0.087719 -0.973469
vn -0.125344 0.298750 -0.946031
vn -0.417969 0.152125 -0.895625
vn -0.347906 0.368125 -0.862219
vn -0.553281 0.403937 -0.728469
vn -0.608719 0.185406 -0.771406
vn -0.973469 0.087719 -0.211281
vn -0.965906 0.258812 0.000000
vn -0.946031 0.298750 -0.125344
vn -0.866000 0.499969 0.000000
vn -0.868781 0.494031 -0.032812
vn -0.707094 0.707094 0.000000
vn -0.499969 0.866000 0.000000
vn -0.978938 -0.204000 0.000000
vn -0.917344 -0.398031 0.000000
vn -0.819781 -0.572656 0.000000
vn -0.691844 -0.722000 0.000000
vn -0.540688 -0.841187 0.000000
vn -0.372250 -0.928125 0.000000
vn -0.192844 -0.981219 0.000000
vn -0.008156 -0.999937 0.000000
vn 0.000000 0.098000 -0.995156
vn 0.000000 0.195063 -0.980781
vn 0.000000 0.382656 -0.923875
vn 0.000000 0.555562 -0.831469
vn 0.000000 0.831469 -0.555562
vn 0.000000 0.923875 -0.382656
vn 0.000000 0.980781 -0.195063
vn -0.161844 -0.965906 0.201937
vn 0.000000 -0.965906 0.258812
vn -0.002688 -0.962906 0.269750
vn -0.166594 -0.962906 0.212156
vn -0.266500 -0.861219 0.432656
vn -0.312687 -0.866000 0.390125
vn -0.442219 -0.707094 0.551719
vn -0.348031 -0.700188 0.623344
vn -0.541625 -0.499969 0.675719
vn -0.405531 -0.490844 0.771062
vn -0.604094 -0.258812 0.753688
vn -0.435094 -0.247656 0.865625
vn -0.625406 0.000000 0.780281
vn -0.435344 0.000000 0.900250
vn -0.201875 -0.247656 0.947563
vn -0.223312 0.000000 0.974719
vn 0.000000 0.000000 1.000000
vn 0.000000 -0.258812 0.965906
vn -0.165781 -0.490844 0.855313
vn 0.000000 -0.499969 0.866000
vn -0.118281 -0.700188 0.704063
vn 0.000000 -0.707094 0.707094
vn -0.062625 -0.861219 0.504281
vn 0.000000 -0.866000 0.499969
vn 0.195063 0.980781 0.000000
vn 0.382656 0.923875 0.000000
vn 0.555562 0.831469 0.000000
vn 0.707094 0.707094 0.000000
vn 0.831469 0.555562 0.000000
vn 0.923875 0.382656 0.000000
vn 0.980781 0.195063 0.000000
vn 0.995156 0.098000 0.000000
vn 0.000000 0.965906 0.258812
vn -0.161844 0.965906 0.201937
vn -0.002688 0.962906 0.269750
vn 0.000000 0.866000 0.499969
vn -0.062625 0.861219 0.504281
vn 0.000000 0.707094 0.707094
vn -0.118281 0.700188 0.704063
vn 0.000000 0.499969 0.866000
vn -0.165781 0.490844 0.855313
vn 0.000000 0.258812 0.965906
vn -0.201875 0.247656 0.947563
vn -0.435094 0.247656 0.865625
vn -0.604094 0.258812 0.753688
vn -0.405531 0.490844 0.771062
vn -0.541625 0.499969 0.675719
vn -0.348031 0.700188 0.623344
vn -0.442219 0.707094 0.551719
vn -0.266500 0.861219 0.432656
vn -0.312687 0.866000 0.390125
vn -0.166594 0.962906 0.212156
vn 0.000000 0.980781 0.195063
vn 0.000000 0.923875 0.382656
vn 0.000000 0.831469 0.555562
vn 0.000000 0.555562 0.831469
vn 0.000000 0.382656 0.923875
vn 0.000000 0.195063 0.980781
vn 0.000000 0.098000 0.995156
vn -0.698625 0.258812 -0.667000
vn -0.614781 0.000000 -0.788688
vn -0.601531 0.204000 -0.772313
vn -0.735281 0.000000 -0.677750
vn -0.799094 0.258812 -0.542594
vn -0.836062 0.000000 -0.548594
vn -0.877688 0.258812 -0.403313
vn -0.914406 0.000000 -0.404750
vn -0.932187 0.258812 -0.253000
vn -0.968219 0.000000 -0.250062
vn -0.961156 0.258812 -0.095719
vn -0.996063 0.000000 -0.088625
vn -0.963781 0.258812 0.064125
vn -0.997156 0.000000 0.075125
vn -0.940000 0.258812 0.222250
vn -0.971500 0.000000 0.236906
vn -0.890437 0.258812 0.374281
vn -0.919813 0.000000 0.392312
vn -0.816500 0.258812 0.516062
vn -0.843406 0.000000 0.537219
vn -0.720156 0.258812 0.643687
vn -0.744406 0.000000 0.667719
vn -0.645688 0.500000 0.577125
vn -0.732031 0.499969 0.462687
vn -0.798344 0.500000 0.335562
vn -0.842781 0.499969 0.199250
vn -0.864094 0.500000 0.057500
vn -0.861750 0.500000 -0.085813
vn -0.835781 0.499969 -0.226812
vn -0.786906 0.500000 -0.361594
vn -0.716469 0.500000 -0.486469
vn -0.626375 0.499969 -0.598000
vn -0.562844 0.398031 -0.724375
vn -0.501781 0.572656 -0.648250
vn -0.511437 0.707094 -0.488250
vn -0.422156 0.722000 -0.548125
vn -0.361625 0.866000 -0.345250
vn -0.328687 0.841187 -0.429312
vn -0.225313 0.928125 -0.296281
vn -0.187187 0.965906 -0.178719
vn -0.116187 0.981219 -0.153906
vn -0.004875 0.999937 -0.006531
vn -0.527188 0.707094 0.471219
vn -0.597719 0.707094 0.377781
vn -0.651844 0.707094 0.273969
vn -0.688125 0.707094 0.162687
vn -0.705531 0.707094 0.046937
vn -0.703594 0.707094 -0.070063
vn -0.682406 0.707094 -0.185188
vn -0.642500 0.707094 -0.295250
vn -0.584969 0.707094 -0.397188
vn -0.372781 0.866000 0.333187
vn -0.422625 0.866000 0.267125
vn -0.460906 0.866000 0.193719
vn -0.486562 0.866000 0.115031
vn -0.498875 0.866000 0.033188
vn -0.497531 0.866000 -0.049531
vn -0.482531 0.866000 -0.130969
vn -0.454313 0.866000 -0.208750
vn -0.413656 0.866000 -0.280844
vn -0.192969 0.965906 0.172469
vn -0.218750 0.965906 0.138250
vn -0.238594 0.965906 0.100281
vn -0.251844 0.965906 0.059531
vn -0.258219 0.965906 0.017188
vn -0.257531 0.965906 -0.025625
vn -0.249750 0.965906 -0.067781
vn -0.235156 0.965906 -0.108062
vn -0.214094 0.965906 -0.145375
vn -0.004875 -0.999937 -0.006531
vn -0.116187 -0.981219 -0.153906
vn -0.187187 -0.965906 -0.178719
vn -0.225313 -0.928125 -0.296281
vn -0.361625 -0.866000 -0.345250
vn -0.328687 -0.841187 -0.429312
vn -0.422156 -0.722000 -0.548125
vn -0.511437 -0.707094 -0.488250
vn -0.501781 -0.572656 -0.648250
vn -0.626375 -0.499969 -0.598000
vn -0.562844 -0.398031 -0.724375
vn -0.698625 -0.258812 -0.667000
vn -0.601531 -0.204000 -0.772313
vn -0.799094 -0.258812 -0.542594
vn -0.877688 -0.258812 -0.403313
vn -0.932187 -0.258812 -0.253000
vn -0.961156 -0.258812 -0.095719
vn -0.963781 -0.258812 0.064125
vn -0.940000 -0.258812 0.222250
vn -0.890437 -0.258812 0.374281
vn -0.816500 -0.258812 0.516062
vn -0.720156 -0.258812 0.643687
vn -0.214094 -0.965906 -0.145375
vn -0.235156 -0.965906 -0.108062
vn -0.249750 -0.965906 -0.067781
vn -0.257531 -0.965906 -0.025625
vn -0.258219 -0.965906 0.017188
vn -0.251844 -0.965906 0.059531
vn -0.238594 -0.965906 0.100281
vn -0.218750 -0.965906 0.138250
vn -0.192969 -0.965906 0.172469
vn -0.372781 -0.866000 0.333187
vn -0.422625 -0.866000 0.267125
vn -0.460906 -0.866000 0.193719
vn -0.486562 -0.866000 0.115031
vn -0.498875 -0.866000 0.033188
vn -0.497531 -0.866000 -0.049531
vn -0.482531 -0.866000 -0.130969
vn -0.454313 -0.866000 -0.208750
vn -0.413656 -0.866000 -0.280844
vn -0.527188 -0.707094 0.471219
vn -0.597719 -0.707094 0.377781
vn -0.651844 -0.707094 0.273969
vn -0.688125 -0.707094 0.162687
vn -0.705531 -0.707094 0.046937
vn -0.703594 -0.707094 -0.070063
vn -0.682406 -0.707094 -0.185188
vn -0.642500 -0.707094 -0.295250
vn -0.584969 -0.707094 -0.397188
vn -0.645688 -0.500000 0.577125
vn -0.732031 -0.499969 0.462687
vn -0.798344 -0.500000 0.335562
vn -0.842781 -0.499969 0.199250
vn -0.864094 -0.500000 0.057500
vn -0.861750 -0.500000 -0.085813
vn -0.835781 -0.499969 -0.226812
vn -0.786906 -0.500000 -0.361594
vn -0.716469 -0.500000 -0.486469
vn 0.000000 -0.098000 0.995156
vn 0.000000 -0.195063 0.980781
vn 0.000000 -0.382656 0.923875
vn 0.000000 -0.555562 0.831469
vn 0.000000 -0.831469 0.555562
vn 0.000000 -0.923875 0.382656
vn 0.000000 -0.980781 0.195063
vn -0.008156 0.999937 0.000000
vn -0.192844 0.981219 0.000000
vn -0.372250 0.928125 0.000000
vn -0.540688 0.841187 0.000000
vn -0.691844 0.722000 0.000000
vn -0.819781 0.572656 0.000000
vn -0.917344 0.398031 0.000000
vn -0.978938 0.204000 0.000000
vn 0.000000 -0.098000 -0.995156
vn 0.000000 -0.195063 -0.980781
vn 0.000000 -0.382656 -0.923875
vn 0.000000 -0.555562 -0.831469
vn 0.000000 -0.831469 -0.555562
vn 0.000000 -0.923875 -0.382656
vn 0.000000 -0.980781 -0.195063
# 317 normals

vt 0.183528 -0.017671 0.000000
vt 1.114601 -0.023562 0.000000
vt 0.177675 -0.023562 0.000000
vt 1.120453 -0.017671 0.000000
vt 0.189155 -0.011781 0.000000
vt 1.126081 -0.011781 0.000000
vt 0.194342 -0.005890 0.000000
vt 1.131268 -0.005890 0.000000
vt 0.198888 0.000000 0.000000
vt 1.135814 0.000000 0.000000
vt 0.202619 0.005890 0.000000
vt 1.139545 0.005890 0.000000
vt 0.205391 0.011781 0.000000
vt 1.142317 0.011781 0.000000
vt 0.207099 0.017671 0.000000
vt 1.144024 0.017671 0.000000
vt 0.207531 0.020617 0.000000
vt 1.144456 0.020617 0.000000
vt 0.207675 0.023562 0.000000
vt 1.144601 0.023562 0.000000
vt -0.028659 0.000000 0.000000
vt -0.021759 -0.003743 0.000000
vt -0.022556 -0.007488 0.000000
vt -0.021759 0.003743 0.000000
vt -0.022556 0.007488 0.000000
vt -0.014859 0.003743 0.000000
vt -0.014859 0.011228 0.000000
vt -0.007959 0.003743 0.000000
vt -0.007959 0.011228 0.000000
vt -0.001059 0.003743 0.000000
vt -0.001059 0.011228 0.000000
vt 0.005841 0.003743 0.000000
vt 0.005841 0.011228 0.000000
vt 0.012741 0.003743 0.000000
vt 0.012741 0.011228 0.000000
vt 0.017748 0.009376 0.000000
vt 0.015708 0.018198 0.000000
vt -0.014859 -0.011228 0.000000
vt -0.015811 -0.012461 0.000000
vt -0.014859 -0.003743 0.000000
vt -0.008785 -0.016247 0.000000
vt -0.007959 -0.011228 0.000000
vt -0.007959 -0.003743 0.000000
vt -0.001059 -0.018714 0.000000
vt -0.001642 -0.019521 0.000000
vt -0.001059 -0.011228 0.000000
vt 0.005522 -0.022710 0.000000
vt 0.005841 -0.018714 0.000000
vt 0.005841 -0.011228 0.000000
vt -0.001059 -0.003743 0.000000
vt 0.005841 -0.003743 0.000000
vt 0.012741 -0.018714 0.000000
vt 0.012616 -0.026199 0.000000
vt 0.015708 -0.018198 0.000000
vt 0.012741 -0.011228 0.000000
vt 0.017748 -0.009376 0.000000
vt 0.012741 -0.003743 0.000000
vt 0.018464 0.000000 0.000000
vt 0.012741 0.018714 0.000000
vt 0.012616 0.026199 0.000000
vt 0.005522 0.022710 0.000000
vt 0.005841 0.018714 0.000000
vt -0.001642 0.019521 0.000000
vt -0.001059 0.018714 0.000000
vt -0.008785 0.016247 0.000000
vt -0.015811 0.012461 0.000000
vt 0.028659 0.000000 0.000000
vt 0.021759 0.003743 0.000000
vt 0.022556 0.007488 0.000000
vt 0.021759 -0.003743 0.000000
vt 0.022556 -0.007488 0.000000
vt 0.014859 -0.003743 0.000000
vt 0.014859 -0.011228 0.000000
vt 0.007959 -0.003743 0.000000
vt 0.007959 -0.011228 0.000000
vt 0.001059 -0.003743 0.000000
vt 0.001059 -0.011228 0.000000
vt -0.005841 -0.003743 0.000000
vt -0.005841 -0.011228 0.000000
vt -0.012741 -0.003743 0.000000
vt -0.012741 -0.011228 0.000000
vt -0.017748 -0.009376 0.000000
vt -0.015708 -0.018198 0.000000
vt 0.014859 0.003743 0.000000
vt 0.015811 0.012461 0.000000
vt 0.014859 0.011228 0.000000
vt 0.008785 0.016247 0.000000
vt 0.007959 0.011228 0.000000
vt 0.001059 0.011228 0.000000
vt 0.007959 0.003743 0.000000
vt 0.001059 0.003743 0.000000
vt 0.001059 0.018714 0.000000
vt 0.001642 0.019521 0.000000
vt -0.005522 0.022710 0.000000
vt -0.012741 0.018714 0.000000
vt -0.012616 0.026199 0.000000
vt -0.005841 0.018714 0.000000
vt -0.015708 0.018198 0.000000
vt -0.012741 0.011228 0.000000
vt -0.005841 0.011228 0.000000
vt -0.005841 0.003743 0.000000
vt -0.017748 0.009376 0.000000
vt -0.012741 0.003743 0.000000
vt -0.018464 0.000000 0.000000
vt -0.012741 -0.018714 0.000000
vt -0.012616 -0.026199 0.000000
vt -0.005522 -0.022710 0.000000
vt -0.005841 -0.018714 0.000000
vt 0.001642 -0.019521 0.000000
vt 0.001059 -0.018714 0.000000
vt 0.008785 -0.016247 0.000000
vt 0.015811 -0.012461 0.000000
vt 0.170000 0.015708 0.000000
vt -0.170000 0.023562 0.000000
vt 0.170000 0.023562 0.000000
vt -0.170000 0.015708 0.000000
vt 0.170000 0.007854 0.000000
vt -0.170000 0.007854 0.000000
vt 0.170000 0.000000 0.000000
vt -0.170000 0.000000 0.000000
vt 0.170000 -0.007854 0.000000
vt -0.170000 -0.007854 0.000000
vt 0.170000 -0.015708 0.000000
vt -0.170000 -0.015708 0.000000
vt 0.170000 -0.023562 0.000000
vt -0.170000 -0.023562 0.000000
vt 0.791697 0.017398 0.000000
vt -0.646138 0.023562 0.000000
vt 0.791389 0.023562 0.000000
vt -0.646138 0.015708 0.000000
vt 0.792601 0.011280 0.000000
vt -0.646138 0.007854 0.000000
vt 0.794035 0.005269 0.000000
vt -0.646138 0.000000 0.000000
vt 0.795920 -0.000640 0.000000
vt 0.798155 -0.006423 0.000000
vt -0.646138 -0.007854 0.000000
vt 0.800656 -0.012119 0.000000
vt -0.646138 -0.015708 0.000000
vt 0.803330 -0.017739 0.000000
vt -0.646138 -0.023562 0.000000
vt 0.806096 -0.023317 0.000000
vt 0.806219 -0.023562 0.000000
vt 0.017399 0.020617 0.000000
vt -0.128466 0.023562 0.000000
vt 0.017544 0.023562 0.000000
vt -0.128466 0.015708 0.000000
vt 0.016967 0.017671 0.000000
vt 0.015260 0.011781 0.000000
vt -0.128466 0.007854 0.000000
vt 0.012488 0.005890 0.000000
vt -0.128466 0.000000 0.000000
vt 0.008757 0.000000 0.000000
vt 0.004211 -0.005890 0.000000
vt -0.128466 -0.007854 0.000000
vt -0.000976 -0.011781 0.000000
vt -0.128466 -0.015708 0.000000
vt -0.006604 -0.017671 0.000000
vt -0.128466 -0.023562 0.000000
vt -0.012456 -0.023562 0.000000
vt -0.024954 0.003660 0.000000
vt -0.024954 -0.003660 0.000000
vt -0.032504 0.000000 0.000000
vt -0.024604 -0.003660 0.000000
vt -0.024604 0.003660 0.000000
vt -0.016704 0.003658 0.000000
vt -0.017267 0.005700 0.000000
vt -0.009531 0.007145 0.000000
vt -0.008804 0.003656 0.000000
vt -0.001777 0.008360 0.000000
vt -0.000903 0.003653 0.000000
vt 0.005981 0.009537 0.000000
vt 0.006997 0.003651 0.000000
vt 0.013728 0.010847 0.000000
vt 0.014519 0.003649 0.000000
vt 0.006997 -0.003651 0.000000
vt 0.014519 -0.003649 0.000000
vt 0.013728 -0.010847 0.000000
vt 0.005981 -0.009537 0.000000
vt -0.000903 -0.003653 0.000000
vt -0.001777 -0.008360 0.000000
vt -0.008804 -0.003656 0.000000
vt -0.009531 -0.007145 0.000000
vt -0.016704 -0.003658 0.000000
vt -0.017267 -0.005700 0.000000
vt -1.114601 -0.023562 0.000000
vt -0.183528 -0.017671 0.000000
vt -0.177675 -0.023562 0.000000
vt -1.120453 -0.017671 0.000000
vt -0.189155 -0.011781 0.000000
vt -1.126081 -0.011781 0.000000
vt -0.194342 -0.005890 0.000000
vt -1.131268 -0.005890 0.000000
vt -0.198888 0.000000 0.000000
vt -1.135814 0.000000 0.000000
vt -0.202619 0.005890 0.000000
vt -1.139545 0.005890 0.000000
vt -0.205391 0.011781 0.000000
vt -1.142317 0.011781 0.000000
vt -0.207099 0.017671 0.000000
vt -1.144024 0.017671 0.000000
vt -0.207531 0.020617 0.000000
vt -1.144456 0.020617 0.000000
vt -0.207675 0.023562 0.000000
vt -1.144601 0.023562 0.000000
vt 0.024954 -0.003660 0.000000
vt 0.024954 0.003660 0.000000
vt 0.032504 0.000000 0.000000
vt 0.024604 -0.003660 0.000000
vt 0.017267 -0.005700 0.000000
vt 0.016704 -0.003658 0.000000
vt 0.009531 -0.007145 0.000000
vt 0.008804 -0.003656 0.000000
vt 0.001777 -0.008360 0.000000
vt 0.000903 -0.003653 0.000000
vt -0.005981 -0.009537 0.000000
vt -0.006997 -0.003651 0.000000
vt -0.013728 -0.010847 0.000000
vt -0.014519 -0.003649 0.000000
vt -0.014519 0.003649 0.000000
vt -0.006997 0.003651 0.000000
vt -0.013728 0.010847 0.000000
vt -0.005981 0.009537 0.000000
vt 0.000903 0.003653 0.000000
vt 0.001777 0.008360 0.000000
vt 0.008804 0.003656 0.000000
vt 0.009531 0.007145 0.000000
vt 0.016704 0.003658 0.000000
vt 0.017267 0.005700 0.000000
vt 0.024604 0.003660 0.000000
vt 0.170000 0.003378 0.000000
vt -0.170000 0.010135 0.000000
vt 0.170000 0.010135 0.000000
vt -0.170000 0.003378 0.000000
vt 0.170000 -0.003378 0.000000
vt -0.170000 -0.003378 0.000000
vt 0.170000 -0.010135 0.000000
vt -0.170000 -0.010135 0.000000
vt -0.210568 -0.017671 0.000000
vt 0.191508 -0.023562 0.000000
vt -0.216420 -0.023562 0.000000
vt 0.197360 -0.017671 0.000000
vt -0.204940 -0.011781 0.000000
vt 0.202988 -0.011781 0.000000
vt -0.199753 -0.005890 0.000000
vt 0.208175 -0.005890 0.000000
vt -0.195207 0.000000 0.000000
vt 0.212721 0.000000 0.000000
vt -0.191476 0.005890 0.000000
vt 0.216452 0.005890 0.000000
vt -0.188704 0.011781 0.000000
vt 0.219224 0.011781 0.000000
vt -0.186997 0.017671 0.000000
vt 0.220931 0.017671 0.000000
vt -0.186565 0.020617 0.000000
vt 0.221363 0.020617 0.000000
vt -0.186420 0.023562 0.000000
vt 0.221508 0.023562 0.000000
vt -1.067340 -0.017671 0.000000
vt 0.646138 -0.023562 0.000000
vt -1.061488 -0.023562 0.000000
vt 0.651990 -0.017671 0.000000
vt 0.657618 -0.011781 0.000000
vt -1.072968 -0.011781 0.000000
vt 0.662805 -0.005890 0.000000
vt -1.078155 -0.005890 0.000000
vt -1.082701 0.000000 0.000000
vt 0.667351 0.000000 0.000000
vt -1.086432 0.005890 0.000000
vt 0.671082 0.005890 0.000000
vt 0.673854 0.011781 0.000000
vt -1.089204 0.011781 0.000000
vt 0.675561 0.017671 0.000000
vt -1.090911 0.017671 0.000000
vt -1.091343 0.020617 0.000000
vt 0.675993 0.020617 0.000000
vt -1.091488 0.023562 0.000000
vt 0.676138 0.023562 0.000000
vt -0.489329 -0.017671 0.000000
vt 0.060037 -0.023562 0.000000
vt -0.483476 -0.023562 0.000000
vt 0.060037 -0.015708 0.000000
vt -0.494957 -0.011781 0.000000
vt 0.060037 -0.007854 0.000000
vt -0.500143 -0.005890 0.000000
vt 0.060037 0.000000 0.000000
vt -0.504689 0.000000 0.000000
vt -0.508420 0.005890 0.000000
vt 0.060037 0.007854 0.000000
vt -0.511192 0.011781 0.000000
vt 0.060037 0.015708 0.000000
vt -0.512900 0.017671 0.000000
vt -0.513332 0.020617 0.000000
vt 0.060037 0.023562 0.000000
vt -0.513476 0.023562 0.000000
vt -0.007854 -1.809116 0.000000
vt 0.000000 -1.922680 0.000000
vt -0.006164 -1.922985 0.000000
vt 0.000000 -1.795522 0.000000
vt -0.007854 -1.680599 0.000000
vt 0.000000 -1.668364 0.000000
vt -0.007854 -1.552081 0.000000
vt 0.000000 -1.541206 0.000000
vt -0.007854 -1.423564 0.000000
vt 0.000000 -1.414048 0.000000
vt -0.007854 -1.295046 0.000000
vt 0.000000 -1.286890 0.000000
vt -0.007854 -1.166529 0.000000
vt 0.000000 -1.159732 0.000000
vt -0.007854 -1.038011 0.000000
vt 0.000000 -1.032574 0.000000
vt -0.007854 -0.909494 0.000000
vt 0.000000 -0.905416 0.000000
vt -0.007854 -0.780976 0.000000
vt 0.000000 -0.778258 0.000000
vt -0.007854 -0.652459 0.000000
vt 0.000000 -0.651099 0.000000
vt -0.007854 -0.523941 0.000000
vt 0.000000 -0.523941 0.000000
vt -0.015708 -0.523941 0.000000
vt -0.015708 -0.652459 0.000000
vt -0.015708 -0.780976 0.000000
vt -0.015708 -0.909494 0.000000
vt -0.015708 -1.038011 0.000000
vt -0.015708 -1.166529 0.000000
vt -0.015708 -1.295046 0.000000
vt -0.015708 -1.423564 0.000000
vt -0.015708 -1.552081 0.000000
vt -0.015708 -1.680599 0.000000
vt -0.015708 -1.809116 0.000000
vt -0.012282 -1.923881 0.000000
vt -0.018293 -1.925306 0.000000
vt -0.023562 -1.809116 0.000000
vt -0.024202 -1.927188 0.000000
vt -0.031416 -1.809116 0.000000
vt -0.029985 -1.929431 0.000000
vt -0.035681 -1.931956 0.000000
vt -0.039270 -1.809116 0.000000
vt -0.041301 -1.934675 0.000000
vt -0.047124 -1.809116 0.000000
vt -0.046879 -1.937508 0.000000
vt -0.047124 -1.937634 0.000000
vt -0.023562 -0.523941 0.000000
vt -0.023562 -0.652459 0.000000
vt -0.023562 -0.780976 0.000000
vt -0.023562 -0.909494 0.000000
vt -0.023562 -1.038011 0.000000
vt -0.023562 -1.166529 0.000000
vt -0.023562 -1.295046 0.000000
vt -0.023562 -1.423564 0.000000
vt -0.023562 -1.552081 0.000000
vt -0.023562 -1.680599 0.000000
vt -0.031416 -0.523941 0.000000
vt -0.031416 -0.652459 0.000000
vt -0.031416 -0.780976 0.000000
vt -0.031416 -0.909494 0.000000
vt -0.031416 -1.038011 0.000000
vt -0.031416 -1.166529 0.000000
vt -0.031416 -1.295046 0.000000
vt -0.031416 -1.423564 0.000000
vt -0.031416 -1.552081 0.000000
vt -0.031416 -1.680599 0.000000
vt -0.039270 -0.523941 0.000000
vt -0.039270 -0.652459 0.000000
vt -0.039270 -0.780976 0.000000
vt -0.039270 -0.909494 0.000000
vt -0.039270 -1.038011 0.000000
vt -0.039270 -1.166529 0.000000
vt -0.039270 -1.295046 0.000000
vt -0.039270 -1.423564 0.000000
vt -0.039270 -1.552081 0.000000
vt -0.039270 -1.680599 0.000000
vt -0.047124 -0.523941 0.000000
vt -0.047124 -0.652459 0.000000
vt -0.047124 -0.780976 0.000000
vt -0.047124 -0.909494 0.000000
vt -0.047124 -1.038011 0.000000
vt -0.047124 -1.166529 0.000000
vt -0.047124 -1.295046 0.000000
vt -0.047124 -1.423564 0.000000
vt -0.047124 -1.552081 0.000000
vt -0.047124 -1.680599 0.000000
vt -0.046879 -0.498604 0.000000
vt -0.047124 -0.626995 0.000000
vt -0.047124 -0.498478 0.000000
vt -0.041301 -0.501436 0.000000
vt -0.039270 -0.626995 0.000000
vt -0.035681 -0.504155 0.000000
vt -0.031416 -0.626995 0.000000
vt -0.029985 -0.506681 0.000000
vt -0.024202 -0.508924 0.000000
vt -0.023562 -0.626995 0.000000
vt -0.018293 -0.510806 0.000000
vt -0.015708 -0.626995 0.000000
vt -0.012282 -0.512231 0.000000
vt -0.007854 -0.626995 0.000000
vt -0.006164 -0.513126 0.000000
vt 0.000000 -0.513431 0.000000
vt 0.000000 -0.640589 0.000000
vt -0.007854 -0.755513 0.000000
vt 0.000000 -0.767747 0.000000
vt -0.007854 -0.884030 0.000000
vt 0.000000 -0.894905 0.000000
vt -0.007854 -1.012548 0.000000
vt 0.000000 -1.022064 0.000000
vt -0.007854 -1.141065 0.000000
vt 0.000000 -1.149222 0.000000
vt -0.007854 -1.269583 0.000000
vt 0.000000 -1.276380 0.000000
vt -0.007854 -1.398100 0.000000
vt 0.000000 -1.403538 0.000000
vt -0.007854 -1.526618 0.000000
vt 0.000000 -1.530696 0.000000
vt -0.007854 -1.655135 0.000000
vt 0.000000 -1.657854 0.000000
vt -0.007854 -1.783653 0.000000
vt 0.000000 -1.785012 0.000000
vt -0.007854 -1.912170 0.000000
vt 0.000000 -1.912170 0.000000
vt -0.039270 -0.755513 0.000000
vt -0.047124 -0.755513 0.000000
vt -0.039270 -0.884030 0.000000
vt -0.047124 -0.884030 0.000000
vt -0.039270 -1.012548 0.000000
vt -0.047124 -1.012548 0.000000
vt -0.039270 -1.141065 0.000000
vt -0.047124 -1.141065 0.000000
vt -0.039270 -1.269583 0.000000
vt -0.047124 -1.269583 0.000000
vt -0.039270 -1.398100 0.000000
vt -0.047124 -1.398100 0.000000
vt -0.039270 -1.526618 0.000000
vt -0.047124 -1.526618 0.000000
vt -0.039270 -1.655135 0.000000
vt -0.047124 -1.655135 0.000000
vt -0.039270 -1.783653 0.000000
vt -0.047124 -1.783653 0.000000
vt -0.039270 -1.912170 0.000000
vt -0.047124 -1.912170 0.000000
vt -0.031416 -1.912170 0.000000
vt -0.031416 -1.783653 0.000000
vt -0.031416 -1.655135 0.000000
vt -0.031416 -1.526618 0.000000
vt -0.031416 -1.398100 0.000000
vt -0.031416 -1.269583 0.000000
vt -0.031416 -1.141065 0.000000
vt -0.031416 -1.012548 0.000000
vt -0.031416 -0.884030 0.000000
vt -0.031416 -0.755513 0.000000
vt -0.023562 -1.912170 0.000000
vt -0.023562 -1.783653 0.000000
vt -0.023562 -1.655135 0.000000
vt -0.023562 -1.526618 0.000000
vt -0.023562 -1.398100 0.000000
vt -0.023562 -1.269583 0.000000
vt -0.023562 -1.141065 0.000000
vt -0.023562 -1.012548 0.000000
vt -0.023562 -0.884030 0.000000
vt -0.023562 -0.755513 0.000000
vt -0.015708 -1.912170 0.000000
vt -0.015708 -1.783653 0.000000
vt -0.015708 -1.655135 0.000000
vt -0.015708 -1.526618 0.000000
vt -0.015708 -1.398100 0.000000
vt -0.015708 -1.269583 0.000000
vt -0.015708 -1.141065 0.000000
vt -0.015708 -1.012548 0.000000
vt -0.015708 -0.884030 0.000000
vt -0.015708 -0.755513 0.000000
vt 0.513332 0.020617 0.000000
vt -0.060037 0.023562 0.000000
vt 0.513476 0.023562 0.000000
vt -0.060037 0.015708 0.000000
vt 0.512900 0.017671 0.000000
vt 0.511192 0.011781 0.000000
vt -0.060037 0.007854 0.000000
vt 0.508420 0.005890 0.000000
vt -0.060037 0.000000 0.000000
vt 0.504689 0.000000 0.000000
vt 0.500143 -0.005890 0.000000
vt -0.060037 -0.007854 0.000000
vt 0.494957 -0.011781 0.000000
vt -0.060037 -0.015708 0.000000
vt 0.489329 -0.017671 0.000000
vt -0.060037 -0.023562 0.000000
vt 0.483476 -0.023562 0.000000
vt -0.806096 -0.023317 0.000000
vt -0.806219 -0.023562 0.000000
vt -0.803330 -0.017739 0.000000
vt 0.646138 -0.015708 0.000000
vt -0.800656 -0.012119 0.000000
vt 0.646138 -0.007854 0.000000
vt -0.798155 -0.006423 0.000000
vt 0.646138 0.000000 0.000000
vt -0.795920 -0.000640 0.000000
vt -0.794035 0.005269 0.000000
vt 0.646138 0.007854 0.000000
vt -0.792601 0.011280 0.000000
vt 0.646138 0.015708 0.000000
vt -0.791697 0.017398 0.000000
vt 0.646138 0.023562 0.000000
vt -0.791389 0.023562 0.000000
vt 1.091343 0.020617 0.000000
vt -0.676138 0.023562 0.000000
vt 1.091488 0.023562 0.000000
vt -0.675993 0.020617 0.000000
vt 1.090911 0.017671 0.000000
vt -0.675561 0.017671 0.000000
vt -0.673854 0.011781 0.000000
vt 1.089204 0.011781 0.000000
vt -0.671082 0.005890 0.000000
vt 1.086432 0.005890 0.000000
vt 1.082701 0.000000 0.000000
vt -0.667351 0.000000 0.000000
vt 1.078155 -0.005890 0.000000
vt -0.662805 -0.005890 0.000000
vt -0.657618 -0.011781 0.000000
vt 1.072968 -0.011781 0.000000
vt -0.651990 -0.017671 0.000000
vt 1.067340 -0.017671 0.000000
vt 1.061488 -0.023562 0.000000
vt 0.186420 0.023562 0.000000
vt -0.221363 0.020617 0.000000
vt -0.221508 0.023562 0.000000
vt 0.186565 0.020617 0.000000
vt -0.220931 0.017671 0.000000
vt 0.186997 0.017671 0.000000
vt -0.219224 0.011781 0.000000
vt 0.188704 0.011781 0.000000
vt -0.216452 0.005890 0.000000
vt 0.191476 0.005890 0.000000
vt -0.212721 0.000000 0.000000
vt 0.195207 0.000000 0.000000
vt -0.208175 -0.005890 0.000000
vt 0.199753 -0.005890 0.000000
vt -0.202988 -0.011781 0.000000
vt 0.204940 -0.011781 0.000000
vt -0.197360 -0.017671 0.000000
vt 0.210568 -0.017671 0.000000
vt -0.191508 -0.023562 0.000000
vt 0.216420 -0.023562 0.000000
vt 0.006604 -0.017671 0.000000
vt 0.128466 -0.023562 0.000000
vt 0.012456 -0.023562 0.000000
vt 0.128466 -0.015708 0.000000
vt 0.000976 -0.011781 0.000000
vt 0.128466 -0.007854 0.000000
vt -0.004211 -0.005890 0.000000
vt 0.128466 0.000000 0.000000
vt -0.008757 0.000000 0.000000
vt -0.012488 0.005890 0.000000
vt 0.128466 0.007854 0.000000
vt -0.015260 0.011781 0.000000
vt 0.128466 0.015708 0.000000
vt -0.016967 0.017671 0.000000
vt -0.017399 0.020617 0.000000
vt 0.128466 0.023562 0.000000
vt -0.017544 0.023562 0.000000
vt 0.936926 -0.170000 0.000000
vt 0.000000 0.170000 0.000000
vt 0.936926 0.170000 0.000000
vt 0.000000 -0.170000 0.000000
vt 0.407928 -0.170000 0.000000
vt 0.407928 0.170000 0.000000
vt 1.767626 -0.170000 0.000000
vt 1.767626 0.170000 0.000000
vt 0.583937 -0.170000 0.000000
vt 0.010424 0.170000 0.000000
vt 0.583937 0.170000 0.000000
vt 0.010424 -0.170000 0.000000
vt -0.170000 0.128599 0.000000
vt 0.170000 0.128599 0.000000
vt -0.170000 0.257198 0.000000
vt 0.170000 0.257198 0.000000
vt -0.170000 0.385797 0.000000
vt 0.170000 0.385797 0.000000
vt -0.170000 0.514396 0.000000
vt 0.170000 0.514396 0.000000
vt -0.170000 0.642995 0.000000
vt 0.170000 0.642995 0.000000
vt -0.170000 0.771594 0.000000
vt 0.170000 0.771594 0.000000
vt -0.170000 0.900193 0.000000
vt 0.170000 0.900193 0.000000
vt -0.170000 1.028792 0.000000
vt 0.170000 1.028792 0.000000
vt -0.170000 1.157391 0.000000
vt 0.170000 1.157391 0.000000
vt -0.170000 1.285990 0.000000
vt 0.170000 1.285990 0.000000
vt -0.170000 1.414589 0.000000
vt 0.170000 1.414589 0.000000
vt 0.110922 -0.130081 0.000000
vt -0.005087 0.385350 0.000000
vt 0.110922 1.322276 0.000000
vt -0.413015 0.385350 0.000000
vt -0.413015 -1.322276 0.000000
vt -0.005087 1.322276 0.000000
vt 0.130498 -1.322276 0.000000
vt 0.204321 -0.212945 0.000000
vt 0.221126 -1.236390 0.000000
vt 0.282769 -0.310082 0.000000
vt 0.296343 -1.136730 0.000000
vt 0.344117 -0.418830 0.000000
vt 0.354087 -1.026026 0.000000
vt 0.386683 -0.536209 0.000000
vt 0.392776 -0.907313 0.000000
vt 0.409301 -0.659002 0.000000
vt 0.411350 -0.783844 0.000000
vt 0.005087 0.385350 0.000000
vt -0.110922 1.322276 0.000000
vt 0.005087 1.322276 0.000000
vt -0.110922 -0.130081 0.000000
vt 0.413015 0.385350 0.000000
vt 0.413015 -1.322276 0.000000
vt -0.130498 -1.322276 0.000000
vt -0.204321 -0.212945 0.000000
vt -0.221126 -1.236390 0.000000
vt -0.282769 -0.310082 0.000000
vt -0.296343 -1.136730 0.000000
vt -0.344117 -0.418830 0.000000
vt -0.354087 -1.026026 0.000000
vt -0.386683 -0.536209 0.000000
vt -0.392776 -0.907313 0.000000
vt -0.409301 -0.659002 0.000000
vt -0.411350 -0.783844 0.000000
vt 0.146009 -0.170000 0.000000
vt 0.146009 0.170000 0.000000
vt 0.030000 0.170000 0.000000
vt 1.467526 -0.170000 0.000000
vt 0.030000 -0.170000 0.000000
vt 1.467526 0.170000 0.000000
# 632 texture coordinates

g Body6
usemtl Paint_-_Enamel_Glossy_(Black)
f 1/3/2 2/2/2 20/1/1
f 20/1/1 2/2/2 3/4/1
f 20/1/1 3/4/1 19/5/3
f 19/5/3 3/4/1 4/6/3
f 19/5/3 4/6/3 18/7/4
f 18/7/4 4/6/3 5/8/4
f 18/7/4 5/8/4 17/9/5
f 17/9/5 5/8/4 6/10/5
f 17/9/5 6/10/5 16/11/6
f 16/11/6 6/10/5 7/12/6
f 16/11/6 7/12/6 15/13/7
f 15/13/7 7/12/6 8/14/7
f 15/13/7 8/14/7 14/15/8
f 14/15/8 8/14/7 9/16/8
f 14/15/8 9/16/8 13/17/9
f 13/17/9 9/16/8 10/18/9
f 13/17/9 10/18/9 12/19/10
f 12/19/10 10/18/9 11/20/10
f 22/23/12 45/22/11 21/21/2
f 21/21/2 45/22/11 44/24/13
f 21/21/2 44/24/13 38/25/14
f 38/25/14 44/24/13 43/26/15
f 38/25/14 43/26/15 63/27/16
f 63/27/16 43/26/15 42/28/17
f 63/27/16 42/28/17 62/29/18
f 62/29/18 42/28/17 41/30/19
f 62/29/18 41/30/19 61/31/20
f 61/31/20 41/30/19 40/32/21
f 61/31/20 40/32/21 60/33/22
f 60/33/22 40/32/21 39/34/23
f 60/33/22 39/34/23 59/35/24
f 59/35/24 39/34/23 31/36/25
f 59/35/24 31/36/25 32/37/26
f 23/39/28 51/38/27 22/23/12
f 22/23/12 51/38/27 46/40/29
f 22/23/12 46/40/29 45/22/11
f 45/22/11 46/40/29 44/24/13
f 23/39/28 24/41/30 51/38/27
f 51/38/27 24/41/30 52/42/31
f 51/38/27 52/42/31 46/40/29
f 46/40/29 52/42/31 47/43/32
f 46/40/29 47/43/32 43/26/15
f 43/26/15 47/43/32 42/28/17
f 25/45/34 56/44/33 24/41/30
f 24/41/30 56/44/33 53/46/35
f 24/41/30 53/46/35 52/42/31
f 52/42/31 53/46/35 47/43/32
f 25/45/34 26/47/36 56/44/33
f 56/44/33 26/47/36 57/48/37
f 56/44/33 57/48/37 53/46/35
f 53/46/35 57/48/37 54/49/38
f 53/46/35 54/49/38 48/50/39
f 48/50/39 54/49/38 49/51/40
f 48/50/39 49/51/40 41/30/19
f 41/30/19 49/51/40 40/32/21
f 57/48/37 26/47/36 58/52/41
f 58/52/41 26/47/36 27/53/42
f 58/52/41 27/53/42 28/54/43
f 58/52/41 28/54/43 55/55/44
f 55/55/44 28/54/43 29/56/45
f 55/55/44 29/56/45 50/57/46
f 50/57/46 29/56/45 30/58/47
f 50/57/46 30/58/47 39/34/23
f 39/34/23 30/58/47 31/36/25
f 59/35/24 32/37/26 64/59/48
f 64/59/48 32/37/26 33/60/49
f 64/59/48 33/60/49 34/61/50
f 64/59/48 34/61/50 65/62/51
f 65/62/51 34/61/50 35/63/52
f 65/62/51 35/63/52 66/64/53
f 66/64/53 35/63/52 36/65/54
f 66/64/53 36/65/54 61/31/20
f 61/31/20 36/65/54 62/29/18
f 62/29/18 36/65/54 63/27/16
f 63/27/16 36/65/54 37/66/55
f 63/27/16 37/66/55 38/25/14
f 39/34/23 40/32/21 50/57/46
f 50/57/46 40/32/21 49/51/40
f 50/57/46 49/51/40 55/55/44
f 55/55/44 49/51/40 54/49/38
f 55/55/44 54/49/38 58/52/41
f 58/52/41 54/49/38 57/48/37
f 41/30/19 42/28/17 48/50/39
f 48/50/39 42/28/17 47/43/32
f 48/50/39 47/43/32 53/46/35
f 43/26/15 44/24/13 46/40/29
f 66/64/53 61/31/20 60/33/22
f 64/59/48 65/62/51 59/35/24
f 59/35/24 65/62/51 60/33/22
f 65/62/51 66/64/53 60/33/22
f 68/69/58 91/68/57 67/67/56
f 67/67/56 91/68/57 90/70/59
f 67/67/56 90/70/59 84/71/60
f 84/71/60 90/70/59 89/72/61
f 84/71/60 89/72/61 109/73/62
f 109/73/62 89/72/61 88/74/63
f 109/73/62 88/74/63 108/75/64
f 108/75/64 88/74/63 87/76/65
f 108/75/64 87/76/65 107/77/66
f 107/77/66 87/76/65 86/78/67
f 107/77/66 86/78/67 106/79/68
f 106/79/68 86/78/67 85/80/69
f 106/79/68 85/80/69 105/81/70
f 105/81/70 85/80/69 77/82/45
f 105/81/70 77/82/45 78/83/43
f 91/68/57 68/69/58 92/84/71
f 92/84/71 68/69/58 69/85/72
f 92/84/71 69/85/72 97/86/73
f 97/86/73 69/85/72 70/87/74
f 97/86/73 70/87/74 98/88/75
f 98/88/75 70/87/74 99/89/76
f 98/88/75 99/89/76 93/90/77
f 93/90/77 99/89/76 94/91/78
f 93/90/77 94/91/78 88/74/63
f 88/74/63 94/91/78 87/76/65
f 99/89/76 70/87/74 102/92/79
f 102/92/79 70/87/74 71/93/80
f 102/92/79 71/93/80 72/94/81
f 73/96/49 104/95/82 72/94/81
f 72/94/81 104/95/82 103/97/83
f 72/94/81 103/97/83 102/92/79
f 102/92/79 103/97/83 99/89/76
f 73/96/49 74/98/26 104/95/82
f 104/95/82 74/98/26 101/99/84
f 104/95/82 101/99/84 100/100/85
f 100/100/85 101/99/84 95/101/86
f 100/100/85 95/101/86 94/91/78
f 94/91/78 95/101/86 87/76/65
f 74/98/26 75/102/25 101/99/84
f 101/99/84 75/102/25 96/103/87
f 101/99/84 96/103/87 95/101/86
f 95/101/86 96/103/87 86/78/67
f 95/101/86 86/78/67 87/76/65
f 75/102/25 76/104/47 96/103/87
f 96/103/87 76/104/47 85/80/69
f 96/103/87 85/80/69 86/78/67
f 76/104/47 77/82/45 85/80/69
f 105/81/70 78/83/43 110/105/88
f 110/105/88 78/83/43 79/106/42
f 110/105/88 79/106/42 80/107/89
f 110/105/88 80/107/89 111/108/90
f 111/108/90 80/107/89 81/109/91
f 111/108/90 81/109/91 112/110/92
f 112/110/92 81/109/91 82/111/93
f 112/110/92 82/111/93 107/77/66
f 107/77/66 82/111/93 108/75/64
f 108/75/64 82/111/93 109/73/62
f 109/73/62 82/111/93 83/112/94
f 109/73/62 83/112/94 84/71/60
f 88/74/63 89/72/61 93/90/77
f 93/90/77 89/72/61 92/84/71
f 93/90/77 92/84/71 98/88/75
f 98/88/75 92/84/71 97/86/73
f 91/68/57 92/84/71 90/70/59
f 90/70/59 92/84/71 89/72/61
f 100/100/85 94/91/78 99/89/76
f 104/95/82 100/100/85 103/97/83
f 103/97/83 100/100/85 99/89/76
f 112/110/92 107/77/66 106/79/68
f 110/105/88 111/108/90 105/81/70
f 105/81/70 111/108/90 106/79/68
f 111/108/90 112/110/92 106/79/68
f 73/115/49 33/114/49 74/113/26
f 74/113/26 33/114/49 32/116/26
f 74/113/26 32/116/26 75/117/25
f 75/117/25 32/116/26 31/118/25
f 75/117/25 31/118/25 76/119/47
f 76/119/47 31/118/25 30/120/47
f 76/119/47 30/120/47 77/121/45
f 77/121/45 30/120/47 29/122/45
f 77/121/45 29/122/45 78/123/43
f 78/123/43 29/122/45 28/124/43
f 78/123/43 28/124/43 79/125/42
f 79/125/42 28/124/43 27/126/42
f 113/129/42 27/128/42 122/127/95
f 122/127/95 27/128/42 26/130/36
f 122/127/95 26/130/36 121/131/96
f 121/131/96 26/130/36 25/132/34
f 121/131/96 25/132/34 120/133/97
f 120/133/97 25/132/34 24/134/30
f 120/133/97 24/134/30 119/135/98
f 119/135/98 24/134/30 118/136/99
f 118/136/99 24/134/30 23/137/28
f 118/136/99 23/137/28 117/138/100
f 117/138/100 23/137/28 22/139/12
f 117/138/100 22/139/12 116/140/101
f 116/140/101 22/139/12 21/141/2
f 116/140/101 21/141/2 115/142/102
f 115/142/102 21/141/2 114/143/2
f 123/146/49 73/145/49 132/144/103
f 132/144/103 73/145/49 72/147/81
f 132/144/103 72/147/81 131/148/104
f 131/148/104 72/147/81 130/149/105
f 130/149/105 72/147/81 71/150/80
f 130/149/105 71/150/80 129/151/106
f 129/151/106 71/150/80 70/152/74
f 129/151/106 70/152/74 128/153/74
f 128/153/74 70/152/74 127/154/107
f 127/154/107 70/152/74 69/155/72
f 127/154/107 69/155/72 126/156/108
f 126/156/108 69/155/72 68/157/58
f 126/156/108 68/157/58 125/158/109
f 125/158/109 68/157/58 67/159/56
f 125/158/109 67/159/56 124/160/56
f 133/163/2 134/162/111 147/161/110
f 147/161/110 134/162/111 153/164/112
f 147/161/110 153/164/112 152/165/113
f 152/165/113 153/164/112 151/166/114
f 152/165/113 151/166/114 146/167/115
f 146/167/115 151/166/114 145/168/116
f 145/168/116 151/166/114 150/169/117
f 145/168/116 150/169/117 144/170/118
f 144/170/118 150/169/117 149/171/119
f 144/170/118 149/171/119 143/172/120
f 143/172/120 149/171/119 148/173/121
f 143/172/120 148/173/121 142/174/122
f 142/174/122 148/173/121 141/175/123
f 141/175/123 148/173/121 157/176/124
f 141/175/123 157/176/124 140/177/125
f 140/177/125 157/176/124 139/178/126
f 139/178/126 157/176/124 138/179/127
f 138/179/127 157/176/124 156/180/128
f 138/179/127 156/180/128 137/181/129
f 137/181/129 156/180/128 155/182/130
f 137/181/129 155/182/130 136/183/131
f 136/183/131 155/182/130 154/184/132
f 136/183/131 154/184/132 135/185/133
f 135/185/133 154/184/132 153/164/112
f 135/185/133 153/164/112 134/162/111
f 146/167/115 147/161/110 152/165/113
f 156/180/128 157/176/124 148/173/121
f 155/182/130 156/180/128 149/171/119
f 149/171/119 156/180/128 148/173/121
f 154/184/132 155/182/130 150/169/117
f 150/169/117 155/182/130 149/171/119
f 153/164/112 154/184/132 151/166/114
f 151/166/114 154/184/132 150/169/117
f 158/188/56 159/187/134 124/186/56
f 124/186/56 159/187/134 125/189/134
f 125/189/134 159/187/134 160/190/135
f 125/189/134 160/190/135 126/191/135
f 126/191/135 160/190/135 161/192/136
f 126/191/135 161/192/136 127/193/136
f 127/193/136 161/192/136 162/194/137
f 127/193/136 162/194/137 128/195/137
f 128/195/137 162/194/137 163/196/138
f 128/195/137 163/196/138 129/197/138
f 129/197/138 163/196/138 164/198/139
f 129/197/138 164/198/139 130/199/139
f 130/199/139 164/198/139 165/200/140
f 130/199/139 165/200/140 131/201/140
f 131/201/140 165/200/140 166/202/141
f 131/201/140 166/202/141 132/203/141
f 132/203/141 166/202/141 167/204/10
f 132/203/141 167/204/10 123/205/10
f 168/208/56 169/207/143 182/206/142
f 182/206/142 169/207/143 187/209/144
f 182/206/142 187/209/144 181/210/145
f 181/210/145 187/209/144 186/211/146
f 181/210/145 186/211/146 180/212/147
f 180/212/147 186/211/146 185/213/148
f 180/212/147 185/213/148 179/214/149
f 179/214/149 185/213/148 184/215/150
f 179/214/149 184/215/150 178/216/151
f 178/216/151 184/215/150 183/217/152
f 178/216/151 183/217/152 177/218/126
f 177/218/126 183/217/152 176/219/125
f 176/219/125 183/217/152 175/220/123
f 175/220/123 183/217/152 192/221/153
f 175/220/123 192/221/153 174/222/122
f 174/222/122 192/221/153 173/223/154
f 173/223/154 192/221/153 191/224/155
f 173/223/154 191/224/155 172/225/156
f 172/225/156 191/224/155 190/226/157
f 172/225/156 190/226/157 171/227/158
f 171/227/158 190/226/157 189/228/159
f 171/227/158 189/228/159 170/229/160
f 170/229/160 189/228/159 188/230/161
f 170/229/160 188/230/161 169/207/143
f 169/207/143 188/230/161 187/209/144
f 191/224/155 192/221/153 184/215/150
f 184/215/150 192/221/153 183/217/152
f 190/226/157 191/224/155 185/213/148
f 185/213/148 191/224/155 184/215/150
f 189/228/159 190/226/157 186/211/146
f 186/211/146 190/226/157 185/213/148
f 188/230/161 189/228/159 187/209/144
f 187/209/144 189/228/159 186/211/146
f 139/233/126 177/232/126 140/231/125
f 140/231/125 177/232/126 176/234/125
f 140/231/125 176/234/125 141/235/123
f 141/235/123 176/234/125 175/236/123
f 141/235/123 175/236/123 142/237/122
f 142/237/122 175/236/123 174/238/122
f 158/241/56 193/240/56 159/239/109
f 159/239/109 193/240/56 194/242/109
f 159/239/109 194/242/109 160/243/108
f 160/243/108 194/242/109 195/244/108
f 160/243/108 195/244/108 161/245/107
f 161/245/107 195/244/108 196/246/107
f 161/245/107 196/246/107 162/247/74
f 162/247/74 196/246/107 197/248/74
f 162/247/74 197/248/74 163/249/106
f 163/249/106 197/248/74 198/250/106
f 163/249/106 198/250/106 164/251/105
f 164/251/105 198/250/106 199/252/105
f 164/251/105 199/252/105 165/253/104
f 165/253/104 199/252/105 200/254/104
f 165/253/104 200/254/104 166/255/103
f 166/255/103 200/254/104 201/256/103
f 166/255/103 201/256/103 167/257/49
f 167/257/49 201/256/103 202/258/49
f 193/261/56 203/260/56 194/259/134
f 194/259/134 203/260/56 204/262/134
f 194/259/134 204/262/134 205/263/135
f 194/259/134 205/263/135 195/264/135
f 195/264/135 205/263/135 206/265/136
f 195/264/135 206/265/136 196/266/136
f 196/266/136 206/265/136 197/267/137
f 197/267/137 206/265/136 207/268/137
f 197/267/137 207/268/137 198/269/138
f 198/269/138 207/268/137 208/270/138
f 198/269/138 208/270/138 209/271/139
f 198/269/138 209/271/139 199/272/139
f 199/272/139 209/271/139 210/273/140
f 199/272/139 210/273/140 200/274/140
f 200/274/140 210/273/140 201/275/141
f 201/275/141 210/273/140 211/276/141
f 201/275/141 211/276/141 202/277/10
f 202/277/10 211/276/141 212/278/10
f 203/281/56 168/280/56 204/279/162
f 204/279/162 168/280/56 182/282/142
f 204/279/162 182/282/142 205/283/163
f 205/283/163 182/282/142 181/284/145
f 205/283/163 181/284/145 206/285/164
f 206/285/164 181/284/145 180/286/147
f 206/285/164 180/286/147 207/287/147
f 207/287/147 180/286/147 208/288/165
f 208/288/165 180/286/147 179/289/149
f 208/288/165 179/289/149 209/290/166
f 209/290/166 179/289/149 178/291/151
f 209/290/166 178/291/151 210/292/167
f 210/292/167 178/291/151 211/293/168
f 211/293/168 178/291/151 177/294/126
f 211/293/168 177/294/126 212/295/126
f 242/298/171 213/297/170 243/296/169
f 243/296/169 213/297/170 214/299/172
f 243/296/169 214/299/172 248/300/173
f 248/300/173 214/299/172 215/301/174
f 248/300/173 215/301/174 253/302/175
f 253/302/175 215/301/174 216/303/176
f 253/302/175 216/303/176 258/304/177
f 258/304/177 216/303/176 217/305/178
f 258/304/177 217/305/178 263/306/179
f 263/306/179 217/305/178 218/307/180
f 263/306/179 218/307/180 268/308/181
f 268/308/181 218/307/180 219/309/182
f 268/308/181 219/309/182 273/310/183
f 273/310/183 219/309/182 220/311/184
f 273/310/183 220/311/184 278/312/185
f 278/312/185 220/311/184 221/313/186
f 278/312/185 221/313/186 283/314/187
f 283/314/187 221/313/186 222/315/188
f 283/314/187 222/315/188 288/316/189
f 288/316/189 222/315/188 223/317/190
f 288/316/189 223/317/190 173/318/154
f 173/318/154 223/317/190 174/319/122
f 173/318/154 172/320/156 288/316/189
f 288/316/189 172/320/156 289/321/191
f 288/316/189 289/321/191 283/314/187
f 283/314/187 289/321/191 284/322/192
f 283/314/187 284/322/192 278/312/185
f 278/312/185 284/322/192 279/323/193
f 278/312/185 279/323/193 273/310/183
f 273/310/183 279/323/193 274/324/194
f 273/310/183 274/324/194 268/308/181
f 268/308/181 274/324/194 269/325/195
f 268/308/181 269/325/195 263/306/179
f 263/306/179 269/325/195 264/326/196
f 263/306/179 264/326/196 258/304/177
f 258/304/177 264/326/196 259/327/197
f 258/304/177 259/327/197 253/302/175
f 253/302/175 259/327/197 254/328/198
f 253/302/175 254/328/198 248/300/173
f 248/300/173 254/328/198 249/329/199
f 248/300/173 249/329/199 243/296/169
f 243/296/169 249/329/199 244/330/200
f 243/296/169 244/330/200 241/331/201
f 241/331/201 244/330/200 240/332/202
f 240/332/202 244/330/200 245/333/203
f 240/332/202 245/333/203 239/334/204
f 239/334/204 245/333/203 246/335/205
f 239/334/204 246/335/205 238/336/206
f 238/336/206 246/335/205 237/337/207
f 237/337/207 246/335/205 247/338/208
f 237/337/207 247/338/208 236/339/209
f 236/339/209 247/338/208 233/340/56
f 236/339/209 233/340/56 235/341/210
f 235/341/210 233/340/56 234/342/56
f 172/320/156 171/343/158 289/321/191
f 289/321/191 171/343/158 290/344/211
f 289/321/191 290/344/211 284/322/192
f 284/322/192 290/344/211 285/345/212
f 284/322/192 285/345/212 279/323/193
f 279/323/193 285/345/212 280/346/213
f 279/323/193 280/346/213 274/324/194
f 274/324/194 280/346/213 275/347/214
f 274/324/194 275/347/214 269/325/195
f 269/325/195 275/347/214 270/348/215
f 269/325/195 270/348/215 264/326/196
f 264/326/196 270/348/215 265/349/216
f 264/326/196 265/349/216 259/327/197
f 259/327/197 265/349/216 260/350/217
f 259/327/197 260/350/217 254/328/198
f 254/328/198 260/350/217 255/351/218
f 254/328/198 255/351/218 249/329/199
f 249/329/199 255/351/218 250/352/219
f 249/329/199 250/352/219 244/330/200
f 244/330/200 250/352/219 245/333/203
f 171/343/158 170/353/160 290/344/211
f 290/344/211 170/353/160 291/354/220
f 290/344/211 291/354/220 285/345/212
f 285/345/212 291/354/220 286/355/221
f 285/345/212 286/355/221 280/346/213
f 280/346/213 286/355/221 281/356/222
f 280/346/213 281/356/222 275/347/214
f 275/347/214 281/356/222 276/357/223
f 275/347/214 276/357/223 270/348/215
f 270/348/215 276/357/223 271/358/224
f 270/348/215 271/358/224 265/349/216
f 265/349/216 271/358/224 266/359/225
f 265/349/216 266/359/225 260/350/217
f 260/350/217 266/359/225 261/360/226
f 260/350/217 261/360/226 255/351/218
f 255/351/218 261/360/226 256/361/227
f 255/351/218 256/361/227 250/352/219
f 250/352/219 256/361/227 251/362/228
f 250/352/219 251/362/228 245/333/203
f 245/333/203 251/362/228 246/335/205
f 170/353/160 169/363/143 291/354/220
f 291/354/220 169/363/143 292/364/229
f 291/354/220 292/364/229 286/355/221
f 286/355/221 292/364/229 287/365/230
f 286/355/221 287/365/230 281/356/222
f 281/356/222 287/365/230 282/366/231
f 281/356/222 282/366/231 276/357/223
f 276/357/223 282/366/231 277/367/232
f 276/357/223 277/367/232 271/358/224
f 271/358/224 277/367/232 272/368/233
f 271/358/224 272/368/233 266/359/225
f 266/359/225 272/368/233 267/369/234
f 266/359/225 267/369/234 261/360/226
f 261/360/226 267/369/234 262/370/235
f 261/360/226 262/370/235 256/361/227
f 256/361/227 262/370/235 257/371/236
f 256/361/227 257/371/236 251/362/228
f 251/362/228 257/371/236 252/372/237
f 251/362/228 252/372/237 246/335/205
f 246/335/205 252/372/237 247/338/208
f 169/363/143 168/373/56 292/364/229
f 292/364/229 168/373/56 224/374/56
f 292/364/229 224/374/56 287/365/230
f 287/365/230 224/374/56 225/375/56
f 287/365/230 225/375/56 282/366/231
f 282/366/231 225/375/56 226/376/56
f 282/366/231 226/376/56 277/367/232
f 277/367/232 226/376/56 227/377/56
f 277/367/232 227/377/56 272/368/233
f 272/368/233 227/377/56 228/378/56
f 272/368/233 228/378/56 267/369/234
f 267/369/234 228/378/56 229/379/56
f 267/369/234 229/379/56 262/370/235
f 262/370/235 229/379/56 230/380/56
f 262/370/235 230/380/56 257/371/236
f 257/371/236 230/380/56 231/381/56
f 257/371/236 231/381/56 252/372/237
f 252/372/237 231/381/56 232/382/56
f 252/372/237 232/382/56 247/338/208
f 247/338/208 232/382/56 233/340/56
f 241/331/201 242/298/171 243/296/169
f 114/385/2 293/384/2 115/383/238
f 115/383/238 293/384/2 116/386/239
f 116/386/239 293/384/2 313/387/240
f 116/386/239 313/387/240 117/388/241
f 117/388/241 313/387/240 314/389/242
f 117/388/241 314/389/242 118/390/243
f 118/390/243 314/389/242 119/391/244
f 119/391/244 314/389/242 315/392/245
f 119/391/244 315/392/245 120/393/246
f 120/393/246 315/392/245 316/394/247
f 120/393/246 316/394/247 121/395/248
f 121/395/248 316/394/247 317/396/249
f 121/395/248 317/396/249 122/397/250
f 122/397/250 317/396/249 113/398/170
f 113/398/170 317/396/249 312/399/172
f 312/399/172 317/396/249 322/400/251
f 312/399/172 322/400/251 311/401/174
f 311/401/174 322/400/251 327/402/252
f 311/401/174 327/402/252 310/403/176
f 310/403/176 327/402/252 332/404/253
f 310/403/176 332/404/253 309/405/178
f 309/405/178 332/404/253 337/406/254
f 309/405/178 337/406/254 308/407/180
f 308/407/180 337/406/254 342/408/255
f 308/407/180 342/408/255 307/409/182
f 307/409/182 342/408/255 347/410/256
f 307/409/182 347/410/256 306/411/184
f 306/411/184 347/410/256 352/412/257
f 306/411/184 352/412/257 305/413/186
f 305/413/186 352/412/257 357/414/258
f 305/413/186 357/414/258 304/415/188
f 304/415/188 357/414/258 362/416/259
f 304/415/188 362/416/259 303/417/190
f 303/417/190 362/416/259 143/418/120
f 303/417/190 143/418/120 142/419/122
f 313/387/240 293/384/2 318/420/260
f 318/420/260 293/384/2 294/421/2
f 318/420/260 294/421/2 323/422/261
f 323/422/261 294/421/2 295/423/2
f 323/422/261 295/423/2 328/424/262
f 328/424/262 295/423/2 296/425/2
f 328/424/262 296/425/2 333/426/263
f 333/426/263 296/425/2 297/427/2
f 333/426/263 297/427/2 338/428/264
f 338/428/264 297/427/2 298/429/2
f 338/428/264 298/429/2 343/430/265
f 343/430/265 298/429/2 299/431/2
f 343/430/265 299/431/2 348/432/266
f 348/432/266 299/431/2 300/433/2
f 348/432/266 300/433/2 353/434/267
f 353/434/267 300/433/2 301/435/2
f 353/434/267 301/435/2 358/436/268
f 358/436/268 301/435/2 302/437/2
f 358/436/268 302/437/2 147/438/110
f 147/438/110 302/437/2 133/439/2
f 147/438/110 146/440/115 358/436/268
f 358/436/268 146/440/115 359/441/269
f 358/436/268 359/441/269 353/434/267
f 353/434/267 359/441/269 354/442/270
f 353/434/267 354/442/270 348/432/266
f 348/432/266 354/442/270 349/443/271
f 348/432/266 349/443/271 343/430/265
f 343/430/265 349/443/271 344/444/272
f 343/430/265 344/444/272 338/428/264
f 338/428/264 344/444/272 339/445/273
f 338/428/264 339/445/273 333/426/263
f 333/426/263 339/445/273 334/446/274
f 333/426/263 334/446/274 328/424/262
f 328/424/262 334/446/274 329/447/275
f 328/424/262 329/447/275 323/422/261
f 323/422/261 329/447/275 324/448/276
f 323/422/261 324/448/276 318/420/260
f 318/420/260 324/448/276 319/449/277
f 318/420/260 319/449/277 313/387/240
f 313/387/240 319/449/277 314/389/242
f 146/440/115 145/450/116 359/441/269
f 359/441/269 145/450/116 360/451/278
f 359/441/269 360/451/278 354/442/270
f 354/442/270 360/451/278 355/452/279
f 354/442/270 355/452/279 349/443/271
f 349/443/271 355/452/279 350/453/280
f 349/443/271 350/453/280 344/444/272
f 344/444/272 350/453/280 345/454/281
f 344/444/272 345/454/281 339/445/273
f 339/445/273 345/454/281 340/455/282
f 339/445/273 340/455/282 334/446/274
f 334/446/274 340/455/282 335/456/283
f 334/446/274 335/456/283 329/447/275
f 329/447/275 335/456/283 330/457/284
f 329/447/275 330/457/284 324/448/276
f 324/448/276 330/457/284 325/458/285
f 324/448/276 325/458/285 319/449/277
f 319/449/277 325/458/285 320/459/286
f 319/449/277 320/459/286 314/389/242
f 314/389/242 320/459/286 315/392/245
f 145/450/116 144/460/118 360/451/278
f 360/451/278 144/460/118 361/461/287
f 360/451/278 361/461/287 355/452/279
f 355/452/279 361/461/287 356/462/288
f 355/452/279 356/462/288 350/453/280
f 350/453/280 356/462/288 351/463/289
f 350/453/280 351/463/289 345/454/281
f 345/454/281 351/463/289 346/464/290
f 345/454/281 346/464/290 340/455/282
f 340/455/282 346/464/290 341/465/291
f 340/455/282 341/465/291 335/456/283
f 335/456/283 341/465/291 336/466/292
f 335/456/283 336/466/292 330/457/284
f 330/457/284 336/466/292 331/467/293
f 330/457/284 331/467/293 325/458/285
f 325/458/285 331/467/293 326/468/294
f 325/458/285 326/468/294 320/459/286
f 320/459/286 326/468/294 321/469/295
f 320/459/286 321/469/295 315/392/245
f 315/392/245 321/469/295 316/394/247
f 144/460/118 143/418/120 361/461/287
f 361/461/287 143/418/120 362/416/259
f 361/461/287 362/416/259 356/462/288
f 356/462/288 362/416/259 357/414/258
f 356/462/288 357/414/258 351/463/289
f 351/463/289 357/414/258 352/412/257
f 351/463/289 352/412/257 346/464/290
f 346/464/290 352/412/257 347/410/256
f 346/464/290 347/410/256 341/465/291
f 341/465/291 347/410/256 342/408/255
f 341/465/291 342/408/255 336/466/292
f 336/466/292 342/408/255 337/406/254
f 336/466/292 337/406/254 331/467/293
f 331/467/293 337/406/254 332/404/253
f 331/467/293 332/404/253 326/468/294
f 326/468/294 332/404/253 327/402/252
f 326/468/294 327/402/252 321/469/295
f 321/469/295 327/402/252 322/400/251
f 321/469/295 322/400/251 316/394/247
f 316/394/247 322/400/251 317/396/249
f 363/472/126 139/471/126 372/470/296
f 372/470/296 139/471/126 138/473/127
f 372/470/296 138/473/127 371/474/297
f 371/474/297 138/473/127 370/475/298
f 370/475/298 138/473/127 137/476/129
f 370/475/298 137/476/129 369/477/299
f 369/477/299 137/476/129 136/478/131
f 369/477/299 136/478/131 368/479/131
f 368/479/131 136/478/131 367/480/300
f 367/480/300 136/478/131 135/481/133
f 367/480/300 135/481/133 366/482/301
f 366/482/301 135/481/133 134/483/111
f 366/482/301 134/483/111 365/484/302
f 365/484/302 134/483/111 133/485/2
f 365/484/302 133/485/2 364/486/2
f 234/488/56 67/260/56 235/487/303
f 235/487/303 67/260/56 236/489/304
f 236/489/304 67/260/56 84/490/60
f 236/489/304 84/490/60 237/491/305
f 237/491/305 84/490/60 83/492/94
f 237/491/305 83/492/94 238/493/306
f 238/493/306 83/492/94 82/494/93
f 238/493/306 82/494/93 239/495/307
f 239/495/307 82/494/93 240/496/308
f 240/496/308 82/494/93 81/497/91
f 240/496/308 81/497/91 241/498/309
f 241/498/309 81/497/91 80/499/89
f 241/498/309 80/499/89 242/500/310
f 242/500/310 80/499/89 79/501/42
f 242/500/310 79/501/42 213/502/42
f 373/505/10 363/504/10 382/503/9
f 382/503/9 363/504/10 372/506/9
f 382/503/9 372/506/9 381/507/8
f 381/507/8 372/506/9 371/508/8
f 381/507/8 371/508/8 370/509/7
f 381/507/8 370/509/7 380/510/7
f 380/510/7 370/509/7 369/511/6
f 380/510/7 369/511/6 379/512/6
f 379/512/6 369/511/6 378/513/5
f 378/513/5 369/511/6 368/514/5
f 378/513/5 368/514/5 377/515/4
f 377/515/4 368/514/5 367/516/4
f 377/515/4 367/516/4 366/517/3
f 377/515/4 366/517/3 376/518/3
f 376/518/3 366/517/3 365/519/1
f 376/518/3 365/519/1 375/520/1
f 375/520/1 365/519/1 374/521/2
f 374/521/2 365/519/1 364/141/2
f 373/524/49 382/523/311 12/522/49
f 12/522/49 382/523/311 13/525/311
f 13/525/311 382/523/311 381/526/312
f 13/525/311 381/526/312 14/527/312
f 14/527/312 381/526/312 380/528/313
f 14/527/312 380/528/313 15/529/313
f 15/529/313 380/528/313 379/530/314
f 15/529/313 379/530/314 16/531/314
f 16/531/314 379/530/314 378/532/54
f 16/531/314 378/532/54 17/533/54
f 17/533/54 378/532/54 377/534/315
f 17/533/54 377/534/315 18/535/315
f 18/535/315 377/534/315 376/536/316
f 18/535/315 376/536/316 19/537/316
f 19/537/316 376/536/316 375/538/317
f 19/537/316 375/538/317 20/539/317
f 20/539/317 375/538/317 374/540/2
f 20/539/317 374/540/2 1/541/2
f 2/544/2 21/543/2 3/542/317
f 3/542/317 21/543/2 38/545/14
f 3/542/317 38/545/14 4/546/316
f 4/546/316 38/545/14 37/547/55
f 4/546/316 37/547/55 5/548/315
f 5/548/315 37/547/55 36/549/54
f 5/548/315 36/549/54 6/550/54
f 6/550/54 36/549/54 7/551/314
f 7/551/314 36/549/54 35/552/52
f 7/551/314 35/552/52 8/553/313
f 8/553/313 35/552/52 34/554/50
f 8/553/313 34/554/50 9/555/312
f 9/555/312 34/554/50 10/556/311
f 10/556/311 34/554/50 33/557/49
f 10/556/311 33/557/49 11/558/49
f 123/561/10 167/560/10 11/559/10
f 11/559/10 167/560/10 12/562/10
f 167/564/49 202/560/49 12/563/49
f 12/563/49 202/560/49 373/562/49
f 202/566/10 212/560/10 373/565/10
f 373/565/10 212/560/10 363/562/10
f 212/569/126 177/568/126 363/567/126
f 363/567/126 177/568/126 139/570/126
f 213/120/170 113/119/170 214/571/172
f 214/571/172 113/119/170 312/572/172
f 214/571/172 312/572/172 215/573/174
f 215/573/174 312/572/172 311/574/174
f 215/573/174 311/574/174 216/575/176
f 216/575/176 311/574/174 310/576/176
f 216/575/176 310/576/176 217/577/178
f 217/577/178 310/576/176 309/578/178
f 217/577/178 309/578/178 218/579/180
f 218/579/180 309/578/178 308/580/180
f 218/579/180 308/580/180 219/581/182
f 219/581/182 308/580/180 307/582/182
f 219/581/182 307/582/182 220/583/184
f 220/583/184 307/582/182 306/584/184
f 220/583/184 306/584/184 221/585/186
f 221/585/186 306/584/184 305/586/186
f 221/585/186 305/586/186 222/587/188
f 222/587/188 305/586/186 304/588/188
f 222/587/188 304/588/188 223/589/190
f 223/589/190 304/588/188 303/590/190
f 223/589/190 303/590/190 174/591/122
f 174/591/122 303/590/190 142/592/122
f 21/595/2 1/594/2 114/593/2
f 114/593/2 1/594/2 374/596/2
f 114/593/2 374/596/2 364/597/2
f 21/595/2 2/598/2 1/594/2
f 364/597/2 133/599/2 114/593/2
f 114/593/2 133/599/2 293/600/2
f 293/600/2 133/599/2 302/601/2
f 293/600/2 302/601/2 294/602/2
f 294/602/2 302/601/2 301/603/2
f 294/602/2 301/603/2 295/604/2
f 295/604/2 301/603/2 300/605/2
f 295/604/2 300/605/2 296/606/2
f 296/606/2 300/605/2 299/607/2
f 296/606/2 299/607/2 297/608/2
f 297/608/2 299/607/2 298/609/2
f 124/612/56 67/611/56 158/610/56
f 158/610/56 67/611/56 234/613/56
f 158/610/56 234/613/56 193/614/56
f 193/614/56 234/613/56 203/615/56
f 203/615/56 234/613/56 168/616/56
f 168/616/56 234/613/56 233/617/56
f 168/616/56 233/617/56 224/618/56
f 224/618/56 233/617/56 232/619/56
f 224/618/56 232/619/56 225/620/56
f 225/620/56 232/619/56 231/621/56
f 225/620/56 231/621/56 226/622/56
f 226/622/56 231/621/56 230/623/56
f 226/622/56 230/623/56 227/624/56
f 227/624/56 230/623/56 229/625/56
f 227/624/56 229/625/56 228/626/56
f 73/628/49 123/560/49 33/627/49
f 33/627/49 123/560/49 11/562/49
f 27/631/42 113/630/42 79/629/42
f 79/629/42 113/630/42 213/632/42

v -28.673695 1.800000 -96.925698
v -28.673695 -1.800000 -96.925698
v -7.165021 -1.800000 -96.925698
v -7.165021 1.800000 -96.925698
v -28.673695 1.800000 -99.004159
v -39.410525 1.800000 -99.004159
v -39.506337 0.002962 -97.966639
v -39.460838 -1.800000 -96.925698
v -2.165440 -1.800000 -113.659996
v 2.326305 -1.800000 -113.659996
v 2.326305 -1.800000 -99.480540
v -7.165021 -1.800000 -99.480540
v -39.476489 -1.800000 -98.482207
v -39.177979 -1.800000 -100.009904
v -38.577570 -1.800000 -101.446035
v -37.699924 -1.800000 -102.731610
v -36.581093 -1.800000 -103.813821
v -35.267034 -1.800000 -104.648215
v -33.811724 -1.800000 -105.200517
v 2.326305 1.800000 -113.659996
v -2.165440 1.800000 -113.659996
v 2.326305 1.800000 -99.480540
v -7.165021 1.800000 -99.480540
v -33.811724 1.800000 -105.200517
v -35.188392 1.800000 -104.687033
v -36.442082 1.800000 -103.920782
v -37.526911 1.800000 -102.929810
v -38.403174 1.800000 -101.750384
v -39.038800 1.800000 -100.425673
# 29 vertices

vn -0.258219 0.000000 -0.966062
vn -0.995812 0.000000 -0.091312
vn -0.999687 0.000000 -0.024187
vn -0.993781 0.000000 0.111313
vn -0.987219 0.000000 -0.159281
vn -0.956937 0.000000 -0.290219
vn -0.938812 0.000000 -0.344375
vn -0.878750 0.000000 -0.477219
vn -0.856062 0.000000 -0.516844
vn -0.764500 0.000000 -0.644594
vn -0.741969 0.000000 -0.670406
vn -0.618813 0.000000 -0.785500
vn -0.600719 0.000000 -0.799438
vn -0.447719 0.000000 -0.894156
vn -0.437469 0.000000 -0.899219
# 15 normals

vt 2.150867 -0.330000 0.000000
vt 0.000000 0.030000 0.000000
vt 2.150867 0.030000 0.000000
vt 0.000000 -0.330000 0.000000
vt -1.198769 0.180000 0.000000
vt -1.198769 -0.180000 0.000000
vt -1.406615 0.180000 0.000000
vt -2.091520 -0.366054 0.000000
vt -1.008255 -0.574242 0.000000
vt -2.086970 -0.574242 0.000000
vt -1.008255 -0.158550 0.000000
vt -2.081938 -0.158550 0.000000
vt -1.642570 0.836715 0.000000
vt -2.091745 -0.581231 0.000000
vt -2.091745 0.836715 0.000000
vt -1.142612 -0.581231 0.000000
vt 1.522058 -0.009233 0.000000
vt 1.008255 -0.836715 0.000000
vt 1.667589 -0.064463 0.000000
vt 1.798995 -0.147903 0.000000
vt 1.910878 -0.256124 0.000000
vt 1.998643 -0.384681 0.000000
vt 2.058684 -0.528294 0.000000
vt 2.088535 -0.681064 0.000000
vt 2.086970 -0.836715 0.000000
vt -1.142612 -0.836715 0.000000
vt 0.449175 -0.330000 0.000000
vt 0.449175 0.030000 0.000000
vt 0.000000 -0.330000 0.000000
vt 1.417946 -0.330000 0.000000
vt 1.417946 0.030000 0.000000
vt 0.949133 -0.330000 0.000000
vt 0.949133 0.030000 0.000000
vt 0.255484 -0.330000 0.000000
vt 0.255484 0.030000 0.000000
vt 3.275744 -0.330000 0.000000
vt 3.275744 0.030000 0.000000
vt -1.008255 -0.628869 0.000000
vt 1.142612 -0.836715 0.000000
vt -1.008255 -0.836715 0.000000
vt 1.142612 -0.581231 0.000000
vt -1.522058 -0.009233 0.000000
vt 1.642570 0.836715 0.000000
vt 2.091745 -0.581231 0.000000
vt 2.091745 0.836715 0.000000
vt -1.659725 -0.060581 0.000000
vt -1.785094 -0.137206 0.000000
vt -1.893577 -0.236304 0.000000
vt -1.981203 -0.354246 0.000000
vt -2.044766 -0.486717 0.000000
vt -2.081938 -0.628869 0.000000
vt -0.030000 -0.935558 0.000000
vt 0.150296 -0.987211 0.000000
vt -0.030000 -1.091485 0.000000
vt 0.330000 -0.882938 0.000000
vt -0.030000 -0.779632 0.000000
vt 0.330000 -0.735781 0.000000
vt -0.030000 -0.623706 0.000000
vt 0.330000 -0.588625 0.000000
vt -0.030000 -0.467779 0.000000
vt 0.330000 -0.441469 0.000000
vt -0.030000 -0.311853 0.000000
vt 0.330000 -0.294313 0.000000
vt -0.030000 -0.155926 0.000000
vt 0.330000 -0.147156 0.000000
vt -0.030000 0.000000 0.000000
vt 0.330000 0.000000 0.000000
# 67 texture coordinates

g Body18
usemtl Aluminum_-_Polished
f 384/635/126 385/634/126 383/633/126
f 383/633/126 385/634/126 386/636/126
f 387/639/42 384/638/42 383/637/42
f 390/642/149 384/641/149 389/640/149
f 389/640/149 384/641/149 387/643/149
f 389/640/149 387/643/149 388/644/149
f 392/647/2 393/646/2 391/645/2
f 391/645/2 393/646/2 394/648/2
f 391/645/2 394/648/2 401/649/2
f 401/649/2 394/648/2 384/650/2
f 401/649/2 384/650/2 400/651/2
f 400/651/2 384/650/2 399/652/2
f 399/652/2 384/650/2 398/653/2
f 398/653/2 384/650/2 397/654/2
f 397/654/2 384/650/2 396/655/2
f 396/655/2 384/650/2 395/656/2
f 395/656/2 384/650/2 390/657/2
f 394/648/2 385/658/2 384/650/2
f 392/660/49 391/634/49 402/659/49
f 402/659/49 391/634/49 403/661/49
f 393/663/10 392/634/10 404/662/10
f 404/662/10 392/634/10 402/661/10
f 394/665/126 393/634/126 405/664/126
f 405/664/126 393/634/126 404/636/126
f 385/667/10 394/634/10 386/666/10
f 386/666/10 394/634/10 405/661/10
f 391/669/318 401/634/318 403/668/318
f 403/668/318 401/634/318 406/661/318
f 383/672/56 386/671/56 387/670/56
f 387/670/56 386/671/56 405/673/56
f 387/670/56 405/673/56 406/674/56
f 406/674/56 405/673/56 403/675/56
f 403/675/56 405/673/56 404/676/56
f 403/675/56 404/676/56 402/677/56
f 406/674/56 407/678/56 387/670/56
f 387/670/56 407/678/56 408/679/56
f 387/670/56 408/679/56 409/680/56
f 409/680/56 410/681/56 387/670/56
f 387/670/56 410/681/56 411/682/56
f 387/670/56 411/682/56 388/683/56
f 390/686/321 389/685/320 395/684/319
f 395/684/319 389/685/320 388/687/322
f 395/684/319 388/687/322 396/688/323
f 396/688/323 388/687/322 411/689/324
f 396/688/323 411/689/324 397/690/325
f 397/690/325 411/689/324 410/691/326
f 397/690/325 410/691/326 398/692/327
f 398/692/327 410/691/326 409/693/328
f 398/692/327 409/693/328 399/694/329
f 399/694/329 409/693/328 408/695/330
f 399/694/329 408/695/330 400/696/331
f 400/696/331 408/695/330 407/697/332
f 400/696/331 407/697/332 401/698/318
f 401/698/318 407/697/332 406/699/318

v -28.673695 1.800000 -70.871857
v -28.673695 -1.800000 -72.950318
v -39.460838 -1.800000 -72.950318
v -39.506337 0.002962 -71.909378
v -39.410525 1.800000 -70.871857
v -2.906016 1.800000 -22.803710
v -2.906016 -1.800000 -22.803710
v 5.227802 -1.800000 -22.803710
v 5.227802 1.800000 -22.803710
v 5.227802 -1.800000 -70.395477
v 5.227802 1.800000 -70.395477
v -7.165021 -1.800000 -70.395477
v -7.165021 1.800000 -70.395477
v -39.448382 -1.800000 -71.135469
v -39.010417 -1.800000 -69.374214
v -38.171400 -1.800000 -67.764902
v -36.978183 -1.800000 -66.397399
v -35.497395 -1.800000 -65.348066
v -33.811724 -1.800000 -64.675499
v -33.811724 1.800000 -64.675499
v -35.450512 1.800000 -65.322782
v -36.898656 1.800000 -66.326517
v -38.079936 1.800000 -67.633873
v -38.932177 1.800000 -69.176043
v -9.025117 -1.800000 -58.049705
v -9.025117 1.800000 -58.049705
v -8.466691 -1.800000 -57.832895
v -7.968461 -1.800000 -57.500309
v -7.554068 -1.800000 -57.067728
v -7.243177 -1.800000 -56.555680
v -7.050538 -1.800000 -55.988462
v -6.985293 -1.800000 -55.392987
v -6.985293 1.800000 -55.392987
v -7.050538 1.800000 -55.988462
v -7.243177 1.800000 -56.555680
v -7.554068 1.800000 -57.067728
v -7.968461 1.800000 -57.500309
v -8.466691 1.800000 -57.832895
v -6.985293 -1.800000 -40.479965
v -6.985293 1.800000 -40.479965
v -2.906016 -1.800000 -40.479965
v -2.906016 1.800000 -40.479965
v -7.165021 -1.800000 -72.950318
v -28.673695 1.800000 -72.950318
v -7.165021 1.800000 -72.950318
# 45 vertices

vn -0.987219 0.000000 0.159281
vn -0.992156 0.000000 0.124969
vn -0.999687 0.000000 0.024187
vn -0.935125 0.000000 0.354281
vn -0.924937 0.000000 0.380062
vn -0.825875 0.000000 0.563812
vn -0.813969 0.000000 0.580875
vn -0.670500 0.000000 0.741875
vn -0.660156 0.000000 0.751094
vn -0.477719 0.000000 0.878500
vn -0.471594 0.000000 0.881781
vn -0.258219 0.000000 0.966062
vn -0.993781 0.000000 -0.111313
vn -0.461281 0.000000 0.887219
vn -0.642469 0.000000 0.766281
vn -0.793156 0.000000 0.609000
vn -0.906219 0.000000 0.422781
vn -0.976250 0.000000 0.216531
# 18 normals

vt 2.236595 -1.201362 0.000000
vt 1.153330 -0.993858 0.000000
vt 2.227013 -0.993858 0.000000
vt 1.153330 -1.409550 0.000000
vt 2.232045 -1.409550 0.000000
vt 0.813382 -0.330000 0.000000
vt 0.813382 0.030000 0.000000
vt 4.759177 -0.330000 0.000000
vt 4.759177 0.030000 0.000000
vt 1.239282 -0.330000 0.000000
vt 1.239282 0.030000 0.000000
vt 0.330000 -0.208547 0.000000
vt -0.030000 -0.181914 0.000000
vt 0.150296 -0.104274 0.000000
vt -0.030000 -0.363828 0.000000
vt 0.330000 -0.385135 0.000000
vt -0.030000 -0.545742 0.000000
vt 0.330000 -0.561722 0.000000
vt -0.030000 -0.727657 0.000000
vt 0.330000 -0.738310 0.000000
vt -0.030000 -0.909571 0.000000
vt 0.330000 -0.914897 0.000000
vt 0.330000 -1.091485 0.000000
vt 2.565691 -0.330000 0.000000
vt 2.565691 0.030000 0.000000
vt -0.330000 -0.300114 0.000000
vt 0.030000 -0.360137 0.000000
vt -0.330000 -0.360137 0.000000
vt 0.030000 -0.300114 0.000000
vt 0.030000 -0.240092 0.000000
vt -0.330000 -0.240092 0.000000
vt 0.030000 -0.180069 0.000000
vt -0.330000 -0.180069 0.000000
vt 0.030000 -0.120046 0.000000
vt -0.330000 -0.120046 0.000000
vt 0.030000 -0.060023 0.000000
vt -0.330000 -0.060023 0.000000
vt -0.330000 0.000000 0.000000
vt 0.030000 0.000000 0.000000
vt 1.491302 -0.330000 0.000000
vt 1.491302 0.030000 0.000000
vt 0.407928 -0.330000 0.000000
vt 0.407928 0.030000 0.000000
vt 1.767626 -0.330000 0.000000
vt 1.767626 0.030000 0.000000
vt -0.883813 0.551766 0.000000
vt 0.883813 -0.261616 0.000000
vt -0.883813 -0.261616 0.000000
vt 3.875364 0.551766 0.000000
vt 2.375115 -0.669544 0.000000
vt 2.434662 -0.676068 0.000000
vt 0.883813 -0.669544 0.000000
vt 2.491384 -0.695332 0.000000
vt 2.542589 -0.726421 0.000000
vt 3.875364 -0.687517 0.000000
vt 2.585847 -0.767861 0.000000
vt 2.619106 -0.817684 0.000000
vt 2.640787 -0.873526 0.000000
vt 4.130848 -2.838384 0.000000
vt 4.130848 -0.687517 0.000000
vt 3.303366 -3.352187 0.000000
vt 3.370623 -3.520754 0.000000
vt 3.475556 -3.668833 0.000000
vt 3.612307 -3.788155 0.000000
vt 3.773238 -3.872056 0.000000
vt 3.949363 -3.915853 0.000000
vt 4.130848 -3.917098 0.000000
vt -4.130848 -0.687517 0.000000
vt -3.923002 -2.838384 0.000000
vt -4.130848 -2.838384 0.000000
vt -3.875364 -0.687517 0.000000
vt -2.640787 -0.873526 0.000000
vt -2.619106 -0.817684 0.000000
vt -3.753421 -3.864232 0.000000
vt -3.923002 -3.912066 0.000000
vt -3.599204 -3.779008 0.000000
vt -3.468468 -3.660880 0.000000
vt -3.368095 -3.516066 0.000000
vt -3.303366 -3.352187 0.000000
vt -2.585847 -0.767861 0.000000
vt -2.542589 -0.726421 0.000000
vt -3.875364 0.551766 0.000000
vt -2.491384 -0.695332 0.000000
vt -2.434662 -0.676068 0.000000
vt -2.375115 -0.669544 0.000000
vt 0.883813 0.551766 0.000000
vt -0.883813 -0.669544 0.000000
vt 1.078714 0.030000 0.000000
vt 3.229582 -0.330000 0.000000
vt 1.078714 -0.330000 0.000000
vt 3.229582 0.030000 0.000000
vt 1.406615 0.180000 0.000000
vt 1.198769 -0.180000 0.000000
vt 1.198769 0.180000 0.000000
# 94 texture coordinates

g Body20
usemtl Aluminum_-_Polished
f 416/702/80 412/701/80 415/700/80
f 415/700/80 412/701/80 413/703/80
f 415/700/80 413/703/80 414/704/80
f 418/706/126 419/634/126 417/705/126
f 417/705/126 419/634/126 420/661/126
f 419/708/10 421/634/10 420/707/10
f 420/707/10 421/634/10 422/661/10
f 421/710/49 423/634/49 422/709/49
f 422/709/49 423/634/49 424/661/49
f 415/713/335 425/712/334 416/711/333
f 416/711/333 425/712/334 426/714/336
f 416/711/333 426/714/336 435/715/337
f 435/715/337 426/714/336 427/716/338
f 435/715/337 427/716/338 434/717/339
f 434/717/339 427/716/338 428/718/340
f 434/717/339 428/718/340 433/719/341
f 433/719/341 428/718/340 429/720/342
f 433/719/341 429/720/342 432/721/343
f 432/721/343 429/720/342 430/686/344
f 432/721/343 430/686/344 431/722/344
f 415/713/335 414/698/345 425/712/334
f 430/724/344 436/634/344 431/723/344
f 431/723/344 436/634/344 437/661/344
f 437/727/344 436/726/344 449/725/346
f 449/725/346 436/726/344 438/728/346
f 449/725/346 438/728/346 439/729/347
f 449/725/346 439/729/347 448/730/347
f 448/730/347 439/729/347 440/731/348
f 448/730/347 440/731/348 447/732/348
f 447/732/348 440/731/348 441/733/349
f 447/732/348 441/733/349 446/734/349
f 446/734/349 441/733/349 442/735/350
f 446/734/349 442/735/350 445/736/350
f 445/736/350 442/735/350 444/737/42
f 444/737/42 442/735/350 443/738/42
f 443/740/42 450/634/42 444/739/42
f 444/739/42 450/634/42 451/636/42
f 450/742/126 452/634/126 451/741/126
f 451/741/126 452/634/126 453/636/126
f 452/744/42 418/634/42 453/743/42
f 453/743/42 418/634/42 417/636/42
f 418/747/2 452/746/2 419/745/2
f 419/745/2 452/746/2 421/748/2
f 421/748/2 452/746/2 443/749/2
f 421/748/2 443/749/2 442/750/2
f 452/746/2 450/751/2 443/749/2
f 442/750/2 441/752/2 421/748/2
f 421/748/2 441/752/2 440/753/2
f 421/748/2 440/753/2 423/754/2
f 423/754/2 440/753/2 439/755/2
f 423/754/2 439/755/2 438/756/2
f 438/756/2 436/757/2 423/754/2
f 423/754/2 436/757/2 413/758/2
f 423/754/2 413/758/2 454/759/2
f 436/757/2 430/760/2 413/758/2
f 413/758/2 430/760/2 429/761/2
f 413/758/2 429/761/2 428/762/2
f 428/762/2 427/763/2 413/758/2
f 413/758/2 427/763/2 426/764/2
f 413/758/2 426/764/2 425/765/2
f 425/765/2 414/766/2 413/758/2
f 455/769/56 412/768/56 456/767/56
f 456/767/56 412/768/56 424/770/56
f 424/770/56 412/768/56 437/771/56
f 424/770/56 437/771/56 449/772/56
f 416/774/56 435/773/56 412/768/56
f 412/768/56 435/773/56 434/775/56
f 412/768/56 434/775/56 433/776/56
f 433/776/56 432/777/56 412/768/56
f 412/768/56 432/777/56 431/778/56
f 412/768/56 431/778/56 437/771/56
f 449/772/56 448/779/56 424/770/56
f 424/770/56 448/779/56 447/780/56
f 424/770/56 447/780/56 422/781/56
f 422/781/56 447/780/56 446/782/56
f 422/781/56 446/782/56 445/783/56
f 445/783/56 444/784/56 422/781/56
f 422/781/56 444/784/56 453/747/56
f 422/781/56 453/747/56 420/785/56
f 420/785/56 453/747/56 417/746/56
f 444/784/56 451/786/56 453/747/56
f 456/661/10 424/666/10 454/634/10
f 454/634/10 424/666/10 423/667/10
f 455/789/49 456/788/49 413/787/49
f 413/787/49 456/788/49 454/790/49
f 455/793/42 413/792/42 412/791/42

v 2.326305 1.500000 -101.187597
v 8.214731 1.500000 -101.187597
v 8.214731 1.000000 -101.187597
v 2.326305 1.000000 -101.187597
v 8.214731 1.500000 -102.187597
v 8.214731 1.000000 -102.187597
v 2.326305 1.500000 -102.187597
v 2.326305 1.000000 -102.187597
v 2.326305 1.500000 -104.187597
v 2.326305 1.000000 -104.187597
v 2.326305 1.000000 -105.187597
v 2.326305 1.500000 -105.187597
v 2.326305 1.500000 -107.187597
v 2.326305 1.000000 -107.187597
v 2.326305 1.000000 -108.187597
v 2.326305 1.500000 -108.187597
v 2.326305 1.500000 -110.187597
v 2.326305 1.000000 -110.187597
v 2.326305 1.000000 -111.187597
v 2.326305 1.500000 -111.187597
v 2.326305 1.500000 -113.659996
v 2.326305 -1.500000 -113.659996
v 2.326305 -1.500000 89.365562
v 2.326305 1.500000 89.365562
v 2.326305 1.500000 79.312403
v 2.326305 1.000000 79.312403
v 2.326305 1.000000 78.312403
v 2.326305 1.500000 78.312403
v 2.326305 1.500000 76.312403
v 2.326305 1.000000 76.312403
v 2.326305 1.000000 75.312403
v 2.326305 1.500000 75.312403
v 2.326305 1.500000 73.312403
v 2.326305 1.000000 73.312403
v 2.326305 1.000000 72.312403
v 2.326305 1.500000 72.312403
v 2.326305 1.500000 70.312403
v 2.326305 1.000000 70.312403
v 2.326305 1.000000 69.312403
v 2.326305 1.500000 69.312403
v 2.326305 1.500000 67.279069
v 2.326305 1.000000 67.279069
v 2.326305 1.000000 66.279069
v 2.326305 1.500000 66.279069
v 2.326305 1.500000 64.279069
v 2.326305 1.000000 64.279069
v 2.326305 1.000000 63.279069
v 2.326305 1.500000 63.279069
v 2.326305 1.500000 61.279069
v 2.326305 1.000000 61.279069
v 2.326305 1.000000 60.279069
v 2.326305 1.500000 60.279069
v 2.326305 1.500000 58.279069
v 2.326305 1.000000 58.279069
v 2.326305 1.000000 57.279069
v 2.326305 1.500000 57.279069
v 2.326305 1.500000 55.245736
v 2.326305 1.000000 55.245736
v 2.326305 1.000000 54.245736
v 2.326305 1.500000 54.245736
v 2.326305 1.500000 52.245736
v 2.326305 1.000000 52.245736
v 2.326305 1.000000 51.245736
v 2.326305 1.500000 51.245736
v 2.326305 1.500000 49.245736
v 2.326305 1.000000 49.245736
v 2.326305 1.000000 48.245736
v 2.326305 1.500000 48.245736
v 2.326305 1.500000 46.245736
v 2.326305 1.000000 46.245736
v 2.326305 1.000000 45.245736
v 2.326305 1.500000 45.245736
v 2.326305 1.500000 43.212403
v 2.326305 1.000000 43.212403
v 2.326305 1.000000 42.212403
v 2.326305 1.500000 42.212403
v 2.326305 1.500000 40.212403
v 2.326305 1.000000 40.212403
v 2.326305 1.000000 39.212403
v 2.326305 1.500000 39.212403
v 2.326305 1.500000 37.212403
v 2.326305 1.000000 37.212403
v 2.326305 1.000000 36.212403
v 2.326305 1.500000 36.212403
v 2.326305 1.500000 34.212403
v 2.326305 1.000000 34.212403
v 2.326305 1.000000 33.212403
v 2.326305 1.500000 33.212403
v 2.326305 1.500000 31.179069
v 2.326305 1.000000 31.179069
v 2.326305 1.000000 30.179069
v 2.326305 1.500000 30.179069
v 2.326305 1.500000 28.179069
v 2.326305 1.000000 28.179069
v 2.326305 1.000000 27.179069
v 2.326305 1.500000 27.179069
v 2.326305 1.500000 25.179069
v 2.326305 1.000000 25.179069
v 2.326305 1.000000 24.179069
v 2.326305 1.500000 24.179069
v 2.326305 1.500000 22.179069
v 2.326305 1.000000 22.179069
v 2.326305 1.000000 21.179069
v 2.326305 1.500000 21.179069
v 2.326305 1.500000 19.145736
v 2.326305 1.000000 19.145736
v 2.326305 1.000000 18.145736
v 2.326305 1.500000 18.145736
v 2.326305 1.500000 16.145736
v 2.326305 1.000000 16.145736
v 2.326305 1.000000 15.145736
v 2.326305 1.500000 15.145736
v 2.326305 1.500000 13.145736
v 2.326305 1.000000 13.145736
v 2.326305 1.000000 12.145736
v 2.326305 1.500000 12.145736
v 2.326305 1.500000 10.145736
v 2.326305 1.000000 10.145736
v 2.326305 1.000000 9.145736
v 2.326305 1.500000 9.145736
v 2.326305 1.500000 7.112403
v 2.326305 1.000000 7.112403
v 2.326305 1.000000 6.112403
v 2.326305 1.500000 6.112403
v 2.326305 1.500000 4.112403
v 2.326305 1.000000 4.112403
v 2.326305 1.000000 3.112403
v 2.326305 1.500000 3.112403
v 2.326305 1.500000 1.112403
v 2.326305 1.000000 1.112403
v 2.326305 1.000000 0.112403
v 2.326305 1.500000 0.112403
v 2.326305 1.500000 -1.887597
v 2.326305 1.000000 -1.887597
v 2.326305 1.000000 -2.887597
v 2.326305 1.500000 -2.887597
v 2.326305 1.500000 -4.920931
v 2.326305 1.000000 -4.920931
v 2.326305 1.000000 -5.920931
v 2.326305 1.500000 -5.920931
v 2.326305 1.500000 -7.920931
v 2.326305 1.000000 -7.920931
v 2.326305 1.000000 -8.920931
v 2.326305 1.500000 -8.920931
v 2.326305 1.500000 -10.920931
v 2.326305 1.000000 -10.920931
v 2.326305 1.000000 -11.920931
v 2.326305 1.500000 -11.920931
v 2.326305 1.500000 -13.920931
v 2.326305 1.000000 -13.920931
v 2.326305 1.000000 -14.920931
v 2.326305 1.500000 -14.920931
v 2.326305 1.500000 -16.954264
v 2.326305 1.000000 -16.954264
v 2.326305 1.000000 -17.954264
v 2.326305 1.500000 -17.954264
v 2.326305 1.500000 -19.954264
v 2.326305 1.000000 -19.954264
v 2.326305 1.000000 -20.954264
v 2.326305 1.500000 -20.954264
v 2.326305 1.500000 -22.954264
v 2.326305 1.000000 -22.954264
v 2.326305 1.000000 -23.954264
v 2.326305 1.500000 -23.954264
v 2.326305 1.500000 -25.954264
v 2.326305 1.000000 -25.954264
v 2.326305 1.000000 -26.954264
v 2.326305 1.500000 -26.954264
v 2.326305 1.500000 -28.987597
v 2.326305 1.000000 -28.987597
v 2.326305 1.000000 -29.987597
v 2.326305 1.500000 -29.987597
v 2.326305 1.500000 -31.987597
v 2.326305 1.000000 -31.987597
v 2.326305 1.000000 -32.987597
v 2.326305 1.500000 -32.987597
v 2.326305 1.500000 -34.987597
v 2.326305 1.000000 -34.987597
v 2.326305 1.000000 -35.987597
v 2.326305 1.500000 -35.987597
v 2.326305 1.500000 -37.987597
v 2.326305 1.000000 -37.987597
v 2.326305 1.000000 -38.987597
v 2.326305 1.500000 -38.987597
v 2.326305 1.500000 -41.020931
v 2.326305 1.000000 -41.020931
v 2.326305 1.000000 -42.020931
v 2.326305 1.500000 -42.020931
v 2.326305 1.500000 -44.020931
v 2.326305 1.000000 -44.020931
v 2.326305 1.000000 -45.020931
v 2.326305 1.500000 -45.020931
v 2.326305 1.500000 -47.020931
v 2.326305 1.000000 -47.020931
v 2.326305 1.000000 -48.020931
v 2.326305 1.500000 -48.020931
v 2.326305 1.500000 -50.020931
v 2.326305 1.000000 -50.020931
v 2.326305 1.000000 -51.020931
v 2.326305 1.500000 -51.020931
v 2.326305 1.500000 -53.054264
v 2.326305 1.000000 -53.054264
v 2.326305 1.000000 -54.054264
v 2.326305 1.500000 -54.054264
v 2.326305 1.500000 -56.054264
v 2.326305 1.000000 -56.054264
v 2.326305 1.000000 -57.054264
v 2.326305 1.500000 -57.054264
v 2.326305 1.500000 -59.054264
v 2.326305 1.000000 -59.054264
v 2.326305 1.000000 -60.054264
v 2.326305 1.500000 -60.054264
v 2.326305 1.500000 -62.054264
v 2.326305 1.000000 -62.054264
v 2.326305 1.000000 -63.054264
v 2.326305 1.500000 -63.054264
v 2.326305 1.500000 -65.087597
v 2.326305 1.000000 -65.087597
v 2.326305 1.000000 -66.087597
v 2.326305 1.500000 -66.087597
v 2.326305 1.500000 -68.087597
v 2.326305 1.000000 -68.087597
v 2.326305 1.000000 -69.087597
v 2.326305 1.500000 -69.087597
v 2.326305 1.500000 -71.087597
v 2.326305 1.000000 -71.087597
v 2.326305 1.000000 -72.087597
v 2.326305 1.500000 -72.087597
v 2.326305 1.500000 -74.087597
v 2.326305 1.000000 -74.087597
v 2.326305 1.000000 -75.087597
v 2.326305 1.500000 -75.087597
v 2.326305 1.500000 -77.120931
v 2.326305 1.000000 -77.120931
v 2.326305 1.000000 -78.120931
v 2.326305 1.500000 -78.120931
v 2.326305 1.500000 -80.120931
v 2.326305 1.000000 -80.120931
v 2.326305 1.000000 -81.120931
v 2.326305 1.500000 -81.120931
v 2.326305 1.500000 -83.120931
v 2.326305 1.000000 -83.120931
v 2.326305 1.000000 -84.120931
v 2.326305 1.500000 -84.120931
v 2.326305 1.500000 -86.120931
v 2.326305 1.000000 -86.120931
v 2.326305 1.000000 -87.120931
v 2.326305 1.500000 -87.120931
v 2.326305 1.500000 -89.154264
v 2.326305 1.000000 -89.154264
v 2.326305 1.000000 -90.154264
v 2.326305 1.500000 -90.154264
v 2.326305 1.500000 -92.154264
v 2.326305 1.000000 -92.154264
v 2.326305 1.000000 -93.154264
v 2.326305 1.500000 -93.154264
v 2.326305 1.500000 -95.154264
v 2.326305 1.000000 -95.154264
v 2.326305 1.000000 -96.154264
v 2.326305 1.500000 -96.154264
v 2.326305 1.500000 -98.154264
v 2.326305 1.000000 -98.154264
v 2.326305 1.000000 -99.154264
v 2.326305 1.500000 -99.154264
v 8.214731 1.500000 -89.154264
v 8.214731 1.000000 -89.154264
v 8.214731 1.500000 -90.154264
v 8.214731 1.000000 -90.154264
v 8.214731 1.500000 -77.120931
v 8.214731 1.000000 -77.120931
v 8.214731 1.500000 -78.120931
v 8.214731 1.000000 -78.120931
v 8.214731 1.500000 -65.087597
v 8.214731 1.000000 -65.087597
v 8.214731 1.500000 -66.087597
v 8.214731 1.000000 -66.087597
v 8.214731 1.500000 -53.054264
v 8.214731 1.000000 -53.054264
v 8.214731 1.500000 -54.054264
v 8.214731 1.000000 -54.054264
v 8.214731 1.500000 -41.020931
v 8.214731 1.000000 -41.020931
v 8.214731 1.500000 -42.020931
v 8.214731 1.000000 -42.020931
v 8.214731 1.500000 -28.987597
v 8.214731 1.000000 -28.987597
v 8.214731 1.500000 -29.987597
v 8.214731 1.000000 -29.987597
v 8.214731 1.500000 -16.954264
v 8.214731 1.000000 -16.954264
v 8.214731 1.500000 -17.954264
v 8.214731 1.000000 -17.954264
v 8.214731 1.500000 -4.920931
v 8.214731 1.000000 -4.920931
v 8.214731 1.500000 -5.920931
v 8.214731 1.000000 -5.920931
v 8.214731 1.500000 7.112403
v 8.214731 1.000000 7.112403
v 8.214731 1.500000 6.112403
v 8.214731 1.000000 6.112403
v 8.214731 1.500000 19.145736
v 8.214731 1.000000 19.145736
v 8.214731 1.500000 18.145736
v 8.214731 1.000000 18.145736
v 8.214731 1.500000 31.179069
v 8.214731 1.000000 31.179069
v 8.214731 1.500000 30.179069
v 8.214731 1.000000 30.179069
v 8.214731 1.500000 43.212403
v 8.214731 1.000000 43.212403
v 8.214731 1.500000 42.212403
v 8.214731 1.000000 42.212403
v 8.214731 1.500000 55.245736
v 8.214731 1.000000 55.245736
v 8.214731 1.500000 54.245736
v 8.214731 1.000000 54.245736
v 8.214731 1.500000 67.279069
v 8.214731 1.000000 67.279069
v 8.214731 1.500000 66.279069
v 8.214731 1.000000 66.279069
v 5.270518 1.500000 -104.187597
v 5.270518 1.000000 -104.187597
v 5.270518 1.500000 -105.187597
v 5.270518 1.000000 -105.187597
v 5.270518 1.500000 -92.154264
v 5.270518 1.000000 -92.154264
v 5.270518 1.500000 -93.154264
v 5.270518 1.000000 -93.154264
v 5.270518 1.500000 -80.120931
v 5.270518 1.000000 -80.120931
v 5.270518 1.500000 -81.120931
v 5.270518 1.000000 -81.120931
v 5.270518 1.500000 -68.087597
v 5.270518 1.000000 -68.087597
v 5.270518 1.500000 -69.087597
v 5.270518 1.000000 -69.087597
v 5.270518 1.500000 -56.054264
v 5.270518 1.000000 -56.054264
v 5.270518 1.500000 -57.054264
v 5.270518 1.000000 -57.054264
v 5.270518 1.500000 -44.020931
v 5.270518 1.000000 -44.020931
v 5.270518 1.500000 -45.020931
v 5.270518 1.000000 -45.020931
v 5.270518 1.500000 -31.987597
v 5.270518 1.000000 -31.987597
v 5.270518 1.500000 -32.987597
v 5.270518 1.000000 -32.987597
v 5.270518 1.500000 -19.954264
v 5.270518 1.000000 -19.954264
v 5.270518 1.500000 -20.954264
v 5.270518 1.000000 -20.954264
v 5.270518 1.500000 -7.920931
v 5.270518 1.000000 -7.920931
v 5.270518 1.500000 -8.920931
v 5.270518 1.000000 -8.920931
v 5.270518 1.500000 4.112403
v 5.270518 1.000000 4.112403
v 5.270518 1.500000 3.112403
v 5.270518 1.000000 3.112403
v 5.270518 1.500000 16.145736
v 5.270518 1.000000 16.145736
v 5.270518 1.500000 15.145736
v 5.270518 1.000000 15.145736
v 5.270518 1.500000 28.179069
v 5.270518 1.000000 28.179069
v 5.270518 1.500000 27.179069
v 5.270518 1.000000 27.179069
v 5.270518 1.500000 40.212403
v 5.270518 1.000000 40.212403
v 5.270518 1.500000 39.212403
v 5.270518 1.000000 39.212403
v 5.270518 1.500000 52.245736
v 5.270518 1.000000 52.245736
v 5.270518 1.500000 51.245736
v 5.270518 1.000000 51.245736
v 5.270518 1.500000 64.279069
v 5.270518 1.000000 64.279069
v 5.270518 1.500000 63.279069
v 5.270518 1.000000 63.279069
v 5.270518 1.500000 -107.187597
v 5.270518 1.000000 -107.187597
v 5.270518 1.500000 -108.187597
v 5.270518 1.000000 -108.187597
v 5.270518 1.500000 -95.154264
v 5.270518 1.000000 -95.154264
v 5.270518 1.500000 -96.154264
v 5.270518 1.000000 -96.154264
v 5.270518 1.500000 -83.120931
v 5.270518 1.000000 -83.120931
v 5.270518 1.500000 -84.120931
v 5.270518 1.000000 -84.120931
v 5.270518 1.500000 -71.087597
v 5.270518 1.000000 -71.087597
v 5.270518 1.500000 -72.087597
v 5.270518 1.000000 -72.087597
v 5.270518 1.500000 -59.054264
v 5.270518 1.000000 -59.054264
v 5.270518 1.500000 -60.054264
v 5.270518 1.000000 -60.054264
v 5.270518 1.500000 -47.020931
v 5.270518 1.000000 -47.020931
v 5.270518 1.500000 -48.020931
v 5.270518 1.000000 -48.020931
v 5.270518 1.500000 -34.987597
v 5.270518 1.000000 -34.987597
v 5.270518 1.500000 -35.987597
v 5.270518 1.000000 -35.987597
v 5.270518 1.500000 -22.954264
v 5.270518 1.000000 -22.954264
v 5.270518 1.500000 -23.954264
v 5.270518 1.000000 -23.954264
v 5.270518 1.500000 -10.920931
v 5.270518 1.000000 -10.920931
v 5.270518 1.500000 -11.920931
v 5.270518 1.000000 -11.920931
v 5.270518 1.500000 1.112403
v 5.270518 1.000000 1.112403
v 5.270518 1.500000 0.112403
v 5.270518 1.000000 0.112403
v 5.270518 1.500000 13.145736
v 5.270518 1.000000 13.145736
v 5.270518 1.500000 12.145736
v 5.270518 1.000000 12.145736
v 5.270518 1.500000 25.179069
v 5.270518 1.000000 25.179069
v 5.270518 1.500000 24.179069
v 5.270518 1.000000 24.179069
v 5.270518 1.500000 37.212403
v 5.270518 1.000000 37.212403
v 5.270518 1.500000 36.212403
v 5.270518 1.000000 36.212403
v 5.270518 1.500000 49.245736
v 5.270518 1.000000 49.245736
v 5.270518 1.500000 48.245736
v 5.270518 1.000000 48.245736
v 5.270518 1.500000 61.279069
v 5.270518 1.000000 61.279069
v 5.270518 1.500000 60.279069
v 5.270518 1.000000 60.279069
v 5.270518 1.500000 -110.187597
v 5.270518 1.000000 -110.187597
v 5.270518 1.500000 -111.187597
v 5.270518 1.000000 -111.187597
v 5.270518 1.500000 -98.154264
v 5.270518 1.000000 -98.154264
v 5.270518 1.500000 -99.154264
v 5.270518 1.000000 -99.154264
v 5.270518 1.500000 -86.120931
v 5.270518 1.000000 -86.120931
v 5.270518 1.500000 -87.120931
v 5.270518 1.000000 -87.120931
v 5.270518 1.500000 -74.087597
v 5.270518 1.000000 -74.087597
v 5.270518 1.500000 -75.087597
v 5.270518 1.000000 -75.087597
v 5.270518 1.500000 -62.054264
v 5.270518 1.000000 -62.054264
v 5.270518 1.500000 -63.054264
v 5.270518 1.000000 -63.054264
v 5.270518 1.500000 -50.020931
v 5.270518 1.000000 -50.020931
v 5.270518 1.500000 -51.020931
v 5.270518 1.000000 -51.020931
v 5.270518 1.500000 -37.987597
v 5.270518 1.000000 -37.987597
v 5.270518 1.500000 -38.987597
v 5.270518 1.000000 -38.987597
v 5.270518 1.500000 -25.954264
v 5.270518 1.000000 -25.954264
v 5.270518 1.500000 -26.954264
v 5.270518 1.000000 -26.954264
v 5.270518 1.500000 -13.920931
v 5.270518 1.000000 -13.920931
v 5.270518 1.500000 -14.920931
v 5.270518 1.000000 -14.920931
v 5.270518 1.500000 -1.887597
v 5.270518 1.000000 -1.887597
v 5.270518 1.500000 -2.887597
v 5.270518 1.000000 -2.887597
v 5.270518 1.500000 10.145736
v 5.270518 1.000000 10.145736
v 5.270518 1.500000 9.145736
v 5.270518 1.000000 9.145736
v 5.270518 1.500000 22.179069
v 5.270518 1.000000 22.179069
v 5.270518 1.500000 21.179069
v 5.270518 1.000000 21.179069
v 5.270518 1.500000 34.212403
v 5.270518 1.000000 34.212403
v 5.270518 1.500000 33.212403
v 5.270518 1.000000 33.212403
v 5.270518 1.500000 46.245736
v 5.270518 1.000000 46.245736
v 5.270518 1.500000 45.245736
v 5.270518 1.000000 45.245736
v 5.270518 1.500000 58.279069
v 5.270518 1.000000 58.279069
v 5.270518 1.500000 57.279069
v 5.270518 1.000000 57.279069
v 5.270518 1.500000 76.312403
v 5.270518 1.000000 76.312403
v 5.270518 1.500000 75.312403
v 5.270518 1.000000 75.312403
v 5.270518 1.500000 73.312403
v 5.270518 1.000000 73.312403
v 5.270518 1.500000 72.312403
v 5.270518 1.000000 72.312403
v 8.214731 1.500000 79.312403
v 8.214731 1.000000 79.312403
v 8.214731 1.500000 78.312403
v 8.214731 1.000000 78.312403
v 5.270518 1.500000 70.312403
v 5.270518 1.000000 70.312403
v 5.270518 1.500000 69.312403
v 5.270518 1.000000 69.312403
v 17.326305 -1.500000 89.365562
v 17.326305 1.500000 89.365562
v 17.326305 1.500000 -113.659996
v 17.326305 -1.500000 -113.659996
v 17.326305 1.500000 -91.311684
v 17.326305 -1.500000 -91.311684
v 16.422139 1.500000 -91.311684
v 16.422139 -1.500000 -91.311684
v 16.422139 1.500000 -86.868071
v 16.422139 -1.500000 -86.868071
v 17.326305 1.500000 -86.868071
v 17.326305 -1.500000 -86.868071
# 528 vertices

# 0 normal

vt -0.588843 0.050000 0.000000
vt 0.000000 0.000000 0.000000
vt -0.588843 0.000000 0.000000
vt 0.000000 0.050000 0.000000
vt -0.100000 0.050000 0.000000
vt 0.000000 0.000000 0.000000
vt -0.100000 0.000000 0.000000
vt -0.050000 0.294421 0.000000
vt 0.050000 -0.294421 0.000000
vt -0.050000 -0.294421 0.000000
vt 0.050000 0.294421 0.000000
vt -2.875879 0.100000 0.000000
vt -3.079212 0.150000 0.000000
vt -2.875879 0.150000 0.000000
vt -3.079212 0.100000 0.000000
vt -4.326452 -0.150000 0.000000
vt -3.179212 0.100000 0.000000
vt -3.379212 0.100000 0.000000
vt -3.379212 0.150000 0.000000
vt -3.179212 0.150000 0.000000
vt -3.479212 0.100000 0.000000
vt -3.679212 0.100000 0.000000
vt -3.779212 0.100000 0.000000
vt -3.679212 0.150000 0.000000
vt -3.479212 0.150000 0.000000
vt -3.979212 0.150000 0.000000
vt -3.779212 0.150000 0.000000
vt -3.979212 0.100000 0.000000
vt -4.079212 0.100000 0.000000
vt -4.326452 0.150000 0.000000
vt -4.079212 0.150000 0.000000
vt 5.847455 0.100000 0.000000
vt 15.976104 -0.150000 0.000000
vt 5.647455 0.100000 0.000000
vt 5.547455 0.100000 0.000000
vt 14.970788 0.100000 0.000000
vt 15.976104 0.150000 0.000000
vt 14.870788 0.100000 0.000000
vt 14.670788 0.100000 0.000000
vt 14.670788 0.150000 0.000000
vt 14.870788 0.150000 0.000000
vt 14.970788 0.150000 0.000000
vt 14.570788 0.100000 0.000000
vt 14.370788 0.100000 0.000000
vt 14.270788 0.100000 0.000000
vt 14.370788 0.150000 0.000000
vt 14.570788 0.150000 0.000000
vt 14.070788 0.150000 0.000000
vt 14.270788 0.150000 0.000000
vt 14.070788 0.100000 0.000000
vt 13.970788 0.100000 0.000000
vt 13.767455 0.100000 0.000000
vt 13.767455 0.150000 0.000000
vt 13.970788 0.150000 0.000000
vt 13.667455 0.100000 0.000000
vt 13.467455 0.100000 0.000000
vt 13.367455 0.100000 0.000000
vt 13.467455 0.150000 0.000000
vt 13.667455 0.150000 0.000000
vt 13.167455 0.150000 0.000000
vt 13.367455 0.150000 0.000000
vt 13.167455 0.100000 0.000000
vt 13.067455 0.100000 0.000000
vt 12.867455 0.100000 0.000000
vt 12.867455 0.150000 0.000000
vt 13.067455 0.150000 0.000000
vt 12.767455 0.100000 0.000000
vt 12.564121 0.100000 0.000000
vt 12.464121 0.100000 0.000000
vt 12.564121 0.150000 0.000000
vt 12.767455 0.150000 0.000000
vt 12.264121 0.150000 0.000000
vt 12.464121 0.150000 0.000000
vt 12.264121 0.100000 0.000000
vt 12.164121 0.100000 0.000000
vt 11.964121 0.100000 0.000000
vt 11.964121 0.150000 0.000000
vt 12.164121 0.150000 0.000000
vt 11.864121 0.100000 0.000000
vt 11.664121 0.100000 0.000000
vt 11.564121 0.100000 0.000000
vt 11.664121 0.150000 0.000000
vt 11.864121 0.150000 0.000000
vt 11.360788 0.150000 0.000000
vt 11.564121 0.150000 0.000000
vt 11.360788 0.100000 0.000000
vt 11.260788 0.100000 0.000000
vt 11.060788 0.100000 0.000000
vt 11.060788 0.150000 0.000000
vt 11.260788 0.150000 0.000000
vt 10.960788 0.100000 0.000000
vt 10.760788 0.100000 0.000000
vt 10.660788 0.100000 0.000000
vt 10.760788 0.150000 0.000000
vt 10.960788 0.150000 0.000000
vt 10.460788 0.150000 0.000000
vt 10.660788 0.150000 0.000000
vt 10.460788 0.100000 0.000000
vt 10.360788 0.100000 0.000000
vt 10.157455 0.100000 0.000000
vt 10.157455 0.150000 0.000000
vt 10.360788 0.150000 0.000000
vt 10.057455 0.100000 0.000000
vt 9.857455 0.100000 0.000000
vt 9.757455 0.100000 0.000000
vt 9.857455 0.150000 0.000000
vt 10.057455 0.150000 0.000000
vt 9.557455 0.150000 0.000000
vt 9.757455 0.150000 0.000000
vt 9.557455 0.100000 0.000000
vt 9.457455 0.100000 0.000000
vt 9.257455 0.100000 0.000000
vt 9.257455 0.150000 0.000000
vt 9.457455 0.150000 0.000000
vt 9.157455 0.100000 0.000000
vt 8.954121 0.100000 0.000000
vt 8.854121 0.100000 0.000000
vt 8.954121 0.150000 0.000000
vt 9.157455 0.150000 0.000000
vt 8.654121 0.150000 0.000000
vt 8.854121 0.150000 0.000000
vt 8.654121 0.100000 0.000000
vt 8.554121 0.100000 0.000000
vt 8.354121 0.100000 0.000000
vt 8.354121 0.150000 0.000000
vt 8.554121 0.150000 0.000000
vt 8.254121 0.100000 0.000000
vt 8.054121 0.100000 0.000000
vt 7.954121 0.100000 0.000000
vt 8.054121 0.150000 0.000000
vt 8.254121 0.150000 0.000000
vt 7.750788 0.150000 0.000000
vt 7.954121 0.150000 0.000000
vt 7.750788 0.100000 0.000000
vt 7.650788 0.100000 0.000000
vt 7.450788 0.100000 0.000000
vt 7.450788 0.150000 0.000000
vt 7.650788 0.150000 0.000000
vt 7.350788 0.100000 0.000000
vt 7.150788 0.100000 0.000000
vt 7.050788 0.100000 0.000000
vt 7.150788 0.150000 0.000000
vt 7.350788 0.150000 0.000000
vt 6.850788 0.150000 0.000000
vt 7.050788 0.150000 0.000000
vt 6.850788 0.100000 0.000000
vt 6.750788 0.100000 0.000000
vt 6.547455 0.100000 0.000000
vt 6.547455 0.150000 0.000000
vt 6.750788 0.150000 0.000000
vt 6.447455 0.100000 0.000000
vt 6.247455 0.100000 0.000000
vt 6.147455 0.100000 0.000000
vt 6.247455 0.150000 0.000000
vt 6.447455 0.150000 0.000000
vt 5.947455 0.150000 0.000000
vt 6.147455 0.150000 0.000000
vt 5.947455 0.100000 0.000000
vt 5.647455 0.150000 0.000000
vt 5.847455 0.150000 0.000000
vt 5.344121 0.150000 0.000000
vt 5.547455 0.150000 0.000000
vt 5.344121 0.100000 0.000000
vt 5.244121 0.100000 0.000000
vt 5.044121 0.100000 0.000000
vt 5.044121 0.150000 0.000000
vt 5.244121 0.150000 0.000000
vt 4.944121 0.100000 0.000000
vt 4.744121 0.100000 0.000000
vt 4.644121 0.100000 0.000000
vt 4.744121 0.150000 0.000000
vt 4.944121 0.150000 0.000000
vt 4.444121 0.150000 0.000000
vt 4.644121 0.150000 0.000000
vt 4.444121 0.100000 0.000000
vt 4.344121 0.100000 0.000000
vt 4.140788 0.100000 0.000000
vt 4.140788 0.150000 0.000000
vt 4.344121 0.150000 0.000000
vt 4.040788 0.100000 0.000000
vt 3.840788 0.100000 0.000000
vt 3.740788 0.100000 0.000000
vt 3.840788 0.150000 0.000000
vt 4.040788 0.150000 0.000000
vt 3.540788 0.150000 0.000000
vt 3.740788 0.150000 0.000000
vt 3.540788 0.100000 0.000000
vt 3.440788 0.100000 0.000000
vt 3.240788 0.100000 0.000000
vt 3.240788 0.150000 0.000000
vt 3.440788 0.150000 0.000000
vt 3.140788 0.100000 0.000000
vt 2.937455 0.100000 0.000000
vt 2.837455 0.100000 0.000000
vt 2.937455 0.150000 0.000000
vt 3.140788 0.150000 0.000000
vt 2.637455 0.150000 0.000000
vt 2.837455 0.150000 0.000000
vt 2.637455 0.100000 0.000000
vt 2.537455 0.100000 0.000000
vt 2.337455 0.100000 0.000000
vt 2.337455 0.150000 0.000000
vt 2.537455 0.150000 0.000000
vt 2.237455 0.100000 0.000000
vt 2.037455 0.100000 0.000000
vt 1.937455 0.100000 0.000000
vt 2.037455 0.150000 0.000000
vt 2.237455 0.150000 0.000000
vt 1.734121 0.150000 0.000000
vt 1.937455 0.150000 0.000000
vt 1.734121 0.100000 0.000000
vt 1.634121 0.100000 0.000000
vt 1.434121 0.100000 0.000000
vt 1.434121 0.150000 0.000000
vt 1.634121 0.150000 0.000000
vt 1.334121 0.100000 0.000000
vt 1.134121 0.100000 0.000000
vt 1.034121 0.100000 0.000000
vt 1.134121 0.150000 0.000000
vt 1.334121 0.150000 0.000000
vt 0.834121 0.150000 0.000000
vt 1.034121 0.150000 0.000000
vt 0.834121 0.100000 0.000000
vt 0.734121 0.100000 0.000000
vt 0.530788 0.100000 0.000000
vt 0.530788 0.150000 0.000000
vt 0.734121 0.150000 0.000000
vt 0.430788 0.100000 0.000000
vt 0.230788 0.100000 0.000000
vt 0.130788 0.100000 0.000000
vt 0.230788 0.150000 0.000000
vt 0.430788 0.150000 0.000000
vt -0.069212 0.150000 0.000000
vt 0.130788 0.150000 0.000000
vt -0.069212 0.100000 0.000000
vt -0.169212 0.100000 0.000000
vt -0.369212 0.100000 0.000000
vt -0.369212 0.150000 0.000000
vt -0.169212 0.150000 0.000000
vt -0.469212 0.100000 0.000000
vt -0.672545 0.100000 0.000000
vt -0.772545 0.100000 0.000000
vt -0.672545 0.150000 0.000000
vt -0.469212 0.150000 0.000000
vt -0.972545 0.150000 0.000000
vt -0.772545 0.150000 0.000000
vt -0.972545 0.100000 0.000000
vt -1.072545 0.100000 0.000000
vt -1.272545 0.100000 0.000000
vt -1.272545 0.150000 0.000000
vt -1.072545 0.150000 0.000000
vt -1.372545 0.100000 0.000000
vt -1.572545 0.100000 0.000000
vt -1.672545 0.100000 0.000000
vt -1.572545 0.150000 0.000000
vt -1.372545 0.150000 0.000000
vt -1.875879 0.150000 0.000000
vt -1.672545 0.150000 0.000000
vt -1.875879 0.100000 0.000000
vt -1.975879 0.100000 0.000000
vt -2.175879 0.100000 0.000000
vt -2.175879 0.150000 0.000000
vt -1.975879 0.150000 0.000000
vt -2.275879 0.100000 0.000000
vt -2.475879 0.100000 0.000000
vt -2.575879 0.100000 0.000000
vt -2.475879 0.150000 0.000000
vt -2.275879 0.150000 0.000000
vt -2.775879 0.150000 0.000000
vt -2.575879 0.150000 0.000000
vt -2.775879 0.100000 0.000000
vt -0.294421 0.050000 0.000000
vt -0.294421 0.000000 0.000000
vt -0.050000 0.147211 0.000000
vt 0.050000 -0.147211 0.000000
vt -0.050000 -0.147211 0.000000
vt 0.050000 0.147211 0.000000
vt 1.500000 -0.150000 0.000000
vt 0.000000 0.150000 0.000000
vt 1.500000 0.150000 0.000000
vt 0.000000 -0.150000 0.000000
vt 0.000000 0.150000 0.000000
vt 0.000000 -0.150000 0.000000
vt 2.234831 -0.150000 0.000000
vt 2.234831 0.150000 0.000000
vt 0.090417 -0.150000 0.000000
vt 0.090417 0.150000 0.000000
vt 0.444361 -0.150000 0.000000
vt 0.444361 0.150000 0.000000
vt 2.400654 -0.150000 0.000000
vt -15.222710 0.150000 0.000000
vt 2.400654 0.150000 0.000000
vt -15.222710 -0.150000 0.000000
vt 4.026848 1.264509 0.000000
vt -13.596516 -0.145075 0.000000
vt -13.596516 1.354925 0.000000
vt 6.706040 -0.145075 0.000000
vt 4.471209 1.264509 0.000000
vt 6.706040 1.354925 0.000000
vt 4.471209 1.354925 0.000000
vt 4.026848 1.354925 0.000000
vt 13.596516 1.354925 0.000000
vt -4.026848 1.264509 0.000000
vt -4.026848 1.354925 0.000000
vt 5.271200 0.443768 0.000000
vt 5.371200 0.443768 0.000000
vt -4.255467 0.443768 0.000000
vt -4.471209 1.264509 0.000000
vt -3.152134 0.443768 0.000000
vt -3.052134 0.443768 0.000000
vt -6.706040 1.354925 0.000000
vt -4.471209 1.354925 0.000000
vt -5.558800 0.443768 0.000000
vt -5.458800 0.443768 0.000000
vt -6.458800 0.149346 0.000000
vt -6.706040 -0.145075 0.000000
vt -6.458800 -0.145075 0.000000
vt -6.358800 0.149346 0.000000
vt -6.158800 0.149346 0.000000
vt -6.058800 0.149346 0.000000
vt -6.158800 -0.145075 0.000000
vt -6.358800 -0.145075 0.000000
vt -5.858800 -0.145075 0.000000
vt -6.058800 -0.145075 0.000000
vt -5.858800 0.149346 0.000000
vt -5.758800 0.149346 0.000000
vt -5.558800 -0.145075 0.000000
vt -5.758800 -0.145075 0.000000
vt -5.255467 0.149346 0.000000
vt -5.458800 -0.145075 0.000000
vt -5.155467 0.149346 0.000000
vt -4.955467 0.149346 0.000000
vt -4.955467 -0.145075 0.000000
vt -5.155467 -0.145075 0.000000
vt -5.255467 -0.145075 0.000000
vt -4.355467 0.443768 0.000000
vt -4.855467 0.149346 0.000000
vt -4.655467 0.149346 0.000000
vt -4.655467 -0.145075 0.000000
vt -4.855467 -0.145075 0.000000
vt -4.555467 0.149346 0.000000
vt -4.355467 -0.145075 0.000000
vt -4.555467 -0.145075 0.000000
vt -4.052134 0.149346 0.000000
vt -4.255467 -0.145075 0.000000
vt -3.952134 0.149346 0.000000
vt -3.752134 0.149346 0.000000
vt -3.752134 -0.145075 0.000000
vt -3.952134 -0.145075 0.000000
vt -4.052134 -0.145075 0.000000
vt -3.652134 0.149346 0.000000
vt -3.452134 0.149346 0.000000
vt -3.452134 -0.145075 0.000000
vt -3.652134 -0.145075 0.000000
vt -3.352134 0.149346 0.000000
vt -3.152134 -0.145075 0.000000
vt -3.352134 -0.145075 0.000000
vt -2.848800 0.149346 0.000000
vt -3.052134 -0.145075 0.000000
vt -2.748800 0.149346 0.000000
vt -2.548800 0.149346 0.000000
vt -2.548800 -0.145075 0.000000
vt -2.748800 -0.145075 0.000000
vt -2.848800 -0.145075 0.000000
vt -1.948800 0.443768 0.000000
vt -2.448800 0.149346 0.000000
vt -2.248800 0.149346 0.000000
vt -2.248800 -0.145075 0.000000
vt -2.448800 -0.145075 0.000000
vt -2.148800 0.149346 0.000000
vt -1.948800 -0.145075 0.000000
vt -2.148800 -0.145075 0.000000
vt -1.848800 0.443768 0.000000
vt -0.745467 0.443768 0.000000
vt -1.345467 0.149346 0.000000
vt -1.245467 0.149346 0.000000
vt -1.645467 0.149346 0.000000
vt -1.848800 -0.145075 0.000000
vt -1.545467 0.149346 0.000000
vt -1.345467 -0.145075 0.000000
vt -1.545467 -0.145075 0.000000
vt -1.645467 -0.145075 0.000000
vt -1.045467 -0.145075 0.000000
vt -1.245467 -0.145075 0.000000
vt -1.045467 0.149346 0.000000
vt -0.945467 0.149346 0.000000
vt -0.745467 -0.145075 0.000000
vt -0.945467 -0.145075 0.000000
vt -0.645467 0.443768 0.000000
vt 0.457866 0.443768 0.000000
vt 0.557866 0.443768 0.000000
vt -0.442134 0.149346 0.000000
vt -0.645467 -0.145075 0.000000
vt -0.342134 0.149346 0.000000
vt -0.142134 0.149346 0.000000
vt -0.142134 -0.145075 0.000000
vt -0.342134 -0.145075 0.000000
vt -0.442134 -0.145075 0.000000
vt -0.042134 0.149346 0.000000
vt 0.157866 0.149346 0.000000
vt 0.157866 -0.145075 0.000000
vt -0.042134 -0.145075 0.000000
vt 0.257866 0.149346 0.000000
vt 0.457866 -0.145075 0.000000
vt 0.257866 -0.145075 0.000000
vt 0.761200 0.149346 0.000000
vt 0.557866 -0.145075 0.000000
vt 0.861200 0.149346 0.000000
vt 1.061200 0.149346 0.000000
vt 1.061200 -0.145075 0.000000
vt 0.861200 -0.145075 0.000000
vt 0.761200 -0.145075 0.000000
vt 1.661200 0.443768 0.000000
vt 1.161200 0.149346 0.000000
vt 1.361200 0.149346 0.000000
vt 1.361200 -0.145075 0.000000
vt 1.161200 -0.145075 0.000000
vt 1.461200 0.149346 0.000000
vt 1.661200 -0.145075 0.000000
vt 1.461200 -0.145075 0.000000
vt 1.761200 0.443768 0.000000
vt 2.864533 0.443768 0.000000
vt 2.264533 0.149346 0.000000
vt 2.364533 0.149346 0.000000
vt 1.964533 0.149346 0.000000
vt 1.761200 -0.145075 0.000000
vt 2.064533 0.149346 0.000000
vt 2.264533 -0.145075 0.000000
vt 2.064533 -0.145075 0.000000
vt 1.964533 -0.145075 0.000000
vt 2.564533 -0.145075 0.000000
vt 2.364533 -0.145075 0.000000
vt 2.564533 0.149346 0.000000
vt 2.664533 0.149346 0.000000
vt 2.864533 -0.145075 0.000000
vt 2.664533 -0.145075 0.000000
vt 2.964533 0.443768 0.000000
vt 4.067866 0.443768 0.000000
vt 4.167866 0.443768 0.000000
vt 3.167866 0.149346 0.000000
vt 2.964533 -0.145075 0.000000
vt 3.267866 0.149346 0.000000
vt 3.467866 0.149346 0.000000
vt 3.467866 -0.145075 0.000000
vt 3.267866 -0.145075 0.000000
vt 3.167866 -0.145075 0.000000
vt 3.567866 0.149346 0.000000
vt 3.767866 0.149346 0.000000
vt 3.767866 -0.145075 0.000000
vt 3.567866 -0.145075 0.000000
vt 3.867866 0.149346 0.000000
vt 4.067866 -0.145075 0.000000
vt 3.867866 -0.145075 0.000000
vt 4.371200 0.149346 0.000000
vt 4.167866 -0.145075 0.000000
vt 4.471200 0.149346 0.000000
vt 4.671200 0.149346 0.000000
vt 4.671200 -0.145075 0.000000
vt 4.471200 -0.145075 0.000000
vt 4.371200 -0.145075 0.000000
vt 4.771200 0.149346 0.000000
vt 4.971200 0.149346 0.000000
vt 4.971200 -0.145075 0.000000
vt 4.771200 -0.145075 0.000000
vt 5.071200 0.149346 0.000000
vt 5.271200 -0.145075 0.000000
vt 5.071200 -0.145075 0.000000
vt 5.574533 0.149346 0.000000
vt 5.371200 -0.145075 0.000000
vt 5.674533 0.149346 0.000000
vt 5.874533 0.149346 0.000000
vt 5.874533 -0.145075 0.000000
vt 5.674533 -0.145075 0.000000
vt 5.574533 -0.145075 0.000000
vt 6.474533 0.443768 0.000000
vt 5.974533 0.149346 0.000000
vt 6.174533 0.149346 0.000000
vt 6.174533 -0.145075 0.000000
vt 5.974533 -0.145075 0.000000
vt 6.274533 0.149346 0.000000
vt 6.474533 -0.145075 0.000000
vt 6.274533 -0.145075 0.000000
vt 6.574533 0.443768 0.000000
vt 7.677866 0.443768 0.000000
vt 7.077866 0.149346 0.000000
vt 7.177866 0.149346 0.000000
vt 6.777866 0.149346 0.000000
vt 6.574533 -0.145075 0.000000
vt 6.877866 0.149346 0.000000
vt 7.077866 -0.145075 0.000000
vt 6.877866 -0.145075 0.000000
vt 6.777866 -0.145075 0.000000
vt 7.377866 -0.145075 0.000000
vt 7.177866 -0.145075 0.000000
vt 7.377866 0.149346 0.000000
vt 7.477866 0.149346 0.000000
vt 7.677866 -0.145075 0.000000
vt 7.477866 -0.145075 0.000000
vt 7.777866 0.443768 0.000000
vt 8.881200 0.443768 0.000000
vt 8.981200 0.443768 0.000000
vt 7.981200 0.149346 0.000000
vt 7.777866 -0.145075 0.000000
vt 8.081200 0.149346 0.000000
vt 8.281200 0.149346 0.000000
vt 8.281200 -0.145075 0.000000
vt 8.081200 -0.145075 0.000000
vt 7.981200 -0.145075 0.000000
vt 8.381200 0.149346 0.000000
vt 8.581200 0.149346 0.000000
vt 8.581200 -0.145075 0.000000
vt 8.381200 -0.145075 0.000000
vt 8.681200 0.149346 0.000000
vt 8.881200 -0.145075 0.000000
vt 8.681200 -0.145075 0.000000
vt 9.184533 0.149346 0.000000
vt 8.981200 -0.145075 0.000000
vt 9.284533 0.149346 0.000000
vt 9.484533 0.149346 0.000000
vt 9.484533 -0.145075 0.000000
vt 9.284533 -0.145075 0.000000
vt 9.184533 -0.145075 0.000000
vt 10.084533 0.443768 0.000000
vt 9.584533 0.149346 0.000000
vt 9.784533 0.149346 0.000000
vt 9.784533 -0.145075 0.000000
vt 9.584533 -0.145075 0.000000
vt 9.884533 0.149346 0.000000
vt 10.084533 -0.145075 0.000000
vt 9.884533 -0.145075 0.000000
vt 10.184533 0.443768 0.000000
vt 11.287866 0.443768 0.000000
vt 10.687866 0.149346 0.000000
vt 10.787866 0.149346 0.000000
vt 10.387866 0.149346 0.000000
vt 10.184533 -0.145075 0.000000
vt 10.487866 0.149346 0.000000
vt 10.687866 -0.145075 0.000000
vt 10.487866 -0.145075 0.000000
vt 10.387866 -0.145075 0.000000
vt 10.987866 -0.145075 0.000000
vt 10.787866 -0.145075 0.000000
vt 10.987866 0.149346 0.000000
vt 11.087866 0.149346 0.000000
vt 11.287866 -0.145075 0.000000
vt 11.087866 -0.145075 0.000000
vt 11.387866 0.443768 0.000000
vt 12.491200 0.443768 0.000000
vt 12.591200 0.443768 0.000000
vt 11.591200 0.149346 0.000000
vt 11.387866 -0.145075 0.000000
vt 11.691200 0.149346 0.000000
vt 11.891200 0.149346 0.000000
vt 11.891200 -0.145075 0.000000
vt 11.691200 -0.145075 0.000000
vt 11.591200 -0.145075 0.000000
vt 11.991200 0.149346 0.000000
vt 12.191200 0.149346 0.000000
vt 12.191200 -0.145075 0.000000
vt 11.991200 -0.145075 0.000000
vt 12.291200 0.149346 0.000000
vt 12.491200 -0.145075 0.000000
vt 12.291200 -0.145075 0.000000
vt 13.596516 -0.145075 0.000000
vt 12.591200 -0.145075 0.000000
# 565 texture coordinates

g Body23
usemtl Aluminum_-_Bead_Blasted
f 457/796/49 458/795/49 460/794/49
f 460/794/49 458/795/49 459/797/49
f 458/800/42 461/799/42 459/798/42
f 459/798/42 461/799/42 462/797/42
f 461/796/126 463/799/126 462/794/126
f 462/794/126 463/799/126 464/797/126
f 464/803/56 460/802/56 462/801/56
f 462/801/56 460/802/56 459/804/56
f 720/807/42 457/806/42 719/805/42
f 719/805/42 457/806/42 460/808/42
f 719/805/42 460/808/42 478/809/42
f 478/809/42 460/808/42 464/810/42
f 478/809/42 464/810/42 466/811/42
f 466/811/42 464/810/42 465/812/42
f 465/812/42 464/810/42 463/813/42
f 466/811/42 467/814/42 478/809/42
f 478/809/42 467/814/42 470/815/42
f 478/809/42 470/815/42 471/816/42
f 468/818/42 469/817/42 467/814/42
f 467/814/42 469/817/42 470/815/42
f 472/820/42 473/819/42 471/816/42
f 471/816/42 473/819/42 474/821/42
f 471/816/42 474/821/42 478/809/42
f 478/809/42 474/821/42 475/822/42
f 478/809/42 475/822/42 477/823/42
f 477/823/42 475/822/42 476/824/42
f 479/826/42 603/825/42 478/809/42
f 478/809/42 603/825/42 606/827/42
f 478/809/42 606/827/42 607/828/42
f 480/830/42 482/829/42 479/826/42
f 479/826/42 482/829/42 483/831/42
f 479/826/42 483/831/42 486/832/42
f 486/832/42 483/831/42 485/833/42
f 485/833/42 483/831/42 484/834/42
f 480/830/42 481/835/42 482/829/42
f 486/832/42 487/836/42 479/826/42
f 479/826/42 487/836/42 490/837/42
f 479/826/42 490/837/42 491/838/42
f 488/840/42 489/839/42 487/836/42
f 487/836/42 489/839/42 490/837/42
f 492/842/42 493/841/42 491/838/42
f 491/838/42 493/841/42 494/843/42
f 491/838/42 494/843/42 479/826/42
f 479/826/42 494/843/42 495/844/42
f 479/826/42 495/844/42 498/845/42
f 498/845/42 495/844/42 497/846/42
f 497/846/42 495/844/42 496/847/42
f 498/845/42 499/848/42 479/826/42
f 479/826/42 499/848/42 502/849/42
f 479/826/42 502/849/42 503/850/42
f 500/852/42 501/851/42 499/848/42
f 499/848/42 501/851/42 502/849/42
f 504/854/42 505/853/42 503/850/42
f 503/850/42 505/853/42 506/855/42
f 503/850/42 506/855/42 479/826/42
f 479/826/42 506/855/42 507/856/42
f 479/826/42 507/856/42 510/857/42
f 510/857/42 507/856/42 509/858/42
f 509/858/42 507/856/42 508/859/42
f 510/857/42 511/860/42 479/826/42
f 479/826/42 511/860/42 514/861/42
f 479/826/42 514/861/42 515/862/42
f 512/864/42 513/863/42 511/860/42
f 511/860/42 513/863/42 514/861/42
f 516/866/42 517/865/42 515/862/42
f 515/862/42 517/865/42 518/867/42
f 515/862/42 518/867/42 479/826/42
f 479/826/42 518/867/42 519/868/42
f 479/826/42 519/868/42 522/869/42
f 522/869/42 519/868/42 521/870/42
f 521/870/42 519/868/42 520/871/42
f 522/869/42 523/872/42 479/826/42
f 479/826/42 523/872/42 526/873/42
f 479/826/42 526/873/42 527/874/42
f 524/876/42 525/875/42 523/872/42
f 523/872/42 525/875/42 526/873/42
f 528/878/42 529/877/42 527/874/42
f 527/874/42 529/877/42 530/879/42
f 527/874/42 530/879/42 479/826/42
f 479/826/42 530/879/42 531/880/42
f 479/826/42 531/880/42 534/881/42
f 534/881/42 531/880/42 533/882/42
f 533/882/42 531/880/42 532/883/42
f 534/881/42 535/884/42 479/826/42
f 479/826/42 535/884/42 538/885/42
f 479/826/42 538/885/42 539/886/42
f 536/888/42 537/887/42 535/884/42
f 535/884/42 537/887/42 538/885/42
f 540/890/42 541/889/42 539/886/42
f 539/886/42 541/889/42 542/891/42
f 539/886/42 542/891/42 479/826/42
f 479/826/42 542/891/42 543/892/42
f 479/826/42 543/892/42 546/893/42
f 546/893/42 543/892/42 545/894/42
f 545/894/42 543/892/42 544/895/42
f 546/893/42 547/896/42 479/826/42
f 479/826/42 547/896/42 550/897/42
f 479/826/42 550/897/42 551/898/42
f 548/900/42 549/899/42 547/896/42
f 547/896/42 549/899/42 550/897/42
f 552/902/42 553/901/42 551/898/42
f 551/898/42 553/901/42 554/903/42
f 551/898/42 554/903/42 479/826/42
f 479/826/42 554/903/42 555/904/42
f 479/826/42 555/904/42 558/905/42
f 558/905/42 555/904/42 557/906/42
f 557/906/42 555/904/42 556/907/42
f 558/905/42 559/908/42 479/826/42
f 479/826/42 559/908/42 562/909/42
f 479/826/42 562/909/42 563/910/42
f 560/912/42 561/911/42 559/908/42
f 559/908/42 561/911/42 562/909/42
f 564/914/42 565/913/42 563/910/42
f 563/910/42 565/913/42 566/915/42
f 563/910/42 566/915/42 479/826/42
f 479/826/42 566/915/42 567/916/42
f 479/826/42 567/916/42 570/917/42
f 570/917/42 567/916/42 569/918/42
f 569/918/42 567/916/42 568/919/42
f 570/917/42 571/920/42 479/826/42
f 479/826/42 571/920/42 574/921/42
f 479/826/42 574/921/42 575/922/42
f 572/924/42 573/923/42 571/920/42
f 571/920/42 573/923/42 574/921/42
f 576/926/42 577/925/42 575/922/42
f 575/922/42 577/925/42 578/927/42
f 575/922/42 578/927/42 479/826/42
f 479/826/42 578/927/42 579/928/42
f 479/826/42 579/928/42 582/929/42
f 582/929/42 579/928/42 581/930/42
f 581/930/42 579/928/42 580/931/42
f 582/929/42 583/932/42 479/826/42
f 479/826/42 583/932/42 586/933/42
f 479/826/42 586/933/42 587/934/42
f 584/936/42 585/935/42 583/932/42
f 583/932/42 585/935/42 586/933/42
f 588/938/42 589/937/42 587/934/42
f 587/934/42 589/937/42 590/939/42
f 587/934/42 590/939/42 479/826/42
f 479/826/42 590/939/42 591/940/42
f 479/826/42 591/940/42 594/941/42
f 594/941/42 591/940/42 593/942/42
f 593/942/42 591/940/42 592/943/42
f 594/941/42 595/944/42 479/826/42
f 479/826/42 595/944/42 598/945/42
f 479/826/42 598/945/42 599/946/42
f 596/948/42 597/947/42 595/944/42
f 595/944/42 597/947/42 598/945/42
f 600/950/42 601/949/42 599/946/42
f 599/946/42 601/949/42 602/951/42
f 599/946/42 602/951/42 479/826/42
f 479/826/42 602/951/42 603/825/42
f 604/953/42 605/952/42 603/825/42
f 603/825/42 605/952/42 606/827/42
f 608/955/42 609/954/42 607/828/42
f 607/828/42 609/954/42 610/956/42
f 607/828/42 610/956/42 478/809/42
f 478/809/42 610/956/42 611/957/42
f 478/809/42 611/957/42 614/958/42
f 614/958/42 611/957/42 613/959/42
f 613/959/42 611/957/42 612/960/42
f 614/958/42 615/961/42 478/809/42
f 478/809/42 615/961/42 618/962/42
f 478/809/42 618/962/42 619/963/42
f 616/965/42 617/964/42 615/961/42
f 615/961/42 617/964/42 618/962/42
f 620/967/42 621/966/42 619/963/42
f 619/963/42 621/966/42 622/968/42
f 619/963/42 622/968/42 478/809/42
f 478/809/42 622/968/42 623/969/42
f 478/809/42 623/969/42 626/970/42
f 626/970/42 623/969/42 625/971/42
f 625/971/42 623/969/42 624/972/42
f 626/970/42 627/973/42 478/809/42
f 478/809/42 627/973/42 630/974/42
f 478/809/42 630/974/42 631/975/42
f 628/977/42 629/976/42 627/973/42
f 627/973/42 629/976/42 630/974/42
f 632/979/42 633/978/42 631/975/42
f 631/975/42 633/978/42 634/980/42
f 631/975/42 634/980/42 478/809/42
f 478/809/42 634/980/42 635/981/42
f 478/809/42 635/981/42 638/982/42
f 638/982/42 635/981/42 637/983/42
f 637/983/42 635/981/42 636/984/42
f 638/982/42 639/985/42 478/809/42
f 478/809/42 639/985/42 642/986/42
f 478/809/42 642/986/42 643/987/42
f 640/989/42 641/988/42 639/985/42
f 639/985/42 641/988/42 642/986/42
f 644/991/42 645/990/42 643/987/42
f 643/987/42 645/990/42 646/992/42
f 643/987/42 646/992/42 478/809/42
f 478/809/42 646/992/42 647/993/42
f 478/809/42 647/993/42 650/994/42
f 650/994/42 647/993/42 649/995/42
f 649/995/42 647/993/42 648/996/42
f 650/994/42 651/997/42 478/809/42
f 478/809/42 651/997/42 654/998/42
f 478/809/42 654/998/42 655/999/42
f 652/1001/42 653/1000/42 651/997/42
f 651/997/42 653/1000/42 654/998/42
f 656/1003/42 657/1002/42 655/999/42
f 655/999/42 657/1002/42 658/1004/42
f 655/999/42 658/1004/42 478/809/42
f 478/809/42 658/1004/42 659/1005/42
f 478/809/42 659/1005/42 662/1006/42
f 662/1006/42 659/1005/42 661/1007/42
f 661/1007/42 659/1005/42 660/1008/42
f 662/1006/42 663/1009/42 478/809/42
f 478/809/42 663/1009/42 666/1010/42
f 478/809/42 666/1010/42 667/1011/42
f 664/1013/42 665/1012/42 663/1009/42
f 663/1009/42 665/1012/42 666/1010/42
f 668/1015/42 669/1014/42 667/1011/42
f 667/1011/42 669/1014/42 670/1016/42
f 667/1011/42 670/1016/42 478/809/42
f 478/809/42 670/1016/42 671/1017/42
f 478/809/42 671/1017/42 674/1018/42
f 674/1018/42 671/1017/42 673/1019/42
f 673/1019/42 671/1017/42 672/1020/42
f 674/1018/42 675/1021/42 478/809/42
f 478/809/42 675/1021/42 678/1022/42
f 478/809/42 678/1022/42 679/1023/42
f 676/1025/42 677/1024/42 675/1021/42
f 675/1021/42 677/1024/42 678/1022/42
f 680/1027/42 681/1026/42 679/1023/42
f 679/1023/42 681/1026/42 682/1028/42
f 679/1023/42 682/1028/42 478/809/42
f 478/809/42 682/1028/42 683/1029/42
f 478/809/42 683/1029/42 686/1030/42
f 686/1030/42 683/1029/42 685/1031/42
f 685/1031/42 683/1029/42 684/1032/42
f 686/1030/42 687/1033/42 478/809/42
f 478/809/42 687/1033/42 690/1034/42
f 478/809/42 690/1034/42 691/1035/42
f 688/1037/42 689/1036/42 687/1033/42
f 687/1033/42 689/1036/42 690/1034/42
f 692/1039/42 693/1038/42 691/1035/42
f 691/1035/42 693/1038/42 694/1040/42
f 691/1035/42 694/1040/42 478/809/42
f 478/809/42 694/1040/42 695/1041/42
f 478/809/42 695/1041/42 698/1042/42
f 698/1042/42 695/1041/42 697/1043/42
f 697/1043/42 695/1041/42 696/1044/42
f 698/1042/42 699/1045/42 478/809/42
f 478/809/42 699/1045/42 702/1046/42
f 478/809/42 702/1046/42 703/1047/42
f 700/1049/42 701/1048/42 699/1045/42
f 699/1045/42 701/1048/42 702/1046/42
f 704/1051/42 705/1050/42 703/1047/42
f 703/1047/42 705/1050/42 706/1052/42
f 703/1047/42 706/1052/42 478/809/42
f 478/809/42 706/1052/42 707/1053/42
f 478/809/42 707/1053/42 710/1054/42
f 710/1054/42 707/1053/42 709/1055/42
f 709/1055/42 707/1053/42 708/1056/42
f 710/1054/42 711/1057/42 478/809/42
f 478/809/42 711/1057/42 714/1058/42
f 478/809/42 714/1058/42 715/1059/42
f 712/1061/42 713/1060/42 711/1057/42
f 711/1057/42 713/1060/42 714/1058/42
f 716/1063/42 717/1062/42 715/1059/42
f 715/1059/42 717/1062/42 718/1064/42
f 715/1059/42 718/1064/42 478/809/42
f 478/809/42 718/1064/42 719/805/42
f 705/796/49 721/795/49 706/794/49
f 706/794/49 721/795/49 722/797/49
f 721/800/42 723/799/42 722/798/42
f 722/798/42 723/799/42 724/797/42
f 723/796/126 708/799/126 724/794/126
f 724/794/126 708/799/126 707/797/126
f 707/803/56 706/802/56 724/801/56
f 724/801/56 706/802/56 722/804/56
f 689/796/49 725/795/49 690/794/49
f 690/794/49 725/795/49 726/797/49
f 725/800/42 727/799/42 726/798/42
f 726/798/42 727/799/42 728/797/42
f 727/796/126 692/799/126 728/794/126
f 728/794/126 692/799/126 691/797/126
f 691/803/56 690/802/56 728/801/56
f 728/801/56 690/802/56 726/804/56
f 673/796/49 729/795/49 674/794/49
f 674/794/49 729/795/49 730/797/49
f 729/800/42 731/799/42 730/798/42
f 730/798/42 731/799/42 732/797/42
f 731/796/126 676/799/126 732/794/126
f 732/794/126 676/799/126 675/797/126
f 675/803/56 674/802/56 732/801/56
f 732/801/56 674/802/56 730/804/56
f 657/796/49 733/795/49 658/794/49
f 658/794/49 733/795/49 734/797/49
f 733/800/42 735/799/42 734/798/42
f 734/798/42 735/799/42 736/797/42
f 735/796/126 660/799/126 736/794/126
f 736/794/126 660/799/126 659/797/126
f 659/803/56 658/802/56 736/801/56
f 736/801/56 658/802/56 734/804/56
f 641/796/49 737/795/49 642/794/49
f 642/794/49 737/795/49 738/797/49
f 737/800/42 739/799/42 738/798/42
f 738/798/42 739/799/42 740/797/42
f 739/796/126 644/799/126 740/794/126
f 740/794/126 644/799/126 643/797/126
f 643/803/56 642/802/56 740/801/56
f 740/801/56 642/802/56 738/804/56
f 625/796/49 741/795/49 626/794/49
f 626/794/49 741/795/49 742/797/49
f 741/800/42 743/799/42 742/798/42
f 742/798/42 743/799/42 744/797/42
f 743/796/126 628/799/126 744/794/126
f 744/794/126 628/799/126 627/797/126
f 627/803/56 626/802/56 744/801/56
f 744/801/56 626/802/56 742/804/56
f 609/796/49 745/795/49 610/794/49
f 610/794/49 745/795/49 746/797/49
f 745/800/42 747/799/42 746/798/42
f 746/798/42 747/799/42 748/797/42
f 747/796/126 612/799/126 748/794/126
f 748/794/126 612/799/126 611/797/126
f 611/803/56 610/802/56 748/801/56
f 748/801/56 610/802/56 746/804/56
f 593/796/49 749/795/49 594/794/49
f 594/794/49 749/795/49 750/797/49
f 749/800/42 751/799/42 750/798/42
f 750/798/42 751/799/42 752/797/42
f 751/796/126 596/799/126 752/794/126
f 752/794/126 596/799/126 595/797/126
f 595/803/56 594/802/56 752/801/56
f 752/801/56 594/802/56 750/804/56
f 577/796/49 753/795/49 578/794/49
f 578/794/49 753/795/49 754/797/49
f 753/800/42 755/799/42 754/798/42
f 754/798/42 755/799/42 756/797/42
f 755/796/126 580/799/126 756/794/126
f 756/794/126 580/799/126 579/797/126
f 579/803/56 578/802/56 756/801/56
f 756/801/56 578/802/56 754/804/56
f 561/796/49 757/795/49 562/794/49
f 562/794/49 757/795/49 758/797/49
f 757/800/42 759/799/42 758/798/42
f 758/798/42 759/799/42 760/797/42
f 759/796/126 564/799/126 760/794/126
f 760/794/126 564/799/126 563/797/126
f 563/803/56 562/802/56 760/801/56
f 760/801/56 562/802/56 758/804/56
f 545/796/49 761/795/49 546/794/49
f 546/794/49 761/795/49 762/797/49
f 761/800/42 763/799/42 762/798/42
f 762/798/42 763/799/42 764/797/42
f 763/796/126 548/799/126 764/794/126
f 764/794/126 548/799/126 547/797/126
f 547/803/56 546/802/56 764/801/56
f 764/801/56 546/802/56 762/804/56
f 529/796/49 765/795/49 530/794/49
f 530/794/49 765/795/49 766/797/49
f 765/800/42 767/799/42 766/798/42
f 766/798/42 767/799/42 768/797/42
f 767/796/126 532/799/126 768/794/126
f 768/794/126 532/799/126 531/797/126
f 531/803/56 530/802/56 768/801/56
f 768/801/56 530/802/56 766/804/56
f 513/796/49 769/795/49 514/794/49
f 514/794/49 769/795/49 770/797/49
f 769/800/42 771/799/42 770/798/42
f 770/798/42 771/799/42 772/797/42
f 771/796/126 516/799/126 772/794/126
f 772/794/126 516/799/126 515/797/126
f 515/803/56 514/802/56 772/801/56
f 772/801/56 514/802/56 770/804/56
f 497/796/49 773/795/49 498/794/49
f 498/794/49 773/795/49 774/797/49
f 773/800/42 775/799/42 774/798/42
f 774/798/42 775/799/42 776/797/42
f 775/796/126 500/799/126 776/794/126
f 776/794/126 500/799/126 499/797/126
f 499/803/56 498/802/56 776/801/56
f 776/801/56 498/802/56 774/804/56
f 465/1066/49 777/795/49 466/1065/49
f 466/1065/49 777/795/49 778/797/49
f 777/800/42 779/799/42 778/798/42
f 778/798/42 779/799/42 780/797/42
f 779/1066/126 468/799/126 780/1065/126
f 780/1065/126 468/799/126 467/797/126
f 467/1069/56 466/1068/56 780/1067/56
f 780/1067/56 466/1068/56 778/1070/56
f 709/1066/49 781/795/49 710/1065/49
f 710/1065/49 781/795/49 782/797/49
f 781/800/42 783/799/42 782/798/42
f 782/798/42 783/799/42 784/797/42
f 783/1066/126 712/799/126 784/1065/126
f 784/1065/126 712/799/126 711/797/126
f 711/1069/56 710/1068/56 784/1067/56
f 784/1067/56 710/1068/56 782/1070/56
f 693/1066/49 785/795/49 694/1065/49
f 694/1065/49 785/795/49 786/797/49
f 785/800/42 787/799/42 786/798/42
f 786/798/42 787/799/42 788/797/42
f 787/1066/126 696/799/126 788/1065/126
f 788/1065/126 696/799/126 695/797/126
f 695/1069/56 694/1068/56 788/1067/56
f 788/1067/56 694/1068/56 786/1070/56
f 677/1066/49 789/795/49 678/1065/49
f 678/1065/49 789/795/49 790/797/49
f 789/800/42 791/799/42 790/798/42
f 790/798/42 791/799/42 792/797/42
f 791/1066/126 680/799/126 792/1065/126
f 792/1065/126 680/799/126 679/797/126
f 679/1069/56 678/1068/56 792/1067/56
f 792/1067/56 678/1068/56 790/1070/56
f 661/1066/49 793/795/49 662/1065/49
f 662/1065/49 793/795/49 794/797/49
f 793/800/42 795/799/42 794/798/42
f 794/798/42 795/799/42 796/797/42
f 795/1066/126 664/799/126 796/1065/126
f 796/1065/126 664/799/126 663/797/126
f 663/1069/56 662/1068/56 796/1067/56
f 796/1067/56 662/1068/56 794/1070/56
f 645/1066/49 797/795/49 646/1065/49
f 646/1065/49 797/795/49 798/797/49
f 797/800/42 799/799/42 798/798/42
f 798/798/42 799/799/42 800/797/42
f 799/1066/126 648/799/126 800/1065/126
f 800/1065/126 648/799/126 647/797/126
f 647/1069/56 646/1068/56 800/1067/56
f 800/1067/56 646/1068/56 798/1070/56
f 629/1066/49 801/795/49 630/1065/49
f 630/1065/49 801/795/49 802/797/49
f 801/800/42 803/799/42 802/798/42
f 802/798/42 803/799/42 804/797/42
f 803/1066/126 632/799/126 804/1065/126
f 804/1065/126 632/799/126 631/797/126
f 631/1069/56 630/1068/56 804/1067/56
f 804/1067/56 630/1068/56 802/1070/56
f 613/1066/49 805/795/49 614/1065/49
f 614/1065/49 805/795/49 806/797/49
f 805/800/42 807/799/42 806/798/42
f 806/798/42 807/799/42 808/797/42
f 807/1066/126 616/799/126 808/1065/126
f 808/1065/126 616/799/126 615/797/126
f 615/1069/56 614/1068/56 808/1067/56
f 808/1067/56 614/1068/56 806/1070/56
f 597/1066/49 809/795/49 598/1065/49
f 598/1065/49 809/795/49 810/797/49
f 809/800/42 811/799/42 810/798/42
f 810/798/42 811/799/42 812/797/42
f 811/1066/126 600/799/126 812/1065/126
f 812/1065/126 600/799/126 599/797/126
f 599/1069/56 598/1068/56 812/1067/56
f 812/1067/56 598/1068/56 810/1070/56
f 581/1066/49 813/795/49 582/1065/49
f 582/1065/49 813/795/49 814/797/49
f 813/800/42 815/799/42 814/798/42
f 814/798/42 815/799/42 816/797/42
f 815/1066/126 584/799/126 816/1065/126
f 816/1065/126 584/799/126 583/797/126
f 583/1069/56 582/1068/56 816/1067/56
f 816/1067/56 582/1068/56 814/1070/56
f 565/1066/49 817/795/49 566/1065/49
f 566/1065/49 817/795/49 818/797/49
f 817/800/42 819/799/42 818/798/42
f 818/798/42 819/799/42 820/797/42
f 819/1066/126 568/799/126 820/1065/126
f 820/1065/126 568/799/126 567/797/126
f 567/1069/56 566/1068/56 820/1067/56
f 820/1067/56 566/1068/56 818/1070/56
f 549/1066/49 821/795/49 550/1065/49
f 550/1065/49 821/795/49 822/797/49
f 821/800/42 823/799/42 822/798/42
f 822/798/42 823/799/42 824/797/42
f 823/1066/126 552/799/126 824/1065/126
f 824/1065/126 552/799/126 551/797/126
f 551/1069/56 550/1068/56 824/1067/56
f 824/1067/56 550/1068/56 822/1070/56
f 533/1066/49 825/795/49 534/1065/49
f 534/1065/49 825/795/49 826/797/49
f 825/800/42 827/799/42 826/798/42
f 826/798/42 827/799/42 828/797/42
f 827/1066/126 536/799/126 828/1065/126
f 828/1065/126 536/799/126 535/797/126
f 535/1069/56 534/1068/56 828/1067/56
f 828/1067/56 534/1068/56 826/1070/56
f 517/1066/49 829/795/49 518/1065/49
f 518/1065/49 829/795/49 830/797/49
f 829/800/42 831/799/42 830/798/42
f 830/798/42 831/799/42 832/797/42
f 831/1066/126 520/799/126 832/1065/126
f 832/1065/126 520/799/126 519/797/126
f 519/1069/56 518/1068/56 832/1067/56
f 832/1067/56 518/1068/56 830/1070/56
f 501/1066/49 833/795/49 502/1065/49
f 502/1065/49 833/795/49 834/797/49
f 833/800/42 835/799/42 834/798/42
f 834/798/42 835/799/42 836/797/42
f 835/1066/126 504/799/126 836/1065/126
f 836/1065/126 504/799/126 503/797/126
f 503/1069/56 502/1068/56 836/1067/56
f 836/1067/56 502/1068/56 834/1070/56
f 469/1066/49 837/795/49 470/1065/49
f 470/1065/49 837/795/49 838/797/49
f 837/800/42 839/799/42 838/798/42
f 838/798/42 839/799/42 840/797/42
f 839/1066/126 472/799/126 840/1065/126
f 840/1065/126 472/799/126 471/797/126
f 471/1069/56 470/1068/56 840/1067/56
f 840/1067/56 470/1068/56 838/1070/56
f 713/1066/49 841/795/49 714/1065/49
f 714/1065/49 841/795/49 842/797/49
f 841/800/42 843/799/42 842/798/42
f 842/798/42 843/799/42 844/797/42
f 843/1066/126 716/799/126 844/1065/126
f 844/1065/126 716/799/126 715/797/126
f 715/1069/56 714/1068/56 844/1067/56
f 844/1067/56 714/1068/56 842/1070/56
f 697/1066/49 845/795/49 698/1065/49
f 698/1065/49 845/795/49 846/797/49
f 845/800/42 847/799/42 846/798/42
f 846/798/42 847/799/42 848/797/42
f 847/1066/126 700/799/126 848/1065/126
f 848/1065/126 700/799/126 699/797/126
f 699/1069/56 698/1068/56 848/1067/56
f 848/1067/56 698/1068/56 846/1070/56
f 681/1066/49 849/795/49 682/1065/49
f 682/1065/49 849/795/49 850/797/49
f 849/800/42 851/799/42 850/798/42
f 850/798/42 851/799/42 852/797/42
f 851/1066/126 684/799/126 852/1065/126
f 852/1065/126 684/799/126 683/797/126
f 683/1069/56 682/1068/56 852/1067/56
f 852/1067/56 682/1068/56 850/1070/56
f 665/1066/49 853/795/49 666/1065/49
f 666/1065/49 853/795/49 854/797/49
f 853/800/42 855/799/42 854/798/42
f 854/798/42 855/799/42 856/797/42
f 855/1066/126 668/799/126 856/1065/126
f 856/1065/126 668/799/126 667/797/126
f 667/1069/56 666/1068/56 856/1067/56
f 856/1067/56 666/1068/56 854/1070/56
f 649/1066/49 857/795/49 650/1065/49
f 650/1065/49 857/795/49 858/797/49
f 857/800/42 859/799/42 858/798/42
f 858/798/42 859/799/42 860/797/42
f 859/1066/126 652/799/126 860/1065/126
f 860/1065/126 652/799/126 651/797/126
f 651/1069/56 650/1068/56 860/1067/56
f 860/1067/56 650/1068/56 858/1070/56
f 633/1066/49 861/795/49 634/1065/49
f 634/1065/49 861/795/49 862/797/49
f 861/800/42 863/799/42 862/798/42
f 862/798/42 863/799/42 864/797/42
f 863/1066/126 636/799/126 864/1065/126
f 864/1065/126 636/799/126 635/797/126
f 635/1069/56 634/1068/56 864/1067/56
f 864/1067/56 634/1068/56 862/1070/56
f 617/1066/49 865/795/49 618/1065/49
f 618/1065/49 865/795/49 866/797/49
f 865/800/42 867/799/42 866/798/42
f 866/798/42 867/799/42 868/797/42
f 867/1066/126 620/799/126 868/1065/126
f 868/1065/126 620/799/126 619/797/126
f 619/1069/56 618/1068/56 868/1067/56
f 868/1067/56 618/1068/56 866/1070/56
f 601/1066/49 869/795/49 602/1065/49
f 602/1065/49 869/795/49 870/797/49
f 869/800/42 871/799/42 870/798/42
f 870/798/42 871/799/42 872/797/42
f 871/1066/126 604/799/126 872/1065/126
f 872/1065/126 604/799/126 603/797/126
f 603/1069/56 602/1068/56 872/1067/56
f 872/1067/56 602/1068/56 870/1070/56
f 585/1066/49 873/795/49 586/1065/49
f 586/1065/49 873/795/49 874/797/49
f 873/800/42 875/799/42 874/798/42
f 874/798/42 875/799/42 876/797/42
f 875/1066/126 588/799/126 876/1065/126
f 876/1065/126 588/799/126 587/797/126
f 587/1069/56 586/1068/56 876/1067/56
f 876/1067/56 586/1068/56 874/1070/56
f 569/1066/49 877/795/49 570/1065/49
f 570/1065/49 877/795/49 878/797/49
f 877/800/42 879/799/42 878/798/42
f 878/798/42 879/799/42 880/797/42
f 879/1066/126 572/799/126 880/1065/126
f 880/1065/126 572/799/126 571/797/126
f 571/1069/56 570/1068/56 880/1067/56
f 880/1067/56 570/1068/56 878/1070/56
f 553/1066/49 881/795/49 554/1065/49
f 554/1065/49 881/795/49 882/797/49
f 881/800/42 883/799/42 882/798/42
f 882/798/42 883/799/42 884/797/42
f 883/1066/126 556/799/126 884/1065/126
f 884/1065/126 556/799/126 555/797/126
f 555/1069/56 554/1068/56 884/1067/56
f 884/1067/56 554/1068/56 882/1070/56
f 537/1066/49 885/795/49 538/1065/49
f 538/1065/49 885/795/49 886/797/49
f 885/800/42 887/799/42 886/798/42
f 886/798/42 887/799/42 888/797/42
f 887/1066/126 540/799/126 888/1065/126
f 888/1065/126 540/799/126 539/797/126
f 539/1069/56 538/1068/56 888/1067/56
f 888/1067/56 538/1068/56 886/1070/56
f 521/1066/49 889/795/49 522/1065/49
f 522/1065/49 889/795/49 890/797/49
f 889/800/42 891/799/42 890/798/42
f 890/798/42 891/799/42 892/797/42
f 891/1066/126 524/799/126 892/1065/126
f 892/1065/126 524/799/126 523/797/126
f 523/1069/56 522/1068/56 892/1067/56
f 892/1067/56 522/1068/56 890/1070/56
f 505/1066/49 893/795/49 506/1065/49
f 506/1065/49 893/795/49 894/797/49
f 893/800/42 895/799/42 894/798/42
f 894/798/42 895/799/42 896/797/42
f 895/1066/126 508/799/126 896/1065/126
f 896/1065/126 508/799/126 507/797/126
f 507/1069/56 506/1068/56 896/1067/56
f 896/1067/56 506/1068/56 894/1070/56
f 473/1066/49 897/795/49 474/1065/49
f 474/1065/49 897/795/49 898/797/49
f 897/800/42 899/799/42 898/798/42
f 898/798/42 899/799/42 900/797/42
f 899/1066/126 476/799/126 900/1065/126
f 900/1065/126 476/799/126 475/797/126
f 475/1069/56 474/1068/56 900/1067/56
f 900/1067/56 474/1068/56 898/1070/56
f 717/1066/49 901/795/49 718/1065/49
f 718/1065/49 901/795/49 902/797/49
f 901/800/42 903/799/42 902/798/42
f 902/798/42 903/799/42 904/797/42
f 903/1066/126 720/799/126 904/1065/126
f 904/1065/126 720/799/126 719/797/126
f 719/1069/56 718/1068/56 904/1067/56
f 904/1067/56 718/1068/56 902/1070/56
f 701/1066/49 905/795/49 702/1065/49
f 702/1065/49 905/795/49 906/797/49
f 905/800/42 907/799/42 906/798/42
f 906/798/42 907/799/42 908/797/42
f 907/1066/126 704/799/126 908/1065/126
f 908/1065/126 704/799/126 703/797/126
f 703/1069/56 702/1068/56 908/1067/56
f 908/1067/56 702/1068/56 906/1070/56
f 685/1066/49 909/795/49 686/1065/49
f 686/1065/49 909/795/49 910/797/49
f 909/800/42 911/799/42 910/798/42
f 910/798/42 911/799/42 912/797/42
f 911/1066/126 688/799/126 912/1065/126
f 912/1065/126 688/799/126 687/797/126
f 687/1069/56 686/1068/56 912/1067/56
f 912/1067/56 686/1068/56 910/1070/56
f 669/1066/49 913/795/49 670/1065/49
f 670/1065/49 913/795/49 914/797/49
f 913/800/42 915/799/42 914/798/42
f 914/798/42 915/799/42 916/797/42
f 915/1066/126 672/799/126 916/1065/126
f 916/1065/126 672/799/126 671/797/126
f 671/1069/56 670/1068/56 916/1067/56
f 916/1067/56 670/1068/56 914/1070/56
f 653/1066/49 917/795/49 654/1065/49
f 654/1065/49 917/795/49 918/797/49
f 917/800/42 919/799/42 918/798/42
f 918/798/42 919/799/42 920/797/42
f 919/1066/126 656/799/126 920/1065/126
f 920/1065/126 656/799/126 655/797/126
f 655/1069/56 654/1068/56 920/1067/56
f 920/1067/56 654/1068/56 918/1070/56
f 637/1066/49 921/795/49 638/1065/49
f 638/1065/49 921/795/49 922/797/49
f 921/800/42 923/799/42 922/798/42
f 922/798/42 923/799/42 924/797/42
f 923/1066/126 640/799/126 924/1065/126
f 924/1065/126 640/799/126 639/797/126
f 639/1069/56 638/1068/56 924/1067/56
f 924/1067/56 638/1068/56 922/1070/56
f 621/1066/49 925/795/49 622/1065/49
f 622/1065/49 925/795/49 926/797/49
f 925/800/42 927/799/42 926/798/42
f 926/798/42 927/799/42 928/797/42
f 927/1066/126 624/799/126 928/1065/126
f 928/1065/126 624/799/126 623/797/126
f 623/1069/56 622/1068/56 928/1067/56
f 928/1067/56 622/1068/56 926/1070/56
f 605/1066/49 929/795/49 606/1065/49
f 606/1065/49 929/795/49 930/797/49
f 929/800/42 931/799/42 930/798/42
f 930/798/42 931/799/42 932/797/42
f 931/1066/126 608/799/126 932/1065/126
f 932/1065/126 608/799/126 607/797/126
f 607/1069/56 606/1068/56 932/1067/56
f 932/1067/56 606/1068/56 930/1070/56
f 589/1066/49 933/795/49 590/1065/49
f 590/1065/49 933/795/49 934/797/49
f 933/800/42 935/799/42 934/798/42
f 934/798/42 935/799/42 936/797/42
f 935/1066/126 592/799/126 936/1065/126
f 936/1065/126 592/799/126 591/797/126
f 591/1069/56 590/1068/56 936/1067/56
f 936/1067/56 590/1068/56 934/1070/56
f 573/1066/49 937/795/49 574/1065/49
f 574/1065/49 937/795/49 938/797/49
f 937/800/42 939/799/42 938/798/42
f 938/798/42 939/799/42 940/797/42
f 939/1066/126 576/799/126 940/1065/126
f 940/1065/126 576/799/126 575/797/126
f 575/1069/56 574/1068/56 940/1067/56
f 940/1067/56 574/1068/56 938/1070/56
f 557/1066/49 941/795/49 558/1065/49
f 558/1065/49 941/795/49 942/797/49
f 941/800/42 943/799/42 942/798/42
f 942/798/42 943/799/42 944/797/42
f 943/1066/126 560/799/126 944/1065/126
f 944/1065/126 560/799/126 559/797/126
f 559/1069/56 558/1068/56 944/1067/56
f 944/1067/56 558/1068/56 942/1070/56
f 541/1066/49 945/795/49 542/1065/49
f 542/1065/49 945/795/49 946/797/49
f 945/800/42 947/799/42 946/798/42
f 946/798/42 947/799/42 948/797/42
f 947/1066/126 544/799/126 948/1065/126
f 948/1065/126 544/799/126 543/797/126
f 543/1069/56 542/1068/56 948/1067/56
f 948/1067/56 542/1068/56 946/1070/56
f 525/1066/49 949/795/49 526/1065/49
f 526/1065/49 949/795/49 950/797/49
f 949/800/42 951/799/42 950/798/42
f 950/798/42 951/799/42 952/797/42
f 951/1066/126 528/799/126 952/1065/126
f 952/1065/126 528/799/126 527/797/126
f 527/1069/56 526/1068/56 952/1067/56
f 952/1067/56 526/1068/56 950/1070/56
f 509/1066/49 953/795/49 510/1065/49
f 510/1065/49 953/795/49 954/797/49
f 953/800/42 955/799/42 954/798/42
f 954/798/42 955/799/42 956/797/42
f 955/1066/126 512/799/126 956/1065/126
f 956/1065/126 512/799/126 511/797/126
f 511/1069/56 510/1068/56 956/1067/56
f 956/1067/56 510/1068/56 954/1070/56
f 485/1066/49 957/795/49 486/1065/49
f 486/1065/49 957/795/49 958/797/49
f 957/800/42 959/799/42 958/798/42
f 958/798/42 959/799/42 960/797/42
f 959/1066/126 488/799/126 960/1065/126
f 960/1065/126 488/799/126 487/797/126
f 487/1069/56 486/1068/56 960/1067/56
f 960/1067/56 486/1068/56 958/1070/56
f 489/1066/49 961/795/49 490/1065/49
f 490/1065/49 961/795/49 962/797/49
f 961/800/42 963/799/42 962/798/42
f 962/798/42 963/799/42 964/797/42
f 963/1066/126 492/799/126 964/1065/126
f 964/1065/126 492/799/126 491/797/126
f 491/1069/56 490/1068/56 964/1067/56
f 964/1067/56 490/1068/56 962/1070/56
f 481/796/49 965/795/49 482/794/49
f 482/794/49 965/795/49 966/797/49
f 965/800/42 967/799/42 966/798/42
f 966/798/42 967/799/42 968/797/42
f 967/796/126 484/799/126 968/794/126
f 968/794/126 484/799/126 483/797/126
f 483/803/56 482/802/56 968/801/56
f 968/801/56 482/802/56 966/804/56
f 493/1066/49 969/795/49 494/1065/49
f 494/1065/49 969/795/49 970/797/49
f 969/800/42 971/799/42 970/798/42
f 970/798/42 971/799/42 972/797/42
f 971/1066/126 496/799/126 972/1065/126
f 972/1065/126 496/799/126 495/797/126
f 495/1069/56 494/1068/56 972/1067/56
f 972/1067/56 494/1068/56 970/1070/56
f 974/1073/126 480/1072/126 973/1071/126
f 973/1071/126 480/1072/126 479/1074/126
f 477/1073/49 975/1075/49 478/1071/49
f 478/1071/49 975/1075/49 976/1076/49
f 975/1078/10 977/1075/10 976/1077/10
f 976/1077/10 977/1075/10 978/1076/10
f 977/1080/126 979/1075/126 978/1079/126
f 978/1079/126 979/1075/126 980/1076/126
f 979/1082/10 981/1075/10 980/1081/10
f 980/1081/10 981/1075/10 982/1076/10
f 981/1080/49 983/1075/49 982/1079/49
f 982/1079/49 983/1075/49 984/1076/49
f 983/1085/10 974/1084/10 984/1083/10
f 984/1083/10 974/1084/10 973/1086/10
f 973/1089/2 479/1088/2 982/1087/2
f 982/1087/2 479/1088/2 478/1090/2
f 982/1087/2 478/1090/2 980/1091/2
f 980/1091/2 478/1090/2 976/1092/2
f 980/1091/2 976/1092/2 978/1093/2
f 982/1087/2 984/1094/2 973/1089/2
f 983/1097/56 981/1096/56 974/1095/56
f 974/1095/56 981/1096/56 755/1098/56
f 974/1095/56 755/1098/56 753/1099/56
f 979/1101/56 721/1100/56 981/1096/56
f 981/1096/56 721/1100/56 727/1102/56
f 981/1096/56 727/1102/56 725/1103/56
f 977/1105/56 975/1104/56 979/1101/56
f 979/1101/56 975/1104/56 461/1106/56
f 979/1101/56 461/1106/56 458/1107/56
f 461/1106/56 975/1104/56 899/1108/56
f 899/1108/56 975/1104/56 477/1109/56
f 899/1108/56 477/1109/56 476/1110/56
f 899/1108/56 897/1111/56 461/1106/56
f 461/1106/56 897/1111/56 839/1112/56
f 461/1106/56 839/1112/56 837/1113/56
f 473/1115/56 472/1114/56 897/1111/56
f 897/1111/56 472/1114/56 839/1112/56
f 469/1117/56 468/1116/56 837/1113/56
f 837/1113/56 468/1116/56 779/1118/56
f 837/1113/56 779/1118/56 461/1106/56
f 461/1106/56 779/1118/56 777/1119/56
f 461/1106/56 777/1119/56 463/1120/56
f 463/1120/56 777/1119/56 465/1121/56
f 457/1123/56 903/1122/56 458/1107/56
f 458/1107/56 903/1122/56 901/1124/56
f 458/1107/56 901/1124/56 843/1125/56
f 843/1125/56 901/1124/56 716/1126/56
f 716/1126/56 901/1124/56 717/1127/56
f 457/1123/56 720/1128/56 903/1122/56
f 458/1107/56 843/1125/56 723/1129/56
f 723/1129/56 843/1125/56 841/1130/56
f 723/1129/56 841/1130/56 783/1131/56
f 783/1131/56 841/1130/56 712/1132/56
f 712/1132/56 841/1130/56 713/1133/56
f 783/1131/56 781/1134/56 723/1129/56
f 723/1129/56 781/1134/56 708/1135/56
f 708/1135/56 781/1134/56 709/1136/56
f 458/1107/56 723/1129/56 979/1101/56
f 979/1101/56 723/1129/56 721/1100/56
f 705/1138/56 907/1137/56 721/1100/56
f 721/1100/56 907/1137/56 905/1139/56
f 721/1100/56 905/1139/56 847/1140/56
f 847/1140/56 905/1139/56 700/1141/56
f 700/1141/56 905/1139/56 701/1142/56
f 705/1138/56 704/1143/56 907/1137/56
f 721/1100/56 847/1140/56 727/1102/56
f 727/1102/56 847/1140/56 845/1144/56
f 727/1102/56 845/1144/56 787/1145/56
f 787/1145/56 845/1144/56 696/1146/56
f 696/1146/56 845/1144/56 697/1147/56
f 787/1145/56 785/1148/56 727/1102/56
f 727/1102/56 785/1148/56 692/1149/56
f 692/1149/56 785/1148/56 693/1150/56
f 689/1152/56 911/1151/56 725/1103/56
f 725/1103/56 911/1151/56 909/1153/56
f 725/1103/56 909/1153/56 851/1154/56
f 851/1154/56 909/1153/56 684/1155/56
f 684/1155/56 909/1153/56 685/1156/56
f 689/1152/56 688/1157/56 911/1151/56
f 725/1103/56 851/1154/56 731/1158/56
f 731/1158/56 851/1154/56 849/1159/56
f 731/1158/56 849/1159/56 791/1160/56
f 791/1160/56 849/1159/56 680/1161/56
f 680/1161/56 849/1159/56 681/1162/56
f 791/1160/56 789/1163/56 731/1158/56
f 731/1158/56 789/1163/56 676/1164/56
f 676/1164/56 789/1163/56 677/1165/56
f 725/1103/56 731/1158/56 981/1096/56
f 981/1096/56 731/1158/56 729/1166/56
f 981/1096/56 729/1166/56 735/1167/56
f 735/1167/56 729/1166/56 855/1168/56
f 735/1167/56 855/1168/56 853/1169/56
f 673/1171/56 915/1170/56 729/1166/56
f 729/1166/56 915/1170/56 913/1172/56
f 729/1166/56 913/1172/56 855/1168/56
f 855/1168/56 913/1172/56 668/1173/56
f 668/1173/56 913/1172/56 669/1174/56
f 673/1171/56 672/1175/56 915/1170/56
f 665/1177/56 664/1176/56 853/1169/56
f 853/1169/56 664/1176/56 795/1178/56
f 853/1169/56 795/1178/56 735/1167/56
f 735/1167/56 795/1178/56 793/1179/56
f 735/1167/56 793/1179/56 660/1180/56
f 660/1180/56 793/1179/56 661/1181/56
f 735/1167/56 733/1182/56 981/1096/56
f 981/1096/56 733/1182/56 739/1183/56
f 981/1096/56 739/1183/56 737/1184/56
f 657/1186/56 919/1185/56 733/1182/56
f 733/1182/56 919/1185/56 917/1187/56
f 733/1182/56 917/1187/56 859/1188/56
f 859/1188/56 917/1187/56 652/1189/56
f 652/1189/56 917/1187/56 653/1190/56
f 657/1186/56 656/1191/56 919/1185/56
f 733/1182/56 859/1188/56 739/1183/56
f 739/1183/56 859/1188/56 857/1192/56
f 739/1183/56 857/1192/56 799/1193/56
f 799/1193/56 857/1192/56 648/1194/56
f 648/1194/56 857/1192/56 649/1195/56
f 799/1193/56 797/1196/56 739/1183/56
f 739/1183/56 797/1196/56 644/1197/56
f 644/1197/56 797/1196/56 645/1198/56
f 641/1200/56 923/1199/56 737/1184/56
f 737/1184/56 923/1199/56 921/1201/56
f 737/1184/56 921/1201/56 863/1202/56
f 863/1202/56 921/1201/56 636/1203/56
f 636/1203/56 921/1201/56 637/1204/56
f 641/1200/56 640/1205/56 923/1199/56
f 737/1184/56 863/1202/56 743/1206/56
f 743/1206/56 863/1202/56 861/1207/56
f 743/1206/56 861/1207/56 803/1208/56
f 803/1208/56 861/1207/56 632/1209/56
f 632/1209/56 861/1207/56 633/1210/56
f 803/1208/56 801/1211/56 743/1206/56
f 743/1206/56 801/1211/56 628/1212/56
f 628/1212/56 801/1211/56 629/1213/56
f 737/1184/56 743/1206/56 981/1096/56
f 981/1096/56 743/1206/56 741/1214/56
f 981/1096/56 741/1214/56 747/1215/56
f 747/1215/56 741/1214/56 867/1216/56
f 747/1215/56 867/1216/56 865/1217/56
f 625/1219/56 927/1218/56 741/1214/56
f 741/1214/56 927/1218/56 925/1220/56
f 741/1214/56 925/1220/56 867/1216/56
f 867/1216/56 925/1220/56 620/1221/56
f 620/1221/56 925/1220/56 621/1222/56
f 625/1219/56 624/1223/56 927/1218/56
f 617/1225/56 616/1224/56 865/1217/56
f 865/1217/56 616/1224/56 807/1226/56
f 865/1217/56 807/1226/56 747/1215/56
f 747/1215/56 807/1226/56 805/1227/56
f 747/1215/56 805/1227/56 612/1228/56
f 612/1228/56 805/1227/56 613/1229/56
f 747/1215/56 745/1230/56 981/1096/56
f 981/1096/56 745/1230/56 751/1231/56
f 981/1096/56 751/1231/56 749/1232/56
f 609/1234/56 931/1233/56 745/1230/56
f 745/1230/56 931/1233/56 929/1235/56
f 745/1230/56 929/1235/56 871/1236/56
f 871/1236/56 929/1235/56 604/1237/56
f 604/1237/56 929/1235/56 605/1238/56
f 609/1234/56 608/1239/56 931/1233/56
f 745/1230/56 871/1236/56 751/1231/56
f 751/1231/56 871/1236/56 869/1240/56
f 751/1231/56 869/1240/56 811/1241/56
f 811/1241/56 869/1240/56 600/1242/56
f 600/1242/56 869/1240/56 601/1243/56
f 811/1241/56 809/1244/56 751/1231/56
f 751/1231/56 809/1244/56 596/1245/56
f 596/1245/56 809/1244/56 597/1246/56
f 593/1248/56 935/1247/56 749/1232/56
f 749/1232/56 935/1247/56 933/1249/56
f 749/1232/56 933/1249/56 875/1250/56
f 875/1250/56 933/1249/56 588/1251/56
f 588/1251/56 933/1249/56 589/1252/56
f 593/1248/56 592/1253/56 935/1247/56
f 749/1232/56 875/1250/56 755/1098/56
f 755/1098/56 875/1250/56 873/1254/56
f 755/1098/56 873/1254/56 815/1255/56
f 815/1255/56 873/1254/56 584/1256/56
f 584/1256/56 873/1254/56 585/1257/56
f 815/1255/56 813/1258/56 755/1098/56
f 755/1098/56 813/1258/56 580/1259/56
f 580/1259/56 813/1258/56 581/1260/56
f 577/1262/56 939/1261/56 753/1099/56
f 753/1099/56 939/1261/56 937/1263/56
f 753/1099/56 937/1263/56 879/1264/56
f 879/1264/56 937/1263/56 572/1265/56
f 572/1265/56 937/1263/56 573/1266/56
f 577/1262/56 576/1267/56 939/1261/56
f 753/1099/56 879/1264/56 759/1268/56
f 759/1268/56 879/1264/56 877/1269/56
f 759/1268/56 877/1269/56 819/1270/56
f 819/1270/56 877/1269/56 568/1271/56
f 568/1271/56 877/1269/56 569/1272/56
f 819/1270/56 817/1273/56 759/1268/56
f 759/1268/56 817/1273/56 564/1274/56
f 564/1274/56 817/1273/56 565/1275/56
f 753/1099/56 759/1268/56 974/1095/56
f 974/1095/56 759/1268/56 757/1276/56
f 974/1095/56 757/1276/56 763/1277/56
f 763/1277/56 757/1276/56 883/1278/56
f 763/1277/56 883/1278/56 881/1279/56
f 561/1281/56 943/1280/56 757/1276/56
f 757/1276/56 943/1280/56 941/1282/56
f 757/1276/56 941/1282/56 883/1278/56
f 883/1278/56 941/1282/56 556/1283/56
f 556/1283/56 941/1282/56 557/1284/56
f 561/1281/56 560/1285/56 943/1280/56
f 553/1287/56 552/1286/56 881/1279/56
f 881/1279/56 552/1286/56 823/1288/56
f 881/1279/56 823/1288/56 763/1277/56
f 763/1277/56 823/1288/56 821/1289/56
f 763/1277/56 821/1289/56 548/1290/56
f 548/1290/56 821/1289/56 549/1291/56
f 763/1277/56 761/1292/56 974/1095/56
f 974/1095/56 761/1292/56 767/1293/56
f 974/1095/56 767/1293/56 765/1294/56
f 545/1296/56 947/1295/56 761/1292/56
f 761/1292/56 947/1295/56 945/1297/56
f 761/1292/56 945/1297/56 887/1298/56
f 887/1298/56 945/1297/56 540/1299/56
f 540/1299/56 945/1297/56 541/1300/56
f 545/1296/56 544/1301/56 947/1295/56
f 761/1292/56 887/1298/56 767/1293/56
f 767/1293/56 887/1298/56 885/1302/56
f 767/1293/56 885/1302/56 827/1303/56
f 827/1303/56 885/1302/56 536/1304/56
f 536/1304/56 885/1302/56 537/1305/56
f 827/1303/56 825/1306/56 767/1293/56
f 767/1293/56 825/1306/56 532/1307/56
f 532/1307/56 825/1306/56 533/1308/56
f 529/1310/56 951/1309/56 765/1294/56
f 765/1294/56 951/1309/56 949/1311/56
f 765/1294/56 949/1311/56 891/1312/56
f 891/1312/56 949/1311/56 524/1313/56
f 524/1313/56 949/1311/56 525/1314/56
f 529/1310/56 528/1315/56 951/1309/56
f 765/1294/56 891/1312/56 771/1316/56
f 771/1316/56 891/1312/56 889/1317/56
f 771/1316/56 889/1317/56 831/1318/56
f 831/1318/56 889/1317/56 520/1319/56
f 520/1319/56 889/1317/56 521/1320/56
f 831/1318/56 829/1321/56 771/1316/56
f 771/1316/56 829/1321/56 516/1322/56
f 516/1322/56 829/1321/56 517/1323/56
f 765/1294/56 771/1316/56 974/1095/56
f 974/1095/56 771/1316/56 769/1324/56
f 974/1095/56 769/1324/56 775/1325/56
f 775/1325/56 769/1324/56 895/1326/56
f 775/1325/56 895/1326/56 893/1327/56
f 513/1329/56 955/1328/56 769/1324/56
f 769/1324/56 955/1328/56 953/1330/56
f 769/1324/56 953/1330/56 895/1326/56
f 895/1326/56 953/1330/56 508/1331/56
f 508/1331/56 953/1330/56 509/1332/56
f 513/1329/56 512/1333/56 955/1328/56
f 505/1335/56 504/1334/56 893/1327/56
f 893/1327/56 504/1334/56 835/1336/56
f 893/1327/56 835/1336/56 775/1325/56
f 775/1325/56 835/1336/56 833/1337/56
f 775/1325/56 833/1337/56 500/1338/56
f 500/1338/56 833/1337/56 501/1339/56
f 775/1325/56 773/1340/56 974/1095/56
f 974/1095/56 773/1340/56 967/1341/56
f 974/1095/56 967/1341/56 965/1342/56
f 497/1344/56 971/1343/56 773/1340/56
f 773/1340/56 971/1343/56 969/1345/56
f 773/1340/56 969/1345/56 963/1346/56
f 963/1346/56 969/1345/56 492/1347/56
f 492/1347/56 969/1345/56 493/1348/56
f 497/1344/56 496/1349/56 971/1343/56
f 773/1340/56 963/1346/56 967/1341/56
f 967/1341/56 963/1346/56 961/1350/56
f 967/1341/56 961/1350/56 959/1351/56
f 959/1351/56 961/1350/56 488/1352/56
f 488/1352/56 961/1350/56 489/1353/56
f 959/1351/56 957/1354/56 967/1341/56
f 967/1341/56 957/1354/56 484/1355/56
f 484/1355/56 957/1354/56 485/1356/56
f 481/1358/56 480/1357/56 965/1342/56
f 965/1342/56 480/1357/56 974/1095/56
f 749/1232/56 755/1098/56 981/1096/56

v 28.326305 1.800000 -72.721189
v 28.326305 -1.800000 -74.799650
v 36.689759 -1.800000 -74.799650
v 37.987948 -0.038528 -73.782663
v 39.134605 1.800000 -72.721189
v 34.431554 -1.800000 -76.208467
v 31.909040 -1.800000 -77.355062
v 29.168000 -1.800000 -78.174680
v 26.308828 -1.800000 -78.613336
v 23.501554 -1.800000 -78.682333
v 20.964458 -1.800000 -78.469276
v 19.858418 -1.800000 -78.290186
v 18.880543 -1.800000 -78.075729
v 18.036185 -1.800000 -77.830854
v 17.326305 -1.800000 -77.557679
v 17.326305 1.800000 -77.557679
v 18.159608 1.800000 -77.871125
v 19.172784 1.800000 -78.146379
v 20.362993 1.800000 -78.379223
v 21.717709 1.800000 -78.559718
v 23.209983 1.800000 -78.670918
v 24.801259 1.800000 -78.691591
v 26.447847 1.800000 -78.601055
v 28.107338 1.800000 -78.384285
v 29.744218 1.800000 -78.036427
v 31.331672 1.800000 -77.562615
v 32.850500 1.800000 -76.974205
v 34.287947 1.800000 -76.284935
v 36.894047 1.800000 -74.650886
v 14.207883 -1.800000 -22.656924
v 14.207883 1.800000 -22.656924
v 14.207883 1.800000 -62.861535
v 14.207883 -1.800000 -62.861535
v 22.083013 1.800000 -22.656924
v 22.083013 -1.800000 -22.656924
v 17.326305 1.800000 -62.861535
v 17.326305 -1.800000 -62.861535
v 28.326305 -1.800000 -72.721189
v 25.191107 -1.800000 -72.721189
v 25.191107 -1.800000 -73.400232
v 22.083013 -1.800000 -73.400232
v 22.083013 1.800000 -73.400232
v 25.191107 1.800000 -73.400232
v 25.191107 1.800000 -72.721189
# 44 vertices

vn 0.593719 0.000000 -0.804625
vn 0.649063 0.000000 -0.760719
vn 0.708719 0.000000 -0.705437
vn 0.583531 0.000000 -0.812063
vn 0.466531 0.000000 -0.884500
vn 0.473437 0.000000 -0.880813
vn 0.397531 0.000000 -0.917562
vn 0.352188 0.000000 -0.935906
vn 0.324250 0.000000 -0.945938
vn 0.219313 0.000000 -0.975625
vn 0.247250 0.000000 -0.968938
vn 0.168375 0.000000 -0.985719
vn 0.084844 0.000000 -0.996375
vn 0.091125 0.000000 -0.995812
vn 0.019531 0.000000 -0.999781
vn -0.033312 0.000000 -0.999438
vn -0.044875 0.000000 -0.998969
vn -0.103813 0.000000 -0.994594
vn -0.134875 0.000000 -0.990844
vn -0.161594 0.000000 -0.986844
vn -0.186344 0.000000 -0.982469
vn -0.225406 0.000000 -0.974250
vn -0.244844 0.000000 -0.969531
vn -0.304062 0.000000 -0.952625
vn -0.316406 0.000000 -0.948594
vn -0.407781 0.000000 -0.913063
# 26 normals

vt 1.131670 -1.158241 0.000000
vt 0.165506 -0.945947 0.000000
vt 1.246336 -0.945947 0.000000
vt 0.165506 -1.361639 0.000000
vt 1.001851 -1.361639 0.000000
vt 2.348234 -0.330000 0.000000
vt 2.505251 -0.146147 0.000000
vt 2.683696 -0.330000 0.000000
vt 2.320126 0.030000 0.000000
vt 2.012772 -0.330000 0.000000
vt 2.030110 0.030000 0.000000
vt 1.845041 -0.330000 0.000000
vt 1.740094 0.030000 0.000000
vt 1.677310 -0.330000 0.000000
vt 1.450079 0.030000 0.000000
vt 1.509579 -0.330000 0.000000
vt 1.341848 -0.330000 0.000000
vt 1.160063 0.030000 0.000000
vt 1.174117 -0.330000 0.000000
vt 1.006386 -0.330000 0.000000
vt 0.870047 0.030000 0.000000
vt 0.838655 -0.330000 0.000000
vt 0.670924 -0.330000 0.000000
vt 0.580031 0.030000 0.000000
vt 0.503193 -0.330000 0.000000
vt 0.435024 0.030000 0.000000
vt 0.335462 -0.330000 0.000000
vt 0.290016 0.030000 0.000000
vt 0.167731 -0.330000 0.000000
vt 0.145008 0.030000 0.000000
vt 4.020461 -0.180000 0.000000
vt 0.000000 0.180000 0.000000
vt 4.020461 0.180000 0.000000
vt 0.000000 -0.180000 0.000000
vt 0.787513 -0.180000 0.000000
vt 0.787513 0.180000 0.000000
vt 0.311842 -0.180000 0.000000
vt 0.000000 0.180000 0.000000
vt 0.311842 0.180000 0.000000
vt 3.204042 1.255921 0.000000
vt 3.064100 0.942401 0.000000
vt 2.996196 1.255921 0.000000
vt 3.585411 1.054173 0.000000
vt 3.541545 1.340091 0.000000
vt 2.996196 0.942401 0.000000
vt 3.592310 0.773446 0.000000
vt 3.064100 0.631592 0.000000
vt 3.571005 0.519736 0.000000
vt 3.553096 0.409132 0.000000
vt 3.531650 0.311345 0.000000
vt 2.010231 0.155921 0.000000
vt 3.507162 0.226909 0.000000
vt 3.479845 0.155921 0.000000
vt -2.010231 0.631592 0.000000
vt -2.010231 -0.155921 0.000000
vt 2.010231 -0.155921 0.000000
vt 3.459583 1.614195 0.000000
vt 3.344924 1.866446 0.000000
vt 3.204042 2.092266 0.000000
vt 5.490075 -0.330000 0.000000
vt 4.020461 0.030000 0.000000
vt 5.490075 0.030000 0.000000
vt 4.020461 -0.330000 0.000000
vt -3.511190 0.239251 0.000000
vt -2.010231 0.155921 0.000000
vt -3.479845 0.155921 0.000000
vt -3.064100 0.631592 0.000000
vt -3.538715 0.340569 0.000000
vt -3.561999 0.459590 0.000000
vt -3.580049 0.595061 0.000000
vt -3.591169 0.744289 0.000000
vt -3.064100 0.942401 0.000000
vt -3.593236 0.903416 0.000000
vt -3.584183 1.068075 0.000000
vt -2.996196 1.255921 0.000000
vt -3.562506 1.234024 0.000000
vt -3.527720 1.397712 0.000000
vt -3.480339 1.556458 0.000000
vt -3.421497 1.708341 0.000000
vt -3.352571 1.852085 0.000000
vt -3.189166 2.112695 0.000000
vt -2.996196 2.336751 0.000000
vt 2.010231 0.631592 0.000000
vt -2.996196 0.942401 0.000000
vt 5.074331 -0.330000 0.000000
vt 5.074331 0.030000 0.000000
vt 0.310809 -0.330000 0.000000
vt 0.310809 0.030000 0.000000
vt 0.067904 -0.330000 0.000000
vt 0.067904 0.030000 0.000000
vt 1.080830 0.030000 0.000000
vt 1.394350 -0.330000 0.000000
vt 1.080830 -0.330000 0.000000
vt 1.394350 0.030000 0.000000
vt 2.399290 -0.180000 0.000000
vt 2.399290 0.180000 0.000000
vt 2.607136 -0.180000 0.000000
# 97 texture coordinates

g Body28
usemtl Aluminum_-_Polished
f 989/1361/129 985/1360/129 988/1359/129
f 988/1359/129 985/1360/129 986/1362/129
f 988/1359/129 986/1362/129 987/1363/129
f 989/1366/353 988/1365/352 1013/1364/351
f 1013/1364/351 988/1365/352 987/1367/354
f 1013/1364/351 987/1367/354 1012/1368/355
f 1012/1368/355 987/1367/354 990/1369/356
f 1012/1368/355 990/1369/356 1011/1370/357
f 1011/1370/357 990/1369/356 991/1371/358
f 1011/1370/357 991/1371/358 1010/1372/359
f 1010/1372/359 991/1371/358 992/1373/360
f 1010/1372/359 992/1373/360 1009/1374/361
f 1009/1374/361 992/1373/360 1008/1375/362
f 1008/1375/362 992/1373/360 993/1376/363
f 1008/1375/362 993/1376/363 1007/1377/364
f 1007/1377/364 993/1376/363 1006/1378/365
f 1006/1378/365 993/1376/363 994/1379/366
f 1006/1378/365 994/1379/366 1005/1380/367
f 1005/1380/367 994/1379/366 1004/1381/368
f 1004/1381/368 994/1379/366 995/1382/369
f 1004/1381/368 995/1382/369 1003/1383/370
f 1003/1383/370 995/1382/369 996/1384/371
f 1003/1383/370 996/1384/371 1002/1385/372
f 1002/1385/372 996/1384/371 997/1386/373
f 1002/1385/372 997/1386/373 1001/1387/374
f 1001/1387/374 997/1386/373 998/1388/375
f 1001/1387/374 998/1388/375 1000/661/376
f 1000/661/376 998/1388/375 999/634/376
f 1015/1391/42 1016/1390/42 1014/1389/42
f 1014/1389/42 1016/1390/42 1017/1392/42
f 1018/1394/126 1015/1390/126 1019/1393/126
f 1019/1393/126 1015/1390/126 1014/1392/126
f 1016/1397/49 1020/1396/49 1017/1395/49
f 1017/1395/49 1020/1396/49 1021/1392/49
f 1022/1400/2 1024/1399/2 986/1398/2
f 986/1398/2 1024/1399/2 993/1401/2
f 986/1398/2 993/1401/2 992/1402/2
f 1022/1400/2 1023/1403/2 1024/1399/2
f 993/1401/2 1024/1399/2 994/1404/2
f 994/1404/2 1024/1399/2 1025/1405/2
f 994/1404/2 1025/1405/2 995/1406/2
f 995/1406/2 1025/1405/2 996/1407/2
f 996/1407/2 1025/1405/2 997/1408/2
f 997/1408/2 1025/1405/2 1021/1409/2
f 997/1408/2 1021/1409/2 998/1410/2
f 998/1410/2 1021/1409/2 999/1411/2
f 1025/1405/2 1019/1412/2 1021/1409/2
f 1021/1409/2 1019/1412/2 1014/1413/2
f 1021/1409/2 1014/1413/2 1017/1414/2
f 992/1402/2 991/1415/2 986/1398/2
f 986/1398/2 991/1415/2 990/1416/2
f 986/1398/2 990/1416/2 987/1417/2
f 999/1420/42 1021/1419/42 1000/1418/42
f 1000/1418/42 1021/1419/42 1020/1421/42
f 1000/1424/56 1020/1423/56 1001/1422/56
f 1001/1422/56 1020/1423/56 1026/1425/56
f 1001/1422/56 1026/1425/56 1002/1426/56
f 1002/1426/56 1026/1425/56 1003/1427/56
f 1003/1427/56 1026/1425/56 1004/1428/56
f 1004/1428/56 1026/1425/56 1005/1429/56
f 1005/1429/56 1026/1425/56 1027/1430/56
f 1005/1429/56 1027/1430/56 1006/1431/56
f 1006/1431/56 1027/1430/56 1007/1432/56
f 1007/1432/56 1027/1430/56 985/1433/56
f 1007/1432/56 985/1433/56 1008/1434/56
f 1008/1434/56 985/1433/56 1009/1435/56
f 1009/1435/56 985/1433/56 1010/1436/56
f 1010/1436/56 985/1433/56 1011/1437/56
f 1011/1437/56 985/1433/56 1012/1438/56
f 1012/1438/56 985/1433/56 1013/1439/56
f 1013/1439/56 985/1433/56 989/1440/56
f 1016/1413/56 1015/1414/56 1020/1423/56
f 1020/1423/56 1015/1414/56 1018/1441/56
f 1020/1423/56 1018/1441/56 1026/1425/56
f 1027/1430/56 1028/1442/56 985/1433/56
f 1026/661/10 1018/1443/10 1025/634/10
f 1025/634/10 1018/1443/10 1019/1444/10
f 1025/1446/126 1024/634/126 1026/1445/126
f 1026/1445/126 1024/634/126 1027/636/126
f 1024/1448/42 1023/634/42 1027/1447/42
f 1027/1447/42 1023/634/42 1028/636/42
f 985/1451/126 1028/1450/126 1022/1449/126
f 1022/1449/126 1028/1450/126 1023/1452/126
f 986/1455/10 985/1454/10 1022/1453/10

v 22.051188 1.800000 -97.138686
v 22.051188 -1.800000 -97.138686
v 22.051188 -1.800000 -113.659996
v 22.051188 1.800000 -113.659996
v 17.326305 -1.800000 -113.659996
v 17.326305 1.800000 -113.659996
v 28.326305 1.800000 -97.138686
v 28.326305 -1.800000 -97.138686
v 28.326305 1.800000 -95.060225
v 36.717475 1.800000 -95.060225
v 38.031618 0.031183 -96.081452
v 39.227096 -1.800000 -97.138686
v 35.687524 1.800000 -94.359346
v 34.622593 1.800000 -93.724226
v 33.520674 1.800000 -93.158639
v 32.381372 1.800000 -92.663328
v 31.206218 1.800000 -92.235416
v 29.997665 1.800000 -91.870289
v 27.489251 1.800000 -91.311684
v 27.489251 -1.800000 -91.311684
v 29.160698 -1.800000 -91.656156
v 30.780030 -1.800000 -92.098597
v 32.342516 -1.800000 -92.647903
v 33.842552 -1.800000 -93.314609
v 35.277293 -1.800000 -94.104061
v 36.649412 -1.800000 -95.011236
v 37.964440 -1.800000 -96.025733
v 17.326305 1.800000 -91.311684
v 17.326305 -1.800000 -91.311684
# 29 vertices

vn 0.637094 0.000000 0.770750
vn 0.639687 0.000000 0.768594
vn 0.684062 0.000000 0.729375
vn 0.585656 0.000000 0.810531
vn 0.582656 0.000000 0.812688
vn 0.538281 0.000000 0.842750
vn 0.518219 0.000000 0.855219
vn 0.485031 0.000000 0.874469
vn 0.444438 0.000000 0.895781
vn 0.427656 0.000000 0.903938
vn 0.368000 0.000000 0.929812
vn 0.369906 0.000000 0.929062
vn 0.315000 0.000000 0.949063
vn 0.296406 0.000000 0.955031
vn 0.264125 0.000000 0.964469
vn 0.231844 0.000000 0.972719
vn 0.172500 0.000000 0.985000
# 17 normals

vt 1.652131 -0.330000 0.000000
vt 1.652131 0.030000 0.000000
vt 0.472488 -0.330000 0.000000
vt 0.472488 0.030000 0.000000
vt 0.627512 -0.330000 0.000000
vt 0.627512 0.030000 0.000000
vt -0.929988 0.180000 0.000000
vt -0.722142 0.180000 0.000000
vt -0.722142 -0.180000 0.000000
vt -0.004960 0.111473 0.000000
vt -0.844077 0.527165 0.000000
vt -0.004960 0.527165 0.000000
vt -0.975492 0.322920 0.000000
vt -1.095040 0.111473 0.000000
vt -1.146662 0.030000 0.000000
vt -1.155213 -0.153118 0.000000
vt -1.310471 0.030000 0.000000
vt -0.991167 -0.330000 0.000000
vt -0.982853 0.030000 0.000000
vt -0.867271 -0.330000 0.000000
vt -0.819045 0.030000 0.000000
vt -0.743375 -0.330000 0.000000
vt -0.655236 0.030000 0.000000
vt -0.619479 -0.330000 0.000000
vt -0.491427 0.030000 0.000000
vt -0.495583 -0.330000 0.000000
vt -0.371687 -0.330000 0.000000
vt -0.327618 0.030000 0.000000
vt -0.247792 -0.330000 0.000000
vt -0.163809 0.030000 0.000000
vt 0.741082 -0.812649 0.000000
vt 0.004960 -0.742561 0.000000
vt 0.844077 -0.742561 0.000000
vt 0.634589 -0.876161 0.000000
vt 0.524397 -0.932720 0.000000
vt 0.410467 -0.982251 0.000000
vt 0.292952 -1.025042 0.000000
vt 0.172096 -1.061555 0.000000
vt -0.078745 -1.117416 0.000000
vt -0.622551 -0.534715 0.000000
vt -1.095040 -1.117416 0.000000
vt -1.095040 1.117416 0.000000
vt -0.622551 1.117416 0.000000
vt 0.004960 -0.534715 0.000000
vt 2.234831 -0.330000 0.000000
vt 2.234831 0.030000 0.000000
vt 1.016295 -0.330000 0.000000
vt 1.016295 0.030000 0.000000
vt 0.622551 -0.534715 0.000000
vt 0.078745 -1.117416 0.000000
vt -0.004960 -0.534715 0.000000
vt 1.095040 -1.117416 0.000000
vt 1.095040 1.117416 0.000000
vt -0.968774 -0.646011 0.000000
vt -1.095040 -0.534715 0.000000
vt -0.837271 -0.747460 0.000000
vt -0.700059 -0.838178 0.000000
vt -0.556585 -0.917123 0.000000
vt -0.406582 -0.983794 0.000000
vt -0.250333 -1.038724 0.000000
vt -0.088400 -1.082968 0.000000
vt 0.622551 1.117416 0.000000
# 62 texture coordinates

g Body30
usemtl Aluminum_-_Polished
f 1030/1457/10 1031/634/10 1029/1456/10
f 1029/1456/10 1031/634/10 1032/661/10
f 1031/1459/49 1033/634/49 1032/1458/49
f 1032/1458/49 1033/634/49 1034/661/49
f 1036/1461/49 1030/634/49 1035/1460/49
f 1035/1460/49 1030/634/49 1029/661/49
f 1036/1464/10 1035/1463/10 1037/1462/10
f 1037/1467/80 1038/1466/80 1036/1465/80
f 1036/1465/80 1038/1466/80 1039/1468/80
f 1036/1465/80 1039/1468/80 1040/1469/80
f 1040/1472/379 1039/1471/378 1055/1470/377
f 1055/1470/377 1039/1471/378 1038/1473/380
f 1055/1470/377 1038/1473/380 1054/1474/381
f 1054/1474/381 1038/1473/380 1041/1475/382
f 1054/1474/381 1041/1475/382 1053/1476/383
f 1053/1476/383 1041/1475/382 1042/1477/384
f 1053/1476/383 1042/1477/384 1052/1478/385
f 1052/1478/385 1042/1477/384 1043/1479/386
f 1052/1478/385 1043/1479/386 1051/1480/387
f 1051/1480/387 1043/1479/386 1044/1481/388
f 1051/1480/387 1044/1481/388 1045/1482/389
f 1051/1480/387 1045/1482/389 1050/1483/390
f 1050/1483/390 1045/1482/389 1046/1484/391
f 1050/1483/390 1046/1484/391 1049/1485/392
f 1049/1485/392 1046/1484/391 1047/661/393
f 1049/1485/392 1047/661/393 1048/634/393
f 1038/1488/56 1037/1487/56 1041/1486/56
f 1041/1486/56 1037/1487/56 1042/1489/56
f 1042/1489/56 1037/1487/56 1043/1490/56
f 1043/1490/56 1037/1487/56 1044/1491/56
f 1044/1491/56 1037/1487/56 1045/1492/56
f 1045/1492/56 1037/1487/56 1046/1493/56
f 1046/1493/56 1037/1487/56 1047/1494/56
f 1047/1494/56 1037/1487/56 1029/1495/56
f 1047/1494/56 1029/1495/56 1056/1496/56
f 1056/1496/56 1029/1495/56 1034/1497/56
f 1034/1497/56 1029/1495/56 1032/1498/56
f 1037/1487/56 1035/1499/56 1029/1495/56
f 1033/1501/42 1057/634/42 1034/1500/42
f 1034/1500/42 1057/634/42 1056/661/42
f 1057/1503/126 1048/634/126 1056/1502/126
f 1056/1502/126 1048/634/126 1047/636/126
f 1036/1506/2 1048/1505/2 1030/1504/2
f 1030/1504/2 1048/1505/2 1057/1507/2
f 1030/1504/2 1057/1507/2 1033/1508/2
f 1040/1510/2 1055/1509/2 1036/1506/2
f 1036/1506/2 1055/1509/2 1054/1511/2
f 1036/1506/2 1054/1511/2 1053/1512/2
f 1053/1512/2 1052/1513/2 1036/1506/2
f 1036/1506/2 1052/1513/2 1051/1514/2
f 1036/1506/2 1051/1514/2 1050/1515/2
f 1050/1515/2 1049/1516/2 1036/1506/2
f 1036/1506/2 1049/1516/2 1048/1505/2
f 1033/1508/2 1031/1517/2 1030/1504/2

v 8.676305 0.000000 113.340562
v 8.715491 0.297642 113.340562
v 8.830376 0.575000 113.340562
v 9.013133 0.813173 113.340562
v 9.251305 0.995929 113.340562
v 9.528663 1.110815 113.340562
v 9.826305 1.150000 113.340562
v 10.123947 1.110815 113.340562
v 10.401305 0.995929 113.340562
v 10.639478 0.813173 113.340562
v 10.822235 0.575000 113.340562
v 10.937120 0.297642 113.340562
v 10.976305 0.000000 113.340562
v 10.937120 -0.297642 113.340562
v 10.822235 -0.575000 113.340562
v 10.639478 -0.813173 113.340562
v 10.401305 -0.995929 113.340562
v 10.123947 -1.110815 113.340562
v 9.826305 -1.150000 113.340562
v 9.528663 -1.110815 113.340562
v 9.251305 -0.995929 113.340562
v 9.013133 -0.813173 113.340562
v 8.830376 -0.575000 113.340562
v 8.715491 -0.297642 113.340562
v 8.676305 0.000000 89.365562
v 8.715491 -0.297642 89.365562
v 8.830376 -0.575000 89.365562
v 9.013133 -0.813173 89.365562
v 9.251305 -0.995929 89.365562
v 9.528663 -1.110815 89.365562
v 9.826305 -1.150000 89.365562
v 10.123947 -1.110815 89.365562
v 10.401305 -0.995929 89.365562
v 10.639478 -0.813173 89.365562
v 10.822235 -0.575000 89.365562
v 10.937120 -0.297642 89.365562
v 10.976305 0.000000 89.365562
v 10.937120 0.297642 89.365562
v 10.822235 0.575000 89.365562
v 10.639478 0.813173 89.365562
v 10.401305 0.995929 89.365562
v 10.123947 1.110815 89.365562
v 9.826305 1.150000 89.365562
v 9.528663 1.110815 89.365562
v 9.251305 0.995929 89.365562
v 9.013133 0.813173 89.365562
v 8.830376 0.575000 89.365562
v 8.715491 0.297642 89.365562
# 48 vertices

vn 0.258812 -0.965906 0.000000
vn 0.499969 -0.866000 0.000000
vn 0.866000 -0.499969 0.000000
vn 0.965906 -0.258812 0.000000
vn 0.965906 0.258812 0.000000
vn 0.866000 0.499969 0.000000
vn 0.499969 0.866000 0.000000
vn 0.258812 0.965906 0.000000
# 8 normals

vt -2.397500 0.361283 0.000000
vt 0.000000 0.331176 0.000000
vt -2.397500 0.331176 0.000000
vt 0.000000 0.361283 0.000000
vt -2.397500 -0.331176 0.000000
vt 0.000000 -0.361283 0.000000
vt -2.397500 -0.361283 0.000000
vt 0.000000 -0.331176 0.000000
vt -2.397500 -0.301069 0.000000
vt 0.000000 -0.301069 0.000000
vt -2.397500 -0.270962 0.000000
vt 0.000000 -0.270962 0.000000
vt -2.397500 -0.240855 0.000000
vt 0.000000 -0.240855 0.000000
vt -2.397500 -0.210749 0.000000
vt 0.000000 -0.210749 0.000000
vt -2.397500 -0.180642 0.000000
vt 0.000000 -0.180642 0.000000
vt -2.397500 -0.150535 0.000000
vt 0.000000 -0.150535 0.000000
vt -2.397500 -0.120428 0.000000
vt 0.000000 -0.120428 0.000000
vt -2.397500 -0.090321 0.000000
vt 0.000000 -0.090321 0.000000
vt -2.397500 -0.060214 0.000000
vt 0.000000 -0.060214 0.000000
vt -2.397500 -0.030107 0.000000
vt 0.000000 -0.030107 0.000000
vt -2.397500 0.000000 0.000000
vt -2.397500 0.030107 0.000000
vt 0.000000 0.030107 0.000000
vt -2.397500 0.060214 0.000000
vt 0.000000 0.060214 0.000000
vt -2.397500 0.090321 0.000000
vt 0.000000 0.090321 0.000000
vt -2.397500 0.120428 0.000000
vt 0.000000 0.120428 0.000000
vt -2.397500 0.150535 0.000000
vt 0.000000 0.150535 0.000000
vt -2.397500 0.180642 0.000000
vt 0.000000 0.180642 0.000000
vt -2.397500 0.210749 0.000000
vt 0.000000 0.210749 0.000000
vt -2.397500 0.240855 0.000000
vt 0.000000 0.240855 0.000000
vt -2.397500 0.270962 0.000000
vt 0.000000 0.270962 0.000000
vt -2.397500 0.301069 0.000000
vt 0.000000 0.301069 0.000000
vt -0.115000 0.000000 0.000000
vt 0.111081 -0.029764 0.000000
vt -0.111081 -0.029764 0.000000
vt 0.115000 0.000000 0.000000
vt -0.111081 0.029764 0.000000
vt 0.111081 0.029764 0.000000
vt -0.099593 0.057500 0.000000
vt 0.099593 0.057500 0.000000
vt -0.081317 0.081317 0.000000
vt 0.081317 0.081317 0.000000
vt -0.057500 0.099593 0.000000
vt 0.057500 0.099593 0.000000
vt -0.029764 0.111081 0.000000
vt 0.029764 0.111081 0.000000
vt 0.000000 0.115000 0.000000
vt 0.099593 -0.057500 0.000000
vt -0.099593 -0.057500 0.000000
vt 0.081317 -0.081317 0.000000
vt -0.081317 -0.081317 0.000000
vt 0.057500 -0.099593 0.000000
vt -0.057500 -0.099593 0.000000
vt 0.029764 -0.111081 0.000000
vt -0.029764 -0.111081 0.000000
vt 0.000000 -0.115000 0.000000
vt 0.000000 -0.115000 0.000000
vt 0.000000 0.115000 0.000000
# 75 texture coordinates

g Body32
usemtl Aluminum_-_Polished
f 1059/1520/89 1105/1519/89 1058/1518/42
f 1058/1518/42 1105/1519/89 1082/1521/42
f 1058/1524/42 1082/1523/42 1081/1522/36
f 1081/1522/36 1082/1523/42 1083/1525/36
f 1081/1522/36 1083/1525/36 1080/1526/34
f 1080/1526/34 1083/1525/36 1084/1527/34
f 1080/1526/34 1084/1527/34 1079/1528/30
f 1079/1528/30 1084/1527/34 1085/1529/30
f 1079/1528/30 1085/1529/30 1078/1530/28
f 1078/1530/28 1085/1529/30 1086/1531/28
f 1078/1530/28 1086/1531/28 1077/1532/12
f 1077/1532/12 1086/1531/28 1087/1533/12
f 1077/1532/12 1087/1533/12 1076/1534/2
f 1076/1534/2 1087/1533/12 1088/1535/2
f 1076/1534/2 1088/1535/2 1075/1536/394
f 1075/1536/394 1088/1535/2 1089/1537/394
f 1075/1536/394 1089/1537/394 1074/1538/395
f 1074/1538/395 1089/1537/394 1090/1539/395
f 1074/1538/395 1090/1539/395 1073/1540/5
f 1073/1540/5 1090/1539/395 1091/1541/5
f 1073/1540/5 1091/1541/5 1072/1542/396
f 1072/1542/396 1091/1541/5 1092/1543/396
f 1072/1542/396 1092/1543/396 1071/1544/397
f 1071/1544/397 1092/1543/396 1093/1545/397
f 1071/1544/397 1093/1545/397 1070/1546/10
f 1070/1546/10 1093/1545/397 1094/799/10
f 1070/1546/10 1094/799/10 1069/1547/398
f 1069/1547/398 1094/799/10 1095/1548/398
f 1069/1547/398 1095/1548/398 1068/1549/399
f 1068/1549/399 1095/1548/398 1096/1550/399
f 1068/1549/399 1096/1550/399 1067/1551/137
f 1067/1551/137 1096/1550/399 1097/1552/137
f 1067/1551/137 1097/1552/137 1066/1553/400
f 1066/1553/400 1097/1552/137 1098/1554/400
f 1066/1553/400 1098/1554/400 1065/1555/401
f 1065/1555/401 1098/1554/400 1099/1556/401
f 1065/1555/401 1099/1556/401 1064/1557/56
f 1064/1557/56 1099/1556/401 1100/1558/56
f 1064/1557/56 1100/1558/56 1063/1559/60
f 1063/1559/60 1100/1558/56 1101/1560/60
f 1063/1559/60 1101/1560/60 1062/1561/94
f 1062/1561/94 1101/1560/60 1102/1562/94
f 1062/1561/94 1102/1562/94 1061/1563/93
f 1061/1563/93 1102/1562/94 1103/1564/93
f 1061/1563/93 1103/1564/93 1060/1565/91
f 1060/1565/91 1103/1564/93 1104/1566/91
f 1060/1565/91 1104/1566/91 1059/1520/89
f 1059/1520/89 1104/1566/91 1105/1519/89
f 1081/1569/126 1071/1568/126 1058/1567/126
f 1058/1567/126 1071/1568/126 1070/1570/126
f 1058/1567/126 1070/1570/126 1059/1571/126
f 1059/1571/126 1070/1570/126 1069/1572/126
f 1059/1571/126 1069/1572/126 1060/1573/126
f 1060/1573/126 1069/1572/126 1068/1574/126
f 1060/1573/126 1068/1574/126 1061/1575/126
f 1061/1575/126 1068/1574/126 1067/1576/126
f 1061/1575/126 1067/1576/126 1062/1577/126
f 1062/1577/126 1067/1576/126 1066/1578/126
f 1062/1577/126 1066/1578/126 1063/1579/126
f 1063/1579/126 1066/1578/126 1065/1580/126
f 1063/1579/126 1065/1580/126 1064/1581/126
f 1071/1568/126 1081/1569/126 1072/1582/126
f 1072/1582/126 1081/1569/126 1080/1583/126
f 1072/1582/126 1080/1583/126 1073/1584/126
f 1073/1584/126 1080/1583/126 1079/1585/126
f 1073/1584/126 1079/1585/126 1074/1586/126
f 1074/1586/126 1079/1585/126 1078/1587/126
f 1074/1586/126 1078/1587/126 1075/1588/126
f 1075/1588/126 1078/1587/126 1077/1589/126
f 1075/1588/126 1077/1589/126 1076/1590/126
f 1105/1572/49 1095/1571/49 1082/1570/49
f 1082/1570/49 1095/1571/49 1094/1567/49
f 1082/1570/49 1094/1567/49 1083/1568/49
f 1083/1568/49 1094/1567/49 1093/1569/49
f 1083/1568/49 1093/1569/49 1084/1582/49
f 1084/1582/49 1093/1569/49 1092/1583/49
f 1084/1582/49 1092/1583/49 1085/1584/49
f 1085/1584/49 1092/1583/49 1091/1585/49
f 1085/1584/49 1091/1585/49 1086/1586/49
f 1086/1586/49 1091/1585/49 1090/1587/49
f 1086/1586/49 1090/1587/49 1087/1588/49
f 1087/1588/49 1090/1587/49 1089/1589/49
f 1087/1588/49 1089/1589/49 1088/1591/49
f 1095/1571/49 1105/1572/49 1096/1573/49
f 1096/1573/49 1105/1572/49 1104/1574/49
f 1096/1573/49 1104/1574/49 1097/1575/49
f 1097/1575/49 1104/1574/49 1103/1576/49
f 1097/1575/49 1103/1576/49 1098/1577/49
f 1098/1577/49 1103/1576/49 1102/1578/49
f 1098/1577/49 1102/1578/49 1099/1579/49
f 1099/1579/49 1102/1578/49 1101/1580/49
f 1099/1579/49 1101/1580/49 1100/1592/49

