# WaveFront *.obj file (generated by Cinema 4D)

mtllib ./Screwdriver.mtl

v 1.431823 8.625187 0.854039
v 1.425612 8.726670 0.864440
v 1.406615 8.824135 0.894840
v 1.374445 8.910101 0.943363
v 1.329713 8.978586 1.005250
v 1.297260 9.009284 1.046177
v 1.260136 9.031503 1.089382
v 1.219127 9.045732 1.134223
v 1.177445 9.050746 1.177167
v 1.134367 9.045732 1.218710
v 1.089393 9.031503 1.259573
v 1.046068 9.009284 1.296557
v 1.005036 8.978586 1.328878
v 0.943005 8.910101 1.373409
v 0.894378 8.824135 1.405422
v 0.863917 8.726670 1.424320
v 0.853496 8.625187 1.430497
v 0.824224 8.625187 1.319095
v 0.824690 8.625187 1.203912
v 0.854861 8.625187 1.092750
v 0.912695 8.625187 0.993138
v 0.994274 8.625187 0.911822
v 1.094073 8.625187 0.854311
v 1.205332 8.625187 0.824500
v 1.320516 8.625187 0.824407
v 1.125715 9.005526 1.083551
v 1.083997 9.005526 1.125134
v 1.292548 9.005526 1.038849
v 1.304149 8.935032 0.949895
v 1.313035 8.843948 0.881766
v 1.318614 8.738326 0.838989
v 1.233645 9.005526 1.038896
v 1.221900 8.935032 0.949961
v 1.212905 8.843948 0.881846
v 1.207257 8.738326 0.839079
v 1.176750 9.005526 1.054141
v 1.142454 8.935032 0.971248
v 1.116187 8.843948 0.907762
v 1.099695 8.738326 0.867900
v 1.003212 8.738326 0.923500
v 1.029432 8.843948 0.957756
v 1.071191 8.935032 1.012315
v 1.012938 8.935032 1.070380
v 0.958515 8.843948 1.028444
v 0.924344 8.738326 1.002113
v 0.868431 8.738326 1.098416
v 0.908240 8.843948 1.115037
v 0.971641 8.935032 1.141509
v 1.054422 9.005526 1.176073
v 1.038993 9.005526 1.232919
v 0.950097 8.935032 1.220886
v 0.882012 8.843948 1.211671
v 0.839262 8.738326 1.205884
v 1.038755 9.005526 1.291821
v 0.949764 8.935032 1.303135
v 0.881607 8.843948 1.311799
v 0.838812 8.738326 1.317240
v 0.853496 3.260361 1.430497
v 0.860017 3.180173 1.426659
v 0.879187 3.101454 1.414965
v 0.910388 3.028069 1.395147
v 0.952053 2.963331 1.367179
v 1.001536 2.910056 1.331503
v 1.056870 2.869698 1.288190
v 1.118475 2.843092 1.235282
v 1.178575 2.834347 1.178300
v 1.235751 2.843092 1.118385
v 1.288858 2.869698 1.056952
v 1.332350 2.910056 1.001759
v 1.368186 2.963331 0.952391
v 1.396289 3.028069 0.910817
v 1.416207 3.101454 0.879680
v 1.427964 3.180173 0.860548
v 1.431823 3.260361 0.854039
v 1.320516 3.260361 0.824407
v 1.205332 3.260361 0.824500
v 1.094073 3.260361 0.854311
v 0.994274 3.260361 0.911822
v 0.912695 3.260361 0.993138
v 0.854861 3.260361 1.092750
v 0.824690 3.260361 1.203912
v 0.824224 3.260361 1.319095
v 1.126411 2.879342 1.084460
v 1.055479 2.879342 1.176514
v 1.039891 2.879342 1.291677
v 0.950458 2.949804 1.303046
v 0.881933 3.041022 1.311758
v 0.838897 3.146900 1.317229
v 1.040128 2.879342 1.233073
v 0.950790 2.949804 1.220980
v 0.882338 3.041022 1.211715
v 0.839347 3.146900 1.205896
v 0.972287 2.949804 1.141779
v 0.908544 3.041022 1.115164
v 0.868510 3.146900 1.098449
v 0.924411 3.146900 1.002165
v 0.958776 3.041022 1.028645
v 1.013493 2.949804 1.070807
v 1.084904 2.879342 1.125833
v 1.071616 2.949804 1.012871
v 1.029632 3.041022 0.958018
v 1.003264 3.146900 0.923568
v 1.099727 3.146900 0.867978
v 1.116313 3.041022 0.908066
v 1.142722 2.949804 0.971895
v 1.177188 2.879342 1.055199
v 1.233795 2.879342 1.040031
v 1.221992 2.949804 0.950655
v 1.212948 3.041022 0.882173
v 1.207268 3.146900 0.839163
v 1.292400 2.879342 1.039984
v 1.304059 2.949804 0.950588
v 1.312992 3.041022 0.882092
v 1.318603 3.146900 0.839073
v 0.765483 8.978586 1.479220
v 0.503927 8.978586 1.586814
v 0.227925 8.978586 1.648550
v 0.303518 8.910224 1.636510
v 0.360750 8.824275 1.624999
v 0.395789 8.726753 1.616962
v 0.407571 8.625187 1.614007
v 0.407571 3.260361 1.614007
v 0.400263 3.180357 1.615865
v 0.378490 3.101811 1.621034
v 0.342495 3.028577 1.628896
v 0.293366 2.963961 1.638334
v 0.233280 2.910775 1.647811
v 0.163680 2.870478 1.655996
v 0.082884 2.843907 1.661801
v 0.000281 2.835172 1.663673
v -0.082313 2.843907 1.661423
v -0.163081 2.870478 1.655249
v -0.232644 2.910775 1.646746
v -0.292686 2.963961 1.636995
v -0.341771 3.028577 1.627332
v -0.377729 3.101811 1.619305
v -0.399479 3.180357 1.614037
v -0.406779 3.260361 1.612146
v -0.406779 8.625187 1.612146
v -0.395010 8.726753 1.615155
v -0.360008 8.824275 1.623352
v -0.302829 8.910224 1.635124
v -0.227291 8.978586 1.647510
v -0.503340 8.978586 1.584407
v -0.764689 8.978586 1.475402
v -1.003766 8.978586 1.323655
v -0.941655 8.910353 1.368724
v -0.892912 8.824420 1.401154
v -0.862364 8.726840 1.420306
v -0.851914 8.625187 1.426566
v -0.851914 3.260361 1.426566
v -0.858371 3.180544 1.422726
v -0.877358 3.102174 1.411025
v -0.908269 3.029094 1.391200
v -0.949557 2.964604 1.363229
v -0.998612 2.911511 1.327560
v -1.053479 2.871276 1.284272
v -1.114586 2.844741 1.231410
v -1.174211 2.836016 1.174498
v -1.230930 2.844741 1.114690
v -1.283595 2.871276 1.053413
v -1.326705 2.911511 0.998406
v -1.362216 2.964604 0.949236
v -1.390054 3.029094 0.907858
v -1.409779 3.102174 0.876883
v -1.421418 3.180544 0.857859
v -1.425238 3.260361 0.851389
v -1.425238 8.625187 0.851389
v -1.419011 8.726840 0.861859
v -1.399958 8.824420 0.892469
v -1.367685 8.910353 0.941316
v -1.322817 8.978586 1.003572
v -1.473913 8.978586 0.763774
v -1.582111 8.978586 0.501808
v -1.644271 8.978586 0.225278
v -1.632115 8.910408 0.301132
v -1.620493 8.824482 0.358585
v -1.612379 8.726877 0.393762
v -1.609397 8.625187 0.405589
v -1.609397 3.260361 0.405589
v -1.611255 3.180623 0.398320
v -1.616428 3.102326 0.376659
v -1.624305 3.029311 0.340844
v -1.633778 2.964874 0.291947
v -1.643318 2.911820 0.232125
v -1.651600 2.871612 0.162811
v -1.657547 2.845092 0.082318
v -1.659594 2.836371 0.000000
v -1.657547 2.845092 -0.082318
v -1.651600 2.871612 -0.162811
v -1.643318 2.911820 -0.232125
v -1.633778 2.964874 -0.291947
v -1.624305 3.029311 -0.340844
v -1.616428 3.102326 -0.376659
v -1.611255 3.180623 -0.398320
v -1.609397 3.260361 -0.405589
v -1.609397 8.625187 -0.405589
v -1.612379 8.726877 -0.393762
v -1.620493 8.824482 -0.358585
v -1.632115 8.910408 -0.301132
v -1.644271 8.978586 -0.225278
v -1.582111 8.978586 -0.501808
v -1.473913 8.978586 -0.763774
v -1.322817 8.978586 -1.003572
v -1.367685 8.910353 -0.941316
v -1.399958 8.824420 -0.892469
v -1.419011 8.726840 -0.861859
v -1.425238 8.625187 -0.851389
v -1.425238 3.260361 -0.851389
v -1.421418 3.180544 -0.857859
v -1.409779 3.102174 -0.876883
v -1.390054 3.029094 -0.907858
v -1.362216 2.964604 -0.949236
v -1.326705 2.911511 -0.998406
v -1.283595 2.871276 -1.053413
v -1.230930 2.844741 -1.114690
v -1.174211 2.836016 -1.174498
v -1.114586 2.844741 -1.231410
v -1.053479 2.871276 -1.284272
v -0.998612 2.911511 -1.327560
v -0.949557 2.964604 -1.363229
v -0.908269 3.029094 -1.391200
v -0.877358 3.102174 -1.411025
v -0.858371 3.180544 -1.422726
v -0.851914 3.260361 -1.426566
v -0.851914 8.625187 -1.426566
v -0.862364 8.726840 -1.420306
v -0.892912 8.824420 -1.401154
v -0.941655 8.910353 -1.368724
v -1.003766 8.978586 -1.323655
v -0.764689 8.978586 -1.475402
v -0.503340 8.978586 -1.584407
v -0.227291 8.978586 -1.647510
v -0.302829 8.910224 -1.635124
v -0.360008 8.824275 -1.623352
v -0.395010 8.726753 -1.615155
v -0.406779 8.625187 -1.612146
v -0.406779 3.260361 -1.612146
v -0.399479 3.180357 -1.614037
v -0.377729 3.101811 -1.619305
v -0.341771 3.028577 -1.627332
v -0.292686 2.963961 -1.636995
v -0.232644 2.910775 -1.646746
v -0.163081 2.870478 -1.655249
v -0.082313 2.843907 -1.661423
v 0.000281 2.835172 -1.663673
v 0.082884 2.843907 -1.661801
v 0.163680 2.870478 -1.655996
v 0.233280 2.910775 -1.647811
v 0.293366 2.963961 -1.638334
v 0.342495 3.028577 -1.628896
v 0.378490 3.101811 -1.621034
v 0.400263 3.180357 -1.615865
v 0.407571 3.260361 -1.614007
v 0.407571 8.625187 -1.614007
v 0.395789 8.726753 -1.616962
v 0.360750 8.824275 -1.624999
v 0.303518 8.910224 -1.636510
v 0.227925 8.978586 -1.648550
v 0.503927 8.978586 -1.586814
v 0.765483 8.978586 -1.479220
v 1.005036 8.978586 -1.328878
v 0.943005 8.910101 -1.373409
v 0.894378 8.824135 -1.405422
v 0.863917 8.726670 -1.424320
v 0.853496 8.625187 -1.430497
v 0.853496 3.260361 -1.430497
v 0.860017 3.180173 -1.426659
v 0.879187 3.101454 -1.414965
v 0.910388 3.028069 -1.395147
v 0.952053 2.963331 -1.367179
v 1.001536 2.910056 -1.331503
v 1.056870 2.869698 -1.288190
v 1.118475 2.843092 -1.235282
v 1.178575 2.834347 -1.178300
v 1.235751 2.843092 -1.118385
v 1.288858 2.869698 -1.056952
v 1.332350 2.910056 -1.001759
v 1.368186 2.963331 -0.952391
v 1.396289 3.028069 -0.910817
v 1.416207 3.101454 -0.879680
v 1.427964 3.180173 -0.860548
v 1.431823 3.260361 -0.854039
v 1.431823 8.625187 -0.854039
v 1.425612 8.726670 -0.864440
v 1.406615 8.824135 -0.894840
v 1.374445 8.910101 -0.943363
v 1.329713 8.978586 -1.005250
v 1.480724 8.978586 -0.766390
v 1.589131 8.978586 -0.505418
v 1.651805 8.978586 -0.229863
v 1.639536 8.910051 -0.305156
v 1.627874 8.824079 -0.362130
v 1.619753 8.726637 -0.397003
v 1.616771 8.625187 -0.408730
v 1.616771 3.260361 -0.408730
v 1.618662 3.180098 -0.401392
v 1.623925 3.101309 -0.379531
v 1.631936 3.027862 -0.343395
v 1.641563 2.963075 -0.294082
v 1.651250 2.909763 -0.233780
v 1.659655 2.869380 -0.163937
v 1.665686 2.842761 -0.082872
v 1.667761 2.834011 0.000000
v 1.665686 2.842761 0.082872
v 1.659655 2.869380 0.163937
v 1.651250 2.909763 0.233780
v 1.641563 2.963075 0.294082
v 1.631936 3.027862 0.343395
v 1.623925 3.101309 0.379531
v 1.618662 3.180098 0.401392
v 1.616771 3.260361 0.408730
v 1.616771 8.625187 0.408730
v 1.619753 8.726637 0.397003
v 1.627874 8.824079 0.362130
v 1.639536 8.910051 0.305156
v 1.651805 8.978586 0.229863
v 1.589131 8.978586 0.505418
v 1.480724 8.978586 0.766390
v 1.667761 2.743663 0.000000
v 1.622916 2.743663 -0.383670
v 1.490800 2.743663 -0.746657
v 1.278534 2.743663 -1.069391
v 0.997563 2.743663 -1.334474
v 0.663032 2.743663 -1.527615
v 0.292978 2.743663 -1.638402
v -0.092651 2.743663 -1.660863
v -0.473065 2.743663 -1.593786
v -0.827755 2.743663 -1.440787
v -1.137601 2.743663 -1.210115
v -1.385899 2.743663 -0.914206
v -1.559262 2.743663 -0.569011
v -1.648345 2.743663 -0.193141
v -1.648345 2.743663 0.193141
v -1.559262 2.743663 0.569011
v -1.385899 2.743663 0.914206
v -1.137601 2.743663 1.210115
v -0.827755 2.743663 1.440787
v -0.473065 2.743663 1.593786
v -0.092651 2.743663 1.660863
v 0.292978 2.743663 1.638402
v 0.663032 2.743663 1.527615
v 0.997563 2.743663 1.334474
v 1.278534 2.743663 1.069391
v 1.490800 2.743663 0.746657
v 1.622916 2.743663 0.383670
v 0.176394 9.008910 1.654425
v 0.119945 9.030890 1.658633
v 0.059677 9.044962 1.661268
v 0.000284 9.049921 1.662109
v -0.059104 9.044962 1.660997
v -0.119359 9.030890 1.658086
v -0.175789 9.008910 1.653620
v -0.348390 8.625187 1.513583
v -0.266661 8.625187 1.433308
v -0.167065 8.625187 1.376699
v -0.056276 8.625187 1.347549
v 0.058283 8.625187 1.347811
v 0.168937 8.625187 1.377467
v 0.268272 8.625187 1.434531
v 0.349634 8.625187 1.515179
v 0.030073 9.004306 1.560165
v -0.029038 9.004306 1.560029
v 0.180406 9.004306 1.646524
v 0.250646 8.933757 1.592008
v 0.304401 8.842914 1.550286
v 0.338137 8.737752 1.524102
v 0.138425 9.004306 1.604911
v 0.192319 8.933757 1.534193
v 0.233565 8.842914 1.480072
v 0.259451 8.737752 1.446106
v 0.087169 9.004306 1.575467
v 0.121107 8.933757 1.493285
v 0.147081 8.842914 1.430391
v 0.163381 8.737752 1.390919
v 0.056366 8.737752 1.362238
v 0.050742 8.842914 1.404571
v 0.041782 8.933757 1.472025
v -0.040343 8.933757 1.471838
v -0.048996 8.842914 1.404343
v -0.054426 8.737752 1.361985
v -0.161571 8.737752 1.390177
v -0.145451 8.842914 1.429722
v -0.119766 8.933757 1.492735
v -0.086203 9.004306 1.575070
v -0.137593 9.004306 1.604280
v -0.191164 8.933757 1.533316
v -0.232162 8.842914 1.479007
v -0.257892 8.737752 1.444924
v -0.179764 9.004306 1.645700
v -0.249754 8.933757 1.590864
v -0.303318 8.842914 1.548897
v -0.336934 8.737752 1.522559
v 0.349634 3.260361 1.515179
v 0.268272 3.260361 1.434531
v 0.168937 3.260361 1.377467
v 0.058283 3.260361 1.347811
v -0.056276 3.260361 1.347549
v -0.167065 3.260361 1.376699
v -0.266661 3.260361 1.433308
v -0.348390 3.260361 1.513583
v 0.029926 2.880571 1.561272
v -0.085781 2.880571 1.576105
v -0.178885 2.880571 1.646390
v -0.249217 2.951091 1.591285
v -0.303066 3.042066 1.549095
v -0.336869 3.147481 1.522610
v -0.136920 2.880571 1.605171
v -0.190753 2.951091 1.533861
v -0.231969 3.042066 1.479263
v -0.257842 3.147481 1.444990
v -0.119508 2.951091 1.493366
v -0.145330 3.042066 1.430019
v -0.161540 3.147481 1.390253
v -0.054415 3.147481 1.362068
v -0.048955 3.042066 1.404662
v -0.040257 2.951091 1.472514
v -0.028896 2.880571 1.561138
v 0.041692 2.951091 1.472702
v 0.050700 3.042066 1.404889
v 0.056355 3.147481 1.362321
v 0.163350 3.147481 1.390996
v 0.146958 3.042066 1.430687
v 0.120847 2.951091 1.493916
v 0.086742 2.880571 1.576499
v 0.137747 2.880571 1.605799
v 0.191906 2.951091 1.534735
v 0.233371 3.042066 1.480327
v 0.259400 3.147481 1.446172
v 0.179523 2.880571 1.647209
v 0.250107 2.951091 1.592426
v 0.304148 3.042066 1.550483
v 0.338072 3.147481 1.524153
v -1.044057 9.008526 1.291601
v -1.086677 9.030264 1.254909
v -1.130842 9.044175 1.214479
v -1.173129 9.049076 1.173420
v -1.214051 9.044175 1.131001
v -1.254339 9.030264 1.086705
v -1.290894 9.008526 1.043967
v -1.314721 8.625187 0.823690
v -1.200795 8.625187 0.825123
v -1.091010 8.625187 0.855592
v -0.992641 8.625187 0.913079
v -0.912207 8.625187 0.993773
v -0.855038 8.625187 1.092327
v -0.824924 8.625187 1.202210
v -0.823859 8.625187 1.316140
v -1.080518 9.003074 1.122979
v -1.122390 9.003074 1.080972
v -1.034526 9.003074 1.290796
v -0.947035 8.932476 1.301321
v -0.880128 8.841879 1.309370
v -0.838159 8.737177 1.314419
v -1.035080 9.003074 1.231487
v -0.947802 8.932476 1.219328
v -0.881057 8.841879 1.210030
v -0.839189 8.737177 1.204197
v -1.050757 9.003074 1.174284
v -0.969475 8.932476 1.140247
v -0.907315 8.841879 1.114218
v -0.868324 8.737177 1.097890
v -0.923632 8.737177 1.002543
v -0.957163 8.841879 1.028284
v -1.010618 8.932476 1.069320
v -1.068505 8.932476 1.011246
v -1.027297 8.841879 0.957923
v -1.001448 8.737177 0.924475
v -1.096616 8.737177 0.868859
v -1.113070 8.841879 0.907798
v -1.139300 8.932476 0.969874
v -1.173599 9.003074 1.051046
v -1.230751 9.003074 1.035184
v -1.218310 8.932476 0.947945
v -1.208796 8.841879 0.881231
v -1.202829 8.737177 0.839382
v -1.290058 9.003074 1.034438
v -1.300301 8.932476 0.946914
v -1.308134 8.841879 0.879981
v -1.313047 8.737177 0.837996
v -0.823859 3.260361 1.316140
v -0.824924 3.260361 1.202210
v -0.855038 3.260361 1.092327
v -0.912207 3.260361 0.993773
v -0.992641 3.260361 0.913079
v -1.091010 3.260361 0.855592
v -1.200795 3.260361 0.825123
v -1.314721 3.260361 0.823690
v -1.081382 2.881811 1.123643
v -1.174023 2.881811 1.052049
v -1.289931 2.881811 1.035521
v -1.300223 2.952384 0.947575
v -1.308097 3.043113 0.880292
v -1.313038 3.148062 0.838076
v -1.230905 2.881811 1.036263
v -1.218404 2.952384 0.948604
v -1.208841 3.043113 0.881540
v -1.202840 3.148062 0.839462
v -1.139558 2.952384 0.970486
v -1.113191 3.043113 0.908086
v -1.096648 3.148062 0.868934
v -1.001498 3.148062 0.924539
v -1.027488 3.043113 0.958170
v -1.068912 2.952384 1.011771
v -1.123057 2.881811 1.081834
v -1.011146 2.952384 1.069724
v -0.957411 3.043113 1.028474
v -0.923696 3.148062 1.002592
v -0.868398 3.148062 1.097921
v -0.907604 3.043113 1.114338
v -0.970088 2.952384 1.140504
v -1.051762 2.881811 1.174705
v -1.036160 2.881811 1.231637
v -0.948460 2.952384 1.219420
v -0.881366 3.043113 1.210073
v -0.839269 3.148062 1.204208
v -1.035608 2.881811 1.290666
v -0.947695 2.952384 1.301242
v -0.880438 3.043113 1.309333
v -0.838239 3.148062 1.314410
v -1.650143 9.008365 0.174287
v -1.654402 9.030000 0.118365
v -1.657124 9.043844 0.058740
v -1.658082 9.048720 0.000000
v -1.657124 9.043844 -0.058740
v -1.654402 9.030000 -0.118365
v -1.650143 9.008365 -0.174287
v -1.511930 8.625187 -0.347088
v -1.432578 8.625187 -0.265690
v -1.376577 8.625187 -0.166765
v -1.347622 8.625187 -0.056838
v -1.347622 8.625187 0.056838
v -1.376577 8.625187 0.166765
v -1.432578 8.625187 0.265690
v -1.511930 8.625187 0.347088
v -1.557218 9.002560 0.029697
v -1.557218 9.002560 -0.029697
v -1.643065 9.002560 0.181345
v -1.588591 8.931945 0.250195
v -1.546946 8.841449 0.302831
v -1.520828 8.736939 0.335842
v -1.601605 9.002560 0.138817
v -1.531391 8.931945 0.191520
v -1.477712 8.841449 0.231812
v -1.444047 8.736939 0.257081
v -1.572346 9.002560 0.087131
v -1.491024 8.931945 0.120211
v -1.428852 8.841449 0.145501
v -1.389861 8.736939 0.161361
v -1.361844 8.736939 0.054996
v -1.403589 8.841449 0.049591
v -1.470152 8.931945 0.040971
v -1.470152 8.931945 -0.040971
v -1.403589 8.841449 -0.049591
v -1.361844 8.736939 -0.054996
v -1.389861 8.736939 -0.161361
v -1.428852 8.841449 -0.145501
v -1.491024 8.931945 -0.120211
v -1.572346 9.002560 -0.087131
v -1.601605 9.002560 -0.138817
v -1.531391 8.931945 -0.191520
v -1.477712 8.841449 -0.231812
v -1.444047 8.736939 -0.257081
v -1.643065 9.002560 -0.181345
v -1.588591 8.931945 -0.250195
v -1.546946 8.841449 -0.302831
v -1.520828 8.736939 -0.335842
v -1.511930 3.260361 0.347088
v -1.432578 3.260361 0.265690
v -1.376577 3.260361 0.166765
v -1.347622 3.260361 0.056838
v -1.347622 3.260361 -0.056838
v -1.376577 3.260361 -0.166765
v -1.432578 3.260361 -0.265690
v -1.511930 3.260361 -0.347088
v -1.558287 2.882329 0.029558
v -1.573345 2.882329 -0.086724
v -1.643734 2.882329 -0.180500
v -1.588999 2.952921 -0.249679
v -1.547138 3.043547 -0.302589
v -1.520877 3.148303 -0.335779
v -1.602468 2.882329 -0.138170
v -1.531917 2.952921 -0.191125
v -1.477960 3.043547 -0.231626
v -1.444111 3.148303 -0.257033
v -1.491633 2.952921 -0.119963
v -1.429139 3.043547 -0.145384
v -1.389935 3.148303 -0.161331
v -1.361923 3.148303 -0.054986
v -1.403896 3.043547 -0.049551
v -1.470804 2.952921 -0.040887
v -1.558287 2.882329 -0.029558
v -1.470804 2.952921 0.040887
v -1.403896 3.043547 0.049551
v -1.361923 3.148303 0.054986
v -1.389935 3.148303 0.161331
v -1.429139 3.043547 0.145384
v -1.491633 2.952921 0.119963
v -1.573345 2.882329 0.086724
v -1.602468 2.882329 0.138170
v -1.531917 2.952921 0.191125
v -1.477960 3.043547 0.231626
v -1.444111 3.148303 0.257033
v -1.643734 2.882329 0.180500
v -1.588999 2.952921 0.249679
v -1.547138 3.043547 0.302589
v -1.520877 3.148303 0.335779
v -1.290894 9.008526 -1.043967
v -1.254339 9.030264 -1.086705
v -1.214051 9.044175 -1.131001
v -1.173129 9.049076 -1.173420
v -1.130842 9.044175 -1.214479
v -1.086677 9.030264 -1.254909
v -1.044057 9.008526 -1.291601
v -0.823859 8.625187 -1.316140
v -0.824924 8.625187 -1.202210
v -0.855038 8.625187 -1.092327
v -0.912207 8.625187 -0.993773
v -0.992641 8.625187 -0.913079
v -1.091010 8.625187 -0.855592
v -1.200795 8.625187 -0.825123
v -1.314721 8.625187 -0.823690
v -1.122390 9.003074 -1.080972
v -1.080518 9.003074 -1.122979
v -1.290058 9.003074 -1.034438
v -1.300301 8.932476 -0.946914
v -1.308134 8.841879 -0.879981
v -1.313047 8.737177 -0.837996
v -1.230751 9.003074 -1.035184
v -1.218310 8.932476 -0.947945
v -1.208796 8.841879 -0.881231
v -1.202829 8.737177 -0.839382
v -1.173599 9.003074 -1.051046
v -1.139300 8.932476 -0.969874
v -1.113070 8.841879 -0.907798
v -1.096616 8.737177 -0.868859
v -1.001448 8.737177 -0.924475
v -1.027297 8.841879 -0.957923
v -1.068505 8.932476 -1.011246
v -1.010618 8.932476 -1.069320
v -0.957163 8.841879 -1.028284
v -0.923632 8.737177 -1.002543
v -0.868324 8.737177 -1.097890
v -0.907315 8.841879 -1.114218
v -0.969475 8.932476 -1.140247
v -1.050757 9.003074 -1.174284
v -1.035080 9.003074 -1.231487
v -0.947802 8.932476 -1.219328
v -0.881057 8.841879 -1.210030
v -0.839189 8.737177 -1.204197
v -1.034526 9.003074 -1.290796
v -0.947035 8.932476 -1.301321
v -0.880128 8.841879 -1.309370
v -0.838159 8.737177 -1.314419
v -1.314721 3.260361 -0.823690
v -1.200795 3.260361 -0.825123
v -1.091010 3.260361 -0.855592
v -0.992641 3.260361 -0.913079
v -0.912207 3.260361 -0.993773
v -0.855038 3.260361 -1.092327
v -0.824924 3.260361 -1.202210
v -0.823859 3.260361 -1.316140
v -1.123057 2.881811 -1.081834
v -1.051762 2.881811 -1.174705
v -1.035608 2.881811 -1.290666
v -0.947695 2.952384 -1.301242
v -0.880438 3.043113 -1.309333
v -0.838239 3.148062 -1.314410
v -1.036160 2.881811 -1.231637
v -0.948460 2.952384 -1.219420
v -0.881366 3.043113 -1.210073
v -0.839269 3.148062 -1.204208
v -0.970088 2.952384 -1.140504
v -0.907604 3.043113 -1.114338
v -0.868398 3.148062 -1.097921
v -0.923696 3.148062 -1.002592
v -0.957411 3.043113 -1.028474
v -1.011146 2.952384 -1.069724
v -1.081382 2.881811 -1.123643
v -1.068912 2.952384 -1.011771
v -1.027488 3.043113 -0.958170
v -1.001498 3.148062 -0.924539
v -1.096648 3.148062 -0.868934
v -1.113191 3.043113 -0.908086
v -1.139558 2.952384 -0.970486
v -1.174023 2.881811 -1.052049
v -1.230905 2.881811 -1.036263
v -1.218404 2.952384 -0.948604
v -1.208841 3.043113 -0.881540
v -1.202840 3.148062 -0.839462
v -1.289931 2.881811 -1.035521
v -1.300223 2.952384 -0.947575
v -1.308097 3.043113 -0.880292
v -1.313038 3.148062 -0.838076
v -0.175789 9.008910 -1.653620
v -0.119359 9.030890 -1.658086
v -0.059104 9.044962 -1.660997
v 0.000284 9.049921 -1.662109
v 0.059677 9.044962 -1.661268
v 0.119945 9.030890 -1.658633
v 0.176394 9.008910 -1.654425
v 0.349634 8.625187 -1.515179
v 0.268272 8.625187 -1.434531
v 0.168937 8.625187 -1.377467
v 0.058283 8.625187 -1.347811
v -0.056276 8.625187 -1.347549
v -0.167065 8.625187 -1.376699
v -0.266661 8.625187 -1.433308
v -0.348390 8.625187 -1.513583
v -0.029038 9.004306 -1.560029
v 0.030073 9.004306 -1.560165
v -0.179764 9.004306 -1.645700
v -0.249754 8.933757 -1.590864
v -0.303318 8.842914 -1.548897
v -0.336934 8.737752 -1.522559
v -0.137593 9.004306 -1.604280
v -0.191164 8.933757 -1.533316
v -0.232162 8.842914 -1.479007
v -0.257892 8.737752 -1.444924
v -0.086203 9.004306 -1.575070
v -0.119766 8.933757 -1.492735
v -0.145451 8.842914 -1.429722
v -0.161571 8.737752 -1.390177
v -0.054426 8.737752 -1.361985
v -0.048996 8.842914 -1.404343
v -0.040343 8.933757 -1.471838
v 0.041782 8.933757 -1.472025
v 0.050742 8.842914 -1.404571
v 0.056366 8.737752 -1.362238
v 0.163381 8.737752 -1.390919
v 0.147081 8.842914 -1.430391
v 0.121107 8.933757 -1.493285
v 0.087169 9.004306 -1.575467
v 0.138425 9.004306 -1.604911
v 0.192319 8.933757 -1.534193
v 0.233565 8.842914 -1.480072
v 0.259451 8.737752 -1.446106
v 0.180406 9.004306 -1.646524
v 0.250646 8.933757 -1.592008
v 0.304401 8.842914 -1.550286
v 0.338137 8.737752 -1.524102
v -0.348390 3.260361 -1.513583
v -0.266661 3.260361 -1.433308
v -0.167065 3.260361 -1.376699
v -0.056276 3.260361 -1.347549
v 0.058283 3.260361 -1.347811
v 0.168937 3.260361 -1.377467
v 0.268272 3.260361 -1.434531
v 0.349634 3.260361 -1.515179
v -0.028896 2.880571 -1.561138
v 0.086742 2.880571 -1.576499
v 0.179523 2.880571 -1.647209
v 0.250107 2.951091 -1.592426
v 0.304148 3.042066 -1.550483
v 0.338072 3.147481 -1.524153
v 0.137747 2.880571 -1.605799
v 0.191906 2.951091 -1.534735
v 0.233371 3.042066 -1.480327
v 0.259400 3.147481 -1.446172
v 0.120847 2.951091 -1.493916
v 0.146958 3.042066 -1.430687
v 0.163350 3.147481 -1.390996
v 0.056355 3.147481 -1.362321
v 0.050700 3.042066 -1.404889
v 0.041692 2.951091 -1.472702
v 0.029926 2.880571 -1.561272
v -0.040257 2.951091 -1.472514
v -0.048955 3.042066 -1.404662
v -0.054415 3.147481 -1.362068
v -0.161540 3.147481 -1.390253
v -0.145330 3.042066 -1.430019
v -0.119508 2.951091 -1.493366
v -0.085781 2.880571 -1.576105
v -0.136920 2.880571 -1.605171
v -0.190753 2.951091 -1.533861
v -0.231969 3.042066 -1.479263
v -0.257842 3.147481 -1.444990
v -0.178885 2.880571 -1.646390
v -0.249217 2.951091 -1.591285
v -0.303066 3.042066 -1.549095
v -0.336869 3.147481 -1.522610
v 1.046068 9.009284 -1.296557
v 1.089393 9.031503 -1.259573
v 1.134367 9.045732 -1.218710
v 1.177445 9.050746 -1.177167
v 1.219127 9.045732 -1.134223
v 1.260136 9.031503 -1.089382
v 1.297260 9.009284 -1.046177
v 1.320516 8.625187 -0.824407
v 1.205332 8.625187 -0.824500
v 1.094073 8.625187 -0.854311
v 0.994274 8.625187 -0.911822
v 0.912695 8.625187 -0.993138
v 0.854861 8.625187 -1.092750
v 0.824690 8.625187 -1.203912
v 0.824224 8.625187 -1.319095
v 1.083997 9.005526 -1.125134
v 1.125715 9.005526 -1.083551
v 1.038755 9.005526 -1.291821
v 0.949764 8.935032 -1.303135
v 0.881607 8.843948 -1.311799
v 0.838812 8.738326 -1.317240
v 1.038993 9.005526 -1.232919
v 0.950097 8.935032 -1.220886
v 0.882012 8.843948 -1.211671
v 0.839262 8.738326 -1.205884
v 1.054422 9.005526 -1.176073
v 0.971641 8.935032 -1.141509
v 0.908240 8.843948 -1.115037
v 0.868431 8.738326 -1.098416
v 0.924344 8.738326 -1.002113
v 0.958515 8.843948 -1.028444
v 1.012938 8.935032 -1.070380
v 1.071191 8.935032 -1.012315
v 1.029432 8.843948 -0.957756
v 1.003212 8.738326 -0.923500
v 1.099695 8.738326 -0.867900
v 1.116187 8.843948 -0.907762
v 1.142454 8.935032 -0.971248
v 1.176750 9.005526 -1.054141
v 1.233645 9.005526 -1.038896
v 1.221900 8.935032 -0.949961
v 1.212905 8.843948 -0.881846
v 1.207257 8.738326 -0.839079
v 1.292548 9.005526 -1.038849
v 1.304149 8.935032 -0.949895
v 1.313035 8.843948 -0.881766
v 1.318614 8.738326 -0.838989
v 0.824224 3.260361 -1.319095
v 0.824690 3.260361 -1.203912
v 0.854861 3.260361 -1.092750
v 0.912695 3.260361 -0.993138
v 0.994274 3.260361 -0.911822
v 1.094073 3.260361 -0.854311
v 1.205332 3.260361 -0.824500
v 1.320516 3.260361 -0.824407
v 1.084904 2.879342 -1.125833
v 1.177188 2.879342 -1.055199
v 1.292400 2.879342 -1.039984
v 1.304059 2.949804 -0.950588
v 1.312992 3.041022 -0.882092
v 1.318603 3.146900 -0.839073
v 1.233795 2.879342 -1.040031
v 1.221992 2.949804 -0.950655
v 1.212948 3.041022 -0.882173
v 1.207268 3.146900 -0.839163
v 1.142722 2.949804 -0.971895
v 1.116313 3.041022 -0.908066
v 1.099727 3.146900 -0.867978
v 1.003264 3.146900 -0.923568
v 1.029632 3.041022 -0.958018
v 1.071616 2.949804 -1.012871
v 1.126411 2.879342 -1.084460
v 1.013493 2.949804 -1.070807
v 0.958776 3.041022 -1.028645
v 0.924411 3.146900 -1.002165
v 0.868510 3.146900 -1.098449
v 0.908544 3.041022 -1.115164
v 0.972287 2.949804 -1.141779
v 1.055479 2.879342 -1.176514
v 1.040128 2.879342 -1.233073
v 0.950790 2.949804 -1.220980
v 0.882338 3.041022 -1.211715
v 0.839347 3.146900 -1.205896
v 1.039891 2.879342 -1.291677
v 0.950458 2.949804 -1.303046
v 0.881933 3.041022 -1.311758
v 0.838897 3.146900 -1.317229
v 1.516846 3.260361 -0.350922
v 1.435269 3.260361 -0.269238
v 1.377591 3.260361 -0.169237
v 1.347737 3.260361 -0.057721
v 1.347737 3.260361 0.057721
v 1.377591 3.260361 0.169237
v 1.435269 3.260361 0.269238
v 1.516846 3.260361 0.350922
v 1.564133 2.878837 -0.029256
v 1.579265 2.878837 0.085778
v 1.649846 2.878837 0.177866
v 1.594707 2.949272 0.249611
v 1.552445 3.040589 0.304601
v 1.525897 3.146659 0.339144
v 1.608499 2.878837 0.136464
v 1.536682 2.949272 0.191509
v 1.481637 3.040589 0.233699
v 1.447059 3.146659 0.260202
v 1.495656 2.949272 0.120378
v 1.431572 3.040589 0.146898
v 1.391317 3.146659 0.163557
v 1.362465 3.146659 0.055784
v 1.405659 3.040589 0.050102
v 1.474420 2.949272 0.041057
v 1.564133 2.878837 0.029256
v 1.474420 2.949272 -0.041057
v 1.405659 3.040589 -0.050102
v 1.362465 3.146659 -0.055784
v 1.391317 3.146659 -0.163557
v 1.431572 3.040589 -0.146898
v 1.495656 2.949272 -0.120378
v 1.579265 2.878837 -0.085778
v 1.608499 2.878837 -0.136464
v 1.536682 2.949272 -0.191509
v 1.481637 3.040589 -0.233699
v 1.447059 3.146659 -0.260202
v 1.649846 2.878837 -0.177866
v 1.594707 2.949272 -0.249611
v 1.552445 3.040589 -0.304601
v 1.525897 3.146659 -0.339144
v 1.657915 9.009436 -0.177838
v 1.662328 9.031752 -0.120899
v 1.665151 9.046045 -0.060021
v 1.666145 9.051083 0.000000
v 1.665151 9.046045 0.060021
v 1.662328 9.031752 0.120899
v 1.657915 9.009436 0.177838
v 1.516846 8.625187 0.350922
v 1.435269 8.625187 0.269238
v 1.377591 8.625187 0.169237
v 1.347737 8.625187 0.057721
v 1.347737 8.625187 -0.057721
v 1.377591 8.625187 -0.169237
v 1.435269 8.625187 -0.269238
v 1.516846 8.625187 -0.350922
v 1.562987 9.006029 -0.029407
v 1.562987 9.006029 0.029407
v 1.649142 9.006029 -0.178783
v 1.594276 8.935559 -0.250172
v 1.552242 8.844375 -0.304865
v 1.525845 8.738564 -0.339212
v 1.607581 9.006029 -0.137168
v 1.536121 8.935559 -0.191939
v 1.481372 8.844375 -0.233902
v 1.446990 8.738564 -0.260254
v 1.578196 9.006029 -0.086220
v 1.495002 8.935559 -0.120649
v 1.431265 8.844375 -0.147025
v 1.391237 8.738564 -0.163590
v 1.362379 8.738564 -0.055795
v 1.405329 8.844375 -0.050146
v 1.473719 8.935559 -0.041149
v 1.473719 8.935559 0.041149
v 1.405329 8.844375 0.050146
v 1.362379 8.738564 0.055795
v 1.391237 8.738564 0.163590
v 1.431265 8.844375 0.147025
v 1.495002 8.935559 0.120649
v 1.578196 9.006029 0.086220
v 1.607581 9.006029 0.137168
v 1.536121 8.935559 0.191939
v 1.481372 8.844375 0.233902
v 1.446990 8.738564 0.260254
v 1.649142 9.006029 0.178783
v 1.594276 8.935559 0.250172
v 1.552242 8.844375 0.304865
v 1.525845 8.738564 0.339212
v 1.462627 0.256765 0.000000
v 1.420245 0.256765 0.349052
v 1.295560 0.256765 0.677819
v 1.095819 0.256765 0.967194
v 0.832631 0.256765 1.200358
v 0.521290 0.256765 1.363762
v 0.179891 0.256765 1.447910
v -0.171725 0.256765 1.447910
v -0.513124 0.256765 1.363762
v -0.824464 0.256765 1.200358
v -1.087653 0.256765 0.967194
v -1.287393 0.256765 0.677819
v -1.412078 0.256765 0.349052
v -1.454461 0.256765 0.000000
v -1.412078 0.256765 -0.349052
v -1.287393 0.256765 -0.677819
v -1.087653 0.256765 -0.967194
v -0.824464 0.256765 -1.200358
v -0.513124 0.256765 -1.363762
v -0.171725 0.256765 -1.447910
v 0.179891 0.256765 -1.447910
v 0.521290 0.256765 -1.363762
v 0.832631 0.256765 -1.200358
v 1.095819 0.256765 -0.967194
v 1.295560 0.256765 -0.677819
v 1.420245 0.256765 -0.349052
v 0.399523 0.263083 0.000000
v 0.386049 0.263083 -0.102347
v 0.346544 0.263083 -0.197720
v 0.283701 0.263083 -0.279618
v 0.201803 0.263083 -0.342461
v 0.106431 0.263083 -0.381965
v 0.004083 0.263083 -0.395440
v -0.098264 0.263083 -0.381965
v -0.193636 0.263083 -0.342461
v -0.275535 0.263083 -0.279618
v -0.338377 0.263083 -0.197720
v -0.377882 0.263083 -0.102347
v -0.391356 0.263083 0.000000
v -0.377882 0.263083 0.102347
v -0.338377 0.263083 0.197720
v -0.275535 0.263083 0.279618
v -0.193636 0.263083 0.342461
v -0.098264 0.263083 0.381965
v 0.004083 0.263083 0.395440
v 0.106431 0.263083 0.381965
v 0.201803 0.263083 0.342461
v 0.283701 0.263083 0.279618
v 0.346544 0.263083 0.197720
v 0.386049 0.263083 0.102347
v 0.004083 10.605494 0.000000
v 0.004083 9.345761 1.621713
v 0.004083 9.693998 1.497985
v 0.004083 10.005339 1.298873
v 0.004083 10.263724 1.034648
v 0.004083 10.455829 0.718936
v 0.004083 10.571745 0.368021
v 0.169251 10.571745 0.328875
v 0.326741 10.455829 0.642465
v 0.468432 10.263724 0.924595
v 0.587016 10.005339 1.160715
v 0.676378 9.693998 1.338648
v 0.731907 9.345761 1.449216
v 1.046500 9.345761 1.242304
v 0.966969 9.693998 1.147523
v 0.838983 10.005339 0.994994
v 0.669142 10.263724 0.792586
v 0.466206 10.455829 0.550737
v 0.240642 10.571745 0.281920
v 1.304897 9.345761 0.968420
v 1.205651 9.693998 0.894534
v 1.045939 10.005339 0.775633
v 0.833998 10.263724 0.617849
v 0.580758 10.455829 0.429319
v 0.299281 10.571745 0.219767
v 1.493166 9.345761 0.642328
v 1.379557 9.693998 0.593321
v 1.196729 10.005339 0.514457
v 0.954113 10.263724 0.409803
v 0.664222 10.455829 0.284756
v 0.342006 10.571745 0.145765
v 1.601159 9.345761 0.281608
v 1.479310 9.693998 0.260122
v 1.283224 10.005339 0.225547
v 1.023012 10.263724 0.179665
v 0.712097 10.455829 0.124842
v 0.366513 10.571745 0.063906
v 1.623053 9.345761 -0.094294
v 1.499534 9.693998 -0.087100
v 1.300759 10.005339 -0.075523
v 1.036981 10.263724 -0.060159
v 0.721803 10.455829 -0.041802
v 0.371481 10.571745 -0.021398
v 1.557667 9.345761 -0.465113
v 1.439137 9.693998 -0.429627
v 1.248390 10.005339 -0.372521
v 0.995265 10.263724 -0.296740
v 0.692816 10.455829 -0.206193
v 0.356643 10.571745 -0.105549
v 1.408528 9.345761 -0.810857
v 1.301376 9.693998 -0.748992
v 1.128940 10.005339 -0.649437
v 0.900114 10.263724 -0.517324
v 0.626700 10.455829 -0.359468
v 0.322798 10.571745 -0.184010
v 1.183675 9.345761 -1.112887
v 1.093678 9.693998 -1.027979
v 0.948849 10.005339 -0.891341
v 0.756659 10.263724 -0.710018
v 0.527018 10.455829 -0.493364
v 0.271772 10.571745 -0.252551
v 0.895229 9.345761 -1.354922
v 0.827239 9.693998 -1.251548
v 0.717826 10.005339 -1.085193
v 0.572631 10.263724 -0.864436
v 0.399145 10.455829 -0.600662
v 0.206314 10.571745 -0.307477
v 0.558742 9.345761 -1.523912
v 0.516424 9.693998 -1.407645
v 0.448324 10.005339 -1.220541
v 0.357954 10.263724 -0.972251
v 0.249974 10.455829 -0.675579
v 0.129954 10.571745 -0.345826
v 0.192353 9.345761 -1.610748
v 0.177989 9.693998 -1.487856
v 0.154873 10.005339 -1.290091
v 0.124199 10.263724 -1.027652
v 0.087547 10.455829 -0.714075
v 0.046808 10.571745 -0.365532
v -0.184186 9.345761 -1.610748
v -0.169822 9.693998 -1.487856
v -0.146707 10.005339 -1.290091
v -0.116032 10.263724 -1.027652
v -0.079380 10.455829 -0.714075
v -0.038641 10.571745 -0.365532
v -0.550575 9.345761 -1.523912
v -0.508258 9.693998 -1.407645
v -0.440157 10.005339 -1.220541
v -0.349787 10.263724 -0.972251
v -0.241807 10.455829 -0.675579
v -0.121787 10.571745 -0.345826
v -0.887063 9.345761 -1.354922
v -0.819073 9.693998 -1.251548
v -0.709659 10.005339 -1.085193
v -0.564465 10.263724 -0.864436
v -0.390978 10.455829 -0.600662
v -0.198147 10.571745 -0.307477
v -1.175508 9.345761 -1.112887
v -1.085511 9.693998 -1.027979
v -0.940683 10.005339 -0.891341
v -0.748492 10.263724 -0.710018
v -0.518852 10.455829 -0.493364
v -0.263605 10.571745 -0.252551
v -1.400361 9.345761 -0.810857
v -1.293209 9.693998 -0.748992
v -1.120774 10.005339 -0.649437
v -0.891948 10.263724 -0.517324
v -0.618533 10.455829 -0.359468
v -0.314632 10.571745 -0.184010
v -1.549501 9.345761 -0.465113
v -1.430970 9.693998 -0.429627
v -1.240223 10.005339 -0.372521
v -0.987098 10.263724 -0.296740
v -0.684650 10.455829 -0.206193
v -0.348477 10.571745 -0.105549
v -1.614886 9.345761 -0.094294
v -1.491367 9.693998 -0.087100
v -1.292592 10.005339 -0.075523
v -1.028814 10.263724 -0.060159
v -0.713636 10.455829 -0.041802
v -0.363315 10.571745 -0.021398
v -1.592992 9.345761 0.281608
v -1.471144 9.693998 0.260122
v -1.275057 10.005339 0.225547
v -1.014846 10.263724 0.179665
v -0.703930 10.455829 0.124842
v -0.358346 10.571745 0.063906
v -1.485000 9.345761 0.642328
v -1.371390 9.693998 0.593321
v -1.188563 10.005339 0.514457
v -0.945947 10.263724 0.409803
v -0.656055 10.455829 0.284756
v -0.333839 10.571745 0.145765
v -1.296730 9.345761 0.968420
v -1.197485 9.693998 0.894534
v -1.037773 10.005339 0.775633
v -0.825832 10.263724 0.617849
v -0.572592 10.455829 0.429319
v -0.291115 10.571745 0.219767
v -1.038334 9.345761 1.242304
v -0.958803 9.693998 1.147523
v -0.830816 10.005339 0.994994
v -0.660975 10.263724 0.792586
v -0.458040 10.455829 0.550737
v -0.232476 10.571745 0.281920
v -0.723740 9.345761 1.449216
v -0.668211 9.693998 1.338648
v -0.578850 10.005339 1.160715
v -0.460266 10.263724 0.924595
v -0.318575 10.455829 0.642465
v -0.161084 10.571745 0.328875
v -0.369909 9.345761 1.578000
v -0.341376 9.693998 1.457606
v -0.295457 10.005339 1.263862
v -0.234523 10.263724 1.006759
v -0.161715 10.455829 0.699557
v -0.080788 10.571745 0.358100
v 0.378076 9.345761 1.578000
v 0.349542 9.693998 1.457606
v 0.303624 10.005339 1.263862
v 0.242689 10.263724 1.006759
v 0.169881 10.455829 0.699557
v 0.088955 10.571745 0.358100
v 1.313820 2.402275 0.000000
v 1.269192 2.402275 -0.338985
v 1.138348 2.402275 -0.654868
v 0.930207 2.402275 -0.926124
v 0.658952 2.402275 -1.134265
v 0.343068 2.402275 -1.265108
v 0.004083 2.402275 -1.309737
v -0.334901 2.402275 -1.265108
v -0.650785 2.402275 -1.134265
v -0.922040 2.402275 -0.926124
v -1.130182 2.402275 -0.654868
v -1.261025 2.402275 -0.338985
v -1.305653 2.402275 0.000000
v -1.261025 2.402275 0.338985
v -1.130182 2.402275 0.654868
v -0.922040 2.402275 0.926124
v -0.650785 2.402275 1.134265
v -0.334901 2.402275 1.265108
v 0.004083 2.402275 1.309737
v 0.343068 2.402275 1.265108
v 0.658952 2.402275 1.134265
v 0.930207 2.402275 0.926124
v 1.138348 2.402275 0.654868
v 1.269192 2.402275 0.338985
v 1.195071 1.979158 0.000000
v 1.154489 1.979158 -0.308250
v 1.035509 1.979158 -0.595494
v 0.846238 1.979158 -0.842155
v 0.599577 1.979158 -1.031425
v 0.312333 1.979158 -1.150405
v 0.004083 1.979158 -1.190987
v -0.304167 1.979158 -1.150405
v -0.591410 1.979158 -1.031425
v -0.838072 1.979158 -0.842155
v -1.027342 1.979158 -0.595494
v -1.146322 1.979158 -0.308250
v -1.186904 1.979158 0.000000
v -1.146322 1.979158 0.308250
v -1.027342 1.979158 0.595494
v -0.838072 1.979158 0.842155
v -0.591410 1.979158 1.031425
v -0.304167 1.979158 1.150405
v 0.004083 1.979158 1.190987
v 0.312333 1.979158 1.150405
v 0.599577 1.979158 1.031425
v 0.846238 1.979158 0.842155
v 1.035509 1.979158 0.595494
v 1.154489 1.979158 0.308250
v 0.004083 2.312329 1.238331
v 0.004083 2.206824 1.192967
v 0.004083 2.093123 1.176810
v 1.235631 2.312329 0.129441
v 1.190515 2.206824 0.124699
v 1.174447 2.093123 0.123010
v 1.174447 2.093123 -0.123010
v 1.190515 2.206824 -0.124699
v 1.235631 2.312329 -0.129441
v 1.181806 2.312329 0.382665
v 1.138663 2.206824 0.368647
v 1.123296 2.093123 0.363654
v 0.924343 2.312329 0.828605
v 0.890631 2.206824 0.798251
v 0.878624 2.093123 0.787440
v 1.023231 2.093123 0.588405
v 1.037223 2.206824 0.596484
v 1.076509 2.312329 0.619166
v 0.731956 2.312329 1.001831
v 0.705292 2.206824 0.965131
v 0.695795 2.093123 0.952059
v 0.507758 2.312329 1.131272
v 0.489307 2.206824 1.089830
v 0.482735 2.093123 1.075070
v 0.261547 2.312329 1.211271
v 0.252115 2.206824 1.166898
v 0.248756 2.093123 1.151094
v -0.253380 2.312329 1.211271
v -0.243949 2.206824 1.166898
v -0.240589 2.093123 1.151094
v -0.499591 2.312329 1.131272
v -0.481140 2.206824 1.089830
v -0.474569 2.093123 1.075070
v -0.723789 2.312329 1.001831
v -0.697125 2.206824 0.965131
v -0.687628 2.093123 0.952059
v -0.916176 2.312329 0.828605
v -0.882464 2.206824 0.798251
v -0.870457 2.093123 0.787440
v -1.173640 2.312329 0.382665
v -1.130496 2.206824 0.368647
v -1.115130 2.093123 0.363654
v -1.015064 2.093123 0.588405
v -1.029057 2.206824 0.596484
v -1.068343 2.312329 0.619166
v -1.227464 2.312329 0.129441
v -1.182349 2.206824 0.124699
v -1.166280 2.093123 0.123010
v -1.227464 2.312329 -0.129441
v -1.182349 2.206824 -0.124699
v -1.166280 2.093123 -0.123010
v -1.173640 2.312329 -0.382665
v -1.130496 2.206824 -0.368647
v -1.115130 2.093123 -0.363654
v -0.916176 2.312329 -0.828605
v -0.882464 2.206824 -0.798251
v -0.870457 2.093123 -0.787440
v -1.015064 2.093123 -0.588405
v -1.029057 2.206824 -0.596484
v -1.068343 2.312329 -0.619166
v -0.723789 2.312329 -1.001831
v -0.697125 2.206824 -0.965131
v -0.687628 2.093123 -0.952059
v -0.499591 2.312329 -1.131272
v -0.481140 2.206824 -1.089830
v -0.474569 2.093123 -1.075070
v -0.253380 2.312329 -1.211271
v -0.243949 2.206824 -1.166898
v -0.240589 2.093123 -1.151094
v 0.261547 2.312329 -1.211271
v 0.252115 2.206824 -1.166898
v 0.248756 2.093123 -1.151094
v 0.004083 2.093123 -1.176810
v 0.004083 2.206824 -1.192967
v 0.004083 2.312329 -1.238331
v 0.507758 2.312329 -1.131272
v 0.489307 2.206824 -1.089830
v 0.482735 2.093123 -1.075070
v 0.731956 2.312329 -1.001831
v 0.705292 2.206824 -0.965131
v 0.695795 2.093123 -0.952059
v 0.924343 2.312329 -0.828605
v 0.890631 2.206824 -0.798251
v 0.878624 2.093123 -0.787440
v 1.181806 2.312329 -0.382665
v 1.138663 2.206824 -0.368647
v 1.123296 2.093123 -0.363654
v 1.023231 2.093123 -0.588405
v 1.037223 2.206824 -0.596484
v 1.076509 2.312329 -0.619166
v 1.517460 1.729724 0.000000
v 1.473484 1.729724 -0.362175
v 1.344112 1.729724 -0.703301
v 1.136862 1.729724 -1.003554
v 0.863779 1.729724 -1.245484
v 0.540734 1.729724 -1.415032
v 0.186501 1.729724 -1.502342
v -0.178334 1.729724 -1.502342
v -0.532567 1.729724 -1.415032
v -0.855613 1.729724 -1.245484
v -1.128695 1.729724 -1.003554
v -1.335945 1.729724 -0.703301
v -1.465317 1.729724 -0.362175
v -1.509293 1.729724 0.000000
v -1.465317 1.729724 0.362175
v -1.335945 1.729724 0.703301
v -1.128695 1.729724 1.003554
v -0.855613 1.729724 1.245484
v -0.532567 1.729724 1.415032
v -0.178334 1.729724 1.502342
v 0.186501 1.729724 1.502342
v 0.540734 1.729724 1.415032
v 0.863779 1.729724 1.245484
v 1.136862 1.729724 1.003554
v 1.344112 1.729724 0.703301
v 1.473484 1.729724 0.362175
v 0.004083 1.898209 1.224019
v 0.004083 1.828602 1.276920
v 0.004083 1.775102 1.346068
v 0.004083 1.741373 1.426728
v -1.256448 1.741373 0.668291
v -1.077352 1.898209 0.573341
v -0.837674 1.898209 -0.888632
v 0.158340 1.741373 -1.418364
v 0.845841 1.898209 -0.888632
v 1.091481 1.741373 0.923644
v 1.085519 1.898209 0.573341
v 1.226307 1.898209 0.066267
v 1.279131 1.828602 0.069131
v 1.348177 1.775102 0.072875
v 1.428719 1.741373 0.077241
v 1.412016 1.741373 -0.230819
v 1.332419 1.775102 -0.217770
v 1.264182 1.828602 -0.206583
v 1.211978 1.898209 -0.198024
v 1.183487 1.898209 0.327460
v 1.234460 1.828602 0.341612
v 1.301087 1.775102 0.360111
v 1.378807 1.741373 0.381690
v 0.936984 1.898209 0.792413
v 0.977303 1.828602 0.826661
v 1.030005 1.775102 0.871426
v 1.264615 1.741373 0.668291
v 1.193351 1.775102 0.630510
v 1.132258 1.828602 0.598120
v 0.744828 1.898209 0.974433
v 0.776842 1.828602 1.016547
v 0.818689 1.775102 1.071595
v 0.867502 1.741373 1.135808
v 0.518036 1.898209 1.110890
v 0.540248 1.828602 1.158901
v 0.569283 1.775102 1.221658
v 0.603151 1.741373 1.294863
v 0.267211 1.898209 1.195402
v 0.278583 1.828602 1.247066
v 0.293448 1.775102 1.314598
v 0.310788 1.741373 1.393372
v -0.259045 1.898209 1.195402
v -0.270417 1.828602 1.247066
v -0.285282 1.775102 1.314598
v -0.302621 1.741373 1.393372
v -0.509869 1.898209 1.110890
v -0.532082 1.828602 1.158901
v -0.561116 1.775102 1.221658
v -0.594984 1.741373 1.294863
v -0.736661 1.898209 0.974433
v -0.768676 1.828602 1.016547
v -0.810522 1.775102 1.071595
v -0.859336 1.741373 1.135808
v -0.928818 1.898209 0.792413
v -0.969137 1.828602 0.826661
v -1.021839 1.775102 0.871426
v -1.083315 1.741373 0.923644
v -1.124091 1.828602 0.598120
v -1.185184 1.775102 0.630510
v -1.218141 1.898209 0.066267
v -1.270964 1.828602 0.069131
v -1.340011 1.775102 0.072875
v -1.420552 1.741373 0.077241
v -1.370640 1.741373 0.381690
v -1.292921 1.775102 0.360111
v -1.226293 1.828602 0.341612
v -1.175320 1.898209 0.327460
v -1.203811 1.898209 -0.198024
v -1.256015 1.828602 -0.206583
v -1.324252 1.775102 -0.217770
v -1.403850 1.741373 -0.230819
v -1.133002 1.898209 -0.453056
v -1.182146 1.828602 -0.472637
v -1.246383 1.775102 -0.498231
v -1.321314 1.741373 -0.528086
v -1.009024 1.898209 -0.686904
v -1.052809 1.828602 -0.716591
v -1.110042 1.775102 -0.755396
v -1.176804 1.741373 -0.800661
v -0.874054 1.828602 -0.927038
v -0.921607 1.775102 -0.977239
v -0.977077 1.741373 -1.035798
v -0.386748 1.898209 -1.159946
v -0.403639 1.828602 -1.210077
v -0.425718 1.775102 -1.275606
v -0.451473 1.741373 -1.352043
v -0.731472 1.741373 -1.222502
v -0.689887 1.775102 -1.153388
v -0.654238 1.828602 -1.094138
v -0.626964 1.898209 -1.048809
v -0.128256 1.898209 -1.216844
v -0.133976 1.828602 -1.269435
v -0.141452 1.775102 -1.338177
v -0.150173 1.741373 -1.418364
v 0.136423 1.898209 -1.216844
v 0.142143 1.828602 -1.269435
v 0.149619 1.775102 -1.338177
v 0.394914 1.898209 -1.159946
v 0.411806 1.828602 -1.210077
v 0.433885 1.775102 -1.275606
v 0.459640 1.741373 -1.352043
v 0.635131 1.898209 -1.048809
v 0.662404 1.828602 -1.094138
v 0.698054 1.775102 -1.153388
v 0.739638 1.741373 -1.222502
v 1.017190 1.898209 -0.686904
v 1.060976 1.828602 -0.716591
v 1.118209 1.775102 -0.755396
v 1.184970 1.741373 -0.800661
v 0.985243 1.741373 -1.035798
v 0.929774 1.775102 -0.977239
v 0.882221 1.828602 -0.927038
v 1.141168 1.898209 -0.453056
v 1.190312 1.828602 -0.472637
v 1.254549 1.775102 -0.498231
v 1.329480 1.741373 -0.528086
v 1.779291 1.465693 0.000000
v 1.734783 1.465693 -0.395021
v 1.603491 1.465693 -0.770234
v 1.391997 1.465693 -1.106824
v 1.110907 1.465693 -1.387914
v 0.774317 1.465693 -1.599407
v 0.399104 1.465693 -1.730700
v 0.004083 1.465693 -1.775208
v -0.390938 1.465693 -1.730700
v -0.766151 1.465693 -1.599407
v -1.102741 1.465693 -1.387914
v -1.383830 1.465693 -1.106824
v -1.595324 1.465693 -0.770234
v -1.726617 1.465693 -0.395021
v -1.771125 1.465693 0.000000
v -1.726617 1.465693 0.395021
v -1.595324 1.465693 0.770234
v -1.383830 1.465693 1.106824
v -1.102741 1.465693 1.387914
v -0.766151 1.465693 1.599407
v -0.390938 1.465693 1.730700
v 0.004083 1.465693 1.775208
v 0.399104 1.465693 1.730700
v 0.774317 1.465693 1.599407
v 1.110907 1.465693 1.387914
v 1.391997 1.465693 1.106824
v 1.603491 1.465693 0.770234
v 1.734783 1.465693 0.395021
v 0.004083 1.720576 1.581436
v 0.004083 1.694087 1.644793
v 0.004083 1.652071 1.699111
v 0.004083 1.597403 1.740671
v 0.004083 1.533827 1.766629
v 1.545869 1.720576 0.351903
v 1.607638 1.694087 0.366001
v 1.660594 1.652071 0.378088
v 1.701113 1.597403 0.387336
v 1.726420 1.533827 0.393112
v 1.770713 1.533827 0.000000
v 1.744755 1.597403 0.000000
v 1.703194 1.652071 0.000000
v 1.648877 1.694087 0.000000
v 1.585519 1.720576 0.000000
v 1.428908 1.720576 0.686159
v 1.485991 1.694087 0.713649
v 1.534930 1.652071 0.737217
v 1.572374 1.597403 0.755249
v 1.595761 1.533827 0.766512
v 1.240500 1.720576 0.986009
v 1.290034 1.694087 1.025512
v 1.332502 1.652071 1.059378
v 1.364995 1.597403 1.085291
v 1.385290 1.533827 1.101475
v 0.990093 1.720576 1.236416
v 1.029595 1.694087 1.285951
v 1.063462 1.652071 1.328419
v 1.089374 1.597403 1.360912
v 1.105559 1.533827 1.381207
v 0.690243 1.720576 1.424825
v 0.717732 1.694087 1.481907
v 0.741300 1.652071 1.530846
v 0.759332 1.597403 1.568291
v 0.770595 1.533827 1.591678
v 0.355986 1.720576 1.541786
v 0.370084 1.694087 1.603555
v 0.382171 1.652071 1.656511
v 0.391419 1.597403 1.697029
v 0.397195 1.533827 1.722336
v -0.347819 1.720576 1.541786
v -0.361918 1.694087 1.603555
v -0.374004 1.652071 1.656511
v -0.383253 1.597403 1.697029
v -0.389029 1.533827 1.722336
v -0.682076 1.720576 1.424825
v -0.709566 1.694087 1.481907
v -0.733133 1.652071 1.530846
v -0.751166 1.597403 1.568291
v -0.762428 1.533827 1.591678
v -0.981926 1.720576 1.236416
v -1.021428 1.694087 1.285951
v -1.055295 1.652071 1.328419
v -1.081208 1.597403 1.360912
v -1.097392 1.533827 1.381207
v -1.232333 1.720576 0.986009
v -1.281868 1.694087 1.025512
v -1.324335 1.652071 1.059378
v -1.356828 1.597403 1.085291
v -1.377123 1.533827 1.101475
v -1.420741 1.720576 0.686159
v -1.477824 1.694087 0.713649
v -1.526763 1.652071 0.737217
v -1.564208 1.597403 0.755249
v -1.587595 1.533827 0.766512
v -1.537703 1.720576 0.351903
v -1.599472 1.694087 0.366001
v -1.652428 1.652071 0.378088
v -1.692946 1.597403 0.387336
v -1.718253 1.533827 0.393112
v -1.537703 1.720576 -0.351903
v -1.599472 1.694087 -0.366001
v -1.652428 1.652071 -0.378088
v -1.692946 1.597403 -0.387336
v -1.718253 1.533827 -0.393112
v -1.762546 1.533827 0.000000
v -1.736588 1.597403 0.000000
v -1.695028 1.652071 0.000000
v -1.640710 1.694087 0.000000
v -1.577353 1.720576 0.000000
v -1.420741 1.720576 -0.686159
v -1.477824 1.694087 -0.713649
v -1.526763 1.652071 -0.737217
v -1.564208 1.597403 -0.755249
v -1.587595 1.533827 -0.766512
v -1.232333 1.720576 -0.986009
v -1.281868 1.694087 -1.025512
v -1.324335 1.652071 -1.059378
v -1.356828 1.597403 -1.085291
v -1.377123 1.533827 -1.101475
v -0.981926 1.720576 -1.236416
v -1.021428 1.694087 -1.285951
v -1.055295 1.652071 -1.328419
v -1.081208 1.597403 -1.360912
v -1.097392 1.533827 -1.381207
v -0.682076 1.720576 -1.424825
v -0.709566 1.694087 -1.481907
v -0.733133 1.652071 -1.530846
v -0.751166 1.597403 -1.568291
v -0.762428 1.533827 -1.591678
v -0.347819 1.720576 -1.541786
v -0.361918 1.694087 -1.603555
v -0.374004 1.652071 -1.656511
v -0.383253 1.597403 -1.697029
v -0.389029 1.533827 -1.722336
v 0.004083 1.720576 -1.581436
v 0.004083 1.694087 -1.644793
v 0.004083 1.652071 -1.699111
v 0.004083 1.597403 -1.740671
v 0.004083 1.533827 -1.766629
v 0.355986 1.720576 -1.541786
v 0.370084 1.694087 -1.603555
v 0.382171 1.652071 -1.656511
v 0.391419 1.597403 -1.697029
v 0.397195 1.533827 -1.722336
v 0.690243 1.720576 -1.424825
v 0.717732 1.694087 -1.481907
v 0.741300 1.652071 -1.530846
v 0.759332 1.597403 -1.568291
v 0.770595 1.533827 -1.591678
v 0.990093 1.720576 -1.236416
v 1.029595 1.694087 -1.285951
v 1.063462 1.652071 -1.328419
v 1.089374 1.597403 -1.360912
v 1.105559 1.533827 -1.381207
v 1.240500 1.720576 -0.986009
v 1.290034 1.694087 -1.025512
v 1.332502 1.652071 -1.059378
v 1.364995 1.597403 -1.085291
v 1.385290 1.533827 -1.101475
v 1.428908 1.720576 -0.686159
v 1.485991 1.694087 -0.713649
v 1.534930 1.652071 -0.737217
v 1.572374 1.597403 -0.755249
v 1.595761 1.533827 -0.766512
v 1.545869 1.720576 -0.351903
v 1.607638 1.694087 -0.366001
v 1.660594 1.652071 -0.378088
v 1.701113 1.597403 -0.387336
v 1.726420 1.533827 -0.393112
v 1.773879 0.554851 0.000000
v 1.729506 0.554851 -0.393817
v 1.598614 0.554851 -0.767885
v 1.387765 0.554851 -1.103449
v 1.107533 0.554851 -1.383682
v 0.771969 0.554851 -1.594531
v 0.397900 0.554851 -1.725423
v 0.004083 0.554851 -1.769796
v -0.389733 0.554851 -1.725423
v -0.763802 0.554851 -1.594531
v -1.099366 0.554851 -1.383682
v -1.379599 0.554851 -1.103449
v -1.590447 0.554851 -0.767885
v -1.721340 0.554851 -0.393817
v -1.765712 0.554851 0.000000
v -1.721340 0.554851 0.393817
v -1.590447 0.554851 0.767885
v -1.379599 0.554851 1.103449
v -1.099366 0.554851 1.383682
v -0.763802 0.554851 1.594531
v -0.389733 0.554851 1.725423
v 0.004083 0.554851 1.769796
v 0.397900 0.554851 1.725423
v 0.771969 0.554851 1.594531
v 1.107533 0.554851 1.383682
v 1.387765 0.554851 1.103449
v 1.598614 0.554851 0.767885
v 1.729506 0.554851 0.393817
v 0.004083 0.476709 1.756739
v 0.004083 0.404437 1.724280
v 0.004083 0.342769 1.674543
v 0.004083 0.295742 1.610784
v 0.004083 0.266434 1.537178
v 1.716777 0.476709 0.390911
v 1.685132 0.404437 0.383688
v 1.636642 0.342769 0.372621
v 1.574481 0.295742 0.358433
v 1.502721 0.266434 0.342054
v 1.541261 0.266434 0.000000
v 1.614867 0.295742 0.000000
v 1.678626 0.342769 0.000000
v 1.728363 0.404437 0.000000
v 1.760823 0.476709 0.000000
v 1.586851 0.476709 0.762221
v 1.557606 0.404437 0.748137
v 1.512794 0.342769 0.726557
v 1.455349 0.295742 0.698893
v 1.389033 0.266434 0.666956
v 1.377557 0.476709 1.095309
v 1.352180 0.404437 1.075071
v 1.313293 0.342769 1.044060
v 1.263445 0.295742 1.004307
v 1.205897 0.266434 0.958415
v 1.099392 0.476709 1.373474
v 1.079154 0.404437 1.348096
v 1.048144 0.342769 1.309210
v 1.008391 0.295742 1.259361
v 0.962498 0.266434 1.201814
v 0.766304 0.476709 1.582767
v 0.752220 0.404437 1.553523
v 0.730640 0.342769 1.508711
v 0.702976 0.295742 1.451266
v 0.671040 0.266434 1.384949
v 0.394995 0.476709 1.712694
v 0.387772 0.404437 1.681049
v 0.376704 0.342769 1.632558
v 0.362516 0.295742 1.570398
v 0.346138 0.266434 1.498638
v -0.386828 0.476709 1.712694
v -0.379605 0.404437 1.681049
v -0.368537 0.342769 1.632558
v -0.354350 0.295742 1.570398
v -0.337971 0.266434 1.498638
v -0.758137 0.476709 1.582767
v -0.744054 0.404437 1.553523
v -0.722474 0.342769 1.508711
v -0.694810 0.295742 1.451266
v -0.662873 0.266434 1.384949
v -1.091226 0.476709 1.373474
v -1.070988 0.404437 1.348096
v -1.039977 0.342769 1.309210
v -1.000224 0.295742 1.259361
v -0.954331 0.266434 1.201814
v -1.369391 0.476709 1.095309
v -1.344013 0.404437 1.075071
v -1.305127 0.342769 1.044060
v -1.255278 0.295742 1.004307
v -1.197731 0.266434 0.958415
v -1.578684 0.476709 0.762221
v -1.549439 0.404437 0.748137
v -1.504627 0.342769 0.726557
v -1.447183 0.295742 0.698893
v -1.380866 0.266434 0.666956
v -1.708611 0.476709 0.390911
v -1.676965 0.404437 0.383688
v -1.628475 0.342769 0.372621
v -1.566315 0.295742 0.358433
v -1.494554 0.266434 0.342054
v -1.752656 0.476709 0.000000
v -1.720197 0.404437 0.000000
v -1.670459 0.342769 0.000000
v -1.606700 0.295742 0.000000
v -1.533095 0.266434 0.000000
v -1.708611 0.476709 -0.390911
v -1.676965 0.404437 -0.383688
v -1.628475 0.342769 -0.372621
v -1.566315 0.295742 -0.358433
v -1.494554 0.266434 -0.342054
v -1.578684 0.476709 -0.762221
v -1.549439 0.404437 -0.748137
v -1.504627 0.342769 -0.726557
v -1.447183 0.295742 -0.698893
v -1.380866 0.266434 -0.666956
v -1.369391 0.476709 -1.095309
v -1.344013 0.404437 -1.075071
v -1.305127 0.342769 -1.044060
v -1.255278 0.295742 -1.004307
v -1.197731 0.266434 -0.958415
v -1.091226 0.476709 -1.373474
v -1.070988 0.404437 -1.348096
v -1.039977 0.342769 -1.309210
v -1.000224 0.295742 -1.259361
v -0.954331 0.266434 -1.201814
v -0.758137 0.476709 -1.582767
v -0.744054 0.404437 -1.553523
v -0.722474 0.342769 -1.508711
v -0.694810 0.295742 -1.451266
v -0.662873 0.266434 -1.384949
v -0.386828 0.476709 -1.712694
v -0.379605 0.404437 -1.681049
v -0.368537 0.342769 -1.632558
v -0.354350 0.295742 -1.570398
v -0.337971 0.266434 -1.498638
v 0.004083 0.476709 -1.756739
v 0.004083 0.404437 -1.724280
v 0.004083 0.342769 -1.674543
v 0.004083 0.295742 -1.610784
v 0.004083 0.266434 -1.537178
v 0.394995 0.476709 -1.712694
v 0.387772 0.404437 -1.681049
v 0.376704 0.342769 -1.632558
v 0.362516 0.295742 -1.570398
v 0.346138 0.266434 -1.498638
v 0.766304 0.476709 -1.582767
v 0.752220 0.404437 -1.553523
v 0.730640 0.342769 -1.508711
v 0.702976 0.295742 -1.451266
v 0.671040 0.266434 -1.384949
v 1.099392 0.476709 -1.373474
v 1.079154 0.404437 -1.348096
v 1.048144 0.342769 -1.309210
v 1.008391 0.295742 -1.259361
v 0.962498 0.266434 -1.201814
v 1.377557 0.476709 -1.095309
v 1.352180 0.404437 -1.075071
v 1.313293 0.342769 -1.044060
v 1.263445 0.295742 -1.004307
v 1.205897 0.266434 -0.958415
v 1.586851 0.476709 -0.762221
v 1.557606 0.404437 -0.748137
v 1.512794 0.342769 -0.726557
v 1.455349 0.295742 -0.698893
v 1.389033 0.266434 -0.666956
v 1.716777 0.476709 -0.390911
v 1.685132 0.404437 -0.383688
v 1.636642 0.342769 -0.372621
v 1.574481 0.295742 -0.358433
v 1.502721 0.266434 -0.342054
# 1784 vertices

vn -0.129313 0.000000 0.991594
vn -0.366937 -0.229375 0.901500
vn -0.380812 0.000000 0.924625
vn -0.125000 -0.255625 0.958625
vn 0.130906 0.000000 0.991375
vn 0.126563 -0.255625 0.958438
vn 0.382281 0.000000 0.924031
vn 0.369594 -0.255625 0.893313
vn 0.607781 0.000000 0.794062
vn 0.587594 -0.255625 0.767687
vn 0.792094 0.000000 0.610344
vn 0.765781 -0.255625 0.590062
vn 0.922781 0.000000 0.385281
vn 0.892125 -0.255625 0.372500
vn 0.990937 0.000000 0.134125
vn 0.958031 -0.255625 0.129656
vn 0.992000 0.000000 -0.126094
vn 0.959031 -0.255625 -0.121906
vn 0.902687 -0.229375 -0.364000
vn 0.833500 -0.449500 -0.321156
vn 0.862344 -0.494250 -0.109625
vn 0.723625 -0.643750 -0.248812
vn 0.708344 -0.700063 -0.090031
vn 0.583469 -0.798469 -0.148219
vn 0.507281 -0.859344 -0.064469
vn 0.490844 -0.867969 -0.075187
vn 0.393406 -0.919312 0.008375
vn 0.506750 -0.859344 0.068563
vn 0.291562 -0.951219 0.100781
vn 0.471875 -0.859344 0.197000
vn 0.405062 -0.859344 0.312125
vn 0.658906 -0.700063 0.275125
vn 0.565625 -0.700063 0.435813
vn 0.802156 -0.494250 0.334938
vn 0.688563 -0.494281 0.530563
vn -0.323844 -0.449500 0.832469
vn -0.112406 -0.494250 0.862000
vn 0.113781 -0.494250 0.861812
vn 0.332312 -0.494250 0.803250
vn 0.528344 -0.494250 0.690281
vn -0.251156 -0.643719 0.722812
vn -0.092344 -0.700063 0.708063
vn 0.093469 -0.700063 0.707906
vn 0.272969 -0.700063 0.659813
vn 0.434000 -0.700063 0.567000
vn -0.150094 -0.798469 0.582969
vn -0.066125 -0.859344 0.507062
vn 0.066937 -0.859344 0.506969
vn 0.195469 -0.859344 0.472500
vn 0.310781 -0.859344 0.406063
vn -0.076781 -0.867969 0.490594
vn 0.007094 -0.919312 0.393438
vn 0.099844 -0.951187 0.291906
vn 0.193906 -0.961500 0.194531
vn 0.925875 0.000000 -0.377813
vn 0.861437 -0.494250 0.116594
vn 0.707594 -0.700063 0.095750
vn 0.911469 0.181250 -0.369250
vn 0.958844 0.256344 -0.121875
vn 0.957844 0.256344 0.129625
vn 0.891937 0.256344 0.372406
vn 0.765625 0.256344 0.589938
vn 0.587469 0.256344 0.767531
vn 0.369500 0.256344 0.893156
vn 0.126531 0.256344 0.958250
vn -0.125000 0.256344 0.958438
vn -0.372219 0.181250 0.910250
vn -0.345594 0.359125 0.866906
vn -0.112313 0.495562 0.861250
vn -0.300531 0.524844 0.796344
vn -0.237000 0.671094 0.702406
vn -0.092125 0.701688 0.706469
vn -0.156062 0.791500 0.590875
vn -0.065781 0.860875 0.504500
vn -0.057781 0.882750 0.466219
vn 0.066594 0.860875 0.504406
vn 0.062188 0.942813 0.327375
vn 0.194500 0.860875 0.470125
vn 0.309219 0.860875 0.404000
vn 0.272375 0.701688 0.658344
vn 0.433031 0.701656 0.565750
vn 0.332031 0.495562 0.802562
vn 0.527906 0.495562 0.689719
vn 0.868031 0.359125 -0.342781
vn 0.861625 0.495562 -0.109531
vn 0.860687 0.495562 0.116500
vn 0.801500 0.495562 0.334625
vn 0.688000 0.495562 0.530125
vn 0.797312 0.524844 -0.297938
vn 0.703188 0.671094 -0.234750
vn 0.706781 0.701656 -0.089844
vn 0.591375 0.791500 -0.154125
vn 0.504719 0.860875 -0.064156
vn 0.466406 0.882750 -0.056281
vn 0.504188 0.860875 0.068250
vn 0.327188 0.942813 0.063250
vn 0.469500 0.860875 0.196031
vn 0.191375 0.962531 0.192000
vn 0.403000 0.860875 0.310531
vn 0.706031 0.701656 0.095563
vn 0.657469 0.701656 0.274500
vn 0.564344 0.701688 0.434875
vn 0.113719 0.495562 0.861063
vn 0.093250 0.701688 0.706344
vn 0.887563 0.000000 0.460656
vn 0.823687 0.000000 0.567031
vn 0.796781 0.000000 0.604219
vn 0.843000 0.000000 0.537844
vn 0.854406 0.000000 0.519562
vn 0.858156 0.000000 0.513313
vn 0.893625 0.000000 0.448781
vn 0.855812 0.000000 0.517219
vn 0.848750 0.000000 0.528719
vn 0.836812 0.000000 0.547469
vn 0.819906 0.000000 0.572438
vn 0.798375 0.000000 0.602125
vn 0.766031 0.000000 0.642781
vn 0.772250 0.000000 0.635312
vn 0.740313 0.000000 0.672219
vn 0.705938 0.000000 0.708250
vn 0.669813 0.000000 0.742500
vn 0.597156 0.000000 0.802094
vn 0.632781 0.000000 0.774281
vn 0.599531 0.000000 0.800313
vn 0.569781 0.000000 0.821781
vn 0.544750 0.000000 0.838562
vn 0.525969 0.000000 0.850469
vn 0.396062 0.000000 0.918187
vn 0.514469 0.000000 0.857500
vn 0.510531 0.000000 0.859812
vn 0.457656 0.000000 0.889125
vn 0.516781 0.000000 0.856094
vn 0.535125 0.000000 0.844750
vn 0.564344 0.000000 0.825500
vn 0.601625 0.000000 0.798750
vn 0.300438 0.000000 0.953781
vn 0.242500 0.000000 0.970125
vn 0.238125 0.000000 0.971219
vn 0.179969 0.000000 0.983656
vn 0.134531 0.000000 0.990906
vn 0.214375 0.000000 0.976750
vn 0.235437 0.000000 0.971875
vn 0.225031 0.000000 0.974344
vn 0.173625 0.000000 0.984781
vn 0.203406 0.000000 0.979062
vn 0.173875 0.000000 0.984750
vn 0.137750 0.000000 0.990438
vn 0.095906 0.000000 0.995375
vn 0.047344 0.000000 0.998875
vn -0.058125 0.000000 0.998281
vn -0.002281 0.000000 0.999969
vn -0.051906 0.000000 0.998625
vn -0.100469 0.000000 0.994937
vn -0.142281 0.000000 0.989812
vn -0.178375 0.000000 0.983938
vn -0.286781 0.000000 0.957969
vn -0.207875 0.000000 0.978125
vn -0.229469 0.000000 0.973281
vn -0.242563 0.000000 0.970125
vn -0.246937 0.000000 0.969000
vn -0.305000 0.000000 0.952344
vn -0.239875 0.000000 0.970781
vn -0.218844 0.000000 0.975750
vn -0.184469 0.000000 0.982813
vn -0.139062 0.000000 0.990281
vn -0.462063 0.000000 0.886813
vn -0.499969 0.000000 0.866000
vn -0.514500 0.000000 0.857469
vn -0.518375 0.000000 0.855125
vn -0.568438 0.000000 0.822688
vn -0.605781 0.000000 0.795594
vn -0.539156 0.000000 0.842188
vn -0.520781 0.000000 0.853656
vn -0.529781 0.000000 0.848094
vn -0.548375 0.000000 0.836219
vn -0.573187 0.000000 0.819406
vn -0.602687 0.000000 0.797938
vn -0.635656 0.000000 0.771937
vn -0.686219 0.000000 0.727344
vn -0.672406 0.000000 0.740156
vn -0.708250 0.000000 0.705938
vn -0.742312 0.000000 0.670000
vn -0.773969 0.000000 0.633187
vn -0.835469 0.000000 0.549500
vn -0.799906 0.000000 0.600094
vn -0.821250 0.000000 0.570562
vn -0.837969 0.000000 0.545687
vn -0.849813 0.000000 0.527031
vn -0.856781 0.000000 0.515625
vn -0.939687 0.000000 0.342000
vn -0.859125 0.000000 0.511750
vn -0.888375 0.000000 0.459062
vn -0.855344 0.000000 0.518000
vn -0.843938 0.000000 0.536438
vn -0.824531 0.000000 0.565781
vn -0.797562 0.000000 0.603219
vn -0.953406 0.000000 0.301625
vn -0.969813 0.000000 0.243781
vn -0.970906 0.000000 0.239406
vn -0.983469 0.000000 0.181000
vn -0.990781 0.000000 0.135406
vn -0.976469 0.000000 0.215531
vn -0.971563 0.000000 0.236656
vn -0.974031 0.000000 0.226375
vn -0.978781 0.000000 0.204844
vn -0.984469 0.000000 0.175469
vn -0.993219 0.000000 0.116062
vn -0.990188 0.000000 0.139500
vn -0.995188 0.000000 0.097844
vn -0.998750 0.000000 0.049469
vn -1.000000 0.000000 0.000000
vn -0.993219 0.000000 -0.116062
vn -0.998750 0.000000 -0.049469
vn -0.995188 0.000000 -0.097844
vn -0.990188 0.000000 -0.139500
vn -0.984469 0.000000 -0.175469
vn -0.978781 0.000000 -0.204844
vn -0.939687 0.000000 -0.342000
vn -0.974031 0.000000 -0.226375
vn -0.970906 0.000000 -0.239406
vn -0.969813 0.000000 -0.243781
vn -0.953406 0.000000 -0.301625
vn -0.888375 0.000000 -0.459062
vn -0.971563 0.000000 -0.236656
vn -0.976469 0.000000 -0.215531
vn -0.983469 0.000000 -0.181000
vn -0.990781 0.000000 -0.135406
vn -0.824531 0.000000 -0.565781
vn -0.797562 0.000000 -0.603219
vn -0.843938 0.000000 -0.536438
vn -0.855344 0.000000 -0.518000
vn -0.859125 0.000000 -0.511750
vn -0.856781 0.000000 -0.515625
vn -0.835469 0.000000 -0.549500
vn -0.849813 0.000000 -0.527031
vn -0.837969 0.000000 -0.545687
vn -0.821250 0.000000 -0.570562
vn -0.799906 0.000000 -0.600094
vn -0.773969 0.000000 -0.633187
vn -0.742312 0.000000 -0.670000
vn -0.686219 0.000000 -0.727344
vn -0.708250 0.000000 -0.705938
vn -0.672406 0.000000 -0.740156
vn -0.635656 0.000000 -0.771937
vn -0.602687 0.000000 -0.797938
vn -0.499969 0.000000 -0.866000
vn -0.573187 0.000000 -0.819406
vn -0.548375 0.000000 -0.836219
vn -0.529781 0.000000 -0.848094
vn -0.518375 0.000000 -0.855125
vn -0.514500 0.000000 -0.857469
vn -0.462063 0.000000 -0.886813
vn -0.286781 0.000000 -0.957969
vn -0.305000 0.000000 -0.952344
vn -0.246937 0.000000 -0.969000
vn -0.239875 0.000000 -0.970781
vn -0.218844 0.000000 -0.975750
vn -0.184469 0.000000 -0.982813
vn -0.139062 0.000000 -0.990281
vn -0.520781 0.000000 -0.853656
vn -0.539156 0.000000 -0.842188
vn -0.568438 0.000000 -0.822688
vn -0.605781 0.000000 -0.795594
vn -0.242563 0.000000 -0.970125
vn -0.229469 0.000000 -0.973281
vn -0.207875 0.000000 -0.978125
vn -0.178375 0.000000 -0.983938
vn -0.142281 0.000000 -0.989812
vn -0.058125 0.000000 -0.998281
vn -0.100469 0.000000 -0.994937
vn -0.051906 0.000000 -0.998625
vn -0.002281 0.000000 -0.999969
vn 0.047344 0.000000 -0.998875
vn 0.173625 0.000000 -0.984781
vn 0.095906 0.000000 -0.995375
vn 0.137750 0.000000 -0.990438
vn 0.173875 0.000000 -0.984750
vn 0.203406 0.000000 -0.979062
vn 0.225031 0.000000 -0.974344
vn 0.238125 0.000000 -0.971219
vn 0.396062 0.000000 -0.918187
vn 0.242500 0.000000 -0.970125
vn 0.300438 0.000000 -0.953781
vn 0.235437 0.000000 -0.971875
vn 0.214375 0.000000 -0.976750
vn 0.179969 0.000000 -0.983656
vn 0.134531 0.000000 -0.990906
vn 0.457656 0.000000 -0.889125
vn 0.510531 0.000000 -0.859812
vn 0.514469 0.000000 -0.857500
vn 0.564344 0.000000 -0.825500
vn 0.601625 0.000000 -0.798750
vn 0.535125 0.000000 -0.844750
vn 0.516781 0.000000 -0.856094
vn 0.525969 0.000000 -0.850469
vn 0.544750 0.000000 -0.838562
vn 0.597156 0.000000 -0.802094
vn 0.569781 0.000000 -0.821781
vn 0.599531 0.000000 -0.800313
vn 0.632781 0.000000 -0.774281
vn 0.669813 0.000000 -0.742500
vn 0.705938 0.000000 -0.708250
vn 0.766031 0.000000 -0.642781
vn 0.740313 0.000000 -0.672219
vn 0.772250 0.000000 -0.635312
vn 0.798375 0.000000 -0.602125
vn 0.819906 0.000000 -0.572438
vn 0.836812 0.000000 -0.547469
vn 0.893625 0.000000 -0.448781
vn 0.848750 0.000000 -0.528719
vn 0.855812 0.000000 -0.517219
vn 0.858156 0.000000 -0.513313
vn 0.887563 0.000000 -0.460656
vn 0.952719 0.000000 -0.303781
vn 0.854406 0.000000 -0.519562
vn 0.843000 0.000000 -0.537844
vn 0.823687 0.000000 -0.567031
vn 0.796781 0.000000 -0.604219
vn 0.983031 0.000000 -0.183406
vn 0.990406 0.000000 -0.138156
vn 0.976000 0.000000 -0.217656
vn 0.971094 0.000000 -0.238594
vn 0.969344 0.000000 -0.245656
vn 0.973031 0.000000 -0.230594
vn 0.970438 0.000000 -0.241250
vn 0.973625 0.000000 -0.228094
vn 0.978437 0.000000 -0.206406
vn 0.984250 0.000000 -0.176750
vn 0.990062 0.000000 -0.140500
vn 0.995125 0.000000 -0.098531
vn 1.000000 0.000000 0.000000
vn 0.998750 0.000000 -0.049781
vn 0.998750 0.000000 0.049781
vn 0.995125 0.000000 0.098531
vn 0.973031 0.000000 0.230594
vn 0.990062 0.000000 0.140500
vn 0.984250 0.000000 0.176750
vn 0.978437 0.000000 0.206406
vn 0.973625 0.000000 0.228094
vn 0.970438 0.000000 0.241250
vn 0.969344 0.000000 0.245656
vn 0.952719 0.000000 0.303781
vn 0.971094 0.000000 0.238594
vn 0.976000 0.000000 0.217656
vn 0.983031 0.000000 0.183406
vn 0.990406 0.000000 0.138156
vn -0.789969 0.000000 0.613125
vn -0.894625 -0.229563 0.383312
vn -0.920875 0.000000 0.389812
vn -0.764000 -0.254312 0.592969
vn -0.606125 0.000000 0.795344
vn -0.586187 -0.254312 0.769188
vn -0.381687 0.000000 0.924281
vn -0.369125 -0.254312 0.893875
vn -0.131688 0.000000 0.991281
vn -0.127344 -0.254312 0.958687
vn 0.127125 0.000000 0.991875
vn 0.122969 -0.254312 0.959250
vn 0.377469 0.000000 0.926000
vn 0.365031 -0.254312 0.895563
vn 0.602469 0.000000 0.798094
vn 0.582687 -0.254312 0.771844
vn 0.787156 0.000000 0.616719
vn 0.761281 -0.254312 0.596438
vn 0.892844 -0.229563 0.387375
vn 0.813438 -0.449813 0.368719
vn 0.685313 -0.491937 0.536937
vn 0.684219 -0.644000 0.342125
vn 0.564281 -0.697187 0.442125
vn 0.513531 -0.798469 0.314125
vn 0.406156 -0.856594 0.318219
vn 0.397250 -0.867125 0.300375
vn 0.270031 -0.917906 0.290625
vn 0.310875 -0.856594 0.411813
vn 0.133656 -0.949469 0.283969
vn 0.194750 -0.856594 0.477781
vn 0.065594 -0.856594 0.511781
vn 0.270594 -0.697187 0.663844
vn 0.091125 -0.697187 0.711031
vn 0.328625 -0.491937 0.806219
vn 0.110688 -0.491937 0.863531
vn -0.815094 -0.449813 0.365000
vn -0.687750 -0.491937 0.533781
vn -0.527719 -0.491937 0.692438
vn -0.332312 -0.491937 0.804688
vn -0.114625 -0.491937 0.863031
vn -0.685781 -0.644000 0.338969
vn -0.566312 -0.697187 0.439531
vn -0.434500 -0.697187 0.570156
vn -0.273625 -0.697187 0.662594
vn -0.094375 -0.697187 0.710625
vn -0.514969 -0.798469 0.311781
vn -0.407594 -0.856594 0.316344
vn -0.312750 -0.856594 0.410375
vn -0.196938 -0.856594 0.476906
vn -0.067938 -0.856594 0.511469
vn -0.398594 -0.867125 0.298562
vn -0.271375 -0.917906 0.289406
vn -0.134969 -0.949469 0.283344
vn -0.000625 -0.959656 0.281125
vn 0.919062 0.000000 0.394031
vn 0.524531 -0.491937 0.694844
vn 0.431906 -0.697187 0.572125
vn 0.902906 0.180812 0.389906
vn 0.761125 0.255031 0.596313
vn 0.582563 0.255031 0.771719
vn 0.364969 0.255031 0.895375
vn 0.122938 0.255031 0.959063
vn -0.127312 0.255031 0.958500
vn -0.369063 0.255031 0.893687
vn -0.586094 0.255031 0.769031
vn -0.763844 0.255031 0.592844
vn -0.904688 0.180812 0.385750
vn -0.855375 0.358312 0.374031
vn -0.687187 0.493219 0.533344
vn -0.773844 0.523687 0.356187
vn -0.662844 0.669688 0.334844
vn -0.565094 0.698750 0.438594
vn -0.527062 0.789875 0.313437
vn -0.405594 0.858094 0.314813
vn -0.369844 0.881000 0.294969
vn -0.311219 0.858094 0.408375
vn -0.187250 0.941000 0.281844
vn -0.195969 0.858094 0.474562
vn -0.067594 0.858094 0.508969
vn -0.273031 0.698750 0.661156
vn -0.094187 0.698750 0.709094
vn -0.332031 0.493219 0.804031
vn -0.114531 0.493219 0.862312
vn 0.853656 0.358312 0.377937
vn 0.684750 0.493219 0.536500
vn 0.524094 0.493219 0.694281
vn 0.328344 0.493219 0.805531
vn 0.110594 0.493219 0.862813
vn 0.772219 0.523687 0.359719
vn 0.661281 0.669688 0.337875
vn 0.563062 0.698750 0.441156
vn 0.525625 0.789875 0.315844
vn 0.404156 0.858094 0.316656
vn 0.368500 0.881000 0.296656
vn 0.309344 0.858094 0.409781
vn 0.185969 0.940969 0.282719
vn 0.193813 0.858094 0.475469
vn -0.000625 0.960688 0.277594
vn 0.065281 0.858094 0.509281
vn 0.430969 0.698781 0.570906
vn 0.270000 0.698750 0.662406
vn 0.090938 0.698750 0.709500
vn -0.527281 0.493219 0.691875
vn -0.433594 0.698750 0.568937
vn -0.992813 0.000000 -0.119438
vn -0.906187 -0.229750 -0.354937
vn -0.929438 0.000000 -0.368937
vn -0.960500 -0.253031 -0.115531
vn -0.990406 0.000000 0.137969
vn -0.958188 -0.253031 0.133469
vn -0.922375 0.000000 0.386250
vn -0.892375 -0.253031 0.373656
vn -0.793219 0.000000 0.608906
vn -0.767406 -0.253031 0.589094
vn -0.611469 0.000000 0.791250
vn -0.591563 -0.253031 0.765500
vn -0.389219 0.000000 0.921125
vn -0.376531 -0.253031 0.891156
vn -0.141156 0.000000 0.989969
vn -0.136562 -0.253031 0.957750
vn 0.116219 0.000000 0.993219
vn 0.112438 -0.253031 0.960875
vn 0.352000 -0.229750 0.907344
vn 0.308812 -0.450156 0.837812
vn 0.101344 -0.489594 0.866031
vn 0.235906 -0.644313 0.727437
vn 0.083625 -0.694281 0.714781
vn 0.134500 -0.798469 0.586781
vn 0.060500 -0.853813 0.517031
vn 0.062406 -0.866281 0.495594
vn -0.020219 -0.916500 0.399500
vn -0.073469 -0.853813 0.515344
vn -0.111313 -0.947656 0.299188
vn -0.202594 -0.853781 0.479500
vn -0.318312 -0.853781 0.411906
vn -0.280094 -0.694281 0.662906
vn -0.440062 -0.694281 0.569438
vn -0.339375 -0.489594 0.803156
vn -0.533156 -0.489594 0.689906
vn -0.836812 -0.450156 -0.311500
vn -0.865687 -0.489594 -0.104125
vn -0.863594 -0.489594 0.120281
vn -0.804250 -0.489594 0.336781
vn -0.691625 -0.489594 0.530937
vn -0.726687 -0.644313 -0.238250
vn -0.714531 -0.694281 -0.085938
vn -0.712781 -0.694281 0.099281
vn -0.663813 -0.694281 0.277969
vn -0.570844 -0.694281 0.438219
vn -0.586344 -0.798469 -0.136406
vn -0.516844 -0.853813 -0.062156
vn -0.515594 -0.853781 0.071813
vn -0.480156 -0.853813 0.201063
vn -0.412906 -0.853813 0.317000
vn -0.495406 -0.866281 -0.064000
vn -0.399563 -0.916500 0.018906
vn -0.299531 -0.947656 0.110344
vn -0.203656 -0.957750 0.203000
vn 0.365938 0.000000 0.930625
vn -0.123094 -0.489594 0.863187
vn -0.101594 -0.694281 0.712469
vn 0.357437 0.180406 0.916344
vn 0.112406 0.253719 0.960719
vn -0.136531 0.253719 0.957563
vn -0.376469 0.253719 0.890969
vn -0.591469 0.253719 0.765344
vn -0.767250 0.253719 0.589000
vn -0.892187 0.253719 0.373594
vn -0.958000 0.253719 0.133437
vn -0.960344 0.253719 -0.115500
vn -0.915187 0.180406 -0.360375
vn -0.872156 0.357469 -0.333906
vn -0.865000 0.490844 -0.104031
vn -0.802125 0.522531 -0.289031
vn -0.708812 0.668219 -0.225812
vn -0.713031 0.695844 -0.085750
vn -0.598000 0.788219 -0.145219
vn -0.514406 0.855281 -0.061875
vn -0.474063 0.879188 -0.047438
vn -0.513156 0.855281 0.071469
vn -0.335969 0.939094 0.072000
vn -0.477906 0.855281 0.200094
vn -0.410969 0.855281 0.315469
vn -0.662437 0.695844 0.277375
vn -0.569656 0.695844 0.437313
vn -0.803594 0.490844 0.336500
vn -0.691063 0.490844 0.530500
vn 0.331062 0.357500 0.873250
vn 0.101250 0.490844 0.865313
vn -0.123000 0.490844 0.862500
vn -0.339094 0.490844 0.802531
vn -0.532750 0.490844 0.689344
vn 0.286438 0.522531 0.803031
vn 0.223531 0.668219 0.709531
vn 0.083469 0.695844 0.713281
vn 0.143281 0.788219 0.598469
vn 0.060219 0.855281 0.514594
vn 0.045906 0.879188 0.474219
vn -0.073125 0.855281 0.512906
vn -0.073063 0.939094 0.335719
vn -0.201656 0.855281 0.477250
vn -0.201219 0.958781 0.200563
vn -0.316812 0.855281 0.409938
vn -0.101375 0.695844 0.710969
vn -0.279531 0.695844 0.661531
vn -0.439156 0.695844 0.568250
vn -0.862906 0.490844 0.120187
vn -0.711281 0.695844 0.099063
vn -0.620469 0.000000 -0.784219
vn -0.393656 -0.229844 -0.890031
vn -0.400250 0.000000 -0.916375
vn -0.600344 -0.252500 -0.758812
vn -0.799750 0.000000 -0.600281
vn -0.773844 -0.252500 -0.580844
vn -0.926281 0.000000 -0.376781
vn -0.896250 -0.252500 -0.364563
vn -0.991719 0.000000 -0.128406
vn -0.959562 -0.252469 -0.124250
vn -0.991719 0.000000 0.128406
vn -0.959562 -0.252469 0.124250
vn -0.926281 0.000000 0.376781
vn -0.896250 -0.252500 0.364563
vn -0.799750 0.000000 0.600281
vn -0.773844 -0.252500 0.580844
vn -0.620469 0.000000 0.784219
vn -0.600344 -0.252500 0.758812
vn -0.393656 -0.229844 0.890031
vn -0.375187 -0.450281 0.810219
vn -0.541344 -0.488625 0.684219
vn -0.348906 -0.644437 0.680375
vn -0.447250 -0.693094 0.565281
vn -0.321438 -0.798469 0.508969
vn -0.324156 -0.852625 0.409719
vn -0.308219 -0.865937 0.393844
vn -0.298969 -0.915906 0.267781
vn -0.417844 -0.852625 0.313625
vn -0.292719 -0.946906 0.132844
vn -0.483969 -0.852625 0.196844
vn -0.518125 -0.852625 0.067094
vn -0.667687 -0.693094 0.271594
vn -0.714844 -0.693094 0.092562
vn -0.808156 -0.488625 0.328750
vn -0.865250 -0.488625 0.112031
vn -0.375187 -0.450281 -0.810219
vn -0.541344 -0.488625 -0.684219
vn -0.697781 -0.488625 -0.523750
vn -0.808156 -0.488625 -0.328750
vn -0.865250 -0.488625 -0.112031
vn -0.348906 -0.644437 -0.680375
vn -0.447250 -0.693094 -0.565281
vn -0.576500 -0.693094 -0.432719
vn -0.667687 -0.693094 -0.271594
vn -0.714844 -0.693094 -0.092562
vn -0.321438 -0.798469 -0.508969
vn -0.324156 -0.852625 -0.409719
vn -0.417844 -0.852625 -0.313625
vn -0.483969 -0.852625 -0.196844
vn -0.518125 -0.852625 -0.067094
vn -0.308219 -0.865937 -0.393844
vn -0.298969 -0.915906 -0.267781
vn -0.292719 -0.946906 -0.132844
vn -0.290250 -0.956937 0.000000
vn -0.400250 0.000000 0.916375
vn -0.697781 -0.488625 0.523750
vn -0.576500 -0.693094 0.432719
vn -0.396188 0.180219 0.900281
vn -0.600250 0.253188 0.758656
vn -0.773687 0.253188 0.580719
vn -0.896094 0.253188 0.364500
vn -0.959375 0.253188 0.124219
vn -0.959375 0.253188 -0.124219
vn -0.896094 0.253188 -0.364500
vn -0.773687 0.253188 -0.580719
vn -0.600250 0.253188 -0.758656
vn -0.396188 0.180219 -0.900281
vn -0.384438 0.357156 -0.851250
vn -0.540906 0.489875 -0.683656
vn -0.366562 0.522031 -0.770094
vn -0.345156 0.667625 -0.659625
vn -0.446312 0.694625 -0.564125
vn -0.323594 0.787500 -0.524469
vn -0.322656 0.854125 -0.407813
vn -0.304906 0.878438 -0.367875
vn -0.415906 0.854125 -0.312187
vn -0.291469 0.938312 -0.185969
vn -0.481687 0.854125 -0.195937
vn -0.515719 0.854125 -0.066750
vn -0.666313 0.694625 -0.271031
vn -0.713375 0.694625 -0.092375
vn -0.807531 0.489875 -0.328469
vn -0.864563 0.489875 -0.111938
vn -0.384438 0.357156 0.851250
vn -0.540906 0.489875 0.683656
vn -0.697219 0.489875 0.523344
vn -0.807531 0.489875 0.328469
vn -0.864563 0.489875 0.111938
vn -0.366562 0.522031 0.770094
vn -0.345156 0.667625 0.659625
vn -0.446312 0.694625 0.564125
vn -0.323594 0.787500 0.524469
vn -0.322656 0.854125 0.407813
vn -0.304906 0.878438 0.367875
vn -0.415906 0.854125 0.312187
vn -0.291469 0.938312 0.185969
vn -0.481687 0.854125 0.195937
vn -0.286813 0.957969 0.000000
vn -0.515719 0.854125 0.066750
vn -0.575312 0.694625 0.431812
vn -0.666313 0.694625 0.271031
vn -0.713375 0.694625 0.092375
vn -0.697219 0.489875 -0.523344
vn -0.575312 0.694625 -0.431812
vn 0.116219 0.000000 -0.993219
vn 0.352000 -0.229750 -0.907344
vn 0.365938 0.000000 -0.930625
vn 0.112438 -0.253031 -0.960875
vn -0.141156 0.000000 -0.989969
vn -0.136562 -0.253031 -0.957750
vn -0.389219 0.000000 -0.921125
vn -0.376531 -0.253031 -0.891156
vn -0.611469 0.000000 -0.791250
vn -0.591563 -0.253031 -0.765500
vn -0.793219 0.000000 -0.608906
vn -0.767406 -0.253031 -0.589094
vn -0.922375 0.000000 -0.386250
vn -0.892375 -0.253031 -0.373656
vn -0.990406 0.000000 -0.137969
vn -0.958188 -0.253031 -0.133469
vn -0.992813 0.000000 0.119438
vn -0.960500 -0.253031 0.115531
vn -0.906187 -0.229750 0.354937
vn -0.836812 -0.450156 0.311500
vn -0.865687 -0.489594 0.104125
vn -0.726687 -0.644313 0.238250
vn -0.714531 -0.694281 0.085938
vn -0.586344 -0.798469 0.136406
vn -0.516844 -0.853813 0.062156
vn -0.495406 -0.866281 0.064000
vn -0.399563 -0.916500 -0.018906
vn -0.515594 -0.853781 -0.071813
vn -0.299531 -0.947656 -0.110344
vn -0.480156 -0.853813 -0.201063
vn -0.412906 -0.853813 -0.317000
vn -0.663813 -0.694281 -0.277969
vn -0.570844 -0.694281 -0.438219
vn -0.804250 -0.489594 -0.336781
vn -0.691625 -0.489594 -0.530937
vn 0.308812 -0.450156 -0.837812
vn 0.101344 -0.489594 -0.866031
vn -0.123094 -0.489594 -0.863187
vn -0.339375 -0.489594 -0.803156
vn -0.533156 -0.489594 -0.689906
vn 0.235906 -0.644313 -0.727437
vn 0.083625 -0.694281 -0.714781
vn -0.101594 -0.694281 -0.712469
vn -0.280094 -0.694281 -0.662906
vn -0.440062 -0.694281 -0.569438
vn 0.134500 -0.798469 -0.586781
vn 0.060500 -0.853813 -0.517031
vn -0.073469 -0.853813 -0.515344
vn -0.202594 -0.853781 -0.479500
vn -0.318312 -0.853781 -0.411906
vn 0.062406 -0.866281 -0.495594
vn -0.020219 -0.916500 -0.399500
vn -0.111313 -0.947656 -0.299188
vn -0.203656 -0.957750 -0.203000
vn -0.929438 0.000000 0.368937
vn -0.863594 -0.489594 -0.120281
vn -0.712781 -0.694281 -0.099281
vn -0.915187 0.180406 0.360375
vn -0.960344 0.253719 0.115500
vn -0.958000 0.253719 -0.133437
vn -0.892187 0.253719 -0.373594
vn -0.767250 0.253719 -0.589000
vn -0.591469 0.253719 -0.765344
vn -0.376469 0.253719 -0.890969
vn -0.136531 0.253719 -0.957563
vn 0.112406 0.253719 -0.960719
vn 0.357437 0.180406 -0.916344
vn 0.331062 0.357500 -0.873250
vn 0.101250 0.490844 -0.865313
vn 0.286438 0.522531 -0.803031
vn 0.223531 0.668219 -0.709531
vn 0.083469 0.695844 -0.713281
vn 0.143281 0.788219 -0.598469
vn 0.060219 0.855281 -0.514594
vn 0.045906 0.879188 -0.474219
vn -0.073125 0.855281 -0.512906
vn -0.073063 0.939094 -0.335719
vn -0.201656 0.855281 -0.477250
vn -0.316812 0.855281 -0.409938
vn -0.279531 0.695844 -0.661531
vn -0.439156 0.695844 -0.568250
vn -0.339094 0.490844 -0.802531
vn -0.532750 0.490844 -0.689344
vn -0.872156 0.357469 0.333906
vn -0.865000 0.490844 0.104031
vn -0.862906 0.490844 -0.120187
vn -0.803594 0.490844 -0.336500
vn -0.691063 0.490844 -0.530500
vn -0.802125 0.522531 0.289031
vn -0.708812 0.668219 0.225812
vn -0.713031 0.695844 0.085750
vn -0.598000 0.788219 0.145219
vn -0.514406 0.855281 0.061875
vn -0.474063 0.879188 0.047438
vn -0.513156 0.855281 -0.071469
vn -0.335969 0.939094 -0.072000
vn -0.477906 0.855281 -0.200094
vn -0.201219 0.958781 -0.200563
vn -0.410969 0.855281 -0.315469
vn -0.711281 0.695844 -0.099063
vn -0.662437 0.695844 -0.277375
vn -0.569656 0.695844 -0.437313
vn -0.123000 0.490844 -0.862500
vn -0.101375 0.695844 -0.710969
vn 0.787156 0.000000 -0.616719
vn 0.892844 -0.229563 -0.387375
vn 0.919062 0.000000 -0.394031
vn 0.761281 -0.254312 -0.596438
vn 0.602469 0.000000 -0.798094
vn 0.582687 -0.254312 -0.771844
vn 0.377469 0.000000 -0.926000
vn 0.365031 -0.254312 -0.895563
vn 0.127125 0.000000 -0.991875
vn 0.122969 -0.254312 -0.959250
vn -0.131688 0.000000 -0.991281
vn -0.127344 -0.254312 -0.958687
vn -0.381687 0.000000 -0.924281
vn -0.369125 -0.254312 -0.893875
vn -0.606125 0.000000 -0.795344
vn -0.586187 -0.254312 -0.769188
vn -0.789969 0.000000 -0.613125
vn -0.764000 -0.254312 -0.592969
vn -0.894625 -0.229563 -0.383312
vn -0.815094 -0.449813 -0.365000
vn -0.687750 -0.491937 -0.533781
vn -0.685781 -0.644000 -0.338969
vn -0.566312 -0.697187 -0.439531
vn -0.514969 -0.798469 -0.311781
vn -0.407594 -0.856594 -0.316344
vn -0.398594 -0.867125 -0.298562
vn -0.271375 -0.917906 -0.289406
vn -0.312750 -0.856594 -0.410375
vn -0.134969 -0.949469 -0.283344
vn -0.196938 -0.856594 -0.476906
vn -0.067938 -0.856594 -0.511469
vn -0.273625 -0.697187 -0.662594
vn -0.094375 -0.697187 -0.710625
vn -0.332312 -0.491937 -0.804688
vn -0.114625 -0.491937 -0.863031
vn 0.813438 -0.449813 -0.368719
vn 0.685313 -0.491937 -0.536937
vn 0.524531 -0.491937 -0.694844
vn 0.328625 -0.491937 -0.806219
vn 0.110688 -0.491937 -0.863531
vn 0.684219 -0.644000 -0.342125
vn 0.564281 -0.697187 -0.442125
vn 0.431906 -0.697187 -0.572125
vn 0.270594 -0.697187 -0.663844
vn 0.091125 -0.697187 -0.711031
vn 0.513531 -0.798469 -0.314125
vn 0.406156 -0.856594 -0.318219
vn 0.310875 -0.856594 -0.411813
vn 0.194750 -0.856594 -0.477781
vn 0.065594 -0.856594 -0.511781
vn 0.397250 -0.867125 -0.300375
vn 0.270031 -0.917906 -0.290625
vn 0.133656 -0.949469 -0.283969
vn -0.000625 -0.959656 -0.281125
vn -0.920875 0.000000 -0.389812
vn -0.527719 -0.491937 -0.692438
vn -0.434500 -0.697187 -0.570156
vn -0.904688 0.180812 -0.385750
vn -0.763844 0.255031 -0.592844
vn -0.586094 0.255031 -0.769031
vn -0.369063 0.255031 -0.893687
vn -0.127312 0.255031 -0.958500
vn 0.122938 0.255031 -0.959063
vn 0.364969 0.255031 -0.895375
vn 0.582563 0.255031 -0.771719
vn 0.761125 0.255031 -0.596313
vn 0.902906 0.180812 -0.389906
vn 0.853656 0.358312 -0.377937
vn 0.684750 0.493219 -0.536500
vn 0.772219 0.523687 -0.359719
vn 0.661281 0.669688 -0.337875
vn 0.563062 0.698750 -0.441156
vn 0.525625 0.789875 -0.315844
vn 0.404156 0.858094 -0.316656
vn 0.368500 0.881000 -0.296656
vn 0.309344 0.858094 -0.409781
vn 0.185969 0.940969 -0.282719
vn 0.193813 0.858094 -0.475469
vn 0.065281 0.858094 -0.509281
vn 0.270000 0.698750 -0.662406
vn 0.090938 0.698750 -0.709500
vn 0.328344 0.493219 -0.805531
vn 0.110594 0.493219 -0.862813
vn -0.855375 0.358312 -0.374031
vn -0.687187 0.493219 -0.533344
vn -0.527281 0.493219 -0.691875
vn -0.332031 0.493219 -0.804031
vn -0.114531 0.493219 -0.862312
vn -0.773844 0.523687 -0.356187
vn -0.662844 0.669688 -0.334844
vn -0.565094 0.698750 -0.438594
vn -0.527062 0.789875 -0.313437
vn -0.405594 0.858094 -0.314813
vn -0.369844 0.881000 -0.294969
vn -0.311219 0.858094 -0.408375
vn -0.187250 0.941000 -0.281844
vn -0.195969 0.858094 -0.474562
vn -0.000625 0.960688 -0.277594
vn -0.067594 0.858094 -0.508969
vn -0.433594 0.698750 -0.568937
vn -0.273031 0.698750 -0.661156
vn -0.094187 0.698750 -0.709094
vn 0.524094 0.493219 -0.694281
vn 0.430969 0.698781 -0.570906
vn 0.992000 0.000000 0.126094
vn 0.902687 -0.229375 0.364000
vn 0.925875 0.000000 0.377813
vn 0.959031 -0.255625 0.121906
vn 0.990937 0.000000 -0.134125
vn 0.958031 -0.255625 -0.129656
vn 0.922781 0.000000 -0.385281
vn 0.892125 -0.255625 -0.372500
vn 0.792094 0.000000 -0.610344
vn 0.765781 -0.255625 -0.590062
vn 0.607781 0.000000 -0.794062
vn 0.587594 -0.255625 -0.767687
vn 0.382281 0.000000 -0.924031
vn 0.369594 -0.255625 -0.893313
vn 0.130906 0.000000 -0.991375
vn 0.126563 -0.255625 -0.958438
vn -0.129313 0.000000 -0.991594
vn -0.125000 -0.255625 -0.958625
vn -0.366937 -0.229375 -0.901500
vn -0.323844 -0.449500 -0.832469
vn -0.112406 -0.494250 -0.862000
vn -0.251156 -0.643719 -0.722812
vn -0.092344 -0.700063 -0.708063
vn -0.150094 -0.798469 -0.582969
vn -0.066125 -0.859344 -0.507062
vn -0.076781 -0.867969 -0.490594
vn 0.007094 -0.919312 -0.393438
vn 0.066937 -0.859344 -0.506969
vn 0.099844 -0.951187 -0.291906
vn 0.195469 -0.859344 -0.472500
vn 0.310781 -0.859344 -0.406063
vn 0.272969 -0.700063 -0.659813
vn 0.434000 -0.700063 -0.567000
vn 0.332312 -0.494250 -0.803250
vn 0.528344 -0.494250 -0.690281
vn 0.833500 -0.449500 0.321156
vn 0.862344 -0.494250 0.109625
vn 0.861437 -0.494250 -0.116594
vn 0.802156 -0.494250 -0.334938
vn 0.688563 -0.494281 -0.530563
vn 0.723625 -0.643750 0.248812
vn 0.708344 -0.700063 0.090031
vn 0.707594 -0.700063 -0.095750
vn 0.658906 -0.700063 -0.275125
vn 0.565625 -0.700063 -0.435813
vn 0.583469 -0.798469 0.148219
vn 0.507281 -0.859344 0.064469
vn 0.506750 -0.859344 -0.068563
vn 0.471875 -0.859344 -0.197000
vn 0.405062 -0.859344 -0.312125
vn 0.490844 -0.867969 0.075187
vn 0.393406 -0.919312 -0.008375
vn 0.291562 -0.951219 -0.100781
vn 0.193906 -0.961500 -0.194531
vn -0.380812 0.000000 -0.924625
vn 0.113781 -0.494250 -0.861812
vn 0.093469 -0.700063 -0.707906
vn -0.372219 0.181250 -0.910250
vn -0.125000 0.256344 -0.958438
vn 0.126531 0.256344 -0.958250
vn 0.369500 0.256344 -0.893156
vn 0.587469 0.256344 -0.767531
vn 0.765625 0.256344 -0.589938
vn 0.891937 0.256344 -0.372406
vn 0.957844 0.256344 -0.129625
vn 0.958844 0.256344 0.121875
vn 0.911469 0.181250 0.369250
vn 0.868031 0.359125 0.342781
vn 0.861625 0.495562 0.109531
vn 0.797312 0.524844 0.297938
vn 0.703188 0.671094 0.234750
vn 0.706781 0.701656 0.089844
vn 0.591375 0.791500 0.154125
vn 0.504719 0.860875 0.064156
vn 0.466406 0.882750 0.056281
vn 0.504188 0.860875 -0.068250
vn 0.327188 0.942813 -0.063250
vn 0.469500 0.860875 -0.196031
vn 0.403000 0.860875 -0.310531
vn 0.657469 0.701656 -0.274500
vn 0.564344 0.701688 -0.434875
vn 0.801500 0.495562 -0.334625
vn 0.688000 0.495562 -0.530125
vn -0.345594 0.359125 -0.866906
vn -0.112313 0.495562 -0.861250
vn 0.113719 0.495562 -0.861063
vn 0.332031 0.495562 -0.802562
vn 0.527906 0.495562 -0.689719
vn -0.300531 0.524844 -0.796344
vn -0.237000 0.671094 -0.702406
vn -0.092125 0.701688 -0.706469
vn -0.156062 0.791500 -0.590875
vn -0.065781 0.860875 -0.504500
vn -0.057781 0.882750 -0.466219
vn 0.066594 0.860875 -0.504406
vn 0.062188 0.942813 -0.327375
vn 0.194500 0.860875 -0.470125
vn 0.191375 0.962531 -0.192000
vn 0.309219 0.860875 -0.404000
vn 0.093250 0.701688 -0.706344
vn 0.272375 0.701688 -0.658344
vn 0.433031 0.701656 -0.565750
vn 0.860687 0.495562 -0.116500
vn 0.706031 0.701656 -0.095563
vn 0.609344 0.000000 -0.792875
vn 0.379438 0.181406 -0.907219
vn 0.383563 0.000000 -0.923500
vn 0.588906 0.256875 -0.766250
vn 0.793656 0.000000 -0.608312
vn 0.767031 0.256875 -0.587906
vn 0.924000 0.000000 -0.382375
vn 0.892969 0.256875 -0.369531
vn 0.991437 0.000000 -0.130406
vn 0.958156 0.256875 -0.126031
vn 0.991437 0.000000 0.130406
vn 0.958156 0.256875 0.126031
vn 0.924000 0.000000 0.382375
vn 0.892969 0.256875 0.369531
vn 0.793656 0.000000 0.608312
vn 0.767031 0.256875 0.587906
vn 0.609344 0.000000 0.792875
vn 0.588906 0.256875 0.766250
vn 0.379438 0.181406 0.907219
vn 0.367500 0.359437 0.857719
vn 0.528906 0.496531 0.688219
vn 0.349313 0.525312 0.775875
vn 0.327563 0.671687 0.664437
vn 0.433437 0.702875 0.563969
vn 0.305687 0.792156 0.528219
vn 0.308844 0.862000 0.401875
vn 0.286719 0.883469 0.370438
vn 0.402281 0.862031 0.308313
vn 0.273062 0.943563 0.187219
vn 0.468313 0.862000 0.193781
vn 0.502500 0.862000 0.066094
vn 0.657219 0.702875 0.271969
vn 0.705219 0.702875 0.092750
vn 0.802031 0.496531 0.331906
vn 0.860563 0.496531 0.113187
vn 0.367500 0.359437 -0.857719
vn 0.528906 0.496531 -0.688219
vn 0.688906 0.496531 -0.528000
vn 0.802031 0.496531 -0.331906
vn 0.860563 0.496531 -0.113187
vn 0.349313 0.525312 -0.775875
vn 0.327563 0.671687 -0.664437
vn 0.433437 0.702875 -0.563969
vn 0.305687 0.792156 -0.528219
vn 0.308844 0.862000 -0.401875
vn 0.286719 0.883469 -0.370438
vn 0.402281 0.862031 -0.308313
vn 0.273062 0.943563 -0.187219
vn 0.468313 0.862000 -0.193781
vn 0.268375 0.963313 0.000000
vn 0.502500 0.862000 -0.066094
vn 0.383563 0.000000 0.923500
vn 0.564531 0.702875 -0.432687
vn 0.657219 0.702875 -0.271969
vn 0.705219 0.702875 -0.092750
vn 0.688906 0.496531 0.528000
vn 0.564531 0.702875 0.432687
vn 0.377000 -0.229281 0.897344
vn 0.589031 -0.256156 0.766406
vn 0.767187 -0.256156 0.588000
vn 0.893156 -0.256156 0.369594
vn 0.958375 -0.256156 0.126062
vn 0.958375 -0.256156 -0.126062
vn 0.893156 -0.256156 -0.369594
vn 0.767187 -0.256156 -0.588000
vn 0.589031 -0.256156 -0.766406
vn 0.377000 -0.229281 -0.897344
vn 0.358500 -0.449375 -0.818219
vn 0.529375 -0.495219 -0.688812
vn 0.332156 -0.643625 -0.689469
vn 0.434406 -0.701250 -0.565219
vn 0.304437 -0.798469 -0.519344
vn 0.310438 -0.860469 -0.403937
vn 0.290656 -0.868312 -0.401875
vn 0.281031 -0.919875 -0.273531
vn 0.404344 -0.860469 -0.309906
vn 0.274563 -0.951906 -0.135750
vn 0.470750 -0.860469 -0.194781
vn 0.505094 -0.860469 -0.066437
vn 0.658719 -0.701250 -0.272594
vn 0.706781 -0.701250 -0.092969
vn 0.802719 -0.495219 -0.332188
vn 0.861313 -0.495219 -0.113281
vn 0.358500 -0.449375 0.818219
vn 0.529375 -0.495219 0.688812
vn 0.689500 -0.495219 0.528469
vn 0.802719 -0.495219 0.332188
vn 0.861313 -0.495219 0.113281
vn 0.332156 -0.643625 0.689469
vn 0.434406 -0.701250 0.565219
vn 0.565813 -0.701250 0.433656
vn 0.658719 -0.701250 0.272594
vn 0.706781 -0.701250 0.092969
vn 0.304437 -0.798469 0.519344
vn 0.310438 -0.860469 0.403937
vn 0.404344 -0.860469 0.309906
vn 0.470750 -0.860469 0.194781
vn 0.505094 -0.860469 0.066437
vn 0.290656 -0.868312 0.401875
vn 0.281031 -0.919875 0.273531
vn 0.274563 -0.951906 0.135750
vn 0.272000 -0.962281 0.000000
vn 0.689500 -0.495219 -0.528469
vn 0.565813 -0.701250 -0.433656
vn -0.005937 -0.999969 0.000000
vn -0.005750 -0.999969 0.001406
vn -0.005750 -0.999969 -0.001406
vn -0.005719 -0.999969 -0.001531
vn -0.005250 -0.999969 -0.002750
vn -0.005125 -0.999969 -0.002969
vn -0.004438 -0.999969 -0.003938
vn -0.004188 -0.999969 -0.004188
vn -0.003375 -0.999969 -0.004875
vn -0.002969 -0.999969 -0.005125
vn -0.002094 -0.999969 -0.005531
vn -0.001531 -0.999969 -0.005719
vn -0.000719 -0.999969 -0.005875
vn 0.000000 -0.999969 -0.005937
vn 0.000719 -0.999969 -0.005875
vn 0.001531 -0.999969 -0.005719
vn 0.002094 -0.999969 -0.005531
vn 0.002969 -0.999969 -0.005125
vn 0.003375 -0.999969 -0.004875
vn 0.004188 -0.999969 -0.004188
vn 0.004438 -0.999969 -0.003938
vn 0.005125 -0.999969 -0.002969
vn 0.005250 -0.999969 -0.002750
vn 0.005719 -0.999969 -0.001531
vn 0.005750 -0.999969 -0.001406
vn 0.005937 -0.999969 0.000000
vn 0.005750 -0.999969 0.001406
vn 0.005719 -0.999969 0.001531
vn 0.005250 -0.999969 0.002750
vn 0.005125 -0.999969 0.002969
vn 0.004438 -0.999969 0.003938
vn 0.004188 -0.999969 0.004188
vn 0.003375 -0.999969 0.004875
vn 0.002969 -0.999969 0.005125
vn 0.002094 -0.999969 0.005531
vn 0.001531 -0.999969 0.005719
vn 0.000719 -0.999969 0.005875
vn 0.000000 -0.999969 0.005937
vn -0.000719 -0.999969 0.005875
vn -0.001531 -0.999969 0.005719
vn -0.002094 -0.999969 0.005531
vn -0.002969 -0.999969 0.005125
vn -0.003375 -0.999969 0.004875
vn -0.004188 -0.999969 0.004188
vn -0.004438 -0.999969 0.003938
vn -0.005125 -0.999969 0.002969
vn -0.005250 -0.999969 0.002750
vn -0.005719 -0.999969 0.001531
vn 0.000000 -1.000000 0.000000
vn 0.626188 0.225625 0.746281
vn 0.626312 0.018844 0.779312
vn 0.437219 0.225625 0.870562
vn 0.224656 0.225625 0.947937
vn 0.103562 0.018625 0.994438
vn 0.069625 0.032125 0.997031
vn 0.000000 0.225625 0.974187
vn 0.033406 0.040781 0.998594
vn -0.002250 0.043812 0.999031
vn -0.037969 0.040781 0.998438
vn -0.074188 0.032125 0.996719
vn -0.108094 0.018625 0.993937
vn -0.224656 0.225625 0.947937
vn -0.437219 0.225625 0.870562
vn -0.626188 0.225625 0.746281
vn -0.630000 0.018375 0.776344
vn -0.655688 0.031750 0.754344
vn -0.682187 0.040281 0.730031
vn -0.707563 0.043313 0.705281
vn -0.732219 0.040281 0.679844
vn -0.781438 0.225625 0.581750
vn -0.756469 0.031750 0.653219
vn -0.778375 0.018375 0.627500
vn -0.894531 0.225625 0.385844
vn -0.959406 0.225625 0.169156
vn -0.994313 0.018281 0.104750
vn -0.996938 0.031594 0.071125
vn -0.998563 0.040094 0.035281
vn -0.972562 0.225625 -0.056625
vn -0.999062 0.043094 0.000000
vn -0.998563 0.040094 -0.035281
vn -0.996938 0.031594 -0.071125
vn -0.994313 0.018281 -0.104750
vn -0.933281 0.225625 -0.279406
vn -0.843687 0.225625 -0.487094
vn -0.778375 0.018375 -0.627500
vn -0.708594 0.225625 -0.668531
vn -0.756469 0.031750 -0.653219
vn -0.732219 0.040281 -0.679844
vn -0.707563 0.043313 -0.705281
vn -0.682187 0.040281 -0.730031
vn -0.655688 0.031750 -0.754344
vn -0.535312 0.225625 -0.813937
vn -0.630000 0.018375 -0.776344
vn -0.333187 0.225625 -0.915438
vn -0.113094 0.225625 -0.967625
vn -0.108094 0.018625 -0.993937
vn -0.074188 0.032125 -0.996719
vn -0.037969 0.040781 -0.998438
vn -0.002250 0.043812 -0.999031
vn 0.113094 0.225625 -0.967625
vn 0.033406 0.040781 -0.998594
vn 0.069625 0.032125 -0.997031
vn 0.103562 0.018625 -0.994438
vn 0.333187 0.225625 -0.915438
vn 0.535312 0.225625 -0.813937
vn 0.626312 0.018844 -0.779312
vn 0.652406 0.032500 -0.757156
vn 0.679406 0.041250 -0.732562
vn 0.708594 0.225625 -0.668531
vn 0.705250 0.044312 -0.707531
vn 0.730375 0.041250 -0.681781
vn 0.755031 0.032500 -0.654844
vn 0.777281 0.018844 -0.628812
vn 0.843687 0.225625 -0.487094
vn 0.933281 0.225625 -0.279406
vn 0.994062 0.018938 -0.106875
vn 0.972562 0.225625 -0.056625
vn 0.996813 0.032656 -0.072656
vn 0.998469 0.041437 -0.036063
vn 0.999000 0.044531 0.000000
vn 0.998469 0.041437 0.036063
vn 0.959406 0.225625 0.169156
vn 0.996813 0.032656 0.072656
vn 0.994062 0.018938 0.106875
vn 0.894531 0.225625 0.385844
vn 0.781438 0.225625 0.581750
vn 0.777281 0.018844 0.628812
vn 0.755031 0.032500 0.654844
vn 0.730375 0.041250 0.681781
vn 0.705250 0.044312 0.707531
vn 0.679406 0.041250 0.732562
vn 0.652406 0.032500 0.757156
vn -0.047000 0.979000 0.198281
vn 0.000000 0.999750 -0.022312
vn 0.000000 0.979000 0.203781
vn -0.091469 0.979000 0.182125
vn 0.005125 0.999750 -0.021719
vn -0.131000 0.979000 0.156094
vn 0.010000 0.999750 -0.019938
vn -0.163469 0.979000 0.121688
vn 0.014344 0.999750 -0.017094
vn -0.187125 0.979000 0.080719
vn 0.017906 0.999750 -0.013312
vn -0.200687 0.979000 0.035375
vn 0.020500 0.999750 -0.008813
vn -0.203438 0.979000 -0.011844
vn 0.021969 0.999750 -0.003875
vn -0.195219 0.979000 -0.058438
vn 0.022281 0.999750 0.001281
vn -0.176500 0.979000 -0.101875
vn 0.021375 0.999750 0.006375
vn -0.111969 0.979000 -0.170250
vn 0.016219 0.999750 0.015313
vn -0.148219 0.979000 -0.139844
vn -0.069688 0.979000 -0.191500
vn 0.012250 0.999750 0.018656
vn -0.023656 0.979000 -0.202406
vn 0.007625 0.999750 0.020969
vn 0.023656 0.979000 -0.202406
vn 0.002563 0.999750 0.022156
vn 0.069688 0.979000 -0.191500
vn -0.002563 0.999750 0.022156
vn 0.111969 0.979000 -0.170250
vn -0.007625 0.999750 0.020969
vn 0.148219 0.979000 -0.139844
vn -0.012250 0.999750 0.018656
vn 0.176500 0.979000 -0.101875
vn -0.016219 0.999750 0.015313
vn 0.203438 0.979000 -0.011844
vn -0.021375 0.999750 0.006375
vn 0.195219 0.979000 -0.058438
vn 0.200687 0.979000 0.035375
vn -0.022281 0.999750 0.001281
vn 0.187125 0.979000 0.080719
vn -0.021969 0.999750 -0.003875
vn 0.163469 0.979000 0.121688
vn -0.020500 0.999750 -0.008813
vn 0.131000 0.979000 0.156094
vn -0.017906 0.999750 -0.013312
vn 0.091469 0.979000 0.182125
vn -0.014344 0.999750 -0.017094
vn 0.047000 0.979000 0.198281
vn -0.010000 0.999750 -0.019938
vn -0.005125 0.999750 -0.021719
vn 0.000000 0.439625 0.898156
vn -0.207125 0.439625 0.873969
vn -0.403094 0.439625 0.802625
vn -0.577313 0.439625 0.688031
vn -0.720438 0.439625 0.536344
vn -0.824719 0.439625 0.355750
vn -0.884531 0.439625 0.155969
vn -0.896656 0.439625 -0.052219
vn -0.860438 0.439625 -0.257594
vn -0.777844 0.439625 -0.449062
vn -0.653281 0.439625 -0.616344
vn -0.493531 0.439625 -0.750406
vn -0.307187 0.439625 -0.844000
vn -0.104250 0.439625 -0.892094
vn 0.104250 0.439625 -0.892094
vn 0.307187 0.439625 -0.844000
vn 0.493531 0.439625 -0.750406
vn 0.653281 0.439625 -0.616344
vn 0.777844 0.439625 -0.449062
vn 0.860438 0.439625 -0.257594
vn 0.896656 0.439625 -0.052219
vn 0.884531 0.439625 0.155969
vn 0.824719 0.439625 0.355750
vn 0.720438 0.439625 0.536344
vn 0.577313 0.439625 0.688031
vn 0.403094 0.439625 0.802625
vn 0.207125 0.439625 0.873969
vn 0.000000 0.630938 0.775813
vn -0.178906 0.630938 0.754906
vn -0.348188 0.630938 0.693281
vn -0.498688 0.630938 0.594312
vn -0.622281 0.630938 0.463281
vn -0.712344 0.630938 0.307281
vn -0.764031 0.630938 0.134719
vn -0.774500 0.630938 -0.045094
vn -0.743219 0.630938 -0.222500
vn -0.671875 0.630938 -0.387906
vn -0.564281 0.630938 -0.532375
vn -0.426313 0.630938 -0.648188
vn -0.265344 0.630938 -0.729031
vn -0.090062 0.630938 -0.770563
vn 0.090062 0.630938 -0.770563
vn 0.265344 0.630938 -0.729031
vn 0.426313 0.630938 -0.648188
vn 0.564281 0.630938 -0.532375
vn 0.671875 0.630938 -0.387906
vn 0.743219 0.630938 -0.222500
vn 0.774500 0.630938 -0.045094
vn 0.764031 0.630938 0.134719
vn 0.712344 0.630938 0.307281
vn 0.622281 0.630938 0.463281
vn 0.498688 0.630938 0.594312
vn 0.348188 0.630938 0.693281
vn 0.178906 0.630938 0.754906
vn 0.000000 0.789719 0.613437
vn -0.141469 0.789719 0.596906
vn -0.275313 0.789719 0.548187
vn -0.394313 0.789719 0.469906
vn -0.492063 0.789719 0.366313
vn -0.563250 0.789719 0.242969
vn -0.604125 0.789719 0.106500
vn -0.612406 0.789719 -0.035656
vn -0.587656 0.789719 -0.175938
vn -0.531250 0.789719 -0.306719
vn -0.446187 0.789719 -0.420969
vn -0.337094 0.789719 -0.512500
vn -0.209781 0.789719 -0.576437
vn -0.071219 0.789719 -0.609281
vn 0.071219 0.789719 -0.609281
vn 0.209781 0.789719 -0.576437
vn 0.337094 0.789719 -0.512500
vn 0.446187 0.789719 -0.420969
vn 0.531250 0.789719 -0.306719
vn 0.587656 0.789719 -0.175938
vn 0.612406 0.789719 -0.035656
vn 0.604125 0.789719 0.106500
vn 0.563250 0.789719 0.242969
vn 0.492063 0.789719 0.366313
vn 0.394313 0.789719 0.469906
vn 0.275313 0.789719 0.548187
vn 0.141469 0.789719 0.596906
vn 0.000000 0.907750 0.419437
vn -0.096719 0.907750 0.408125
vn -0.188219 0.907750 0.374813
vn -0.269594 0.907750 0.321312
vn -0.336437 0.907750 0.250469
vn -0.385125 0.907781 0.166125
vn -0.413063 0.907781 0.072812
vn -0.418719 0.907750 -0.024375
vn -0.401812 0.907750 -0.120281
vn -0.363250 0.907750 -0.209719
vn -0.305063 0.907781 -0.287813
vn -0.230469 0.907750 -0.350437
vn -0.143438 0.907750 -0.394125
vn -0.048687 0.907750 -0.416594
vn 0.048687 0.907750 -0.416594
vn 0.143438 0.907750 -0.394125
vn 0.230469 0.907750 -0.350437
vn 0.305063 0.907781 -0.287813
vn 0.363250 0.907750 -0.209719
vn 0.401812 0.907750 -0.120281
vn 0.418719 0.907750 -0.024375
vn 0.413063 0.907781 0.072812
vn 0.385125 0.907781 0.166125
vn 0.336437 0.907750 0.250469
vn 0.269594 0.907750 0.321312
vn 0.188219 0.907750 0.374813
vn 0.096719 0.907750 0.408125
vn 0.019312 0.999750 0.011156
vn -0.019312 0.999750 0.011156
vn 0.694219 -0.719750 0.000000
vn 0.675500 -0.719750 -0.160094
vn 0.675500 -0.719750 0.160094
vn 0.670563 -0.719750 0.179656
vn 0.620375 -0.719750 0.311563
vn 0.601188 -0.719750 0.347094
vn 0.531781 -0.719750 0.446219
vn 0.490875 -0.719750 0.490875
vn 0.414531 -0.719750 0.556844
vn 0.347094 -0.719750 0.601188
vn 0.274969 -0.719750 0.637438
vn 0.179656 -0.719750 0.670563
vn 0.120531 -0.719750 0.683656
vn 0.000000 -0.719750 0.694219
vn -0.040344 -0.719750 0.693031
vn -0.179656 -0.719750 0.670563
vn -0.199094 -0.719750 0.665031
vn -0.347094 -0.719750 0.601188
vn -0.476406 -0.719750 0.504938
vn -0.490875 -0.719750 0.490875
vn -0.580000 -0.719750 0.381469
vn -0.601188 -0.719750 0.347094
vn -0.652344 -0.719750 0.237438
vn -0.670563 -0.719750 0.179656
vn -0.689500 -0.719750 0.080563
vn -0.694219 -0.719750 0.000000
vn -0.689500 -0.719750 -0.080563
vn -0.670563 -0.719750 -0.179656
vn -0.652344 -0.719750 -0.237438
vn -0.601188 -0.719750 -0.347094
vn -0.580000 -0.719750 -0.381469
vn -0.490875 -0.719750 -0.490875
vn -0.476406 -0.719750 -0.504938
vn -0.347094 -0.719750 -0.601188
vn -0.199094 -0.719750 -0.665031
vn -0.179656 -0.719750 -0.670563
vn -0.040344 -0.719750 -0.693031
vn 0.000000 -0.719750 -0.694219
vn 0.120531 -0.719750 -0.683656
vn 0.179656 -0.719750 -0.670563
vn 0.274969 -0.719750 -0.637438
vn 0.347094 -0.719750 -0.601188
vn 0.414531 -0.719750 -0.556844
vn 0.490875 -0.719750 -0.490875
vn 0.531781 -0.719750 -0.446219
vn 0.601188 -0.719750 -0.347094
vn 0.620375 -0.719750 -0.311563
vn 0.670563 -0.719750 -0.179656
vn 0.853750 -0.512875 0.089719
vn 0.853750 -0.512875 -0.089719
vn 0.816437 -0.512875 -0.265250
vn 0.743438 -0.512875 -0.429219
vn 0.637937 -0.512875 -0.574406
vn 0.833781 -0.270187 -0.481375
vn 0.715500 -0.270187 -0.644219
vn 0.865969 -0.008687 -0.499969
vn 0.743094 -0.008687 -0.669094
vn 0.837750 0.253406 -0.483656
vn 0.684000 0.253406 -0.684000
vn 0.816437 -0.512875 0.265250
vn 0.743438 -0.512875 0.429219
vn 0.637937 -0.512875 0.574406
vn 0.715500 -0.270187 0.644219
vn 0.565906 -0.270187 0.778906
vn 0.587750 -0.008687 0.808969
vn 0.406719 -0.008687 0.913500
vn 0.483656 0.253406 0.837750
vn 0.250344 0.253406 0.934375
vn 0.207875 -0.008687 0.978094
vn 0.000000 0.253406 0.967344
vn 0.000000 -0.008687 0.999937
vn -0.207875 -0.008687 0.978094
vn 0.000000 -0.270187 0.962781
vn -0.200156 -0.270187 0.941750
vn 0.000000 -0.512875 0.858437
vn -0.178469 -0.512875 0.839688
vn 0.504562 -0.512875 0.694500
vn 0.391594 -0.270187 0.879531
vn 0.349156 -0.512875 0.784219
vn 0.200156 -0.270187 0.941750
vn 0.178469 -0.512875 0.839688
vn -0.349156 -0.512875 0.784219
vn -0.504562 -0.512875 0.694500
vn -0.637937 -0.512875 0.574406
vn -0.743438 -0.512875 0.429219
vn -0.816437 -0.512875 0.265250
vn -0.915656 -0.270187 0.297500
vn -0.957500 -0.270187 0.100625
vn -0.994469 -0.008687 0.104500
vn -0.994469 -0.008687 -0.104500
vn -0.967344 0.253406 0.000000
vn -0.934375 0.253406 -0.250344
vn -0.951000 -0.008687 -0.309000
vn -0.837750 0.253406 -0.483656
vn -0.865969 -0.008687 -0.499969
vn -0.743094 -0.008687 -0.669094
vn -0.833781 -0.270187 -0.481375
vn -0.715500 -0.270187 -0.644219
vn -0.743438 -0.512875 -0.429219
vn -0.637937 -0.512875 -0.574406
vn -0.853750 -0.512875 0.089719
vn -0.957500 -0.270187 -0.100625
vn -0.853750 -0.512875 -0.089719
vn -0.915656 -0.270187 -0.297500
vn -0.816437 -0.512875 -0.265250
vn -0.504562 -0.512875 -0.694500
vn -0.349156 -0.512875 -0.784219
vn -0.178469 -0.512875 -0.839688
vn 0.000000 -0.512875 -0.858437
vn 0.178469 -0.512875 -0.839688
vn 0.200156 -0.270187 -0.941750
vn 0.391594 -0.270187 -0.879531
vn 0.406719 -0.008687 -0.913500
vn 0.587750 -0.008687 -0.808969
vn 0.483656 0.253406 -0.837750
vn 0.349156 -0.512875 -0.784219
vn 0.565906 -0.270187 -0.778906
vn 0.504562 -0.512875 -0.694500
vn 0.967344 0.253406 0.000000
vn 0.994469 -0.008687 -0.104500
vn 0.934375 0.253406 -0.250344
vn 0.994469 -0.008687 0.104500
vn 0.934375 0.253406 0.250344
vn 0.951000 -0.008687 0.309000
vn 0.837750 0.253406 0.483656
vn 0.865969 -0.008687 0.499969
vn 0.743094 -0.008687 0.669094
vn 0.833781 -0.270187 0.481375
vn 0.951000 -0.008687 -0.309000
vn 0.250344 0.253406 -0.934375
vn 0.207875 -0.008687 -0.978094
vn 0.000000 -0.270187 -0.962781
vn 0.000000 0.253406 -0.967344
vn 0.000000 -0.008687 -0.999937
vn -0.200156 -0.270187 -0.941750
vn -0.207875 -0.008687 -0.978094
vn -0.250344 0.253406 -0.934375
vn -0.406719 -0.008687 -0.913500
vn -0.483656 0.253406 -0.837750
vn -0.587750 -0.008687 -0.808969
vn -0.684000 0.253406 -0.684000
vn -0.934375 0.253406 0.250344
vn -0.951000 -0.008687 0.309000
vn -0.833781 -0.270187 0.481375
vn -0.837750 0.253406 0.483656
vn -0.865969 -0.008687 0.499969
vn -0.715500 -0.270187 0.644219
vn -0.743094 -0.008687 0.669094
vn -0.684000 0.253406 0.684000
vn -0.587750 -0.008687 0.808969
vn -0.483656 0.253406 0.837750
vn -0.406719 -0.008687 0.913500
vn -0.250344 0.253406 0.934375
vn 0.684000 0.253406 0.684000
vn 0.957500 -0.270187 0.100625
vn 0.957500 -0.270187 -0.100625
vn 0.915656 -0.270187 -0.297500
vn 0.915656 -0.270187 0.297500
vn -0.391594 -0.270187 0.879531
vn -0.565906 -0.270187 0.778906
vn -0.565906 -0.270187 -0.778906
vn -0.391594 -0.270187 -0.879531
vn 0.867188 0.495688 0.047000
vn 0.857031 0.495688 -0.140500
vn 0.806781 0.495688 -0.321438
vn 0.718813 0.495688 -0.487375
vn 0.597250 0.495688 -0.630500
vn 0.447750 0.495688 -0.744156
vn 0.277281 0.495688 -0.823000
vn 0.366094 0.704031 -0.608469
vn 0.226719 0.704031 -0.672969
vn 0.259406 0.864156 -0.431156
vn 0.160656 0.864156 -0.476844
vn 0.134937 0.965125 -0.224281
vn 0.083563 0.965125 -0.248031
vn 0.000844 0.999969 -0.002250
vn 0.000281 0.999969 -0.002406
vn 0.767313 0.495688 0.406781
vn 0.836812 0.495688 0.232344
vn 0.684250 0.704031 0.189969
vn 0.709094 0.704031 0.038438
vn 0.484844 0.864156 0.134594
vn 0.502437 0.864156 0.027219
vn 0.252219 0.965125 0.070000
vn 0.261375 0.965125 0.014156
vn 0.002344 0.999969 0.000562
vn 0.002406 0.999969 0.000000
vn 0.661906 0.495688 0.562219
vn 0.525563 0.495688 0.691375
vn 0.364656 0.495688 0.788188
vn 0.186687 0.495688 0.848156
vn 0.000000 0.495688 0.868469
vn -0.186687 0.495688 0.848156
vn -0.152656 0.704031 0.693531
vn -0.298187 0.704031 0.644500
vn -0.211250 0.864156 0.456656
vn -0.304500 0.864156 0.400562
vn -0.158406 0.965125 0.208375
vn -0.199500 0.965125 0.169437
vn -0.001781 0.999969 0.001594
vn -0.231250 0.965125 0.122594
vn -0.002125 0.999969 0.001125
vn -0.252219 0.965125 0.070000
vn -0.002344 0.999969 0.000562
vn -0.261375 0.965125 0.014156
vn -0.002406 0.999969 0.000000
vn -0.258312 0.965125 -0.042344
vn -0.002344 0.999969 -0.000562
vn -0.243156 0.965125 -0.096875
vn -0.002125 0.999969 -0.001125
vn -0.216656 0.965125 -0.146875
vn -0.001781 0.999969 -0.001594
vn -0.180000 0.965125 -0.190031
vn -0.001375 0.999969 -0.001969
vn -0.134937 0.965125 -0.224281
vn -0.000844 0.999969 -0.002250
vn -0.083563 0.965125 -0.248031
vn -0.000281 0.999969 -0.002406
vn -0.028281 0.965125 -0.260219
vn 0.028281 0.965125 -0.260219
vn -0.054375 0.864156 -0.500219
vn 0.054375 0.864156 -0.500219
vn -0.076750 0.704031 -0.705969
vn 0.076750 0.704031 -0.705969
vn -0.093875 0.495688 -0.863375
vn 0.093875 0.495688 -0.863375
vn -0.364656 0.495688 0.788188
vn -0.429750 0.704031 0.565344
vn -0.383500 0.864156 0.325750
vn -0.525563 0.495688 0.691375
vn -0.541250 0.704031 0.459719
vn -0.444562 0.864156 0.235687
vn -0.661906 0.495688 0.562219
vn -0.627406 0.704031 0.332625
vn -0.484844 0.864156 0.134594
vn -0.767313 0.495688 0.406781
vn -0.684250 0.704031 0.189969
vn -0.502437 0.864156 0.027219
vn -0.836812 0.495688 0.232344
vn -0.709094 0.704031 0.038438
vn -0.496531 0.864156 -0.081406
vn -0.867188 0.495688 0.047000
vn -0.857031 0.495688 -0.140500
vn -0.806781 0.495688 -0.321438
vn -0.718813 0.495688 -0.487375
vn -0.597250 0.495688 -0.630500
vn -0.447750 0.495688 -0.744156
vn -0.277281 0.495688 -0.823000
vn -0.226719 0.704031 -0.672969
vn 0.258312 0.965125 -0.042344
vn 0.002344 0.999969 -0.000562
vn 0.243156 0.965125 -0.096875
vn 0.002125 0.999969 -0.001125
vn 0.216656 0.965125 -0.146875
vn 0.001781 0.999969 -0.001594
vn 0.180000 0.965125 -0.190031
vn 0.001375 0.999969 -0.001969
vn -0.001375 0.999969 0.001969
vn -0.109906 0.965125 0.237563
vn -0.108156 0.864156 0.491406
vn 0.000000 0.704031 0.710125
vn -0.000844 0.999969 0.002250
vn -0.056250 0.965125 0.255625
vn 0.000000 0.864156 0.503187
vn 0.152656 0.704031 0.693531
vn -0.000281 0.999969 0.002406
vn 0.000000 0.965125 0.261750
vn 0.108156 0.864156 0.491406
vn 0.298187 0.704031 0.644500
vn 0.000281 0.999969 0.002406
vn 0.056250 0.965125 0.255625
vn 0.211250 0.864156 0.456656
vn 0.429750 0.704031 0.565344
vn 0.000844 0.999969 0.002250
vn 0.109906 0.965125 0.237563
vn 0.304500 0.864156 0.400562
vn 0.541250 0.704031 0.459719
vn 0.001375 0.999969 0.001969
vn 0.158406 0.965125 0.208375
vn 0.383500 0.864156 0.325750
vn 0.627406 0.704031 0.332625
vn 0.001781 0.999969 0.001594
vn 0.199500 0.965125 0.169437
vn 0.444562 0.864156 0.235687
vn 0.002125 0.999969 0.001125
vn 0.231250 0.965125 0.122594
vn 0.700781 0.704031 -0.114875
vn 0.659688 0.704031 -0.262844
vn 0.587781 0.704031 -0.398500
vn 0.488344 0.704031 -0.515562
vn 0.496531 0.864156 -0.081406
vn 0.467438 0.864156 -0.186219
vn 0.416469 0.864156 -0.282375
vn 0.346031 0.864156 -0.365281
vn -0.700781 0.704031 -0.114875
vn -0.467438 0.864156 -0.186219
vn -0.659688 0.704031 -0.262844
vn -0.416469 0.864156 -0.282375
vn -0.587781 0.704031 -0.398500
vn -0.346031 0.864156 -0.365281
vn -0.488344 0.704031 -0.515562
vn -0.259406 0.864156 -0.431156
vn -0.366094 0.704031 -0.608469
vn -0.160656 0.864156 -0.476844
vn 0.255156 0.965125 0.058219
vn 0.261719 0.965125 0.000000
vn 0.255156 0.965125 -0.058219
vn 0.503094 0.864219 0.000000
vn 0.490500 0.864219 -0.111938
vn 0.710031 0.704125 0.000000
vn 0.692250 0.704125 -0.157969
vn 0.868375 0.495844 0.000000
vn 0.846625 0.495844 -0.193219
vn 0.967281 0.253625 0.000000
vn 0.943031 0.253625 -0.215219
vn 0.999969 -0.005937 0.000000
vn 0.974906 -0.005937 -0.222500
vn 0.235781 0.965125 0.113531
vn 0.204594 0.965125 0.163156
vn 0.163156 0.965125 0.204594
vn 0.113531 0.965125 0.235781
vn 0.058219 0.965125 0.255156
vn 0.000000 0.965125 0.261719
vn -0.058219 0.965125 0.255156
vn -0.113531 0.965125 0.235781
vn -0.163156 0.965125 0.204594
vn -0.204594 0.965125 0.163156
vn -0.235781 0.965125 0.113531
vn -0.255156 0.965125 0.058219
vn -0.261719 0.965125 0.000000
vn -0.255156 0.965125 -0.058219
vn -0.490500 0.864219 -0.111938
vn -0.453281 0.864219 -0.218281
vn -0.639719 0.704125 -0.308062
vn -0.555125 0.704125 -0.442688
vn -0.678937 0.495844 -0.541438
vn -0.541438 0.495844 -0.678937
vn -0.603094 0.253625 -0.756250
vn -0.419688 0.253625 -0.871500
vn -0.433875 -0.005937 -0.900937
vn -0.222500 -0.005937 -0.974906
vn -0.215219 0.253625 -0.943031
vn 0.000000 -0.005937 -0.999969
vn 0.000000 0.253625 -0.967281
vn 0.222500 -0.005937 -0.974906
vn 0.215219 0.253625 -0.943031
vn 0.433875 -0.005937 -0.900937
vn 0.419688 0.253625 -0.871500
vn 0.623469 -0.005937 -0.781812
vn 0.603094 0.253625 -0.756250
vn 0.781812 -0.005937 -0.623469
vn 0.756250 0.253625 -0.603094
vn 0.900937 -0.005937 -0.433875
vn 0.871500 0.253625 -0.419688
vn -0.235781 0.965125 -0.113531
vn -0.393344 0.864219 -0.313656
vn -0.442688 0.704125 -0.555125
vn -0.376781 0.495844 -0.782375
vn -0.204594 0.965125 -0.163156
vn -0.313656 0.864219 -0.393344
vn -0.308062 0.704125 -0.639719
vn -0.193219 0.495844 -0.846625
vn -0.163156 0.965125 -0.204594
vn -0.218281 0.864219 -0.453281
vn -0.157969 0.704125 -0.692250
vn 0.000000 0.495844 -0.868375
vn -0.113531 0.965125 -0.235781
vn -0.111938 0.864219 -0.490500
vn 0.000000 0.704125 -0.710031
vn 0.193219 0.495844 -0.846625
vn -0.058219 0.965125 -0.255156
vn 0.000000 0.864219 -0.503094
vn 0.157969 0.704125 -0.692250
vn 0.376781 0.495844 -0.782375
vn 0.000000 0.965125 -0.261719
vn 0.111938 0.864219 -0.490500
vn 0.308062 0.704125 -0.639719
vn 0.541438 0.495844 -0.678937
vn 0.058219 0.965125 -0.255156
vn 0.218281 0.864219 -0.453281
vn 0.442688 0.704125 -0.555125
vn 0.678937 0.495844 -0.541438
vn 0.113531 0.965125 -0.235781
vn 0.313656 0.864219 -0.393344
vn 0.555125 0.704125 -0.442688
vn 0.782375 0.495844 -0.376781
vn 0.163156 0.965125 -0.204594
vn 0.393344 0.864219 -0.313656
vn 0.639719 0.704125 -0.308062
vn 0.204594 0.965125 -0.163156
vn 0.453281 0.864219 -0.218281
vn 0.235781 0.965125 -0.113531
vn -0.623469 -0.005937 -0.781812
vn -0.756250 0.253625 -0.603094
vn -0.782375 0.495844 -0.376781
vn -0.692250 0.704125 -0.157969
vn -0.503094 0.864219 0.000000
vn -0.781812 -0.005937 -0.623469
vn -0.871500 0.253625 -0.419688
vn -0.846625 0.495844 -0.193219
vn -0.710031 0.704125 0.000000
vn -0.490500 0.864219 0.111938
vn -0.900937 -0.005937 -0.433875
vn -0.943031 0.253625 -0.215219
vn -0.868375 0.495844 0.000000
vn -0.692250 0.704125 0.157969
vn -0.453281 0.864219 0.218281
vn -0.974906 -0.005937 -0.222500
vn -0.967281 0.253625 0.000000
vn -0.846625 0.495844 0.193219
vn -0.639719 0.704125 0.308062
vn -0.393344 0.864219 0.313656
vn -0.999969 -0.005937 0.000000
vn -0.943031 0.253625 0.215219
vn -0.782375 0.495844 0.376781
vn -0.555125 0.704125 0.442688
vn -0.313656 0.864219 0.393344
vn -0.974906 -0.005937 0.222500
vn -0.871500 0.253625 0.419688
vn -0.678937 0.495844 0.541438
vn -0.442688 0.704125 0.555125
vn -0.218281 0.864219 0.453281
vn -0.900937 -0.005937 0.433875
vn -0.756250 0.253625 0.603094
vn -0.541438 0.495844 0.678937
vn -0.308062 0.704125 0.639719
vn -0.111938 0.864219 0.490500
vn -0.781812 -0.005937 0.623469
vn -0.603094 0.253625 0.756250
vn -0.376781 0.495844 0.782375
vn -0.157969 0.704125 0.692250
vn 0.000000 0.864219 0.503094
vn -0.623469 -0.005937 0.781812
vn -0.419688 0.253625 0.871500
vn -0.193219 0.495844 0.846625
vn 0.000000 0.704125 0.710031
vn 0.111938 0.864219 0.490500
vn -0.433875 -0.005937 0.900937
vn -0.215219 0.253625 0.943031
vn 0.000000 0.495844 0.868375
vn 0.157969 0.704125 0.692250
vn 0.218281 0.864219 0.453281
vn -0.222500 -0.005937 0.974906
vn 0.000000 0.253625 0.967281
vn 0.193219 0.495844 0.846625
vn 0.308062 0.704125 0.639719
vn 0.313656 0.864219 0.393344
vn 0.000000 -0.005937 0.999969
vn 0.215219 0.253625 0.943031
vn 0.376781 0.495844 0.782375
vn 0.442688 0.704125 0.555125
vn 0.393344 0.864219 0.313656
vn 0.222500 -0.005937 0.974906
vn 0.419688 0.253625 0.871500
vn 0.541438 0.495844 0.678937
vn 0.555125 0.704125 0.442688
vn 0.453281 0.864219 0.218281
vn 0.433875 -0.005937 0.900937
vn 0.603094 0.253625 0.756250
vn 0.678937 0.495844 0.541438
vn 0.639719 0.704125 0.308062
vn 0.490500 0.864219 0.111938
vn 0.623469 -0.005937 0.781812
vn 0.756250 0.253625 0.603094
vn 0.782375 0.495844 0.376781
vn 0.692250 0.704125 0.157969
vn 0.781812 -0.005937 0.623469
vn 0.871500 0.253625 0.419688
vn 0.846625 0.495844 0.193219
vn 0.900937 -0.005937 0.433875
vn 0.943031 0.253625 0.215219
vn 0.974906 -0.005937 0.222500
vn 0.999281 -0.037219 0.000000
vn 0.933125 -0.289625 0.212969
vn 0.974250 -0.037250 0.222344
vn 0.957125 -0.289625 0.000000
vn 0.974250 -0.037250 -0.222344
vn 0.933125 -0.289625 -0.212969
vn 0.900344 -0.037250 -0.433562
vn 0.862344 -0.289625 -0.415281
vn 0.781281 -0.037219 -0.623031
vn 0.748312 -0.289625 -0.596750
vn 0.623031 -0.037219 -0.781281
vn 0.596750 -0.289625 -0.748312
vn 0.433562 -0.037250 -0.900344
vn 0.415281 -0.289625 -0.862344
vn 0.222344 -0.037250 -0.974250
vn 0.212969 -0.289625 -0.933125
vn 0.000000 -0.037219 -0.999281
vn 0.000000 -0.289625 -0.957125
vn -0.222344 -0.037250 -0.974250
vn -0.212969 -0.289625 -0.933125
vn -0.433562 -0.037250 -0.900344
vn -0.415281 -0.289625 -0.862344
vn -0.623031 -0.037219 -0.781281
vn -0.596750 -0.289625 -0.748312
vn -0.781281 -0.037219 -0.623031
vn -0.748312 -0.289625 -0.596750
vn -0.900344 -0.037250 -0.433562
vn -0.862344 -0.289625 -0.415281
vn -0.974250 -0.037250 -0.222344
vn -0.933125 -0.289625 -0.212969
vn -0.999281 -0.037219 0.000000
vn -0.957125 -0.289625 0.000000
vn -0.974250 -0.037250 0.222344
vn -0.933125 -0.289625 0.212969
vn -0.900344 -0.037250 0.433562
vn -0.862344 -0.289625 0.415281
vn -0.781281 -0.037219 0.623031
vn -0.748312 -0.289625 0.596750
vn -0.623031 -0.037219 0.781281
vn -0.596750 -0.289625 0.748312
vn -0.433562 -0.037250 0.900344
vn -0.415281 -0.289625 0.862344
vn -0.222344 -0.037250 0.974250
vn -0.212969 -0.289625 0.933125
vn 0.000000 -0.037219 0.999281
vn 0.000000 -0.289625 0.957125
vn 0.222344 -0.037250 0.974250
vn 0.212969 -0.289625 0.933125
vn 0.433562 -0.037250 0.900344
vn 0.415281 -0.289625 0.862344
vn 0.623031 -0.037219 0.781281
vn 0.596750 -0.289625 0.748312
vn 0.781281 -0.037219 0.623031
vn 0.748312 -0.289625 0.596750
vn 0.900344 -0.037250 0.433562
vn 0.862344 -0.289625 0.415281
vn 0.241781 -0.968750 -0.055188
vn 0.248000 -0.968750 0.000000
vn 0.241781 -0.968750 0.055188
vn 0.485719 -0.874094 0.000000
vn 0.473563 -0.874094 0.108062
vn 0.691656 -0.722188 0.000000
vn 0.674312 -0.722188 0.153906
vn 0.852281 -0.523031 0.000000
vn 0.830906 -0.523031 0.189656
vn 0.223438 -0.968750 -0.107594
vn 0.193906 -0.968750 -0.154625
vn 0.154625 -0.968750 -0.193906
vn 0.107594 -0.968750 -0.223438
vn 0.055188 -0.968750 -0.241781
vn 0.000000 -0.968750 -0.248000
vn -0.055188 -0.968750 -0.241781
vn -0.107594 -0.968750 -0.223438
vn -0.154625 -0.968750 -0.193906
vn -0.193906 -0.968750 -0.154625
vn -0.223438 -0.968750 -0.107594
vn -0.241781 -0.968750 -0.055188
vn -0.248000 -0.968750 0.000000
vn -0.241781 -0.968750 0.055188
vn -0.473563 -0.874094 0.108062
vn -0.437625 -0.874094 0.210750
vn -0.623156 -0.722219 0.300094
vn -0.540750 -0.722188 0.431219
vn -0.666344 -0.523031 0.531375
vn -0.531375 -0.523031 0.666344
vn -0.223438 -0.968750 0.107594
vn -0.379750 -0.874094 0.302844
vn -0.431219 -0.722188 0.540750
vn -0.369781 -0.523031 0.767875
vn -0.193906 -0.968750 0.154625
vn -0.302844 -0.874094 0.379750
vn -0.300094 -0.722219 0.623156
vn -0.189656 -0.523031 0.830906
vn -0.154625 -0.968750 0.193906
vn -0.210750 -0.874094 0.437625
vn -0.153906 -0.722188 0.674312
vn 0.000000 -0.523031 0.852281
vn -0.107594 -0.968750 0.223438
vn -0.108062 -0.874094 0.473563
vn 0.000000 -0.722188 0.691656
vn 0.189656 -0.523031 0.830906
vn -0.055188 -0.968750 0.241781
vn 0.000000 -0.874094 0.485719
vn 0.153906 -0.722188 0.674312
vn 0.369781 -0.523031 0.767875
vn 0.000000 -0.968750 0.248000
vn 0.108062 -0.874094 0.473563
vn 0.300094 -0.722219 0.623156
vn 0.531375 -0.523031 0.666344
vn 0.055188 -0.968750 0.241781
vn 0.210750 -0.874094 0.437625
vn 0.431219 -0.722188 0.540750
vn 0.666344 -0.523031 0.531375
vn 0.107594 -0.968750 0.223438
vn 0.302844 -0.874094 0.379750
vn 0.540750 -0.722188 0.431219
vn 0.767875 -0.523031 0.369781
vn 0.154625 -0.968750 0.193906
vn 0.379750 -0.874094 0.302844
vn 0.623156 -0.722219 0.300094
vn 0.193906 -0.968750 0.154625
vn 0.437625 -0.874094 0.210750
vn 0.223438 -0.968750 0.107594
vn 0.473563 -0.874094 -0.108062
vn 0.437625 -0.874094 -0.210750
vn 0.379750 -0.874094 -0.302844
vn 0.302844 -0.874094 -0.379750
vn 0.210750 -0.874094 -0.437625
vn 0.108062 -0.874094 -0.473563
vn 0.000000 -0.874094 -0.485719
vn -0.108062 -0.874094 -0.473563
vn -0.210750 -0.874094 -0.437625
vn -0.302844 -0.874094 -0.379750
vn -0.379750 -0.874094 -0.302844
vn -0.437625 -0.874094 -0.210750
vn -0.473563 -0.874094 -0.108062
vn -0.485719 -0.874094 0.000000
vn 0.674312 -0.722188 -0.153906
vn 0.623156 -0.722219 -0.300094
vn 0.540750 -0.722188 -0.431219
vn 0.431219 -0.722188 -0.540750
vn 0.300094 -0.722219 -0.623156
vn 0.153906 -0.722188 -0.674312
vn 0.000000 -0.722188 -0.691656
vn -0.153906 -0.722188 -0.674312
vn -0.300094 -0.722219 -0.623156
vn -0.431219 -0.722188 -0.540750
vn -0.540750 -0.722188 -0.431219
vn -0.623156 -0.722219 -0.300094
vn -0.674312 -0.722188 -0.153906
vn -0.691656 -0.722188 0.000000
vn -0.674312 -0.722188 0.153906
vn 0.830906 -0.523031 -0.189656
vn 0.767875 -0.523031 -0.369781
vn 0.666344 -0.523031 -0.531375
vn 0.531375 -0.523031 -0.666344
vn 0.369781 -0.523031 -0.767875
vn 0.189656 -0.523031 -0.830906
vn 0.000000 -0.523031 -0.852281
vn -0.189656 -0.523031 -0.830906
vn -0.369781 -0.523031 -0.767875
vn -0.531375 -0.523031 -0.666344
vn -0.666344 -0.523031 -0.531375
vn -0.767875 -0.523031 -0.369781
vn -0.830906 -0.523031 -0.189656
vn -0.852281 -0.523031 0.000000
vn -0.830906 -0.523031 0.189656
vn -0.767875 -0.523031 0.369781
# 2008 normals

vt 0.000000 0.023169 0.000000
vt 0.010244 0.014093 0.000000
vt 0.000000 0.013947 0.000000
vt 0.011441 0.023169 0.000000
vt 0.000000 0.032390 0.000000
vt 0.011441 0.032390 0.000000
vt 0.000000 0.041612 0.000000
vt 0.011441 0.041612 0.000000
vt 0.000000 0.050834 0.000000
vt 0.011441 0.050834 0.000000
vt 0.000000 0.060056 0.000000
vt 0.011441 0.060056 0.000000
vt 0.000000 0.069278 0.000000
vt 0.011441 0.069278 0.000000
vt 0.000000 0.078499 0.000000
vt 0.011441 0.078499 0.000000
vt 0.000000 0.087721 0.000000
vt 0.011441 0.087721 0.000000
vt 0.010244 0.096797 0.000000
vt 0.020635 0.096248 0.000000
vt 0.022882 0.087721 0.000000
vt 0.030954 0.094956 0.000000
vt 0.034323 0.087721 0.000000
vt 0.040929 0.092043 0.000000
vt 0.045764 0.087721 0.000000
vt 0.046522 0.088625 0.000000
vt 0.051621 0.082500 0.000000
vt 0.045764 0.078499 0.000000
vt 0.055641 0.071492 0.000000
vt 0.045764 0.069278 0.000000
vt 0.045764 0.060056 0.000000
vt 0.034323 0.069278 0.000000
vt 0.034323 0.060056 0.000000
vt 0.022882 0.069278 0.000000
vt 0.022882 0.060056 0.000000
vt 0.020635 0.014641 0.000000
vt 0.022882 0.023169 0.000000
vt 0.022882 0.032390 0.000000
vt 0.022882 0.041612 0.000000
vt 0.022882 0.050834 0.000000
vt 0.030954 0.015934 0.000000
vt 0.034323 0.023169 0.000000
vt 0.034323 0.032390 0.000000
vt 0.034323 0.041612 0.000000
vt 0.034323 0.050834 0.000000
vt 0.040929 0.018847 0.000000
vt 0.045764 0.023169 0.000000
vt 0.045764 0.032390 0.000000
vt 0.045764 0.041612 0.000000
vt 0.045764 0.050834 0.000000
vt 0.046522 0.022265 0.000000
vt 0.051621 0.028389 0.000000
vt 0.055641 0.039398 0.000000
vt 0.057205 0.055445 0.000000
vt 0.000000 0.096943 0.000000
vt 0.022882 0.078499 0.000000
vt 0.034323 0.078499 0.000000
vt 0.000000 0.087597 0.000000
vt -0.008066 0.096717 0.000000
vt 0.000000 0.096805 0.000000
vt -0.011474 0.087597 0.000000
vt 0.000000 0.078388 0.000000
vt -0.011474 0.078388 0.000000
vt 0.000000 0.069179 0.000000
vt -0.011474 0.069179 0.000000
vt 0.000000 0.059971 0.000000
vt -0.011474 0.059971 0.000000
vt 0.000000 0.050762 0.000000
vt -0.011474 0.050762 0.000000
vt 0.000000 0.041553 0.000000
vt -0.011474 0.041553 0.000000
vt 0.000000 0.032344 0.000000
vt -0.011474 0.032344 0.000000
vt 0.000000 0.023136 0.000000
vt -0.011474 0.023136 0.000000
vt -0.008066 0.014015 0.000000
vt -0.016258 0.014326 0.000000
vt -0.022948 0.023136 0.000000
vt -0.024455 0.014979 0.000000
vt -0.032562 0.016229 0.000000
vt -0.034423 0.023136 0.000000
vt -0.040420 0.018601 0.000000
vt -0.045897 0.023136 0.000000
vt -0.047876 0.023359 0.000000
vt -0.045897 0.032344 0.000000
vt -0.054485 0.034336 0.000000
vt -0.045897 0.041553 0.000000
vt -0.045897 0.050762 0.000000
vt -0.034423 0.041553 0.000000
vt -0.034423 0.050762 0.000000
vt -0.022948 0.041553 0.000000
vt -0.022948 0.050762 0.000000
vt -0.016258 0.096406 0.000000
vt -0.022948 0.087597 0.000000
vt -0.022948 0.078388 0.000000
vt -0.022948 0.069179 0.000000
vt -0.022948 0.059971 0.000000
vt -0.024455 0.095753 0.000000
vt -0.032562 0.094504 0.000000
vt -0.034423 0.087597 0.000000
vt -0.040420 0.092132 0.000000
vt -0.045897 0.087597 0.000000
vt -0.047876 0.087373 0.000000
vt -0.045897 0.078388 0.000000
vt -0.054485 0.076397 0.000000
vt -0.045897 0.069179 0.000000
vt -0.057371 0.055366 0.000000
vt -0.045897 0.059971 0.000000
vt 0.000000 0.013927 0.000000
vt -0.034423 0.078388 0.000000
vt -0.034423 0.069179 0.000000
vt -0.034423 0.059971 0.000000
vt -0.022948 0.032344 0.000000
vt -0.034423 0.032344 0.000000
vt 0.268241 -0.098542 0.000000
vt -0.268241 -0.086991 0.000000
vt 0.268241 -0.086991 0.000000
vt -0.268241 -0.098542 0.000000
vt 0.268241 -0.110093 0.000000
vt -0.268241 -0.110093 0.000000
vt 0.268241 -0.121645 0.000000
vt -0.268241 -0.121645 0.000000
vt 0.268241 -0.133196 0.000000
vt -0.268241 -0.133196 0.000000
vt 0.268241 -0.144747 0.000000
vt -0.268241 -0.144747 0.000000
vt 0.268241 -0.156298 0.000000
vt -0.268241 -0.156298 0.000000
vt 0.268241 -0.167849 0.000000
vt -0.268241 -0.167849 0.000000
vt 0.268241 -0.179400 0.000000
vt -0.268241 -0.179400 0.000000
vt 0.268241 -0.190951 0.000000
vt -0.268241 -0.190951 0.000000
vt 0.311746 0.079647 0.000000
vt 0.304898 0.100303 0.000000
vt 0.311746 0.107940 0.000000
vt 0.296301 0.094481 0.000000
vt 0.286555 0.090896 0.000000
vt 0.276406 0.089685 0.000000
vt -0.260076 0.089685 0.000000
vt -0.311746 0.077431 0.000000
vt -0.268095 0.090442 0.000000
vt -0.275967 0.092687 0.000000
vt -0.283306 0.096384 0.000000
vt -0.289779 0.101402 0.000000
vt -0.295107 0.107503 0.000000
vt -0.311746 0.116147 0.000000
vt -0.299143 0.114530 0.000000
vt -0.301803 0.122651 0.000000
vt -0.302678 0.130934 0.000000
vt -0.301803 0.139217 0.000000
vt -0.311746 0.154862 0.000000
vt -0.299143 0.147338 0.000000
vt -0.295107 0.154366 0.000000
vt -0.289779 0.160467 0.000000
vt -0.283306 0.165485 0.000000
vt -0.275967 0.169181 0.000000
vt -0.311746 0.193578 0.000000
vt -0.268095 0.171427 0.000000
vt -0.260076 0.172183 0.000000
vt 0.311746 0.182245 0.000000
vt 0.276406 0.172183 0.000000
vt 0.286555 0.170972 0.000000
vt 0.296301 0.167387 0.000000
vt 0.304898 0.161565 0.000000
vt 0.311746 0.153928 0.000000
vt 0.311746 0.210561 0.000000
vt -0.260076 0.220575 0.000000
vt -0.268077 0.221329 0.000000
vt 0.304910 0.231222 0.000000
vt 0.311746 0.238878 0.000000
vt 0.296315 0.225384 0.000000
vt 0.286563 0.221789 0.000000
vt 0.276406 0.220575 0.000000
vt -0.275931 0.223566 0.000000
vt -0.311746 0.232293 0.000000
vt -0.283255 0.227251 0.000000
vt -0.289716 0.232254 0.000000
vt -0.295035 0.238337 0.000000
vt -0.299065 0.245346 0.000000
vt -0.301722 0.253447 0.000000
vt -0.311746 0.271009 0.000000
vt -0.302595 0.261710 0.000000
vt -0.301722 0.269973 0.000000
vt -0.299065 0.278075 0.000000
vt -0.295035 0.285083 0.000000
vt -0.289716 0.291166 0.000000
vt -0.311746 0.309724 0.000000
vt -0.283255 0.296169 0.000000
vt -0.275931 0.299854 0.000000
vt -0.268077 0.302092 0.000000
vt -0.260076 0.302846 0.000000
vt 0.276406 0.302846 0.000000
vt 0.311746 0.312894 0.000000
vt 0.286563 0.301631 0.000000
vt 0.296315 0.298036 0.000000
vt 0.304910 0.292198 0.000000
vt 0.311746 0.284543 0.000000
vt 0.311746 0.341245 0.000000
vt -0.311746 0.348440 0.000000
vt -0.260076 0.351243 0.000000
vt -0.268058 0.351994 0.000000
vt 0.304923 0.361922 0.000000
vt 0.311746 0.369596 0.000000
vt 0.296330 0.356067 0.000000
vt 0.286572 0.352461 0.000000
vt 0.276406 0.351243 0.000000
vt -0.275895 0.354225 0.000000
vt -0.283203 0.357897 0.000000
vt -0.289652 0.362884 0.000000
vt -0.294961 0.368950 0.000000
vt -0.298985 0.375939 0.000000
vt -0.311746 0.387155 0.000000
vt -0.301638 0.384020 0.000000
vt -0.302511 0.392263 0.000000
vt -0.301638 0.400507 0.000000
vt -0.298985 0.408587 0.000000
vt -0.311746 0.425871 0.000000
vt -0.294961 0.415577 0.000000
vt -0.289652 0.421642 0.000000
vt -0.283203 0.426630 0.000000
vt -0.275895 0.430302 0.000000
vt -0.268058 0.432532 0.000000
vt -0.311746 0.464586 0.000000
vt -0.260076 0.433283 0.000000
vt 0.311746 0.443308 0.000000
vt 0.276406 0.433283 0.000000
vt 0.286572 0.432065 0.000000
vt 0.296330 0.428460 0.000000
vt 0.304923 0.422605 0.000000
vt 0.311746 0.414930 0.000000
vt 0.311746 0.471685 0.000000
vt -0.260076 0.481688 0.000000
vt -0.268050 0.482438 0.000000
vt 0.304928 0.492380 0.000000
vt 0.311746 0.500062 0.000000
vt 0.296336 0.486518 0.000000
vt 0.286575 0.482908 0.000000
vt 0.276406 0.481688 0.000000
vt -0.275880 0.484665 0.000000
vt -0.283181 0.488332 0.000000
vt -0.289625 0.493313 0.000000
vt -0.311746 0.503302 0.000000
vt -0.294930 0.499371 0.000000
vt -0.298951 0.506352 0.000000
vt -0.301603 0.514424 0.000000
vt -0.302475 0.522660 0.000000
vt -0.311746 0.542017 0.000000
vt -0.301603 0.530895 0.000000
vt -0.298951 0.538967 0.000000
vt -0.311746 -0.503302 0.000000
vt -0.294930 -0.499371 0.000000
vt -0.298951 -0.506352 0.000000
vt -0.289625 -0.493313 0.000000
vt -0.283181 -0.488332 0.000000
vt -0.311746 -0.464586 0.000000
vt -0.275880 -0.484665 0.000000
vt -0.268050 -0.482438 0.000000
vt -0.260076 -0.481688 0.000000
vt 0.311746 -0.471685 0.000000
vt 0.311746 -0.443308 0.000000
vt 0.276406 -0.481688 0.000000
vt 0.286575 -0.482908 0.000000
vt 0.296336 -0.486518 0.000000
vt 0.304928 -0.492380 0.000000
vt 0.311746 -0.500062 0.000000
vt 0.304923 -0.422605 0.000000
vt 0.311746 -0.414930 0.000000
vt 0.296330 -0.428460 0.000000
vt 0.286572 -0.432065 0.000000
vt 0.276406 -0.433283 0.000000
vt -0.260076 -0.433283 0.000000
vt -0.268058 -0.432532 0.000000
vt -0.311746 -0.425871 0.000000
vt -0.275895 -0.430302 0.000000
vt -0.283203 -0.426630 0.000000
vt -0.289652 -0.421642 0.000000
vt -0.294961 -0.415577 0.000000
vt -0.298985 -0.408587 0.000000
vt -0.301638 -0.400507 0.000000
vt -0.311746 -0.387155 0.000000
vt -0.302511 -0.392263 0.000000
vt -0.301638 -0.384020 0.000000
vt -0.298985 -0.375939 0.000000
vt -0.294961 -0.368950 0.000000
vt -0.311746 -0.348440 0.000000
vt -0.289652 -0.362884 0.000000
vt -0.283203 -0.357897 0.000000
vt -0.275895 -0.354225 0.000000
vt -0.268058 -0.351994 0.000000
vt -0.260076 -0.351243 0.000000
vt 0.276406 -0.351243 0.000000
vt 0.311746 -0.341245 0.000000
vt -0.311746 -0.309724 0.000000
vt 0.311746 -0.312894 0.000000
vt -0.260076 -0.302846 0.000000
vt 0.276406 -0.302846 0.000000
vt 0.286563 -0.301631 0.000000
vt 0.296315 -0.298036 0.000000
vt 0.304910 -0.292198 0.000000
vt 0.311746 -0.284543 0.000000
vt 0.286572 -0.352461 0.000000
vt 0.296330 -0.356067 0.000000
vt 0.304923 -0.361922 0.000000
vt 0.311746 -0.369596 0.000000
vt -0.268077 -0.302092 0.000000
vt -0.275931 -0.299854 0.000000
vt -0.283255 -0.296169 0.000000
vt -0.289716 -0.291166 0.000000
vt -0.295035 -0.285083 0.000000
vt -0.311746 -0.271009 0.000000
vt -0.299065 -0.278075 0.000000
vt -0.301722 -0.269973 0.000000
vt -0.302595 -0.261710 0.000000
vt -0.301722 -0.253447 0.000000
vt -0.311746 -0.232293 0.000000
vt -0.299065 -0.245346 0.000000
vt -0.295035 -0.238337 0.000000
vt -0.289716 -0.232254 0.000000
vt -0.283255 -0.227251 0.000000
vt -0.275931 -0.223566 0.000000
vt -0.268077 -0.221329 0.000000
vt -0.311746 -0.193578 0.000000
vt -0.260076 -0.220575 0.000000
vt 0.311746 -0.210561 0.000000
vt 0.276406 -0.220575 0.000000
vt 0.286563 -0.221789 0.000000
vt 0.296315 -0.225384 0.000000
vt 0.304910 -0.231222 0.000000
vt 0.311746 -0.238878 0.000000
vt 0.311746 -0.182245 0.000000
vt -0.260076 -0.172183 0.000000
vt -0.268095 -0.171427 0.000000
vt 0.304898 -0.161565 0.000000
vt 0.311746 -0.153928 0.000000
vt 0.296301 -0.167387 0.000000
vt 0.286555 -0.170972 0.000000
vt 0.276406 -0.172183 0.000000
vt -0.275967 -0.169181 0.000000
vt -0.283306 -0.165485 0.000000
vt -0.311746 -0.154862 0.000000
vt -0.289779 -0.160467 0.000000
vt -0.295107 -0.154366 0.000000
vt -0.299143 -0.147338 0.000000
vt -0.301803 -0.139217 0.000000
vt -0.302678 -0.130934 0.000000
vt -0.311746 -0.116147 0.000000
vt -0.301803 -0.122651 0.000000
vt -0.299143 -0.114530 0.000000
vt -0.295107 -0.107503 0.000000
vt -0.289779 -0.101402 0.000000
vt -0.283306 -0.096384 0.000000
vt -0.311746 -0.077431 0.000000
vt -0.275967 -0.092687 0.000000
vt -0.268095 -0.090442 0.000000
vt -0.260076 -0.089685 0.000000
vt 0.311746 -0.079647 0.000000
vt 0.311746 -0.051353 0.000000
vt 0.276406 -0.089685 0.000000
vt 0.286555 -0.090896 0.000000
vt 0.296301 -0.094481 0.000000
vt 0.304898 -0.100303 0.000000
vt 0.311746 -0.107940 0.000000
vt 0.304893 -0.030689 0.000000
vt 0.311746 -0.023060 0.000000
vt 0.296295 -0.036505 0.000000
vt 0.286551 -0.040086 0.000000
vt 0.276406 -0.041296 0.000000
vt -0.260076 -0.041296 0.000000
vt -0.311746 -0.038716 0.000000
vt -0.268103 -0.040538 0.000000
vt -0.275982 -0.038289 0.000000
vt -0.283326 -0.034588 0.000000
vt -0.289805 -0.029564 0.000000
vt -0.295136 -0.023456 0.000000
vt -0.299175 -0.016420 0.000000
vt -0.311746 0.000000 0.000000
vt -0.301836 -0.008291 0.000000
vt -0.302711 0.000000 0.000000
vt -0.301836 0.008291 0.000000
vt -0.299175 0.016420 0.000000
vt -0.311746 0.038716 0.000000
vt -0.295136 0.023456 0.000000
vt -0.289805 0.029564 0.000000
vt -0.283326 0.034588 0.000000
vt -0.275982 0.038289 0.000000
vt -0.268103 0.040538 0.000000
vt -0.260076 0.041296 0.000000
vt 0.311746 0.051353 0.000000
vt 0.276406 0.041296 0.000000
vt 0.286551 0.040086 0.000000
vt 0.296295 0.036505 0.000000
vt 0.304893 0.030689 0.000000
vt 0.311746 0.023060 0.000000
vt 0.000000 0.023380 0.000000
vt 0.010252 0.014339 0.000000
vt 0.000000 0.014185 0.000000
vt 0.011382 0.023380 0.000000
vt 0.000000 0.032575 0.000000
vt 0.011382 0.032575 0.000000
vt 0.000000 0.041769 0.000000
vt 0.011382 0.041769 0.000000
vt 0.000000 0.050964 0.000000
vt 0.011382 0.050964 0.000000
vt 0.000000 0.060159 0.000000
vt 0.011382 0.060159 0.000000
vt 0.000000 0.069353 0.000000
vt 0.011382 0.069353 0.000000
vt 0.000000 0.078548 0.000000
vt 0.011382 0.078548 0.000000
vt 0.000000 0.087743 0.000000
vt 0.011382 0.087743 0.000000
vt 0.010252 0.096783 0.000000
vt 0.020650 0.096209 0.000000
vt 0.022763 0.087743 0.000000
vt 0.030970 0.094860 0.000000
vt 0.034145 0.087743 0.000000
vt 0.040929 0.091838 0.000000
vt 0.045526 0.087743 0.000000
vt 0.046448 0.088351 0.000000
vt 0.051465 0.082163 0.000000
vt 0.045526 0.078548 0.000000
vt 0.055391 0.071228 0.000000
vt 0.045526 0.069353 0.000000
vt 0.045526 0.060159 0.000000
vt 0.034145 0.069353 0.000000
vt 0.034145 0.060159 0.000000
vt 0.022763 0.069353 0.000000
vt 0.022763 0.060159 0.000000
vt 0.020650 0.014914 0.000000
vt 0.022763 0.023380 0.000000
vt 0.022763 0.032575 0.000000
vt 0.022763 0.041769 0.000000
vt 0.022763 0.050964 0.000000
vt 0.030970 0.016262 0.000000
vt 0.034145 0.023380 0.000000
vt 0.034145 0.032575 0.000000
vt 0.034145 0.041769 0.000000
vt 0.034145 0.050964 0.000000
vt 0.040929 0.019285 0.000000
vt 0.045526 0.023380 0.000000
vt 0.045526 0.032575 0.000000
vt 0.045526 0.041769 0.000000
vt 0.045526 0.050964 0.000000
vt 0.046448 0.022772 0.000000
vt 0.051465 0.028959 0.000000
vt 0.055391 0.039895 0.000000
vt 0.056908 0.055561 0.000000
vt 0.000000 0.096937 0.000000
vt 0.022763 0.078548 0.000000
vt 0.034145 0.078548 0.000000
vt 0.000000 0.087621 0.000000
vt -0.008048 0.096711 0.000000
vt 0.000000 0.096803 0.000000
vt -0.011414 0.087621 0.000000
vt 0.000000 0.078440 0.000000
vt -0.011414 0.078440 0.000000
vt 0.000000 0.069258 0.000000
vt -0.011414 0.069258 0.000000
vt 0.000000 0.060076 0.000000
vt -0.011414 0.060076 0.000000
vt 0.000000 0.050894 0.000000
vt -0.011414 0.050894 0.000000
vt 0.000000 0.041712 0.000000
vt -0.011414 0.041712 0.000000
vt 0.000000 0.032530 0.000000
vt -0.011414 0.032530 0.000000
vt 0.000000 0.023348 0.000000
vt -0.011414 0.023348 0.000000
vt -0.008048 0.014258 0.000000
vt -0.016220 0.014582 0.000000
vt -0.022828 0.023348 0.000000
vt -0.024395 0.015260 0.000000
vt -0.032477 0.016548 0.000000
vt -0.034242 0.023348 0.000000
vt -0.040303 0.018979 0.000000
vt -0.045657 0.023348 0.000000
vt -0.047711 0.023816 0.000000
vt -0.045657 0.032530 0.000000
vt -0.054242 0.034820 0.000000
vt -0.045657 0.041712 0.000000
vt -0.045657 0.050894 0.000000
vt -0.034242 0.041712 0.000000
vt -0.034242 0.050894 0.000000
vt -0.022828 0.041712 0.000000
vt -0.022828 0.050894 0.000000
vt -0.016220 0.096387 0.000000
vt -0.022828 0.087621 0.000000
vt -0.022828 0.078440 0.000000
vt -0.022828 0.069258 0.000000
vt -0.022828 0.060076 0.000000
vt -0.024395 0.095709 0.000000
vt -0.032477 0.094421 0.000000
vt -0.034242 0.087621 0.000000
vt -0.040303 0.091990 0.000000
vt -0.045657 0.087621 0.000000
vt -0.047711 0.087153 0.000000
vt -0.045657 0.078440 0.000000
vt -0.054242 0.076149 0.000000
vt -0.045657 0.069258 0.000000
vt -0.057071 0.055485 0.000000
vt -0.045657 0.060076 0.000000
vt 0.000000 0.014166 0.000000
vt -0.034242 0.078440 0.000000
vt -0.034242 0.069258 0.000000
vt -0.034242 0.060076 0.000000
vt -0.022828 0.032530 0.000000
vt -0.034242 0.032530 0.000000
vt 0.268241 -0.098733 0.000000
vt -0.268241 -0.087245 0.000000
vt 0.268241 -0.087245 0.000000
vt -0.268241 -0.098733 0.000000
vt 0.268241 -0.110221 0.000000
vt -0.268241 -0.110221 0.000000
vt 0.268241 -0.121709 0.000000
vt -0.268241 -0.121709 0.000000
vt 0.268241 -0.133198 0.000000
vt -0.268241 -0.133198 0.000000
vt 0.268241 -0.144686 0.000000
vt -0.268241 -0.144686 0.000000
vt 0.268241 -0.156174 0.000000
vt -0.268241 -0.156174 0.000000
vt 0.268241 -0.167662 0.000000
vt -0.268241 -0.167662 0.000000
vt 0.268241 -0.179150 0.000000
vt -0.268241 -0.179150 0.000000
vt 0.268241 -0.190638 0.000000
vt -0.268241 -0.190638 0.000000
vt 0.000000 0.023639 0.000000
vt 0.010261 0.014634 0.000000
vt 0.000000 0.014472 0.000000
vt 0.011322 0.023639 0.000000
vt 0.000000 0.032806 0.000000
vt 0.011322 0.032806 0.000000
vt 0.000000 0.041974 0.000000
vt 0.011322 0.041974 0.000000
vt 0.000000 0.051141 0.000000
vt 0.011322 0.051141 0.000000
vt 0.000000 0.060308 0.000000
vt 0.011322 0.060308 0.000000
vt 0.000000 0.069475 0.000000
vt 0.011322 0.069475 0.000000
vt 0.000000 0.078643 0.000000
vt 0.011322 0.078643 0.000000
vt 0.000000 0.087810 0.000000
vt 0.011322 0.087810 0.000000
vt 0.010261 0.096815 0.000000
vt 0.020667 0.096214 0.000000
vt 0.022644 0.087810 0.000000
vt 0.030987 0.094809 0.000000
vt 0.033966 0.087810 0.000000
vt 0.040929 0.091676 0.000000
vt 0.045289 0.087810 0.000000
vt 0.046372 0.088121 0.000000
vt 0.051307 0.081877 0.000000
vt 0.045289 0.078643 0.000000
vt 0.055141 0.071021 0.000000
vt 0.045289 0.069475 0.000000
vt 0.045289 0.060308 0.000000
vt 0.033966 0.069475 0.000000
vt 0.033966 0.060308 0.000000
vt 0.022644 0.069475 0.000000
vt 0.022644 0.060308 0.000000
vt 0.020667 0.015235 0.000000
vt 0.022644 0.023639 0.000000
vt 0.022644 0.032806 0.000000
vt 0.022644 0.041974 0.000000
vt 0.022644 0.051141 0.000000
vt 0.030987 0.016640 0.000000
vt 0.033966 0.023639 0.000000
vt 0.033966 0.032806 0.000000
vt 0.033966 0.041974 0.000000
vt 0.033966 0.051141 0.000000
vt 0.040929 0.019773 0.000000
vt 0.045289 0.023639 0.000000
vt 0.045289 0.032806 0.000000
vt 0.045289 0.041974 0.000000
vt 0.045289 0.051141 0.000000
vt 0.046372 0.023328 0.000000
vt 0.051307 0.029572 0.000000
vt 0.055141 0.040428 0.000000
vt 0.056611 0.055725 0.000000
vt 0.000000 0.096977 0.000000
vt 0.022644 0.078643 0.000000
vt 0.033966 0.078643 0.000000
vt 0.000000 0.087692 0.000000
vt -0.008028 0.096750 0.000000
vt 0.000000 0.096847 0.000000
vt -0.011354 0.087692 0.000000
vt 0.000000 0.078537 0.000000
vt -0.011354 0.078537 0.000000
vt 0.000000 0.069382 0.000000
vt -0.011354 0.069382 0.000000
vt 0.000000 0.060227 0.000000
vt -0.011354 0.060227 0.000000
vt 0.000000 0.051072 0.000000
vt -0.011354 0.051072 0.000000
vt 0.000000 0.041917 0.000000
vt -0.011354 0.041917 0.000000
vt 0.000000 0.032762 0.000000
vt -0.011354 0.032762 0.000000
vt 0.000000 0.023608 0.000000
vt -0.011354 0.023608 0.000000
vt -0.008028 0.014549 0.000000
vt -0.016181 0.014887 0.000000
vt -0.022708 0.023608 0.000000
vt -0.024335 0.015588 0.000000
vt -0.032391 0.016915 0.000000
vt -0.034062 0.023608 0.000000
vt -0.040183 0.019404 0.000000
vt -0.045416 0.023608 0.000000
vt -0.047542 0.024316 0.000000
vt -0.045416 0.032762 0.000000
vt -0.053998 0.035341 0.000000
vt -0.045416 0.041917 0.000000
vt -0.045416 0.051072 0.000000
vt -0.034062 0.041917 0.000000
vt -0.034062 0.051072 0.000000
vt -0.022708 0.041917 0.000000
vt -0.022708 0.051072 0.000000
vt -0.016181 0.096413 0.000000
vt -0.022708 0.087692 0.000000
vt -0.022708 0.078537 0.000000
vt -0.022708 0.069382 0.000000
vt -0.022708 0.060227 0.000000
vt -0.024335 0.095711 0.000000
vt -0.032391 0.094384 0.000000
vt -0.034062 0.087692 0.000000
vt -0.040183 0.091896 0.000000
vt -0.045416 0.087692 0.000000
vt -0.047542 0.086983 0.000000
vt -0.045416 0.078537 0.000000
vt -0.053998 0.075959 0.000000
vt -0.045416 0.069382 0.000000
vt -0.056770 0.055650 0.000000
vt -0.045416 0.060227 0.000000
vt 0.000000 0.014453 0.000000
vt -0.034062 0.078537 0.000000
vt -0.034062 0.069382 0.000000
vt -0.034062 0.060227 0.000000
vt -0.022708 0.032762 0.000000
vt -0.034062 0.032762 0.000000
vt 0.268241 -0.098983 0.000000
vt -0.268241 -0.087558 0.000000
vt 0.268241 -0.087558 0.000000
vt -0.268241 -0.098983 0.000000
vt 0.268241 -0.110408 0.000000
vt -0.268241 -0.110408 0.000000
vt 0.268241 -0.121834 0.000000
vt -0.268241 -0.121834 0.000000
vt 0.268241 -0.133259 0.000000
vt -0.268241 -0.133259 0.000000
vt 0.268241 -0.144684 0.000000
vt -0.268241 -0.144684 0.000000
vt 0.268241 -0.156109 0.000000
vt -0.268241 -0.156109 0.000000
vt 0.268241 -0.167534 0.000000
vt -0.268241 -0.167534 0.000000
vt 0.268241 -0.178960 0.000000
vt -0.268241 -0.178960 0.000000
vt 0.268241 -0.190385 0.000000
vt -0.268241 -0.190385 0.000000
vt 0.000000 0.023794 0.000000
vt 0.010265 0.014804 0.000000
vt 0.000000 0.014639 0.000000
vt 0.011298 0.023794 0.000000
vt 0.000000 0.032950 0.000000
vt 0.011298 0.032950 0.000000
vt 0.000000 0.042106 0.000000
vt 0.011298 0.042106 0.000000
vt 0.000000 0.051262 0.000000
vt 0.011298 0.051262 0.000000
vt 0.000000 0.060417 0.000000
vt 0.011298 0.060417 0.000000
vt 0.000000 0.069573 0.000000
vt 0.011298 0.069573 0.000000
vt 0.000000 0.078729 0.000000
vt 0.011298 0.078729 0.000000
vt 0.000000 0.087885 0.000000
vt 0.011298 0.087885 0.000000
vt 0.010265 0.096875 0.000000
vt 0.020674 0.096263 0.000000
vt 0.022595 0.087885 0.000000
vt 0.030994 0.094834 0.000000
vt 0.033893 0.087885 0.000000
vt 0.040929 0.091655 0.000000
vt 0.045190 0.087885 0.000000
vt 0.046340 0.088073 0.000000
vt 0.051241 0.081806 0.000000
vt 0.045190 0.078729 0.000000
vt 0.055037 0.070986 0.000000
vt 0.045190 0.069573 0.000000
vt 0.045190 0.060417 0.000000
vt 0.033893 0.069573 0.000000
vt 0.033893 0.060417 0.000000
vt 0.022595 0.069573 0.000000
vt 0.022595 0.060417 0.000000
vt 0.020674 0.015416 0.000000
vt 0.022595 0.023794 0.000000
vt 0.022595 0.032950 0.000000
vt 0.022595 0.042106 0.000000
vt 0.022595 0.051262 0.000000
vt 0.030994 0.016845 0.000000
vt 0.033893 0.023794 0.000000
vt 0.033893 0.032950 0.000000
vt 0.033893 0.042106 0.000000
vt 0.033893 0.051262 0.000000
vt 0.040929 0.020024 0.000000
vt 0.045190 0.023794 0.000000
vt 0.045190 0.032950 0.000000
vt 0.045190 0.042106 0.000000
vt 0.045190 0.051262 0.000000
vt 0.046340 0.023606 0.000000
vt 0.051241 0.029873 0.000000
vt 0.055037 0.040693 0.000000
vt 0.056488 0.055839 0.000000
vt 0.000000 0.097040 0.000000
vt 0.022595 0.078729 0.000000
vt 0.033893 0.078729 0.000000
vt 0.000000 0.087768 0.000000
vt -0.008020 0.096813 0.000000
vt 0.000000 0.096912 0.000000
vt -0.011329 0.087768 0.000000
vt 0.000000 0.078625 0.000000
vt -0.011329 0.078625 0.000000
vt 0.000000 0.069481 0.000000
vt -0.011329 0.069481 0.000000
vt 0.000000 0.060337 0.000000
vt -0.011329 0.060337 0.000000
vt 0.000000 0.051194 0.000000
vt -0.011329 0.051194 0.000000
vt 0.000000 0.042050 0.000000
vt -0.011329 0.042050 0.000000
vt 0.000000 0.032906 0.000000
vt -0.011329 0.032906 0.000000
vt 0.000000 0.023763 0.000000
vt -0.011329 0.023763 0.000000
vt -0.008020 0.014718 0.000000
vt -0.016164 0.015060 0.000000
vt -0.022658 0.023763 0.000000
vt -0.024309 0.015772 0.000000
vt -0.032354 0.017115 0.000000
vt -0.033987 0.023763 0.000000
vt -0.040133 0.019627 0.000000
vt -0.045316 0.023763 0.000000
vt -0.047472 0.024570 0.000000
vt -0.045316 0.032906 0.000000
vt -0.053896 0.035601 0.000000
vt -0.045316 0.042050 0.000000
vt -0.045316 0.051194 0.000000
vt -0.033987 0.042050 0.000000
vt -0.033987 0.051194 0.000000
vt -0.022658 0.042050 0.000000
vt -0.022658 0.051194 0.000000
vt -0.016164 0.096471 0.000000
vt -0.022658 0.087768 0.000000
vt -0.022658 0.078625 0.000000
vt -0.022658 0.069481 0.000000
vt -0.022658 0.060337 0.000000
vt -0.024309 0.095759 0.000000
vt -0.032354 0.094416 0.000000
vt -0.033987 0.087768 0.000000
vt -0.040133 0.091904 0.000000
vt -0.045316 0.087768 0.000000
vt -0.047472 0.086961 0.000000
vt -0.045316 0.078625 0.000000
vt -0.053896 0.075930 0.000000
vt -0.045316 0.069481 0.000000
vt -0.056646 0.055765 0.000000
vt -0.045316 0.060337 0.000000
vt 0.000000 0.014619 0.000000
vt -0.033987 0.078625 0.000000
vt -0.033987 0.069481 0.000000
vt -0.033987 0.060337 0.000000
vt -0.022658 0.032906 0.000000
vt -0.033987 0.032906 0.000000
vt 0.268241 -0.099146 0.000000
vt -0.268241 -0.087747 0.000000
vt 0.268241 -0.087747 0.000000
vt -0.268241 -0.099146 0.000000
vt 0.268241 -0.110545 0.000000
vt -0.268241 -0.110545 0.000000
vt 0.268241 -0.121944 0.000000
vt -0.268241 -0.121944 0.000000
vt 0.268241 -0.133343 0.000000
vt -0.268241 -0.133343 0.000000
vt 0.268241 -0.144742 0.000000
vt -0.268241 -0.144742 0.000000
vt 0.268241 -0.156142 0.000000
vt -0.268241 -0.156142 0.000000
vt 0.268241 -0.167541 0.000000
vt -0.268241 -0.167541 0.000000
vt 0.268241 -0.178940 0.000000
vt -0.268241 -0.178940 0.000000
vt 0.268241 -0.190339 0.000000
vt -0.268241 -0.190339 0.000000
vt 0.000000 0.023754 0.000000
vt 0.010261 0.014749 0.000000
vt 0.000000 0.014587 0.000000
vt 0.011322 0.023754 0.000000
vt 0.000000 0.032921 0.000000
vt 0.011322 0.032921 0.000000
vt 0.000000 0.042088 0.000000
vt 0.011322 0.042088 0.000000
vt 0.000000 0.051256 0.000000
vt 0.011322 0.051256 0.000000
vt 0.000000 0.060423 0.000000
vt 0.011322 0.060423 0.000000
vt 0.000000 0.069590 0.000000
vt 0.011322 0.069590 0.000000
vt 0.000000 0.078757 0.000000
vt 0.011322 0.078757 0.000000
vt 0.000000 0.087924 0.000000
vt 0.011322 0.087924 0.000000
vt 0.010261 0.096930 0.000000
vt 0.020667 0.096328 0.000000
vt 0.022644 0.087924 0.000000
vt 0.030987 0.094923 0.000000
vt 0.033966 0.087924 0.000000
vt 0.040929 0.091790 0.000000
vt 0.045289 0.087924 0.000000
vt 0.046372 0.088236 0.000000
vt 0.051307 0.081991 0.000000
vt 0.045289 0.078757 0.000000
vt 0.055141 0.071136 0.000000
vt 0.045289 0.069590 0.000000
vt 0.045289 0.060423 0.000000
vt 0.033966 0.069590 0.000000
vt 0.033966 0.060423 0.000000
vt 0.022644 0.069590 0.000000
vt 0.022644 0.060423 0.000000
vt 0.020667 0.015350 0.000000
vt 0.022644 0.023754 0.000000
vt 0.022644 0.032921 0.000000
vt 0.022644 0.042088 0.000000
vt 0.022644 0.051256 0.000000
vt 0.030987 0.016755 0.000000
vt 0.033966 0.023754 0.000000
vt 0.033966 0.032921 0.000000
vt 0.033966 0.042088 0.000000
vt 0.033966 0.051256 0.000000
vt 0.040929 0.019888 0.000000
vt 0.045289 0.023754 0.000000
vt 0.045289 0.032921 0.000000
vt 0.045289 0.042088 0.000000
vt 0.045289 0.051256 0.000000
vt 0.046372 0.023443 0.000000
vt 0.051307 0.029687 0.000000
vt 0.055141 0.040542 0.000000
vt 0.056611 0.055839 0.000000
vt 0.000000 0.097092 0.000000
vt 0.022644 0.078757 0.000000
vt 0.033966 0.078757 0.000000
vt 0.000000 0.087806 0.000000
vt -0.008028 0.096865 0.000000
vt 0.000000 0.096961 0.000000
vt -0.011354 0.087806 0.000000
vt 0.000000 0.078652 0.000000
vt -0.011354 0.078652 0.000000
vt 0.000000 0.069497 0.000000
vt -0.011354 0.069497 0.000000
vt 0.000000 0.060342 0.000000
vt -0.011354 0.060342 0.000000
vt 0.000000 0.051187 0.000000
vt -0.011354 0.051187 0.000000
vt 0.000000 0.042032 0.000000
vt -0.011354 0.042032 0.000000
vt 0.000000 0.032877 0.000000
vt -0.011354 0.032877 0.000000
vt 0.000000 0.023722 0.000000
vt -0.011354 0.023722 0.000000
vt -0.008028 0.014664 0.000000
vt -0.016181 0.015001 0.000000
vt -0.022708 0.023722 0.000000
vt -0.024335 0.015703 0.000000
vt -0.032391 0.017030 0.000000
vt -0.034062 0.023722 0.000000
vt -0.040183 0.019518 0.000000
vt -0.045416 0.023722 0.000000
vt -0.047542 0.024431 0.000000
vt -0.045416 0.032877 0.000000
vt -0.053998 0.035455 0.000000
vt -0.045416 0.042032 0.000000
vt -0.045416 0.051187 0.000000
vt -0.034062 0.042032 0.000000
vt -0.034062 0.051187 0.000000
vt -0.022708 0.042032 0.000000
vt -0.022708 0.051187 0.000000
vt -0.016181 0.096527 0.000000
vt -0.022708 0.087806 0.000000
vt -0.022708 0.078652 0.000000
vt -0.022708 0.069497 0.000000
vt -0.022708 0.060342 0.000000
vt -0.024335 0.095826 0.000000
vt -0.032391 0.094499 0.000000
vt -0.034062 0.087806 0.000000
vt -0.040183 0.092010 0.000000
vt -0.045416 0.087806 0.000000
vt -0.047542 0.087098 0.000000
vt -0.045416 0.078652 0.000000
vt -0.053998 0.076073 0.000000
vt -0.045416 0.069497 0.000000
vt -0.056770 0.055764 0.000000
vt -0.045416 0.060342 0.000000
vt 0.000000 0.014567 0.000000
vt -0.034062 0.078652 0.000000
vt -0.034062 0.069497 0.000000
vt -0.034062 0.060342 0.000000
vt -0.022708 0.032877 0.000000
vt -0.034062 0.032877 0.000000
vt 0.268241 -0.099126 0.000000
vt -0.268241 -0.087701 0.000000
vt 0.268241 -0.087701 0.000000
vt -0.268241 -0.099126 0.000000
vt 0.268241 -0.110551 0.000000
vt -0.268241 -0.110551 0.000000
vt 0.268241 -0.121976 0.000000
vt -0.268241 -0.121976 0.000000
vt 0.268241 -0.133402 0.000000
vt -0.268241 -0.133402 0.000000
vt 0.268241 -0.144827 0.000000
vt -0.268241 -0.144827 0.000000
vt 0.268241 -0.156252 0.000000
vt -0.268241 -0.156252 0.000000
vt 0.268241 -0.167677 0.000000
vt -0.268241 -0.167677 0.000000
vt 0.268241 -0.179102 0.000000
vt -0.268241 -0.179102 0.000000
vt 0.268241 -0.190528 0.000000
vt -0.268241 -0.190528 0.000000
vt 0.000000 0.023542 0.000000
vt 0.010252 0.014501 0.000000
vt 0.000000 0.014347 0.000000
vt 0.011382 0.023542 0.000000
vt 0.000000 0.032737 0.000000
vt 0.011382 0.032737 0.000000
vt 0.000000 0.041931 0.000000
vt 0.011382 0.041931 0.000000
vt 0.000000 0.051126 0.000000
vt 0.011382 0.051126 0.000000
vt 0.000000 0.060321 0.000000
vt 0.011382 0.060321 0.000000
vt 0.000000 0.069515 0.000000
vt 0.011382 0.069515 0.000000
vt 0.000000 0.078710 0.000000
vt 0.011382 0.078710 0.000000
vt 0.000000 0.087905 0.000000
vt 0.011382 0.087905 0.000000
vt 0.010252 0.096945 0.000000
vt 0.020650 0.096371 0.000000
vt 0.022763 0.087905 0.000000
vt 0.030970 0.095022 0.000000
vt 0.034145 0.087905 0.000000
vt 0.040929 0.092000 0.000000
vt 0.045526 0.087905 0.000000
vt 0.046448 0.088512 0.000000
vt 0.051465 0.082325 0.000000
vt 0.045526 0.078710 0.000000
vt 0.055391 0.071390 0.000000
vt 0.045526 0.069515 0.000000
vt 0.045526 0.060321 0.000000
vt 0.034145 0.069515 0.000000
vt 0.034145 0.060321 0.000000
vt 0.022763 0.069515 0.000000
vt 0.022763 0.060321 0.000000
vt 0.020650 0.015076 0.000000
vt 0.022763 0.023542 0.000000
vt 0.022763 0.032737 0.000000
vt 0.022763 0.041931 0.000000
vt 0.022763 0.051126 0.000000
vt 0.030970 0.016424 0.000000
vt 0.034145 0.023542 0.000000
vt 0.034145 0.032737 0.000000
vt 0.034145 0.041931 0.000000
vt 0.034145 0.051126 0.000000
vt 0.040929 0.019446 0.000000
vt 0.045526 0.023542 0.000000
vt 0.045526 0.032737 0.000000
vt 0.045526 0.041931 0.000000
vt 0.045526 0.051126 0.000000
vt 0.046448 0.022934 0.000000
vt 0.051465 0.029121 0.000000
vt 0.055391 0.040056 0.000000
vt 0.056908 0.055723 0.000000
vt 0.000000 0.097099 0.000000
vt 0.022763 0.078710 0.000000
vt 0.034145 0.078710 0.000000
vt 0.000000 0.087783 0.000000
vt -0.008048 0.096873 0.000000
vt 0.000000 0.096965 0.000000
vt -0.011414 0.087783 0.000000
vt 0.000000 0.078601 0.000000
vt -0.011414 0.078601 0.000000
vt 0.000000 0.069419 0.000000
vt -0.011414 0.069419 0.000000
vt 0.000000 0.060237 0.000000
vt -0.011414 0.060237 0.000000
vt 0.000000 0.051055 0.000000
vt -0.011414 0.051055 0.000000
vt 0.000000 0.041873 0.000000
vt -0.011414 0.041873 0.000000
vt 0.000000 0.032691 0.000000
vt -0.011414 0.032691 0.000000
vt 0.000000 0.023509 0.000000
vt -0.011414 0.023509 0.000000
vt -0.008048 0.014420 0.000000
vt -0.016220 0.014744 0.000000
vt -0.022828 0.023509 0.000000
vt -0.024395 0.015421 0.000000
vt -0.032477 0.016710 0.000000
vt -0.034242 0.023509 0.000000
vt -0.040303 0.019141 0.000000
vt -0.045657 0.023509 0.000000
vt -0.047711 0.023978 0.000000
vt -0.045657 0.032691 0.000000
vt -0.054242 0.034982 0.000000
vt -0.045657 0.041873 0.000000
vt -0.045657 0.051055 0.000000
vt -0.034242 0.041873 0.000000
vt -0.034242 0.051055 0.000000
vt -0.022828 0.041873 0.000000
vt -0.022828 0.051055 0.000000
vt -0.016220 0.096548 0.000000
vt -0.022828 0.087783 0.000000
vt -0.022828 0.078601 0.000000
vt -0.022828 0.069419 0.000000
vt -0.022828 0.060237 0.000000
vt -0.024395 0.095871 0.000000
vt -0.032477 0.094583 0.000000
vt -0.034242 0.087783 0.000000
vt -0.040303 0.092152 0.000000
vt -0.045657 0.087783 0.000000
vt -0.047711 0.087315 0.000000
vt -0.045657 0.078601 0.000000
vt -0.054242 0.076311 0.000000
vt -0.045657 0.069419 0.000000
vt -0.057071 0.055646 0.000000
vt -0.045657 0.060237 0.000000
vt 0.000000 0.014327 0.000000
vt -0.034242 0.078601 0.000000
vt -0.034242 0.069419 0.000000
vt -0.034242 0.060237 0.000000
vt -0.022828 0.032691 0.000000
vt -0.034242 0.032691 0.000000
vt 0.268241 -0.098935 0.000000
vt -0.268241 -0.087447 0.000000
vt 0.268241 -0.087447 0.000000
vt -0.268241 -0.098935 0.000000
vt 0.268241 -0.110424 0.000000
vt -0.268241 -0.110424 0.000000
vt 0.268241 -0.121912 0.000000
vt -0.268241 -0.121912 0.000000
vt 0.268241 -0.133400 0.000000
vt -0.268241 -0.133400 0.000000
vt 0.268241 -0.144888 0.000000
vt -0.268241 -0.144888 0.000000
vt 0.268241 -0.156376 0.000000
vt -0.268241 -0.156376 0.000000
vt 0.268241 -0.167864 0.000000
vt -0.268241 -0.167864 0.000000
vt 0.268241 -0.179353 0.000000
vt -0.268241 -0.179353 0.000000
vt 0.268241 -0.190841 0.000000
vt -0.268241 -0.190841 0.000000
vt 0.000000 0.023283 0.000000
vt 0.010244 0.014207 0.000000
vt 0.000000 0.014061 0.000000
vt 0.011441 0.023283 0.000000
vt 0.000000 0.032505 0.000000
vt 0.011441 0.032505 0.000000
vt 0.000000 0.041727 0.000000
vt 0.011441 0.041727 0.000000
vt 0.000000 0.050948 0.000000
vt 0.011441 0.050948 0.000000
vt 0.000000 0.060170 0.000000
vt 0.011441 0.060170 0.000000
vt 0.000000 0.069392 0.000000
vt 0.011441 0.069392 0.000000
vt 0.000000 0.078614 0.000000
vt 0.011441 0.078614 0.000000
vt 0.000000 0.087836 0.000000
vt 0.011441 0.087836 0.000000
vt 0.010244 0.096911 0.000000
vt 0.020635 0.096363 0.000000
vt 0.022882 0.087836 0.000000
vt 0.030954 0.095070 0.000000
vt 0.034323 0.087836 0.000000
vt 0.040929 0.092157 0.000000
vt 0.045764 0.087836 0.000000
vt 0.046522 0.088739 0.000000
vt 0.051621 0.082615 0.000000
vt 0.045764 0.078614 0.000000
vt 0.055641 0.071606 0.000000
vt 0.045764 0.069392 0.000000
vt 0.045764 0.060170 0.000000
vt 0.034323 0.069392 0.000000
vt 0.034323 0.060170 0.000000
vt 0.022882 0.069392 0.000000
vt 0.022882 0.060170 0.000000
vt 0.020635 0.014756 0.000000
vt 0.022882 0.023283 0.000000
vt 0.022882 0.032505 0.000000
vt 0.022882 0.041727 0.000000
vt 0.022882 0.050948 0.000000
vt 0.030954 0.016048 0.000000
vt 0.034323 0.023283 0.000000
vt 0.034323 0.032505 0.000000
vt 0.034323 0.041727 0.000000
vt 0.034323 0.050948 0.000000
vt 0.040929 0.018961 0.000000
vt 0.045764 0.023283 0.000000
vt 0.045764 0.032505 0.000000
vt 0.045764 0.041727 0.000000
vt 0.045764 0.050948 0.000000
vt 0.046522 0.022379 0.000000
vt 0.051621 0.028504 0.000000
vt 0.055641 0.039512 0.000000
vt 0.057205 0.055559 0.000000
vt 0.000000 0.097057 0.000000
vt 0.022882 0.078614 0.000000
vt 0.034323 0.078614 0.000000
vt 0.000000 0.087711 0.000000
vt -0.008066 0.096831 0.000000
vt 0.000000 0.096920 0.000000
vt -0.011474 0.087711 0.000000
vt 0.000000 0.078502 0.000000
vt -0.011474 0.078502 0.000000
vt 0.000000 0.069293 0.000000
vt -0.011474 0.069293 0.000000
vt 0.000000 0.060085 0.000000
vt -0.011474 0.060085 0.000000
vt 0.000000 0.050876 0.000000
vt -0.011474 0.050876 0.000000
vt 0.000000 0.041667 0.000000
vt -0.011474 0.041667 0.000000
vt 0.000000 0.032459 0.000000
vt -0.011474 0.032459 0.000000
vt 0.000000 0.023250 0.000000
vt -0.011474 0.023250 0.000000
vt -0.008066 0.014130 0.000000
vt -0.016258 0.014441 0.000000
vt -0.022948 0.023250 0.000000
vt -0.024455 0.015094 0.000000
vt -0.032562 0.016343 0.000000
vt -0.034423 0.023250 0.000000
vt -0.040420 0.018715 0.000000
vt -0.045897 0.023250 0.000000
vt -0.047876 0.023474 0.000000
vt -0.045897 0.032459 0.000000
vt -0.054485 0.034450 0.000000
vt -0.045897 0.041667 0.000000
vt -0.045897 0.050876 0.000000
vt -0.034423 0.041667 0.000000
vt -0.034423 0.050876 0.000000
vt -0.022948 0.041667 0.000000
vt -0.022948 0.050876 0.000000
vt -0.016258 0.096520 0.000000
vt -0.022948 0.087711 0.000000
vt -0.022948 0.078502 0.000000
vt -0.022948 0.069293 0.000000
vt -0.022948 0.060085 0.000000
vt -0.024455 0.095867 0.000000
vt -0.032562 0.094618 0.000000
vt -0.034423 0.087711 0.000000
vt -0.040420 0.092246 0.000000
vt -0.045897 0.087711 0.000000
vt -0.047876 0.087487 0.000000
vt -0.045897 0.078502 0.000000
vt -0.054485 0.076511 0.000000
vt -0.045897 0.069293 0.000000
vt -0.057371 0.055480 0.000000
vt -0.045897 0.060085 0.000000
vt 0.000000 0.014041 0.000000
vt -0.034423 0.078502 0.000000
vt -0.034423 0.069293 0.000000
vt -0.034423 0.060085 0.000000
vt -0.022948 0.032459 0.000000
vt -0.034423 0.032459 0.000000
vt 0.268241 -0.098686 0.000000
vt -0.268241 -0.087134 0.000000
vt 0.268241 -0.087134 0.000000
vt -0.268241 -0.098686 0.000000
vt 0.268241 -0.110237 0.000000
vt -0.268241 -0.110237 0.000000
vt 0.268241 -0.121788 0.000000
vt -0.268241 -0.121788 0.000000
vt 0.268241 -0.133339 0.000000
vt -0.268241 -0.133339 0.000000
vt 0.268241 -0.144890 0.000000
vt -0.268241 -0.144890 0.000000
vt 0.268241 -0.156441 0.000000
vt -0.268241 -0.156441 0.000000
vt 0.268241 -0.167992 0.000000
vt -0.268241 -0.167992 0.000000
vt 0.268241 -0.179543 0.000000
vt -0.268241 -0.179543 0.000000
vt 0.268241 -0.191095 0.000000
vt -0.268241 -0.191095 0.000000
vt 0.000000 0.087633 0.000000
vt -0.008074 0.096766 0.000000
vt 0.000000 0.096853 0.000000
vt -0.011499 0.087633 0.000000
vt 0.000000 0.078413 0.000000
vt -0.011499 0.078413 0.000000
vt 0.000000 0.069194 0.000000
vt -0.011499 0.069194 0.000000
vt 0.000000 0.059974 0.000000
vt -0.011499 0.059974 0.000000
vt 0.000000 0.050754 0.000000
vt -0.011499 0.050754 0.000000
vt 0.000000 0.041535 0.000000
vt -0.011499 0.041535 0.000000
vt 0.000000 0.032315 0.000000
vt -0.011499 0.032315 0.000000
vt 0.000000 0.023095 0.000000
vt -0.011499 0.023095 0.000000
vt -0.008074 0.013962 0.000000
vt -0.016273 0.014268 0.000000
vt -0.022998 0.023095 0.000000
vt -0.024479 0.014911 0.000000
vt -0.032597 0.016144 0.000000
vt -0.034497 0.023095 0.000000
vt -0.040468 0.018491 0.000000
vt -0.045997 0.023095 0.000000
vt -0.047944 0.023216 0.000000
vt -0.045997 0.032315 0.000000
vt -0.054585 0.034179 0.000000
vt -0.045997 0.041535 0.000000
vt -0.045997 0.050754 0.000000
vt -0.034497 0.041535 0.000000
vt -0.034497 0.050754 0.000000
vt -0.022998 0.041535 0.000000
vt -0.022998 0.050754 0.000000
vt -0.016273 0.096461 0.000000
vt -0.022998 0.087633 0.000000
vt -0.022998 0.078413 0.000000
vt -0.022998 0.069194 0.000000
vt -0.022998 0.059974 0.000000
vt -0.024479 0.095818 0.000000
vt -0.032597 0.094585 0.000000
vt -0.034497 0.087633 0.000000
vt -0.040468 0.092237 0.000000
vt -0.045997 0.087633 0.000000
vt -0.047944 0.087512 0.000000
vt -0.045997 0.078413 0.000000
vt -0.054585 0.076549 0.000000
vt -0.045997 0.069194 0.000000
vt -0.057496 0.055364 0.000000
vt -0.045997 0.059974 0.000000
vt 0.000000 0.013876 0.000000
vt -0.034497 0.078413 0.000000
vt -0.034497 0.069194 0.000000
vt -0.034497 0.059974 0.000000
vt -0.022998 0.032315 0.000000
vt -0.034497 0.032315 0.000000
vt 0.000000 0.023129 0.000000
vt 0.010240 0.014039 0.000000
vt 0.000000 0.013896 0.000000
vt 0.011466 0.023129 0.000000
vt 0.000000 0.032362 0.000000
vt 0.011466 0.032362 0.000000
vt 0.000000 0.041594 0.000000
vt 0.011466 0.041594 0.000000
vt 0.000000 0.050827 0.000000
vt 0.011466 0.050827 0.000000
vt 0.000000 0.060060 0.000000
vt 0.011466 0.060060 0.000000
vt 0.011466 0.069293 0.000000
vt 0.000000 0.078526 0.000000
vt 0.011466 0.078526 0.000000
vt 0.000000 0.087759 0.000000
vt 0.011466 0.087759 0.000000
vt 0.010240 0.096849 0.000000
vt 0.020629 0.096311 0.000000
vt 0.022931 0.087759 0.000000
vt 0.030948 0.095042 0.000000
vt 0.034397 0.087759 0.000000
vt 0.040929 0.092174 0.000000
vt 0.045862 0.087759 0.000000
vt 0.046553 0.088785 0.000000
vt 0.051685 0.082688 0.000000
vt 0.045862 0.078526 0.000000
vt 0.055743 0.071651 0.000000
vt 0.045862 0.069293 0.000000
vt 0.045862 0.060060 0.000000
vt 0.034397 0.069293 0.000000
vt 0.034397 0.060060 0.000000
vt 0.022931 0.069293 0.000000
vt 0.022931 0.060060 0.000000
vt 0.020629 0.014576 0.000000
vt 0.022931 0.023129 0.000000
vt 0.022931 0.032362 0.000000
vt 0.022931 0.041594 0.000000
vt 0.022931 0.050827 0.000000
vt 0.030948 0.015846 0.000000
vt 0.034397 0.023129 0.000000
vt 0.034397 0.032362 0.000000
vt 0.034397 0.041594 0.000000
vt 0.034397 0.050827 0.000000
vt 0.040929 0.018714 0.000000
vt 0.045862 0.023129 0.000000
vt 0.045862 0.032362 0.000000
vt 0.045862 0.041594 0.000000
vt 0.045862 0.050827 0.000000
vt 0.046553 0.022102 0.000000
vt 0.051685 0.028200 0.000000
vt 0.055743 0.039236 0.000000
vt 0.057328 0.055444 0.000000
vt 0.000000 0.096992 0.000000
vt 0.022931 0.078526 0.000000
vt 0.034397 0.078526 0.000000
vt 0.268241 -0.098523 0.000000
vt -0.268241 -0.086945 0.000000
vt 0.268241 -0.086945 0.000000
vt -0.268241 -0.098523 0.000000
vt 0.268241 -0.110100 0.000000
vt -0.268241 -0.110100 0.000000
vt 0.268241 -0.121677 0.000000
vt -0.268241 -0.121677 0.000000
vt 0.268241 -0.133254 0.000000
vt -0.268241 -0.133254 0.000000
vt 0.268241 -0.144831 0.000000
vt -0.268241 -0.144831 0.000000
vt 0.268241 -0.156409 0.000000
vt -0.268241 -0.156409 0.000000
vt 0.268241 -0.167986 0.000000
vt -0.268241 -0.167986 0.000000
vt 0.268241 -0.179563 0.000000
vt -0.268241 -0.179563 0.000000
vt 0.268241 -0.191140 0.000000
vt -0.268241 -0.191140 0.000000
vt -0.053156 0.000000 0.000000
vt 0.053156 0.000000 0.000000
vt 0.053156 -0.022402 0.000000
vt 0.053156 0.022402 0.000000
vt -0.053156 0.024269 0.000000
vt 0.053156 0.044804 0.000000
vt -0.053156 0.048537 0.000000
vt 0.053156 0.067205 0.000000
vt -0.053156 0.072806 0.000000
vt 0.053156 0.089607 0.000000
vt -0.053156 0.097074 0.000000
vt 0.053156 0.112009 0.000000
vt -0.053156 0.121343 0.000000
vt 0.053156 0.134411 0.000000
vt -0.053156 0.145612 0.000000
vt 0.053156 0.156812 0.000000
vt -0.053156 0.169880 0.000000
vt 0.053156 0.179214 0.000000
vt -0.053156 0.194149 0.000000
vt 0.053156 0.201616 0.000000
vt -0.053156 0.218417 0.000000
vt 0.053156 0.224018 0.000000
vt -0.053156 0.242686 0.000000
vt 0.053156 0.246420 0.000000
vt -0.053156 0.266954 0.000000
vt 0.053156 0.268821 0.000000
vt -0.053156 0.291223 0.000000
vt 0.053156 0.291223 0.000000
vt 0.053156 -0.268821 0.000000
vt 0.053156 -0.291223 0.000000
vt -0.053156 -0.291223 0.000000
vt -0.053156 -0.266954 0.000000
vt 0.053156 -0.246420 0.000000
vt -0.053156 -0.242686 0.000000
vt 0.053156 -0.224018 0.000000
vt -0.053156 -0.218417 0.000000
vt 0.053156 -0.201616 0.000000
vt -0.053156 -0.194149 0.000000
vt 0.053156 -0.179214 0.000000
vt -0.053156 -0.169880 0.000000
vt 0.053156 -0.156812 0.000000
vt -0.053156 -0.145612 0.000000
vt 0.053156 -0.134411 0.000000
vt -0.053156 -0.121343 0.000000
vt 0.053156 -0.112009 0.000000
vt -0.053156 -0.097074 0.000000
vt 0.053156 -0.089607 0.000000
vt -0.053156 -0.072806 0.000000
vt 0.053156 -0.067205 0.000000
vt -0.053156 -0.048537 0.000000
vt 0.053156 -0.044804 0.000000
vt -0.053156 -0.024269 0.000000
vt 0.010235 0.038197 0.000000
vt -0.010235 0.038197 0.000000
vt 0.000000 0.039544 0.000000
vt 0.019772 0.034246 0.000000
vt -0.019772 0.034246 0.000000
vt 0.027962 0.027962 0.000000
vt -0.027962 0.027962 0.000000
vt 0.034246 0.019772 0.000000
vt -0.034246 0.019772 0.000000
vt 0.038197 0.010235 0.000000
vt -0.038197 0.010235 0.000000
vt 0.039544 0.000000 0.000000
vt -0.039544 0.000000 0.000000
vt 0.038197 -0.010235 0.000000
vt -0.038197 -0.010235 0.000000
vt 0.034246 -0.019772 0.000000
vt -0.034246 -0.019772 0.000000
vt 0.027962 -0.027962 0.000000
vt -0.027962 -0.027962 0.000000
vt 0.019772 -0.034246 0.000000
vt -0.019772 -0.034246 0.000000
vt 0.010235 -0.038197 0.000000
vt -0.010235 -0.038197 0.000000
vt 0.000000 -0.039544 0.000000
vt 0.000000 0.293063 0.000000
vt 0.037036 0.286891 0.000000
vt 0.003070 0.289377 0.000000
vt 0.037036 0.314214 0.000000
vt 0.000000 0.313047 0.000000
vt 0.000000 0.333031 0.000000
vt 0.037036 0.341537 0.000000
vt 0.000000 0.353015 0.000000
vt 0.003033 0.356676 0.000000
vt 0.005232 0.360672 0.000000
vt 0.037036 0.368860 0.000000
vt 0.006640 0.364933 0.000000
vt 0.007136 0.369129 0.000000
vt 0.006640 -0.364396 0.000000
vt 0.037036 -0.368860 0.000000
vt 0.007136 -0.368592 0.000000
vt 0.005232 -0.360135 0.000000
vt 0.003033 -0.356139 0.000000
vt 0.037036 -0.341537 0.000000
vt 0.000000 -0.352478 0.000000
vt 0.000000 -0.332470 0.000000
vt 0.037036 -0.314214 0.000000
vt 0.000000 -0.312461 0.000000
vt 0.000000 -0.292453 0.000000
vt 0.037036 -0.286891 0.000000
vt 0.002994 -0.288819 0.000000
vt 0.005169 -0.284848 0.000000
vt 0.006561 -0.280619 0.000000
vt 0.007051 -0.276456 0.000000
vt 0.006561 -0.272292 0.000000
vt 0.037036 -0.259568 0.000000
vt 0.005169 -0.268063 0.000000
vt 0.002994 -0.264093 0.000000
vt 0.000000 -0.260459 0.000000
vt 0.000000 -0.240432 0.000000
vt 0.037036 -0.232245 0.000000
vt 0.000000 -0.220405 0.000000
vt 0.037036 -0.204922 0.000000
vt 0.000000 -0.200378 0.000000
vt 0.002978 -0.196755 0.000000
vt 0.005143 -0.192796 0.000000
vt 0.006528 -0.188580 0.000000
vt 0.037036 -0.177599 0.000000
vt 0.007016 -0.184430 0.000000
vt 0.006528 -0.180280 0.000000
vt 0.005143 -0.176065 0.000000
vt 0.002978 -0.172105 0.000000
vt 0.000000 -0.168482 0.000000
vt 0.037036 -0.150276 0.000000
vt 0.000000 -0.148455 0.000000
vt 0.000000 -0.128428 0.000000
vt 0.037036 -0.122953 0.000000
vt 0.000000 -0.108401 0.000000
vt 0.002994 -0.104767 0.000000
vt 0.037036 -0.095630 0.000000
vt 0.005169 -0.100797 0.000000
vt 0.006561 -0.096568 0.000000
vt 0.007051 -0.092405 0.000000
vt 0.006561 -0.088241 0.000000
vt 0.005169 -0.084012 0.000000
vt 0.037036 -0.068307 0.000000
vt 0.002994 -0.080042 0.000000
vt 0.000000 -0.076408 0.000000
vt 0.000000 -0.056399 0.000000
vt 0.037036 -0.040984 0.000000
vt 0.000000 -0.036391 0.000000
vt 0.037036 -0.013661 0.000000
vt 0.000000 -0.016382 0.000000
vt 0.003033 -0.012721 0.000000
vt 0.005232 -0.008725 0.000000
vt 0.006640 -0.004464 0.000000
vt 0.007136 -0.000268 0.000000
vt 0.037036 0.013661 0.000000
vt 0.006640 0.003928 0.000000
vt 0.005232 0.008188 0.000000
vt 0.003033 0.012185 0.000000
vt 0.000000 0.015845 0.000000
vt 0.000000 0.035829 0.000000
vt 0.037036 0.040984 0.000000
vt 0.000000 0.055813 0.000000
vt 0.037036 0.068307 0.000000
vt 0.000000 0.075797 0.000000
vt 0.003070 0.079484 0.000000
vt 0.005293 0.083506 0.000000
vt 0.006717 0.087797 0.000000
vt 0.037036 0.095630 0.000000
vt 0.007218 0.092025 0.000000
vt 0.006717 0.096253 0.000000
vt 0.005293 0.100545 0.000000
vt 0.003070 0.104566 0.000000
vt 0.000000 0.108253 0.000000
vt 0.037036 0.122953 0.000000
vt 0.000000 0.128221 0.000000
vt 0.037036 0.150276 0.000000
vt 0.000000 0.148188 0.000000
vt 0.000000 0.168156 0.000000
vt 0.003085 0.171853 0.000000
vt 0.037036 0.177599 0.000000
vt 0.005318 0.175885 0.000000
vt 0.006748 0.180190 0.000000
vt 0.007252 0.184430 0.000000
vt 0.006748 0.188671 0.000000
vt 0.037036 0.204922 0.000000
vt 0.005318 0.192975 0.000000
vt 0.003085 0.197007 0.000000
vt 0.000000 0.200705 0.000000
vt 0.000000 0.220672 0.000000
vt 0.037036 0.232245 0.000000
vt 0.000000 0.240640 0.000000
vt 0.037036 0.259568 0.000000
vt 0.000000 0.260607 0.000000
vt 0.003070 0.264294 0.000000
vt 0.005293 0.268316 0.000000
vt 0.006717 0.272608 0.000000
vt 0.007218 0.276835 0.000000
vt 0.006717 0.281063 0.000000
vt 0.005293 0.285355 0.000000
vt 0.222218 -0.341537 0.000000
vt 0.259255 -0.368860 0.000000
vt 0.222218 -0.368860 0.000000
vt 0.222218 -0.314214 0.000000
vt 0.259255 -0.341537 0.000000
vt 0.222218 -0.286891 0.000000
vt 0.259255 -0.314214 0.000000
vt 0.222218 -0.259568 0.000000
vt 0.259255 -0.286891 0.000000
vt 0.222218 -0.232245 0.000000
vt 0.259255 -0.259568 0.000000
vt 0.222218 -0.204922 0.000000
vt 0.259255 -0.232245 0.000000
vt 0.222218 -0.177599 0.000000
vt 0.259255 -0.204922 0.000000
vt 0.222218 -0.150276 0.000000
vt 0.259255 -0.177599 0.000000
vt 0.222218 -0.122953 0.000000
vt 0.259255 -0.150276 0.000000
vt 0.222218 -0.068307 0.000000
vt 0.259255 -0.095630 0.000000
vt 0.222218 -0.095630 0.000000
vt 0.222218 -0.040984 0.000000
vt 0.259255 -0.068307 0.000000
vt 0.222218 -0.013661 0.000000
vt 0.259255 -0.040984 0.000000
vt 0.222218 0.013661 0.000000
vt 0.259255 -0.013661 0.000000
vt 0.222218 0.040984 0.000000
vt 0.259255 0.013661 0.000000
vt 0.222218 0.068307 0.000000
vt 0.259255 0.040984 0.000000
vt 0.222218 0.095630 0.000000
vt 0.259255 0.068307 0.000000
vt 0.222218 0.122953 0.000000
vt 0.259255 0.095630 0.000000
vt 0.222218 0.177599 0.000000
vt 0.259255 0.150276 0.000000
vt 0.222218 0.150276 0.000000
vt 0.222218 0.204922 0.000000
vt 0.259255 0.177599 0.000000
vt 0.222218 0.232245 0.000000
vt 0.259255 0.204922 0.000000
vt 0.222218 0.259568 0.000000
vt 0.259255 0.232245 0.000000
vt 0.222218 0.286891 0.000000
vt 0.259255 0.259568 0.000000
vt 0.222218 0.314214 0.000000
vt 0.259255 0.286891 0.000000
vt 0.222218 0.341537 0.000000
vt 0.259255 0.314214 0.000000
vt 0.222218 0.368860 0.000000
vt 0.259255 0.341537 0.000000
vt 0.074073 -0.368860 0.000000
vt 0.074073 -0.341537 0.000000
vt 0.074073 -0.314214 0.000000
vt 0.074073 -0.286891 0.000000
vt 0.074073 -0.259568 0.000000
vt 0.074073 -0.232245 0.000000
vt 0.074073 -0.204922 0.000000
vt 0.074073 -0.177599 0.000000
vt 0.074073 -0.150276 0.000000
vt 0.074073 -0.122953 0.000000
vt 0.074073 -0.095630 0.000000
vt 0.074073 -0.068307 0.000000
vt 0.074073 -0.040984 0.000000
vt 0.074073 -0.013661 0.000000
vt 0.074073 0.013661 0.000000
vt 0.074073 0.040984 0.000000
vt 0.074073 0.068307 0.000000
vt 0.074073 0.095630 0.000000
vt 0.074073 0.122953 0.000000
vt 0.074073 0.150276 0.000000
vt 0.074073 0.177599 0.000000
vt 0.074073 0.204922 0.000000
vt 0.074073 0.232245 0.000000
vt 0.074073 0.259568 0.000000
vt 0.074073 0.286891 0.000000
vt 0.074073 0.314214 0.000000
vt 0.074073 0.341537 0.000000
vt 0.074073 0.368860 0.000000
vt 0.111109 -0.368860 0.000000
vt 0.111109 -0.341537 0.000000
vt 0.111109 -0.314214 0.000000
vt 0.111109 -0.286891 0.000000
vt 0.111109 -0.259568 0.000000
vt 0.111109 -0.232245 0.000000
vt 0.111109 -0.204922 0.000000
vt 0.111109 -0.177599 0.000000
vt 0.111109 -0.150276 0.000000
vt 0.111109 -0.122953 0.000000
vt 0.111109 -0.095630 0.000000
vt 0.111109 -0.068307 0.000000
vt 0.111109 -0.040984 0.000000
vt 0.111109 -0.013661 0.000000
vt 0.111109 0.013661 0.000000
vt 0.111109 0.040984 0.000000
vt 0.111109 0.068307 0.000000
vt 0.111109 0.095630 0.000000
vt 0.111109 0.122953 0.000000
vt 0.111109 0.150276 0.000000
vt 0.111109 0.177599 0.000000
vt 0.111109 0.204922 0.000000
vt 0.111109 0.232245 0.000000
vt 0.111109 0.259568 0.000000
vt 0.111109 0.286891 0.000000
vt 0.111109 0.314214 0.000000
vt 0.111109 0.341537 0.000000
vt 0.111109 0.368860 0.000000
vt 0.148145 -0.368860 0.000000
vt 0.148145 -0.341537 0.000000
vt 0.148145 -0.314214 0.000000
vt 0.148145 -0.286891 0.000000
vt 0.148145 -0.259568 0.000000
vt 0.148145 -0.232245 0.000000
vt 0.148145 -0.204922 0.000000
vt 0.148145 -0.177599 0.000000
vt 0.148145 -0.150276 0.000000
vt 0.148145 -0.122953 0.000000
vt 0.148145 -0.095630 0.000000
vt 0.148145 -0.068307 0.000000
vt 0.148145 -0.040984 0.000000
vt 0.148145 -0.013661 0.000000
vt 0.148145 0.013661 0.000000
vt 0.148145 0.040984 0.000000
vt 0.148145 0.068307 0.000000
vt 0.148145 0.095630 0.000000
vt 0.148145 0.122953 0.000000
vt 0.148145 0.150276 0.000000
vt 0.148145 0.177599 0.000000
vt 0.148145 0.204922 0.000000
vt 0.148145 0.232245 0.000000
vt 0.148145 0.259568 0.000000
vt 0.148145 0.286891 0.000000
vt 0.148145 0.314214 0.000000
vt 0.148145 0.341537 0.000000
vt 0.148145 0.368860 0.000000
vt 0.185182 -0.368860 0.000000
vt 0.185182 -0.341537 0.000000
vt 0.185182 -0.314214 0.000000
vt 0.185182 -0.286891 0.000000
vt 0.185182 -0.259568 0.000000
vt 0.185182 -0.232245 0.000000
vt 0.185182 -0.204922 0.000000
vt 0.185182 -0.177599 0.000000
vt 0.185182 -0.150276 0.000000
vt 0.185182 -0.122953 0.000000
vt 0.185182 -0.095630 0.000000
vt 0.185182 -0.068307 0.000000
vt 0.185182 -0.040984 0.000000
vt 0.185182 -0.013661 0.000000
vt 0.185182 0.013661 0.000000
vt 0.185182 0.040984 0.000000
vt 0.185182 0.068307 0.000000
vt 0.185182 0.095630 0.000000
vt 0.185182 0.122953 0.000000
vt 0.185182 0.150276 0.000000
vt 0.185182 0.177599 0.000000
vt 0.185182 0.204922 0.000000
vt 0.185182 0.232245 0.000000
vt 0.185182 0.259568 0.000000
vt 0.185182 0.286891 0.000000
vt 0.185182 0.314214 0.000000
vt 0.185182 0.341537 0.000000
vt 0.185182 0.368860 0.000000
vt 0.259255 -0.122953 0.000000
vt 0.259255 0.122953 0.000000
vt -0.024588 0.000000 0.000000
vt 0.024588 0.000000 0.000000
vt 0.024588 -0.034597 0.000000
vt 0.024588 0.034597 0.000000
vt -0.024588 0.038922 0.000000
vt 0.024588 0.069194 0.000000
vt -0.024588 0.077844 0.000000
vt 0.024588 0.103792 0.000000
vt -0.024588 0.116766 0.000000
vt 0.024588 0.138389 0.000000
vt -0.024588 0.155688 0.000000
vt 0.024588 0.172986 0.000000
vt -0.024588 0.194609 0.000000
vt 0.024588 0.207583 0.000000
vt -0.024588 0.233531 0.000000
vt 0.024588 0.242181 0.000000
vt -0.024588 0.272453 0.000000
vt 0.024588 0.276778 0.000000
vt -0.024588 0.311375 0.000000
vt 0.024588 0.311375 0.000000
vt 0.024588 0.345972 0.000000
vt -0.024588 0.350297 0.000000
vt 0.024588 0.380570 0.000000
vt -0.024588 0.389219 0.000000
vt 0.024588 0.415167 0.000000
vt -0.024588 0.428141 0.000000
vt 0.024588 0.449764 0.000000
vt -0.024588 0.467063 0.000000
vt 0.024588 -0.449764 0.000000
vt 0.024588 -0.484361 0.000000
vt -0.024588 -0.467063 0.000000
vt -0.024588 -0.428141 0.000000
vt 0.024588 -0.415167 0.000000
vt -0.024588 -0.389219 0.000000
vt 0.024588 -0.380570 0.000000
vt -0.024588 -0.350297 0.000000
vt 0.024588 -0.345972 0.000000
vt -0.024588 -0.311375 0.000000
vt 0.024588 -0.311375 0.000000
vt 0.024588 -0.276778 0.000000
vt -0.024588 -0.272453 0.000000
vt 0.024588 -0.242181 0.000000
vt -0.024588 -0.233531 0.000000
vt 0.024588 -0.207583 0.000000
vt -0.024588 -0.194609 0.000000
vt 0.024588 -0.172986 0.000000
vt -0.024588 -0.155688 0.000000
vt 0.024588 -0.138389 0.000000
vt -0.024588 -0.116766 0.000000
vt 0.024588 -0.103792 0.000000
vt -0.024588 -0.077844 0.000000
vt 0.024588 -0.069194 0.000000
vt -0.024588 -0.038922 0.000000
vt -0.101657 0.187391 0.000000
vt -0.113175 0.199884 0.000000
vt -0.101657 0.218623 0.000000
vt -0.113175 0.174898 0.000000
vt -0.101657 0.156159 0.000000
vt -0.113175 0.149913 0.000000
vt -0.101657 0.124927 0.000000
vt -0.113175 0.124927 0.000000
vt -0.113175 0.099942 0.000000
vt -0.124693 0.124927 0.000000
vt -0.124693 0.099942 0.000000
vt -0.136211 0.124927 0.000000
vt -0.136211 0.099942 0.000000
vt -0.147729 0.124927 0.000000
vt -0.147729 0.093695 0.000000
vt -0.113175 0.224869 0.000000
vt -0.101657 0.249854 0.000000
vt -0.113175 0.249854 0.000000
vt -0.113175 0.274840 0.000000
vt -0.124693 0.274840 0.000000
vt -0.124693 0.299825 0.000000
vt -0.136211 0.299825 0.000000
vt -0.136211 0.324811 0.000000
vt -0.147729 0.312318 0.000000
vt -0.147729 0.343550 0.000000
vt -0.136211 0.349796 0.000000
vt -0.147729 0.374782 0.000000
vt -0.136211 0.374782 0.000000
vt -0.136211 -0.349796 0.000000
vt -0.136211 -0.374782 0.000000
vt -0.147729 -0.374782 0.000000
vt -0.124693 -0.374782 0.000000
vt -0.124693 -0.349796 0.000000
vt -0.113175 -0.374782 0.000000
vt -0.113175 -0.349796 0.000000
vt -0.101657 -0.374782 0.000000
vt -0.101657 -0.343550 0.000000
vt -0.101657 0.281086 0.000000
vt -0.113175 0.299825 0.000000
vt -0.124693 0.324811 0.000000
vt -0.101657 0.312318 0.000000
vt -0.113175 0.324811 0.000000
vt -0.124693 0.349796 0.000000
vt -0.101657 0.343550 0.000000
vt -0.113175 0.349796 0.000000
vt -0.124693 0.374782 0.000000
vt -0.101657 0.374782 0.000000
vt -0.113175 0.374782 0.000000
vt -0.113175 -0.324811 0.000000
vt -0.101657 -0.312318 0.000000
vt -0.113175 -0.299825 0.000000
vt -0.101657 -0.281086 0.000000
vt -0.113175 -0.274840 0.000000
vt -0.101657 -0.249854 0.000000
vt -0.113175 -0.249854 0.000000
vt -0.113175 -0.224869 0.000000
vt -0.124693 -0.224869 0.000000
vt -0.124693 -0.199884 0.000000
vt -0.136211 -0.199884 0.000000
vt -0.136211 -0.174898 0.000000
vt -0.147729 -0.187391 0.000000
vt -0.147729 -0.156159 0.000000
vt -0.136211 -0.149913 0.000000
vt -0.147729 -0.124927 0.000000
vt -0.136211 -0.124927 0.000000
vt -0.136211 -0.099942 0.000000
vt -0.124693 -0.124927 0.000000
vt -0.124693 -0.099942 0.000000
vt -0.113175 -0.124927 0.000000
vt -0.113175 -0.099942 0.000000
vt -0.101657 -0.124927 0.000000
vt -0.101657 -0.093695 0.000000
vt -0.101657 -0.218623 0.000000
vt -0.113175 -0.199884 0.000000
vt -0.124693 -0.174898 0.000000
vt -0.101657 -0.187391 0.000000
vt -0.113175 -0.174898 0.000000
vt -0.124693 -0.149913 0.000000
vt -0.101657 -0.156159 0.000000
vt -0.113175 -0.149913 0.000000
vt -0.113175 -0.074956 0.000000
vt -0.101657 -0.062464 0.000000
vt -0.113175 -0.049971 0.000000
vt -0.101657 -0.031232 0.000000
vt -0.113175 -0.024985 0.000000
vt -0.101657 0.000000 0.000000
vt -0.113175 0.000000 0.000000
vt -0.113175 0.024985 0.000000
vt -0.124693 0.024985 0.000000
vt -0.124693 0.049971 0.000000
vt -0.136211 0.049971 0.000000
vt -0.136211 0.074956 0.000000
vt -0.147729 0.062464 0.000000
vt -0.101657 0.031232 0.000000
vt -0.113175 0.049971 0.000000
vt -0.124693 0.074956 0.000000
vt -0.101657 0.062464 0.000000
vt -0.113175 0.074956 0.000000
vt -0.101657 0.093695 0.000000
vt -0.147729 0.187391 0.000000
vt -0.136211 0.174898 0.000000
vt -0.147729 0.156159 0.000000
vt -0.136211 0.199884 0.000000
vt -0.147729 0.218623 0.000000
vt -0.136211 0.224869 0.000000
vt -0.147729 0.249854 0.000000
vt -0.136211 0.249854 0.000000
vt -0.136211 0.274840 0.000000
vt -0.124693 0.249854 0.000000
vt -0.136211 0.149913 0.000000
vt -0.147729 0.031232 0.000000
vt -0.136211 0.024985 0.000000
vt -0.124693 0.000000 0.000000
vt -0.147729 0.000000 0.000000
vt -0.136211 0.000000 0.000000
vt -0.124693 -0.024985 0.000000
vt -0.136211 -0.024985 0.000000
vt -0.147729 -0.031232 0.000000
vt -0.136211 -0.049971 0.000000
vt -0.147729 -0.062464 0.000000
vt -0.136211 -0.074956 0.000000
vt -0.147729 -0.093695 0.000000
vt -0.147729 -0.218623 0.000000
vt -0.136211 -0.224869 0.000000
vt -0.124693 -0.249854 0.000000
vt -0.147729 -0.249854 0.000000
vt -0.136211 -0.249854 0.000000
vt -0.124693 -0.274840 0.000000
vt -0.136211 -0.274840 0.000000
vt -0.147729 -0.281086 0.000000
vt -0.136211 -0.299825 0.000000
vt -0.147729 -0.312318 0.000000
vt -0.136211 -0.324811 0.000000
vt -0.147729 -0.343550 0.000000
vt -0.147729 0.281086 0.000000
vt -0.124693 0.199884 0.000000
vt -0.124693 0.174898 0.000000
vt -0.124693 0.149913 0.000000
vt -0.124693 0.224869 0.000000
vt -0.124693 -0.324811 0.000000
vt -0.124693 -0.299825 0.000000
vt -0.124693 -0.074956 0.000000
vt -0.124693 -0.049971 0.000000
vt 0.096402 0.205733 0.000000
vt 0.087634 0.212827 0.000000
vt 0.096402 0.240022 0.000000
vt 0.087634 0.184450 0.000000
vt 0.096402 0.171444 0.000000
vt 0.087634 0.156073 0.000000
vt 0.096402 0.137155 0.000000
vt 0.087634 0.127696 0.000000
vt 0.096402 0.102866 0.000000
vt 0.087634 0.099319 0.000000
vt 0.096402 0.068578 0.000000
vt 0.087634 0.070942 0.000000
vt 0.087634 0.042565 0.000000
vt 0.078866 0.070942 0.000000
vt 0.078866 0.042565 0.000000
vt 0.070098 0.070942 0.000000
vt 0.070098 0.042565 0.000000
vt 0.061330 0.070942 0.000000
vt 0.061330 0.042565 0.000000
vt 0.052562 0.047477 0.000000
vt 0.052562 0.015826 0.000000
vt 0.087634 0.269581 0.000000
vt 0.096402 0.274311 0.000000
vt 0.087634 0.241204 0.000000
vt 0.078866 0.241204 0.000000
vt 0.078866 0.212827 0.000000
vt 0.070098 0.241204 0.000000
vt 0.070098 0.212827 0.000000
vt 0.061330 0.241204 0.000000
vt 0.061330 0.212827 0.000000
vt 0.052562 0.237384 0.000000
vt 0.052562 0.205733 0.000000
vt 0.087634 0.297958 0.000000
vt 0.096402 0.308599 0.000000
vt 0.087634 0.326335 0.000000
vt 0.096402 0.342888 0.000000
vt 0.087634 0.354712 0.000000
vt 0.096402 0.377177 0.000000
vt 0.087634 0.383089 0.000000
vt 0.096402 0.411466 0.000000
vt 0.087634 0.411466 0.000000
vt 0.087634 -0.383089 0.000000
vt 0.096402 -0.411466 0.000000
vt 0.087634 -0.411466 0.000000
vt 0.078866 -0.383089 0.000000
vt 0.078866 -0.354712 0.000000
vt 0.070098 -0.354712 0.000000
vt 0.070098 -0.326335 0.000000
vt 0.061330 -0.326335 0.000000
vt 0.061330 -0.297958 0.000000
vt 0.052562 -0.300687 0.000000
vt 0.061330 -0.269581 0.000000
vt 0.052562 -0.269035 0.000000
vt 0.061330 -0.241204 0.000000
vt 0.052562 -0.237384 0.000000
vt 0.061330 -0.212827 0.000000
vt 0.052562 -0.205733 0.000000
vt 0.061330 -0.184450 0.000000
vt 0.052562 -0.174082 0.000000
vt 0.061330 -0.156073 0.000000
vt 0.052562 -0.142430 0.000000
vt 0.061330 -0.127696 0.000000
vt 0.052562 -0.110779 0.000000
vt 0.061330 -0.099319 0.000000
vt 0.052562 -0.079128 0.000000
vt 0.061330 -0.070942 0.000000
vt 0.052562 -0.047477 0.000000
vt 0.061330 -0.042565 0.000000
vt 0.052562 -0.015826 0.000000
vt 0.061330 -0.014188 0.000000
vt 0.061330 0.014188 0.000000
vt 0.070098 -0.014188 0.000000
vt 0.070098 0.014188 0.000000
vt 0.078866 -0.014188 0.000000
vt 0.078866 0.014188 0.000000
vt 0.087634 -0.014188 0.000000
vt 0.087634 0.014188 0.000000
vt 0.096402 0.000000 0.000000
vt 0.096402 0.034289 0.000000
vt 0.096402 -0.377177 0.000000
vt 0.087634 -0.354712 0.000000
vt 0.078866 -0.326335 0.000000
vt 0.070098 -0.297958 0.000000
vt 0.096402 -0.342888 0.000000
vt 0.087634 -0.326335 0.000000
vt 0.078866 -0.297958 0.000000
vt 0.070098 -0.269581 0.000000
vt 0.096402 -0.308599 0.000000
vt 0.087634 -0.297958 0.000000
vt 0.078866 -0.269581 0.000000
vt 0.070098 -0.241204 0.000000
vt 0.096402 -0.274311 0.000000
vt 0.087634 -0.269581 0.000000
vt 0.078866 -0.241204 0.000000
vt 0.070098 -0.212827 0.000000
vt 0.096402 -0.240022 0.000000
vt 0.087634 -0.241204 0.000000
vt 0.078866 -0.212827 0.000000
vt 0.070098 -0.184450 0.000000
vt 0.087634 -0.212827 0.000000
vt 0.096402 -0.205733 0.000000
vt 0.087634 -0.184450 0.000000
vt 0.096402 -0.171444 0.000000
vt 0.087634 -0.156073 0.000000
vt 0.096402 -0.137155 0.000000
vt 0.087634 -0.127696 0.000000
vt 0.096402 -0.102866 0.000000
vt 0.087634 -0.099319 0.000000
vt 0.096402 -0.068578 0.000000
vt 0.087634 -0.070942 0.000000
vt 0.087634 -0.042565 0.000000
vt 0.078866 -0.042565 0.000000
vt 0.096402 -0.034289 0.000000
vt 0.061330 0.184450 0.000000
vt 0.052562 0.174082 0.000000
vt 0.061330 0.156073 0.000000
vt 0.052562 0.142430 0.000000
vt 0.061330 0.127696 0.000000
vt 0.052562 0.110779 0.000000
vt 0.061330 0.099319 0.000000
vt 0.052562 0.079128 0.000000
vt 0.052562 -0.332338 0.000000
vt 0.061330 -0.354712 0.000000
vt 0.070098 -0.383089 0.000000
vt 0.078866 -0.411466 0.000000
vt 0.078866 0.411466 0.000000
vt 0.052562 -0.363989 0.000000
vt 0.061330 -0.383089 0.000000
vt 0.070098 -0.411466 0.000000
vt 0.078866 0.383089 0.000000
vt 0.070098 0.411466 0.000000
vt 0.052562 -0.395640 0.000000
vt 0.061330 -0.411466 0.000000
vt 0.070098 0.383089 0.000000
vt 0.061330 0.411466 0.000000
vt 0.078866 0.354712 0.000000
vt 0.052562 0.395640 0.000000
vt 0.052562 0.427291 0.000000
vt 0.061330 0.383089 0.000000
vt 0.070098 0.354712 0.000000
vt 0.078866 0.326335 0.000000
vt 0.052562 0.363989 0.000000
vt 0.061330 0.354712 0.000000
vt 0.070098 0.326335 0.000000
vt 0.078866 0.297958 0.000000
vt 0.052562 0.332338 0.000000
vt 0.061330 0.326335 0.000000
vt 0.070098 0.297958 0.000000
vt 0.078866 0.269581 0.000000
vt 0.052562 0.300687 0.000000
vt 0.061330 0.297958 0.000000
vt 0.070098 0.269581 0.000000
vt 0.052562 0.269035 0.000000
vt 0.061330 0.269581 0.000000
vt 0.078866 0.184450 0.000000
vt 0.078866 0.156073 0.000000
vt 0.078866 0.127696 0.000000
vt 0.078866 0.099319 0.000000
vt 0.070098 0.184450 0.000000
vt 0.070098 0.156073 0.000000
vt 0.070098 0.127696 0.000000
vt 0.070098 0.099319 0.000000
vt 0.078866 -0.184450 0.000000
vt 0.070098 -0.156073 0.000000
vt 0.078866 -0.156073 0.000000
vt 0.070098 -0.127696 0.000000
vt 0.078866 -0.127696 0.000000
vt 0.070098 -0.099319 0.000000
vt 0.078866 -0.099319 0.000000
vt 0.070098 -0.070942 0.000000
vt 0.078866 -0.070942 0.000000
vt 0.070098 -0.042565 0.000000
vt 0.041165 0.266896 0.000000
vt 0.034279 0.305024 0.000000
vt 0.041165 0.307957 0.000000
vt 0.034279 0.266896 0.000000
vt 0.034279 0.228768 0.000000
vt 0.027392 0.266896 0.000000
vt 0.027392 0.228768 0.000000
vt 0.020505 0.266896 0.000000
vt 0.020505 0.228768 0.000000
vt 0.013618 0.266896 0.000000
vt 0.013618 0.228768 0.000000
vt 0.006731 0.266896 0.000000
vt 0.006731 0.228768 0.000000
vt -0.000156 0.266896 0.000000
vt -0.000156 0.228768 0.000000
vt 0.034279 0.343152 0.000000
vt 0.041165 0.349018 0.000000
vt 0.034279 0.381280 0.000000
vt 0.041165 0.390078 0.000000
vt 0.034279 0.419408 0.000000
vt 0.041165 0.431139 0.000000
vt 0.034279 0.457536 0.000000
vt 0.041165 0.472200 0.000000
vt 0.034279 0.495664 0.000000
vt 0.041165 0.513261 0.000000
vt 0.034279 0.533791 0.000000
vt 0.041165 -0.513261 0.000000
vt 0.041165 -0.554322 0.000000
vt 0.034279 -0.533791 0.000000
vt 0.034279 -0.495664 0.000000
vt 0.041165 -0.472200 0.000000
vt 0.034279 -0.457536 0.000000
vt 0.041165 -0.431139 0.000000
vt 0.034279 -0.419408 0.000000
vt 0.041165 -0.390078 0.000000
vt 0.034279 -0.381280 0.000000
vt 0.041165 -0.349018 0.000000
vt 0.034279 -0.343152 0.000000
vt 0.041165 -0.307957 0.000000
vt 0.034279 -0.305024 0.000000
vt 0.041165 -0.266896 0.000000
vt 0.034279 -0.266896 0.000000
vt 0.034279 -0.228768 0.000000
vt 0.027392 -0.228768 0.000000
vt 0.027392 -0.190640 0.000000
vt 0.020505 -0.190640 0.000000
vt 0.020505 -0.152512 0.000000
vt 0.013618 -0.152512 0.000000
vt 0.013618 -0.114384 0.000000
vt 0.006731 -0.114384 0.000000
vt 0.006731 -0.076256 0.000000
vt -0.000156 -0.076256 0.000000
vt -0.000156 -0.038128 0.000000
vt 0.006731 -0.038128 0.000000
vt -0.000156 0.000000 0.000000
vt 0.006731 0.000000 0.000000
vt -0.000156 0.038128 0.000000
vt 0.006731 0.038128 0.000000
vt -0.000156 0.076256 0.000000
vt 0.006731 0.076256 0.000000
vt -0.000156 0.114384 0.000000
vt 0.006731 0.114384 0.000000
vt -0.000156 0.152512 0.000000
vt 0.006731 0.152512 0.000000
vt -0.000156 0.190640 0.000000
vt 0.006731 0.190640 0.000000
vt 0.041165 -0.225835 0.000000
vt 0.034279 -0.190640 0.000000
vt 0.027392 -0.152512 0.000000
vt 0.020505 -0.114384 0.000000
vt 0.013618 -0.076256 0.000000
vt 0.041165 -0.184774 0.000000
vt 0.034279 -0.152512 0.000000
vt 0.027392 -0.114384 0.000000
vt 0.020505 -0.076256 0.000000
vt 0.013618 -0.038128 0.000000
vt 0.041165 -0.143713 0.000000
vt 0.034279 -0.114384 0.000000
vt 0.027392 -0.076256 0.000000
vt 0.020505 -0.038128 0.000000
vt 0.013618 0.000000 0.000000
vt 0.041165 -0.102652 0.000000
vt 0.034279 -0.076256 0.000000
vt 0.027392 -0.038128 0.000000
vt 0.020505 0.000000 0.000000
vt 0.013618 0.038128 0.000000
vt 0.041165 -0.061591 0.000000
vt 0.034279 -0.038128 0.000000
vt 0.027392 0.000000 0.000000
vt 0.020505 0.038128 0.000000
vt 0.013618 0.076256 0.000000
vt 0.041165 -0.020530 0.000000
vt 0.034279 0.000000 0.000000
vt 0.027392 0.038128 0.000000
vt 0.020505 0.076256 0.000000
vt 0.013618 0.114384 0.000000
vt 0.041165 0.020530 0.000000
vt 0.034279 0.038128 0.000000
vt 0.027392 0.076256 0.000000
vt 0.020505 0.114384 0.000000
vt 0.013618 0.152512 0.000000
vt 0.041165 0.061591 0.000000
vt 0.034279 0.076256 0.000000
vt 0.027392 0.114384 0.000000
vt 0.020505 0.152512 0.000000
vt 0.013618 0.190640 0.000000
vt 0.041165 0.102652 0.000000
vt 0.034279 0.114384 0.000000
vt 0.027392 0.152512 0.000000
vt 0.020505 0.190640 0.000000
vt 0.041165 0.143713 0.000000
vt 0.034279 0.152512 0.000000
vt 0.027392 0.190640 0.000000
vt 0.041165 0.184774 0.000000
vt 0.034279 0.190640 0.000000
vt 0.041165 0.225835 0.000000
vt -0.000156 -0.114384 0.000000
vt 0.006731 -0.152512 0.000000
vt 0.013618 -0.190640 0.000000
vt 0.020505 -0.228768 0.000000
vt 0.027392 -0.266896 0.000000
vt -0.000156 -0.152512 0.000000
vt 0.006731 -0.190640 0.000000
vt 0.013618 -0.228768 0.000000
vt 0.020505 -0.266896 0.000000
vt 0.027392 -0.305024 0.000000
vt -0.000156 -0.190640 0.000000
vt 0.006731 -0.228768 0.000000
vt 0.013618 -0.266896 0.000000
vt 0.020505 -0.305024 0.000000
vt 0.027392 -0.343152 0.000000
vt -0.000156 -0.228768 0.000000
vt 0.006731 -0.266896 0.000000
vt 0.013618 -0.305024 0.000000
vt 0.020505 -0.343152 0.000000
vt 0.027392 -0.381280 0.000000
vt -0.000156 -0.266896 0.000000
vt 0.006731 -0.305024 0.000000
vt 0.013618 -0.343152 0.000000
vt 0.020505 -0.381280 0.000000
vt 0.027392 -0.419408 0.000000
vt -0.000156 -0.305024 0.000000
vt 0.006731 -0.343152 0.000000
vt 0.013618 -0.381280 0.000000
vt 0.020505 -0.419408 0.000000
vt 0.027392 -0.457536 0.000000
vt -0.000156 -0.343152 0.000000
vt 0.006731 -0.381280 0.000000
vt 0.013618 -0.419408 0.000000
vt 0.020505 -0.457536 0.000000
vt 0.027392 -0.495664 0.000000
vt -0.000156 -0.381280 0.000000
vt 0.006731 -0.419408 0.000000
vt 0.013618 -0.457536 0.000000
vt 0.020505 -0.495664 0.000000
vt 0.027392 -0.533791 0.000000
vt 0.027392 0.533791 0.000000
vt -0.000156 -0.419408 0.000000
vt 0.006731 -0.457536 0.000000
vt 0.013618 -0.495664 0.000000
vt 0.020505 -0.533791 0.000000
vt 0.027392 0.495664 0.000000
vt 0.020505 0.533791 0.000000
vt -0.000156 -0.457536 0.000000
vt 0.006731 -0.495664 0.000000
vt 0.013618 -0.533791 0.000000
vt 0.020505 0.495664 0.000000
vt 0.013618 0.533791 0.000000
vt 0.027392 0.457536 0.000000
vt -0.000156 -0.495664 0.000000
vt 0.006731 -0.533791 0.000000
vt 0.013618 0.495664 0.000000
vt 0.006731 0.533791 0.000000
vt 0.020505 0.457536 0.000000
vt 0.027392 0.419408 0.000000
vt -0.000156 -0.533791 0.000000
vt 0.006731 0.495664 0.000000
vt -0.000156 0.533791 0.000000
vt 0.013618 0.457536 0.000000
vt 0.020505 0.419408 0.000000
vt 0.027392 0.381280 0.000000
vt -0.000156 0.495664 0.000000
vt 0.006731 0.457536 0.000000
vt 0.013618 0.419408 0.000000
vt 0.020505 0.381280 0.000000
vt 0.027392 0.343152 0.000000
vt -0.000156 0.457536 0.000000
vt 0.006731 0.419408 0.000000
vt 0.013618 0.381280 0.000000
vt 0.020505 0.343152 0.000000
vt 0.027392 0.305024 0.000000
vt -0.000156 0.419408 0.000000
vt 0.006731 0.381280 0.000000
vt 0.013618 0.343152 0.000000
vt 0.020505 0.305024 0.000000
vt -0.000156 0.381280 0.000000
vt 0.006731 0.343152 0.000000
vt 0.013618 0.305024 0.000000
vt -0.000156 0.343152 0.000000
vt 0.006731 0.305024 0.000000
vt -0.000156 0.305024 0.000000
vt 0.045543 0.000000 0.000000
vt -0.045543 0.039775 0.000000
vt 0.045543 0.039775 0.000000
vt -0.045543 0.000000 0.000000
vt 0.045543 -0.039775 0.000000
vt -0.045543 -0.039775 0.000000
vt 0.045543 -0.079550 0.000000
vt -0.045543 -0.079550 0.000000
vt 0.045543 -0.119325 0.000000
vt -0.045543 -0.119325 0.000000
vt 0.045543 -0.159099 0.000000
vt -0.045543 -0.159099 0.000000
vt 0.045543 -0.198874 0.000000
vt -0.045543 -0.198874 0.000000
vt 0.045543 -0.238649 0.000000
vt -0.045543 -0.238649 0.000000
vt 0.045543 -0.278424 0.000000
vt -0.045543 -0.278424 0.000000
vt 0.045543 -0.318199 0.000000
vt -0.045543 -0.318199 0.000000
vt 0.045543 -0.357974 0.000000
vt -0.045543 -0.357974 0.000000
vt 0.045543 -0.397748 0.000000
vt -0.045543 -0.397748 0.000000
vt 0.045543 -0.437523 0.000000
vt -0.045543 -0.437523 0.000000
vt 0.045543 -0.477298 0.000000
vt -0.045543 -0.477298 0.000000
vt 0.045543 -0.517073 0.000000
vt -0.045543 -0.517073 0.000000
vt 0.045543 -0.556848 0.000000
vt -0.045543 -0.556848 0.000000
vt 0.045543 0.517073 0.000000
vt -0.045543 0.556848 0.000000
vt 0.045543 0.556848 0.000000
vt -0.045543 0.517073 0.000000
vt 0.045543 0.477298 0.000000
vt -0.045543 0.477298 0.000000
vt 0.045543 0.437523 0.000000
vt -0.045543 0.437523 0.000000
vt 0.045543 0.397748 0.000000
vt -0.045543 0.397748 0.000000
vt 0.045543 0.357974 0.000000
vt -0.045543 0.357974 0.000000
vt 0.045543 0.318199 0.000000
vt -0.045543 0.318199 0.000000
vt 0.045543 0.278424 0.000000
vt -0.045543 0.278424 0.000000
vt 0.045543 0.238649 0.000000
vt -0.045543 0.238649 0.000000
vt 0.045543 0.198874 0.000000
vt -0.045543 0.198874 0.000000
vt 0.045543 0.159099 0.000000
vt -0.045543 0.159099 0.000000
vt 0.045543 0.119325 0.000000
vt -0.045543 0.119325 0.000000
vt 0.045543 0.079550 0.000000
vt -0.045543 0.079550 0.000000
vt -0.001154 0.263037 0.000000
vt -0.009098 0.300613 0.000000
vt -0.001154 0.300613 0.000000
vt -0.009098 0.263037 0.000000
vt -0.001154 0.225460 0.000000
vt -0.009098 0.225460 0.000000
vt -0.001154 0.187883 0.000000
vt -0.009098 0.187883 0.000000
vt -0.001154 0.150307 0.000000
vt -0.009098 0.150307 0.000000
vt -0.001154 0.112730 0.000000
vt -0.009098 0.112730 0.000000
vt -0.001154 0.075153 0.000000
vt -0.009098 0.075153 0.000000
vt -0.001154 0.037577 0.000000
vt -0.009098 0.037577 0.000000
vt -0.001154 0.000000 0.000000
vt -0.009098 0.000000 0.000000
vt -0.001154 -0.037577 0.000000
vt -0.009098 -0.037577 0.000000
vt -0.001154 -0.075153 0.000000
vt -0.009098 -0.075153 0.000000
vt -0.001154 -0.112730 0.000000
vt -0.009098 -0.112730 0.000000
vt -0.001154 -0.150307 0.000000
vt -0.009098 -0.150307 0.000000
vt -0.001154 -0.187883 0.000000
vt -0.009098 -0.187883 0.000000
vt -0.001154 -0.225460 0.000000
vt -0.009098 -0.225460 0.000000
vt -0.001154 -0.263037 0.000000
vt -0.009098 -0.263037 0.000000
vt -0.001154 -0.300613 0.000000
vt -0.009098 -0.300613 0.000000
vt -0.001154 -0.338190 0.000000
vt -0.009098 -0.338190 0.000000
vt -0.001154 -0.375766 0.000000
vt -0.009098 -0.375766 0.000000
vt -0.001154 -0.413343 0.000000
vt -0.009098 -0.413343 0.000000
vt -0.001154 -0.450920 0.000000
vt -0.009098 -0.450920 0.000000
vt -0.001154 -0.488496 0.000000
vt -0.009098 -0.488496 0.000000
vt -0.001154 -0.526073 0.000000
vt -0.009098 -0.526073 0.000000
vt -0.001154 0.488496 0.000000
vt -0.009098 0.526073 0.000000
vt -0.001154 0.526073 0.000000
vt -0.009098 0.488496 0.000000
vt -0.001154 0.450920 0.000000
vt -0.009098 0.450920 0.000000
vt -0.001154 0.413343 0.000000
vt -0.009098 0.413343 0.000000
vt -0.001154 0.375766 0.000000
vt -0.009098 0.375766 0.000000
vt -0.001154 0.338190 0.000000
vt -0.009098 0.338190 0.000000
vt -0.048820 0.263037 0.000000
vt -0.040876 0.225460 0.000000
vt -0.048820 0.222569 0.000000
vt -0.040876 0.263037 0.000000
vt -0.040876 0.300613 0.000000
vt -0.032931 0.263037 0.000000
vt -0.032931 0.300613 0.000000
vt -0.024987 0.263037 0.000000
vt -0.024987 0.300613 0.000000
vt -0.017042 0.263037 0.000000
vt -0.017042 0.300613 0.000000
vt -0.040876 0.187883 0.000000
vt -0.048820 0.182102 0.000000
vt -0.040876 0.150307 0.000000
vt -0.048820 0.141635 0.000000
vt -0.040876 0.112730 0.000000
vt -0.048820 0.101168 0.000000
vt -0.040876 0.075153 0.000000
vt -0.048820 0.060701 0.000000
vt -0.040876 0.037577 0.000000
vt -0.048820 0.020234 0.000000
vt -0.040876 0.000000 0.000000
vt -0.048820 -0.020234 0.000000
vt -0.040876 -0.037577 0.000000
vt -0.048820 -0.060701 0.000000
vt -0.040876 -0.075153 0.000000
vt -0.048820 -0.101168 0.000000
vt -0.040876 -0.112730 0.000000
vt -0.048820 -0.141635 0.000000
vt -0.040876 -0.150307 0.000000
vt -0.048820 -0.182102 0.000000
vt -0.040876 -0.187883 0.000000
vt -0.048820 -0.222569 0.000000
vt -0.040876 -0.225460 0.000000
vt -0.048820 -0.263037 0.000000
vt -0.040876 -0.263037 0.000000
vt -0.040876 -0.300613 0.000000
vt -0.032931 -0.300613 0.000000
vt -0.032931 -0.338190 0.000000
vt -0.024987 -0.338190 0.000000
vt -0.024987 -0.375766 0.000000
vt -0.017042 -0.375766 0.000000
vt -0.017042 -0.413343 0.000000
vt -0.048820 -0.303504 0.000000
vt -0.040876 -0.338190 0.000000
vt -0.032931 -0.375766 0.000000
vt -0.024987 -0.413343 0.000000
vt -0.017042 -0.450920 0.000000
vt -0.048820 -0.343971 0.000000
vt -0.040876 -0.375766 0.000000
vt -0.032931 -0.413343 0.000000
vt -0.024987 -0.450920 0.000000
vt -0.017042 -0.488496 0.000000
vt -0.048820 -0.384438 0.000000
vt -0.040876 -0.413343 0.000000
vt -0.032931 -0.450920 0.000000
vt -0.024987 -0.488496 0.000000
vt -0.017042 -0.526073 0.000000
vt -0.017042 0.526073 0.000000
vt -0.048820 -0.424905 0.000000
vt -0.040876 -0.450920 0.000000
vt -0.032931 -0.488496 0.000000
vt -0.024987 -0.526073 0.000000
vt -0.017042 0.488496 0.000000
vt -0.024987 0.526073 0.000000
vt -0.048820 -0.465372 0.000000
vt -0.040876 -0.488496 0.000000
vt -0.032931 -0.526073 0.000000
vt -0.024987 0.488496 0.000000
vt -0.032931 0.526073 0.000000
vt -0.017042 0.450920 0.000000
vt -0.048820 -0.505840 0.000000
vt -0.040876 -0.526073 0.000000
vt -0.032931 0.488496 0.000000
vt -0.040876 0.526073 0.000000
vt -0.024987 0.450920 0.000000
vt -0.017042 0.413343 0.000000
vt -0.048820 0.505840 0.000000
vt -0.048820 0.546307 0.000000
vt -0.040876 0.488496 0.000000
vt -0.032931 0.450920 0.000000
vt -0.024987 0.413343 0.000000
vt -0.017042 0.375766 0.000000
vt -0.048820 0.465372 0.000000
vt -0.040876 0.450920 0.000000
vt -0.032931 0.413343 0.000000
vt -0.024987 0.375766 0.000000
vt -0.017042 0.338190 0.000000
vt -0.048820 0.424905 0.000000
vt -0.040876 0.413343 0.000000
vt -0.032931 0.375766 0.000000
vt -0.024987 0.338190 0.000000
vt -0.048820 0.384438 0.000000
vt -0.040876 0.375766 0.000000
vt -0.032931 0.338190 0.000000
vt -0.048820 0.343971 0.000000
vt -0.040876 0.338190 0.000000
vt -0.048820 0.303504 0.000000
vt -0.032931 0.225460 0.000000
vt -0.032931 0.187883 0.000000
vt -0.032931 0.150307 0.000000
vt -0.032931 0.112730 0.000000
vt -0.032931 0.075153 0.000000
vt -0.032931 0.037577 0.000000
vt -0.032931 0.000000 0.000000
vt -0.032931 -0.037577 0.000000
vt -0.032931 -0.075153 0.000000
vt -0.032931 -0.112730 0.000000
vt -0.032931 -0.150307 0.000000
vt -0.032931 -0.187883 0.000000
vt -0.032931 -0.225460 0.000000
vt -0.032931 -0.263037 0.000000
vt -0.024987 0.225460 0.000000
vt -0.024987 0.187883 0.000000
vt -0.024987 0.150307 0.000000
vt -0.024987 0.112730 0.000000
vt -0.024987 0.075153 0.000000
vt -0.024987 0.037577 0.000000
vt -0.024987 0.000000 0.000000
vt -0.024987 -0.037577 0.000000
vt -0.024987 -0.075153 0.000000
vt -0.024987 -0.112730 0.000000
vt -0.024987 -0.150307 0.000000
vt -0.024987 -0.187883 0.000000
vt -0.024987 -0.225460 0.000000
vt -0.024987 -0.263037 0.000000
vt -0.024987 -0.300613 0.000000
vt -0.017042 0.225460 0.000000
vt -0.017042 0.187883 0.000000
vt -0.017042 0.150307 0.000000
vt -0.017042 0.112730 0.000000
vt -0.017042 0.075153 0.000000
vt -0.017042 0.037577 0.000000
vt -0.017042 0.000000 0.000000
vt -0.017042 -0.037577 0.000000
vt -0.017042 -0.075153 0.000000
vt -0.017042 -0.112730 0.000000
vt -0.017042 -0.150307 0.000000
vt -0.017042 -0.187883 0.000000
vt -0.017042 -0.225460 0.000000
vt -0.017042 -0.263037 0.000000
vt -0.017042 -0.300613 0.000000
vt -0.017042 -0.338190 0.000000
# 2520 texture coordinates

g Body1
usemtl Paint_-_Enamel_Glossy_(Dark_Grey)
f 1/3/3 2/2/2 25/1/1
f 25/1/1 2/2/2 31/4/4
f 25/1/1 31/4/4 24/5/5
f 24/5/5 31/4/4 35/6/6
f 24/5/5 35/6/6 23/7/7
f 23/7/7 35/6/6 39/8/8
f 23/7/7 39/8/8 22/9/9
f 22/9/9 39/8/8 40/10/10
f 22/9/9 40/10/10 21/11/11
f 21/11/11 40/10/10 45/12/12
f 21/11/11 45/12/12 20/13/13
f 20/13/13 45/12/12 46/14/14
f 20/13/13 46/14/14 19/15/15
f 19/15/15 46/14/14 53/16/16
f 19/15/15 53/16/16 18/17/17
f 18/17/17 53/16/16 57/18/18
f 18/17/17 57/18/18 16/19/19
f 16/19/19 57/18/18 15/20/20
f 15/20/20 57/18/18 56/21/21
f 15/20/20 56/21/21 14/22/22
f 14/22/22 56/21/21 55/23/23
f 14/22/22 55/23/23 13/24/24
f 13/24/24 55/23/23 54/25/25
f 13/24/24 54/25/25 12/26/26
f 12/26/26 54/25/25 11/27/27
f 11/27/27 54/25/25 50/28/28
f 11/27/27 50/28/28 10/29/29
f 10/29/29 50/28/28 49/30/30
f 10/29/29 49/30/30 27/31/31
f 27/31/31 49/30/30 48/32/32
f 27/31/31 48/32/32 43/33/33
f 43/33/33 48/32/32 47/34/34
f 43/33/33 47/34/34 44/35/35
f 44/35/35 47/34/34 46/14/14
f 44/35/35 46/14/14 45/12/12
f 2/2/2 3/36/36 31/4/4
f 31/4/4 3/36/36 30/37/37
f 31/4/4 30/37/37 35/6/6
f 35/6/6 30/37/37 34/38/38
f 35/6/6 34/38/38 39/8/8
f 39/8/8 34/38/38 38/39/39
f 39/8/8 38/39/39 40/10/10
f 40/10/10 38/39/39 41/40/40
f 40/10/10 41/40/40 45/12/12
f 45/12/12 41/40/40 44/35/35
f 3/36/36 4/41/41 30/37/37
f 30/37/37 4/41/41 29/42/42
f 30/37/37 29/42/42 34/38/38
f 34/38/38 29/42/42 33/43/43
f 34/38/38 33/43/43 38/39/39
f 38/39/39 33/43/43 37/44/44
f 38/39/39 37/44/44 41/40/40
f 41/40/40 37/44/44 42/45/45
f 41/40/40 42/45/45 44/35/35
f 44/35/35 42/45/45 43/33/33
f 4/41/41 5/46/46 29/42/42
f 29/42/42 5/46/46 28/47/47
f 29/42/42 28/47/47 33/43/43
f 33/43/43 28/47/47 32/48/48
f 33/43/43 32/48/48 37/44/44
f 37/44/44 32/48/48 36/49/49
f 37/44/44 36/49/49 42/45/45
f 42/45/45 36/49/49 26/50/50
f 42/45/45 26/50/50 43/33/33
f 43/33/33 26/50/50 27/31/31
f 5/46/46 6/51/51 28/47/47
f 28/47/47 6/51/51 7/52/52
f 28/47/47 7/52/52 32/48/48
f 32/48/48 7/52/52 8/53/53
f 32/48/48 8/53/53 36/49/49
f 36/49/49 8/53/53 26/50/50
f 8/53/53 9/54/54 26/50/50
f 26/50/50 9/54/54 27/31/31
f 9/54/54 10/29/29 27/31/31
f 16/19/19 17/55/55 18/17/17
f 46/14/14 47/34/34 53/16/16
f 53/16/16 47/34/34 52/56/56
f 53/16/16 52/56/56 57/18/18
f 57/18/18 52/56/56 56/21/21
f 47/34/34 48/32/32 52/56/56
f 52/56/56 48/32/32 51/57/57
f 52/56/56 51/57/57 56/21/21
f 56/21/21 51/57/57 55/23/23
f 48/32/32 49/30/30 51/57/57
f 51/57/57 49/30/30 50/28/28
f 51/57/57 50/28/28 55/23/23
f 55/23/23 50/28/28 54/25/25
f 58/60/55 59/59/58 82/58/17
f 82/58/17 59/59/58 88/61/59
f 82/58/17 88/61/59 81/62/15
f 81/62/15 88/61/59 92/63/60
f 81/62/15 92/63/60 80/64/13
f 80/64/13 92/63/60 95/65/61
f 80/64/13 95/65/61 79/66/11
f 79/66/11 95/65/61 96/67/62
f 79/66/11 96/67/62 78/68/9
f 78/68/9 96/67/62 102/69/63
f 78/68/9 102/69/63 77/70/7
f 77/70/7 102/69/63 103/71/64
f 77/70/7 103/71/64 76/72/5
f 76/72/5 103/71/64 110/73/65
f 76/72/5 110/73/65 75/74/1
f 75/74/1 110/73/65 114/75/66
f 75/74/1 114/75/66 73/76/67
f 73/76/67 114/75/66 72/77/68
f 72/77/68 114/75/66 113/78/69
f 72/77/68 113/78/69 71/79/70
f 71/79/70 113/78/69 70/80/71
f 70/80/71 113/78/69 112/81/72
f 70/80/71 112/81/72 69/82/73
f 69/82/73 112/81/72 111/83/74
f 69/82/73 111/83/74 68/84/75
f 68/84/75 111/83/74 107/85/76
f 68/84/75 107/85/76 67/86/77
f 67/86/77 107/85/76 106/87/78
f 67/86/77 106/87/78 83/88/79
f 83/88/79 106/87/78 105/89/80
f 83/88/79 105/89/80 100/90/81
f 100/90/81 105/89/80 104/91/82
f 100/90/81 104/91/82 101/92/83
f 101/92/83 104/91/82 103/71/64
f 101/92/83 103/71/64 102/69/63
f 59/59/58 60/93/84 88/61/59
f 88/61/59 60/93/84 87/94/85
f 88/61/59 87/94/85 92/63/60
f 92/63/60 87/94/85 91/95/86
f 92/63/60 91/95/86 95/65/61
f 95/65/61 91/95/86 94/96/87
f 95/65/61 94/96/87 96/67/62
f 96/67/62 94/96/87 97/97/88
f 96/67/62 97/97/88 102/69/63
f 102/69/63 97/97/88 101/92/83
f 60/93/84 61/98/89 87/94/85
f 87/94/85 61/98/89 62/99/90
f 87/94/85 62/99/90 86/100/91
f 86/100/91 62/99/90 63/101/92
f 86/100/91 63/101/92 85/102/93
f 85/102/93 63/101/92 64/103/94
f 85/102/93 64/103/94 89/104/95
f 89/104/95 64/103/94 65/105/96
f 89/104/95 65/105/96 84/106/97
f 84/106/97 65/105/96 66/107/98
f 84/106/97 66/107/98 99/108/99
f 99/108/99 66/107/98 83/88/79
f 99/108/99 83/88/79 100/90/81
f 66/107/98 67/86/77 83/88/79
f 73/76/67 74/109/3 75/74/1
f 91/95/86 87/94/85 86/100/91
f 86/100/91 85/102/93 90/110/100
f 90/110/100 85/102/93 89/104/95
f 90/110/100 89/104/95 93/111/101
f 93/111/101 89/104/95 84/106/97
f 93/111/101 84/106/97 98/112/102
f 98/112/102 84/106/97 99/108/99
f 98/112/102 99/108/99 100/90/81
f 94/96/87 91/95/86 90/110/100
f 90/110/100 91/95/86 86/100/91
f 94/96/87 90/110/100 93/111/101
f 97/97/88 94/96/87 93/111/101
f 97/97/88 93/111/101 98/112/102
f 100/90/81 101/92/83 98/112/102
f 98/112/102 101/92/83 97/97/88
f 103/71/64 104/91/82 110/73/65
f 110/73/65 104/91/82 109/113/103
f 110/73/65 109/113/103 114/75/66
f 114/75/66 109/113/103 113/78/69
f 104/91/82 105/89/80 109/113/103
f 109/113/103 105/89/80 108/114/104
f 109/113/103 108/114/104 113/78/69
f 113/78/69 108/114/104 112/81/72
f 105/89/80 106/87/78 108/114/104
f 108/114/104 106/87/78 107/85/76
f 108/114/104 107/85/76 112/81/72
f 112/81/72 107/85/76 111/83/74
f 74/117/3 1/116/3 75/115/1
f 75/115/1 1/116/3 25/118/1
f 75/115/1 25/118/1 76/119/5
f 76/119/5 25/118/1 24/120/5
f 76/119/5 24/120/5 77/121/7
f 77/121/7 24/120/5 23/122/7
f 77/121/7 23/122/7 78/123/9
f 78/123/9 23/122/7 22/124/9
f 78/123/9 22/124/9 79/125/11
f 79/125/11 22/124/9 21/126/11
f 79/125/11 21/126/11 80/127/13
f 80/127/13 21/126/11 20/128/13
f 80/127/13 20/128/13 81/129/15
f 81/129/15 20/128/13 19/130/15
f 81/129/15 19/130/15 82/131/17
f 82/131/17 19/130/15 18/132/17
f 82/131/17 18/132/17 58/133/55
f 58/133/55 18/132/17 17/134/55
f 5/137/107 4/136/106 319/135/105
f 319/135/105 4/136/106 3/138/108
f 319/135/105 3/138/108 2/139/109
f 2/139/109 1/140/110 319/135/105
f 319/135/105 1/140/110 74/141/110
f 319/135/105 74/141/110 345/142/111
f 345/142/111 74/141/110 73/143/112
f 345/142/111 73/143/112 72/144/113
f 72/144/113 71/145/114 345/142/111
f 345/142/111 71/145/114 70/146/115
f 345/142/111 70/146/115 69/147/116
f 345/142/111 69/147/116 344/148/117
f 344/148/117 69/147/116 68/149/118
f 344/148/117 68/149/118 67/150/119
f 67/150/119 66/151/120 344/148/117
f 344/148/117 66/151/120 65/152/121
f 344/148/117 65/152/121 343/153/122
f 343/153/122 65/152/121 64/154/123
f 343/153/122 64/154/123 63/155/124
f 63/155/124 62/156/125 343/153/122
f 343/153/122 62/156/125 61/157/126
f 343/153/122 61/157/126 60/158/127
f 343/153/122 60/158/127 342/159/128
f 342/159/128 60/158/127 59/160/129
f 342/159/128 59/160/129 58/161/130
f 342/159/128 58/161/130 115/162/131
f 115/162/131 58/161/130 17/163/130
f 115/162/131 17/163/130 16/164/132
f 16/164/132 15/165/133 115/162/131
f 115/162/131 15/165/133 14/166/134
f 115/162/131 14/166/134 13/167/135
f 115/162/131 116/168/136 342/159/128
f 342/159/128 116/168/136 122/169/137
f 342/159/128 122/169/137 123/170/138
f 117/172/140 118/171/139 116/168/136
f 116/168/136 118/171/139 119/173/141
f 116/168/136 119/173/141 120/174/142
f 120/174/142 121/175/137 116/168/136
f 116/168/136 121/175/137 122/169/137
f 123/170/138 124/176/143 342/159/128
f 342/159/128 124/176/143 341/177/144
f 341/177/144 124/176/143 125/178/145
f 341/177/144 125/178/145 126/179/146
f 126/179/146 127/180/147 341/177/144
f 341/177/144 127/180/147 128/181/148
f 341/177/144 128/181/148 129/182/149
f 341/177/144 129/182/149 340/183/150
f 340/183/150 129/182/149 130/184/151
f 340/183/150 130/184/151 131/185/152
f 131/185/152 132/186/153 340/183/150
f 340/183/150 132/186/153 133/187/154
f 340/183/150 133/187/154 134/188/155
f 340/183/150 134/188/155 339/189/156
f 339/189/156 134/188/155 135/190/157
f 339/189/156 135/190/157 136/191/158
f 136/191/158 137/192/159 339/189/156
f 339/189/156 137/192/159 138/193/160
f 339/189/156 138/193/160 139/194/160
f 339/189/156 139/194/160 144/195/161
f 144/195/161 139/194/160 140/196/162
f 144/195/161 140/196/162 141/197/163
f 141/197/163 142/198/164 144/195/161
f 144/195/161 142/198/164 143/199/165
f 144/195/161 145/200/166 339/189/156
f 339/189/156 145/200/166 338/201/167
f 338/201/167 145/200/166 151/202/168
f 338/201/167 151/202/168 152/203/169
f 146/205/171 147/204/170 145/200/166
f 145/200/166 147/204/170 148/206/172
f 145/200/166 148/206/172 149/207/173
f 149/207/173 150/208/168 145/200/166
f 145/200/166 150/208/168 151/202/168
f 152/203/169 153/209/174 338/201/167
f 338/201/167 153/209/174 154/210/175
f 338/201/167 154/210/175 155/211/176
f 155/211/176 156/212/177 338/201/167
f 338/201/167 156/212/177 157/213/178
f 338/201/167 157/213/178 337/214/179
f 337/214/179 157/213/178 158/215/180
f 337/214/179 158/215/180 159/216/181
f 159/216/181 160/217/182 337/214/179
f 337/214/179 160/217/182 161/218/183
f 337/214/179 161/218/183 336/219/184
f 336/219/184 161/218/183 162/220/185
f 336/219/184 162/220/185 163/221/186
f 163/221/186 164/222/187 336/219/184
f 336/219/184 164/222/187 165/223/188
f 336/219/184 165/223/188 166/224/189
f 336/219/184 166/224/189 335/225/190
f 335/225/190 166/224/189 167/226/191
f 335/225/190 167/226/191 173/227/192
f 173/227/192 167/226/191 168/228/191
f 173/227/192 168/228/191 169/229/193
f 169/229/193 170/230/194 173/227/192
f 173/227/192 170/230/194 171/231/195
f 173/227/192 171/231/195 172/232/196
f 173/227/192 174/233/197 335/225/190
f 335/225/190 174/233/197 180/234/198
f 335/225/190 180/234/198 181/235/199
f 175/237/201 176/236/200 174/233/197
f 174/233/197 176/236/200 177/238/202
f 174/233/197 177/238/202 178/239/203
f 178/239/203 179/240/198 174/233/197
f 174/233/197 179/240/198 180/234/198
f 181/235/199 182/241/204 335/225/190
f 335/225/190 182/241/204 183/242/205
f 335/225/190 183/242/205 184/243/206
f 335/225/190 184/243/206 334/244/207
f 334/244/207 184/243/206 185/245/208
f 334/244/207 185/245/208 186/246/209
f 186/246/209 187/247/210 334/244/207
f 334/244/207 187/247/210 188/248/211
f 334/244/207 188/248/211 333/249/212
f 333/249/212 188/248/211 189/250/213
f 333/249/212 189/250/213 190/251/214
f 190/254/214 191/253/215 333/252/212
f 333/252/212 191/253/215 192/255/216
f 333/252/212 192/255/216 193/256/217
f 333/252/212 193/256/217 332/257/218
f 332/257/218 193/256/217 194/258/219
f 332/257/218 194/258/219 195/259/220
f 195/259/220 196/260/221 332/257/218
f 332/257/218 196/260/221 202/261/222
f 332/257/218 202/261/222 203/262/223
f 196/260/221 197/263/221 202/261/222
f 202/261/222 197/263/221 198/264/224
f 202/261/222 198/264/224 199/265/225
f 199/265/225 200/266/226 202/261/222
f 202/261/222 200/266/226 201/267/227
f 204/269/229 205/268/228 203/262/223
f 203/262/223 205/268/228 206/270/230
f 203/262/223 206/270/230 207/271/231
f 207/271/231 208/272/232 203/262/223
f 203/262/223 208/272/232 209/273/232
f 203/262/223 209/273/232 332/257/218
f 332/257/218 209/273/232 210/274/233
f 332/257/218 210/274/233 331/275/234
f 331/275/234 210/274/233 211/276/235
f 331/275/234 211/276/235 212/277/236
f 212/277/236 213/278/237 331/275/234
f 331/275/234 213/278/237 214/279/238
f 331/275/234 214/279/238 215/280/239
f 215/280/239 216/281/240 331/275/234
f 331/275/234 216/281/240 330/282/241
f 330/282/241 216/281/240 217/283/242
f 330/282/241 217/283/242 218/284/243
f 218/284/243 219/285/244 330/282/241
f 330/282/241 219/285/244 220/286/245
f 330/282/241 220/286/245 329/287/246
f 329/287/246 220/286/245 221/288/247
f 329/287/246 221/288/247 222/289/248
f 222/289/248 223/290/249 329/287/246
f 329/287/246 223/290/249 224/291/250
f 329/287/246 224/291/250 225/292/251
f 225/292/251 226/293/251 329/287/246
f 329/287/246 226/293/251 231/294/252
f 329/287/246 231/294/252 328/295/253
f 328/295/253 231/294/252 232/296/254
f 328/295/253 232/296/254 238/297/255
f 238/297/255 232/296/254 237/298/255
f 237/298/255 232/296/254 236/299/256
f 236/299/256 232/296/254 235/300/257
f 235/300/257 232/296/254 234/301/258
f 234/301/258 232/296/254 233/302/259
f 226/293/251 227/303/260 231/294/252
f 231/294/252 227/303/260 228/304/261
f 231/294/252 228/304/261 229/305/262
f 229/305/262 230/306/263 231/294/252
f 238/297/255 239/307/264 328/295/253
f 328/295/253 239/307/264 240/308/265
f 328/295/253 240/308/265 241/309/266
f 241/309/266 242/310/267 328/295/253
f 328/295/253 242/310/267 243/311/268
f 328/295/253 243/311/268 327/312/269
f 327/312/269 243/311/268 244/313/270
f 327/312/269 244/313/270 245/314/271
f 245/314/271 246/315/272 327/312/269
f 327/312/269 246/315/272 247/316/273
f 327/312/269 247/316/273 326/317/274
f 326/317/274 247/316/273 248/318/275
f 326/317/274 248/318/275 249/319/276
f 249/319/276 250/320/277 326/317/274
f 326/317/274 250/320/277 251/321/278
f 326/317/274 251/321/278 252/322/279
f 252/322/279 253/323/280 326/317/274
f 326/317/274 253/323/280 325/324/281
f 325/324/281 253/323/280 254/325/282
f 325/324/281 254/325/282 260/326/283
f 260/326/283 254/325/282 255/327/282
f 260/326/283 255/327/282 256/328/284
f 256/328/284 257/329/285 260/326/283
f 260/326/283 257/329/285 258/330/286
f 260/326/283 258/330/286 259/331/287
f 260/326/283 261/332/288 325/324/281
f 325/324/281 261/332/288 267/333/289
f 325/324/281 267/333/289 268/334/290
f 262/336/292 263/335/291 261/332/288
f 261/332/288 263/335/291 264/337/293
f 261/332/288 264/337/293 265/338/294
f 265/338/294 266/339/289 261/332/288
f 261/332/288 266/339/289 267/333/289
f 268/334/290 269/340/295 325/324/281
f 325/324/281 269/340/295 270/341/296
f 325/324/281 270/341/296 324/342/297
f 324/342/297 270/341/296 271/343/298
f 324/342/297 271/343/298 272/344/299
f 272/344/299 273/345/300 324/342/297
f 324/342/297 273/345/300 274/346/301
f 324/342/297 274/346/301 275/347/302
f 324/342/297 275/347/302 323/348/303
f 323/348/303 275/347/302 276/349/304
f 323/348/303 276/349/304 277/350/305
f 277/350/305 278/351/306 323/348/303
f 323/348/303 278/351/306 279/352/307
f 323/348/303 279/352/307 280/353/308
f 323/348/303 280/353/308 322/354/309
f 322/354/309 280/353/308 281/355/310
f 322/354/309 281/355/310 282/356/311
f 282/356/311 283/357/312 322/354/309
f 322/354/309 283/357/312 289/358/313
f 322/354/309 289/358/313 290/359/314
f 283/357/312 284/360/312 289/358/313
f 289/358/313 284/360/312 285/361/315
f 289/358/313 285/361/315 286/362/316
f 286/362/316 287/363/317 289/358/313
f 289/358/313 287/363/317 288/364/318
f 291/366/320 292/365/319 290/359/314
f 290/359/314 292/365/319 293/367/321
f 290/359/314 293/367/321 294/368/322
f 294/368/322 295/369/323 290/359/314
f 290/359/314 295/369/323 296/370/323
f 290/359/314 296/370/323 322/354/309
f 322/354/309 296/370/323 321/371/324
f 321/371/324 296/370/323 297/372/325
f 321/371/324 297/372/325 298/373/326
f 298/373/326 299/374/327 321/371/324
f 321/371/324 299/374/327 300/375/328
f 321/371/324 300/375/328 301/376/329
f 301/376/329 302/377/330 321/371/324
f 321/371/324 302/377/330 320/378/331
f 320/378/331 302/377/330 303/379/332
f 320/378/331 303/379/332 304/380/331
f 304/380/331 305/381/333 320/378/331
f 320/378/331 305/381/333 306/382/334
f 320/378/331 306/382/334 346/383/335
f 346/383/335 306/382/334 307/384/336
f 346/383/335 307/384/336 308/385/337
f 308/385/337 309/386/338 346/383/335
f 346/383/335 309/386/338 310/387/339
f 346/383/335 310/387/339 311/388/340
f 311/388/340 312/389/341 346/383/335
f 346/383/335 312/389/341 345/142/111
f 345/142/111 312/389/341 318/390/342
f 345/142/111 318/390/342 319/135/105
f 312/389/341 313/391/341 318/390/342
f 318/390/342 313/391/341 314/392/343
f 318/390/342 314/392/343 315/393/344
f 315/393/344 316/394/345 318/390/342
f 318/390/342 316/394/345 317/395/346
f 121/398/349 120/397/348 361/396/347
f 361/396/347 120/397/348 367/399/350
f 361/396/347 367/399/350 360/400/351
f 360/400/351 367/399/350 371/401/352
f 360/400/351 371/401/352 359/402/353
f 359/402/353 371/401/352 375/403/354
f 359/402/353 375/403/354 358/404/355
f 358/404/355 375/403/354 376/405/356
f 358/404/355 376/405/356 357/406/357
f 357/406/357 376/405/356 381/407/358
f 357/406/357 381/407/358 356/408/359
f 356/408/359 381/407/358 382/409/360
f 356/408/359 382/409/360 355/410/361
f 355/410/361 382/409/360 389/411/362
f 355/410/361 389/411/362 354/412/363
f 354/412/363 389/411/362 393/413/364
f 354/412/363 393/413/364 140/414/365
f 140/414/365 393/413/364 141/415/366
f 141/415/366 393/413/364 392/416/367
f 141/415/366 392/416/367 142/417/368
f 142/417/368 392/416/367 391/418/369
f 142/417/368 391/418/369 143/419/370
f 143/419/370 391/418/369 390/420/371
f 143/419/370 390/420/371 353/421/372
f 353/421/372 390/420/371 352/422/373
f 352/422/373 390/420/371 386/423/374
f 352/422/373 386/423/374 351/424/375
f 351/424/375 386/423/374 385/425/376
f 351/424/375 385/425/376 363/426/377
f 363/426/377 385/425/376 384/427/378
f 363/426/377 384/427/378 379/428/379
f 379/428/379 384/427/378 383/429/380
f 379/428/379 383/429/380 380/430/381
f 380/430/381 383/429/380 382/409/360
f 380/430/381 382/409/360 381/407/358
f 120/397/348 119/431/382 367/399/350
f 367/399/350 119/431/382 366/432/383
f 367/399/350 366/432/383 371/401/352
f 371/401/352 366/432/383 370/433/384
f 371/401/352 370/433/384 375/403/354
f 375/403/354 370/433/384 374/434/385
f 375/403/354 374/434/385 376/405/356
f 376/405/356 374/434/385 377/435/386
f 376/405/356 377/435/386 381/407/358
f 381/407/358 377/435/386 380/430/381
f 119/431/382 118/436/387 366/432/383
f 366/432/383 118/436/387 365/437/388
f 366/432/383 365/437/388 370/433/384
f 370/433/384 365/437/388 369/438/389
f 370/433/384 369/438/389 374/434/385
f 374/434/385 369/438/389 373/439/390
f 374/434/385 373/439/390 377/435/386
f 377/435/386 373/439/390 378/440/391
f 377/435/386 378/440/391 380/430/381
f 380/430/381 378/440/391 379/428/379
f 118/436/387 117/441/392 365/437/388
f 365/437/388 117/441/392 364/442/393
f 365/437/388 364/442/393 369/438/389
f 369/438/389 364/442/393 368/443/394
f 369/438/389 368/443/394 373/439/390
f 373/439/390 368/443/394 372/444/395
f 373/439/390 372/444/395 378/440/391
f 378/440/391 372/444/395 362/445/396
f 378/440/391 362/445/396 379/428/379
f 379/428/379 362/445/396 363/426/377
f 117/441/392 347/446/397 364/442/393
f 364/442/393 347/446/397 348/447/398
f 364/442/393 348/447/398 368/443/394
f 368/443/394 348/447/398 349/448/399
f 368/443/394 349/448/399 372/444/395
f 372/444/395 349/448/399 362/445/396
f 349/448/399 350/449/400 362/445/396
f 362/445/396 350/449/400 363/426/377
f 350/449/400 351/424/375 363/426/377
f 140/414/365 139/450/401 354/412/363
f 382/409/360 383/429/380 389/411/362
f 389/411/362 383/429/380 388/451/402
f 389/411/362 388/451/402 393/413/364
f 393/413/364 388/451/402 392/416/367
f 383/429/380 384/427/378 388/451/402
f 388/451/402 384/427/378 387/452/403
f 388/451/402 387/452/403 392/416/367
f 392/416/367 387/452/403 391/418/369
f 384/427/378 385/425/376 387/452/403
f 387/452/403 385/425/376 386/423/374
f 387/452/403 386/423/374 391/418/369
f 391/418/369 386/423/374 390/420/371
f 138/455/401 137/454/404 401/453/363
f 401/453/363 137/454/404 407/456/405
f 401/453/363 407/456/405 400/457/361
f 400/457/361 407/456/405 411/458/406
f 400/457/361 411/458/406 399/459/359
f 399/459/359 411/458/406 414/460/407
f 399/459/359 414/460/407 398/461/357
f 398/461/357 414/460/407 415/462/408
f 398/461/357 415/462/408 397/463/355
f 397/463/355 415/462/408 421/464/409
f 397/463/355 421/464/409 396/465/353
f 396/465/353 421/464/409 422/466/410
f 396/465/353 422/466/410 395/467/351
f 395/467/351 422/466/410 429/468/411
f 395/467/351 429/468/411 394/469/347
f 394/469/347 429/468/411 433/470/412
f 394/469/347 433/470/412 123/471/413
f 123/471/413 433/470/412 124/472/414
f 124/472/414 433/470/412 432/473/415
f 124/472/414 432/473/415 125/474/416
f 125/474/416 432/473/415 126/475/417
f 126/475/417 432/473/415 431/476/418
f 126/475/417 431/476/418 127/477/419
f 127/477/419 431/476/418 430/478/420
f 127/477/419 430/478/420 128/479/421
f 128/479/421 430/478/420 426/480/422
f 128/479/421 426/480/422 129/481/423
f 129/481/423 426/480/422 425/482/424
f 129/481/423 425/482/424 402/483/425
f 402/483/425 425/482/424 424/484/426
f 402/483/425 424/484/426 419/485/427
f 419/485/427 424/484/426 423/486/428
f 419/485/427 423/486/428 420/487/429
f 420/487/429 423/486/428 422/466/410
f 420/487/429 422/466/410 421/464/409
f 137/454/404 136/488/430 407/456/405
f 407/456/405 136/488/430 406/489/431
f 407/456/405 406/489/431 411/458/406
f 411/458/406 406/489/431 410/490/432
f 411/458/406 410/490/432 414/460/407
f 414/460/407 410/490/432 413/491/433
f 414/460/407 413/491/433 415/462/408
f 415/462/408 413/491/433 416/492/434
f 415/462/408 416/492/434 421/464/409
f 421/464/409 416/492/434 420/487/429
f 136/488/430 135/493/435 406/489/431
f 406/489/431 135/493/435 134/494/436
f 406/489/431 134/494/436 405/495/437
f 405/495/437 134/494/436 133/496/438
f 405/495/437 133/496/438 404/497/439
f 404/497/439 133/496/438 132/498/440
f 404/497/439 132/498/440 408/499/441
f 408/499/441 132/498/440 131/500/442
f 408/499/441 131/500/442 403/501/443
f 403/501/443 131/500/442 130/502/444
f 403/501/443 130/502/444 418/503/445
f 418/503/445 130/502/444 402/483/425
f 418/503/445 402/483/425 419/485/427
f 130/502/444 129/481/423 402/483/425
f 123/471/413 122/504/349 394/469/347
f 410/490/432 406/489/431 405/495/437
f 405/495/437 404/497/439 409/505/446
f 409/505/446 404/497/439 408/499/441
f 409/505/446 408/499/441 412/506/447
f 412/506/447 408/499/441 403/501/443
f 412/506/447 403/501/443 417/507/448
f 417/507/448 403/501/443 418/503/445
f 417/507/448 418/503/445 419/485/427
f 413/491/433 410/490/432 409/505/446
f 409/505/446 410/490/432 405/495/437
f 413/491/433 409/505/446 412/506/447
f 416/492/434 413/491/433 412/506/447
f 416/492/434 412/506/447 417/507/448
f 419/485/427 420/487/429 417/507/448
f 417/507/448 420/487/429 416/492/434
f 422/466/410 423/486/428 429/468/411
f 429/468/411 423/486/428 428/508/449
f 429/468/411 428/508/449 433/470/412
f 433/470/412 428/508/449 432/473/415
f 423/486/428 424/484/426 428/508/449
f 428/508/449 424/484/426 427/509/450
f 428/508/449 427/509/450 432/473/415
f 432/473/415 427/509/450 431/476/418
f 424/484/426 425/482/424 427/509/450
f 427/509/450 425/482/424 426/480/422
f 427/509/450 426/480/422 431/476/418
f 431/476/418 426/480/422 430/478/420
f 122/512/349 121/511/349 394/510/347
f 394/510/347 121/511/349 361/513/347
f 394/510/347 361/513/347 395/514/351
f 395/514/351 361/513/347 360/515/351
f 395/514/351 360/515/351 396/516/353
f 396/516/353 360/515/351 359/517/353
f 396/516/353 359/517/353 397/518/355
f 397/518/355 359/517/353 358/519/355
f 397/518/355 358/519/355 398/520/357
f 398/520/357 358/519/355 357/521/357
f 398/520/357 357/521/357 399/522/359
f 399/522/359 357/521/357 356/523/359
f 399/522/359 356/523/359 400/524/361
f 400/524/361 356/523/359 355/525/361
f 400/524/361 355/525/361 401/526/363
f 401/526/363 355/525/361 354/527/363
f 401/526/363 354/527/363 138/528/401
f 138/528/401 354/527/363 139/529/401
f 150/532/453 149/531/452 448/530/451
f 448/530/451 149/531/452 454/533/454
f 448/530/451 454/533/454 447/534/455
f 447/534/455 454/533/454 458/535/456
f 447/534/455 458/535/456 446/536/457
f 446/536/457 458/535/456 462/537/458
f 446/536/457 462/537/458 445/538/459
f 445/538/459 462/537/458 463/539/460
f 445/538/459 463/539/460 444/540/461
f 444/540/461 463/539/460 468/541/462
f 444/540/461 468/541/462 443/542/463
f 443/542/463 468/541/462 469/543/464
f 443/542/463 469/543/464 442/544/465
f 442/544/465 469/543/464 476/545/466
f 442/544/465 476/545/466 441/546/467
f 441/546/467 476/545/466 480/547/468
f 441/546/467 480/547/468 169/548/469
f 169/548/469 480/547/468 170/549/470
f 170/549/470 480/547/468 479/550/471
f 170/549/470 479/550/471 171/551/472
f 171/551/472 479/550/471 478/552/473
f 171/551/472 478/552/473 172/553/474
f 172/553/474 478/552/473 477/554/475
f 172/553/474 477/554/475 440/555/476
f 440/555/476 477/554/475 439/556/477
f 439/556/477 477/554/475 473/557/478
f 439/556/477 473/557/478 438/558/479
f 438/558/479 473/557/478 472/559/480
f 438/558/479 472/559/480 450/560/481
f 450/560/481 472/559/480 471/561/482
f 450/560/481 471/561/482 466/562/483
f 466/562/483 471/561/482 470/563/484
f 466/562/483 470/563/484 467/564/485
f 467/564/485 470/563/484 469/543/464
f 467/564/485 469/543/464 468/541/462
f 149/531/452 148/565/486 454/533/454
f 454/533/454 148/565/486 453/566/487
f 454/533/454 453/566/487 458/535/456
f 458/535/456 453/566/487 457/567/488
f 458/535/456 457/567/488 462/537/458
f 462/537/458 457/567/488 461/568/489
f 462/537/458 461/568/489 463/539/460
f 463/539/460 461/568/489 464/569/490
f 463/539/460 464/569/490 468/541/462
f 468/541/462 464/569/490 467/564/485
f 148/565/486 147/570/491 453/566/487
f 453/566/487 147/570/491 452/571/492
f 453/566/487 452/571/492 457/567/488
f 457/567/488 452/571/492 456/572/493
f 457/567/488 456/572/493 461/568/489
f 461/568/489 456/572/493 460/573/494
f 461/568/489 460/573/494 464/569/490
f 464/569/490 460/573/494 465/574/495
f 464/569/490 465/574/495 467/564/485
f 467/564/485 465/574/495 466/562/483
f 147/570/491 146/575/496 452/571/492
f 452/571/492 146/575/496 451/576/497
f 452/571/492 451/576/497 456/572/493
f 456/572/493 451/576/497 455/577/498
f 456/572/493 455/577/498 460/573/494
f 460/573/494 455/577/498 459/578/499
f 460/573/494 459/578/499 465/574/495
f 465/574/495 459/578/499 449/579/500
f 465/574/495 449/579/500 466/562/483
f 466/562/483 449/579/500 450/560/481
f 146/575/496 434/580/501 451/576/497
f 451/576/497 434/580/501 435/581/502
f 451/576/497 435/581/502 455/577/498
f 455/577/498 435/581/502 436/582/503
f 455/577/498 436/582/503 459/578/499
f 459/578/499 436/582/503 449/579/500
f 436/582/503 437/583/504 449/579/500
f 449/579/500 437/583/504 450/560/481
f 437/583/504 438/558/479 450/560/481
f 169/548/469 168/584/505 441/546/467
f 469/543/464 470/563/484 476/545/466
f 476/545/466 470/563/484 475/585/506
f 476/545/466 475/585/506 480/547/468
f 480/547/468 475/585/506 479/550/471
f 470/563/484 471/561/482 475/585/506
f 475/585/506 471/561/482 474/586/507
f 475/585/506 474/586/507 479/550/471
f 479/550/471 474/586/507 478/552/473
f 471/561/482 472/559/480 474/586/507
f 474/586/507 472/559/480 473/557/478
f 474/586/507 473/557/478 478/552/473
f 478/552/473 473/557/478 477/554/475
f 167/589/505 166/588/508 488/587/467
f 488/587/467 166/588/508 494/590/509
f 488/587/467 494/590/509 487/591/465
f 487/591/465 494/590/509 498/592/510
f 487/591/465 498/592/510 486/593/463
f 486/593/463 498/592/510 501/594/511
f 486/593/463 501/594/511 485/595/461
f 485/595/461 501/594/511 502/596/512
f 485/595/461 502/596/512 484/597/459
f 484/597/459 502/596/512 508/598/513
f 484/597/459 508/598/513 483/599/457
f 483/599/457 508/598/513 509/600/514
f 483/599/457 509/600/514 482/601/455
f 482/601/455 509/600/514 516/602/515
f 482/601/455 516/602/515 481/603/451
f 481/603/451 516/602/515 520/604/516
f 481/603/451 520/604/516 152/605/517
f 152/605/517 520/604/516 153/606/518
f 153/606/518 520/604/516 519/607/519
f 153/606/518 519/607/519 154/608/520
f 154/608/520 519/607/519 155/609/521
f 155/609/521 519/607/519 518/610/522
f 155/609/521 518/610/522 156/611/523
f 156/611/523 518/610/522 517/612/524
f 156/611/523 517/612/524 157/613/525
f 157/613/525 517/612/524 513/614/526
f 157/613/525 513/614/526 158/615/527
f 158/615/527 513/614/526 512/616/528
f 158/615/527 512/616/528 489/617/529
f 489/617/529 512/616/528 511/618/530
f 489/617/529 511/618/530 506/619/531
f 506/619/531 511/618/530 510/620/532
f 506/619/531 510/620/532 507/621/533
f 507/621/533 510/620/532 509/600/514
f 507/621/533 509/600/514 508/598/513
f 166/588/508 165/622/534 494/590/509
f 494/590/509 165/622/534 493/623/535
f 494/590/509 493/623/535 498/592/510
f 498/592/510 493/623/535 497/624/536
f 498/592/510 497/624/536 501/594/511
f 501/594/511 497/624/536 500/625/537
f 501/594/511 500/625/537 502/596/512
f 502/596/512 500/625/537 503/626/538
f 502/596/512 503/626/538 508/598/513
f 508/598/513 503/626/538 507/621/533
f 165/622/534 164/627/539 493/623/535
f 493/623/535 164/627/539 163/628/540
f 493/623/535 163/628/540 492/629/541
f 492/629/541 163/628/540 162/630/542
f 492/629/541 162/630/542 491/631/543
f 491/631/543 162/630/542 161/632/544
f 491/631/543 161/632/544 495/633/545
f 495/633/545 161/632/544 160/634/546
f 495/633/545 160/634/546 490/635/547
f 490/635/547 160/634/546 159/636/548
f 490/635/547 159/636/548 505/637/549
f 505/637/549 159/636/548 489/617/529
f 505/637/549 489/617/529 506/619/531
f 159/636/548 158/615/527 489/617/529
f 152/605/517 151/638/453 481/603/451
f 497/624/536 493/623/535 492/629/541
f 492/629/541 491/631/543 496/639/550
f 496/639/550 491/631/543 495/633/545
f 496/639/550 495/633/545 499/640/551
f 499/640/551 495/633/545 490/635/547
f 499/640/551 490/635/547 504/641/552
f 504/641/552 490/635/547 505/637/549
f 504/641/552 505/637/549 506/619/531
f 500/625/537 497/624/536 496/639/550
f 496/639/550 497/624/536 492/629/541
f 500/625/537 496/639/550 499/640/551
f 503/626/538 500/625/537 499/640/551
f 503/626/538 499/640/551 504/641/552
f 506/619/531 507/621/533 504/641/552
f 504/641/552 507/621/533 503/626/538
f 509/600/514 510/620/532 516/602/515
f 516/602/515 510/620/532 515/642/553
f 516/602/515 515/642/553 520/604/516
f 520/604/516 515/642/553 519/607/519
f 510/620/532 511/618/530 515/642/553
f 515/642/553 511/618/530 514/643/554
f 515/642/553 514/643/554 519/607/519
f 519/607/519 514/643/554 518/610/522
f 511/618/530 512/616/528 514/643/554
f 514/643/554 512/616/528 513/614/526
f 514/643/554 513/614/526 518/610/522
f 518/610/522 513/614/526 517/612/524
f 151/646/453 150/645/453 481/644/451
f 481/644/451 150/645/453 448/647/451
f 481/644/451 448/647/451 482/648/455
f 482/648/455 448/647/451 447/649/455
f 482/648/455 447/649/455 483/650/457
f 483/650/457 447/649/455 446/651/457
f 483/650/457 446/651/457 484/652/459
f 484/652/459 446/651/457 445/653/459
f 484/652/459 445/653/459 485/654/461
f 485/654/461 445/653/459 444/655/461
f 485/654/461 444/655/461 486/656/463
f 486/656/463 444/655/461 443/657/463
f 486/656/463 443/657/463 487/658/465
f 487/658/465 443/657/463 442/659/465
f 487/658/465 442/659/465 488/660/467
f 488/660/467 442/659/465 441/661/467
f 488/660/467 441/661/467 167/662/505
f 167/662/505 441/661/467 168/663/505
f 179/666/557 178/665/556 535/664/555
f 535/664/555 178/665/556 541/667/558
f 535/664/555 541/667/558 534/668/559
f 534/668/559 541/667/558 545/669/560
f 534/668/559 545/669/560 533/670/561
f 533/670/561 545/669/560 549/671/562
f 533/670/561 549/671/562 532/672/563
f 532/672/563 549/671/562 550/673/564
f 532/672/563 550/673/564 531/674/565
f 531/674/565 550/673/564 555/675/566
f 531/674/565 555/675/566 530/676/567
f 530/676/567 555/675/566 556/677/568
f 530/676/567 556/677/568 529/678/569
f 529/678/569 556/677/568 563/679/570
f 529/678/569 563/679/570 528/680/571
f 528/680/571 563/679/570 567/681/572
f 528/680/571 567/681/572 198/682/573
f 198/682/573 567/681/572 199/683/574
f 199/683/574 567/681/572 566/684/575
f 199/683/574 566/684/575 200/685/576
f 200/685/576 566/684/575 565/686/577
f 200/685/576 565/686/577 201/687/578
f 201/687/578 565/686/577 564/688/579
f 201/687/578 564/688/579 527/689/580
f 527/689/580 564/688/579 526/690/581
f 526/690/581 564/688/579 560/691/582
f 526/690/581 560/691/582 525/692/583
f 525/692/583 560/691/582 559/693/584
f 525/692/583 559/693/584 537/694/585
f 537/694/585 559/693/584 558/695/586
f 537/694/585 558/695/586 553/696/587
f 553/696/587 558/695/586 557/697/588
f 553/696/587 557/697/588 554/698/589
f 554/698/589 557/697/588 556/677/568
f 554/698/589 556/677/568 555/675/566
f 178/665/556 177/699/590 541/667/558
f 541/667/558 177/699/590 540/700/591
f 541/667/558 540/700/591 545/669/560
f 545/669/560 540/700/591 544/701/592
f 545/669/560 544/701/592 549/671/562
f 549/671/562 544/701/592 548/702/593
f 549/671/562 548/702/593 550/673/564
f 550/673/564 548/702/593 551/703/594
f 550/673/564 551/703/594 555/675/566
f 555/675/566 551/703/594 554/698/589
f 177/699/590 176/704/595 540/700/591
f 540/700/591 176/704/595 539/705/596
f 540/700/591 539/705/596 544/701/592
f 544/701/592 539/705/596 543/706/597
f 544/701/592 543/706/597 548/702/593
f 548/702/593 543/706/597 547/707/598
f 548/702/593 547/707/598 551/703/594
f 551/703/594 547/707/598 552/708/599
f 551/703/594 552/708/599 554/698/589
f 554/698/589 552/708/599 553/696/587
f 176/704/595 175/709/600 539/705/596
f 539/705/596 175/709/600 538/710/601
f 539/705/596 538/710/601 543/706/597
f 543/706/597 538/710/601 542/711/602
f 543/706/597 542/711/602 547/707/598
f 547/707/598 542/711/602 546/712/603
f 547/707/598 546/712/603 552/708/599
f 552/708/599 546/712/603 536/713/604
f 552/708/599 536/713/604 553/696/587
f 553/696/587 536/713/604 537/694/585
f 175/709/600 521/714/605 538/710/601
f 538/710/601 521/714/605 522/715/606
f 538/710/601 522/715/606 542/711/602
f 542/711/602 522/715/606 523/716/607
f 542/711/602 523/716/607 546/712/603
f 546/712/603 523/716/607 536/713/604
f 523/716/607 524/717/608 536/713/604
f 536/713/604 524/717/608 537/694/585
f 524/717/608 525/692/583 537/694/585
f 198/682/573 197/718/609 528/680/571
f 556/677/568 557/697/588 563/679/570
f 563/679/570 557/697/588 562/719/610
f 563/679/570 562/719/610 567/681/572
f 567/681/572 562/719/610 566/684/575
f 557/697/588 558/695/586 562/719/610
f 562/719/610 558/695/586 561/720/611
f 562/719/610 561/720/611 566/684/575
f 566/684/575 561/720/611 565/686/577
f 558/695/586 559/693/584 561/720/611
f 561/720/611 559/693/584 560/691/582
f 561/720/611 560/691/582 565/686/577
f 565/686/577 560/691/582 564/688/579
f 196/723/609 195/722/612 575/721/571
f 575/721/571 195/722/612 581/724/613
f 575/721/571 581/724/613 574/725/569
f 574/725/569 581/724/613 585/726/614
f 574/725/569 585/726/614 573/727/567
f 573/727/567 585/726/614 588/728/615
f 573/727/567 588/728/615 572/729/565
f 572/729/565 588/728/615 589/730/616
f 572/729/565 589/730/616 571/731/563
f 571/731/563 589/730/616 595/732/617
f 571/731/563 595/732/617 570/733/561
f 570/733/561 595/732/617 596/734/618
f 570/733/561 596/734/618 569/735/559
f 569/735/559 596/734/618 603/736/619
f 569/735/559 603/736/619 568/737/555
f 568/737/555 603/736/619 607/738/620
f 568/737/555 607/738/620 181/739/621
f 181/739/621 607/738/620 182/740/622
f 182/740/622 607/738/620 606/741/623
f 182/740/622 606/741/623 183/742/624
f 183/742/624 606/741/623 184/743/625
f 184/743/625 606/741/623 605/744/626
f 184/743/625 605/744/626 185/745/627
f 185/745/627 605/744/626 604/746/628
f 185/745/627 604/746/628 186/747/629
f 186/747/629 604/746/628 600/748/630
f 186/747/629 600/748/630 187/749/631
f 187/749/631 600/748/630 599/750/632
f 187/749/631 599/750/632 576/751/633
f 576/751/633 599/750/632 598/752/634
f 576/751/633 598/752/634 593/753/635
f 593/753/635 598/752/634 597/754/636
f 593/753/635 597/754/636 594/755/637
f 594/755/637 597/754/636 596/734/618
f 594/755/637 596/734/618 595/732/617
f 195/722/612 194/756/638 581/724/613
f 581/724/613 194/756/638 580/757/639
f 581/724/613 580/757/639 585/726/614
f 585/726/614 580/757/639 584/758/640
f 585/726/614 584/758/640 588/728/615
f 588/728/615 584/758/640 587/759/641
f 588/728/615 587/759/641 589/730/616
f 589/730/616 587/759/641 590/760/642
f 589/730/616 590/760/642 595/732/617
f 595/732/617 590/760/642 594/755/637
f 194/756/638 193/761/643 580/757/639
f 580/757/639 193/761/643 192/762/644
f 580/757/639 192/762/644 579/763/645
f 579/763/645 192/762/644 191/764/646
f 579/763/645 191/764/646 578/765/647
f 578/765/647 191/764/646 190/766/648
f 578/765/647 190/766/648 582/767/649
f 582/767/649 190/766/648 189/768/650
f 582/767/649 189/768/650 577/769/651
f 577/769/651 189/768/650 188/770/652
f 577/769/651 188/770/652 592/771/653
f 592/771/653 188/770/652 576/751/633
f 592/771/653 576/751/633 593/753/635
f 188/770/652 187/749/631 576/751/633
f 181/739/621 180/772/557 568/737/555
f 584/758/640 580/757/639 579/763/645
f 579/763/645 578/765/647 583/773/654
f 583/773/654 578/765/647 582/767/649
f 583/773/654 582/767/649 586/774/655
f 586/774/655 582/767/649 577/769/651
f 586/774/655 577/769/651 591/775/656
f 591/775/656 577/769/651 592/771/653
f 591/775/656 592/771/653 593/753/635
f 587/759/641 584/758/640 583/773/654
f 583/773/654 584/758/640 579/763/645
f 587/759/641 583/773/654 586/774/655
f 590/760/642 587/759/641 586/774/655
f 590/760/642 586/774/655 591/775/656
f 593/753/635 594/755/637 591/775/656
f 591/775/656 594/755/637 590/760/642
f 596/734/618 597/754/636 603/736/619
f 603/736/619 597/754/636 602/776/657
f 603/736/619 602/776/657 607/738/620
f 607/738/620 602/776/657 606/741/623
f 597/754/636 598/752/634 602/776/657
f 602/776/657 598/752/634 601/777/658
f 602/776/657 601/777/658 606/741/623
f 606/741/623 601/777/658 605/744/626
f 598/752/634 599/750/632 601/777/658
f 601/777/658 599/750/632 600/748/630
f 601/777/658 600/748/630 605/744/626
f 605/744/626 600/748/630 604/746/628
f 180/780/557 179/779/557 568/778/555
f 568/778/555 179/779/557 535/781/555
f 568/778/555 535/781/555 569/782/559
f 569/782/559 535/781/555 534/783/559
f 569/782/559 534/783/559 570/784/561
f 570/784/561 534/783/559 533/785/561
f 570/784/561 533/785/561 571/786/563
f 571/786/563 533/785/561 532/787/563
f 571/786/563 532/787/563 572/788/565
f 572/788/565 532/787/563 531/789/565
f 572/788/565 531/789/565 573/790/567
f 573/790/567 531/789/565 530/791/567
f 573/790/567 530/791/567 574/792/569
f 574/792/569 530/791/567 529/793/569
f 574/792/569 529/793/569 575/794/571
f 575/794/571 529/793/569 528/795/571
f 575/794/571 528/795/571 196/796/609
f 196/796/609 528/795/571 197/797/609
f 208/800/661 207/799/660 622/798/659
f 622/798/659 207/799/660 628/801/662
f 622/798/659 628/801/662 621/802/663
f 621/802/663 628/801/662 632/803/664
f 621/802/663 632/803/664 620/804/665
f 620/804/665 632/803/664 636/805/666
f 620/804/665 636/805/666 619/806/667
f 619/806/667 636/805/666 637/807/668
f 619/806/667 637/807/668 618/808/669
f 618/808/669 637/807/668 642/809/670
f 618/808/669 642/809/670 617/810/671
f 617/810/671 642/809/670 643/811/672
f 617/810/671 643/811/672 616/812/673
f 616/812/673 643/811/672 650/813/674
f 616/812/673 650/813/674 615/814/675
f 615/814/675 650/813/674 654/815/676
f 615/814/675 654/815/676 227/816/677
f 227/816/677 654/815/676 228/817/678
f 228/817/678 654/815/676 653/818/679
f 228/817/678 653/818/679 229/819/680
f 229/819/680 653/818/679 652/820/681
f 229/819/680 652/820/681 230/821/682
f 230/821/682 652/820/681 651/822/683
f 230/821/682 651/822/683 614/823/684
f 614/823/684 651/822/683 613/824/685
f 613/824/685 651/822/683 647/825/686
f 613/824/685 647/825/686 612/826/687
f 612/826/687 647/825/686 646/827/688
f 612/826/687 646/827/688 624/828/689
f 624/828/689 646/827/688 645/829/690
f 624/828/689 645/829/690 640/830/691
f 640/830/691 645/829/690 644/831/692
f 640/830/691 644/831/692 641/832/693
f 641/832/693 644/831/692 643/811/672
f 641/832/693 643/811/672 642/809/670
f 207/799/660 206/833/694 628/801/662
f 628/801/662 206/833/694 627/834/695
f 628/801/662 627/834/695 632/803/664
f 632/803/664 627/834/695 631/835/696
f 632/803/664 631/835/696 636/805/666
f 636/805/666 631/835/696 635/836/697
f 636/805/666 635/836/697 637/807/668
f 637/807/668 635/836/697 638/837/698
f 637/807/668 638/837/698 642/809/670
f 642/809/670 638/837/698 641/832/693
f 206/833/694 205/838/699 627/834/695
f 627/834/695 205/838/699 626/839/700
f 627/834/695 626/839/700 631/835/696
f 631/835/696 626/839/700 630/840/701
f 631/835/696 630/840/701 635/836/697
f 635/836/697 630/840/701 634/841/702
f 635/836/697 634/841/702 638/837/698
f 638/837/698 634/841/702 639/842/703
f 638/837/698 639/842/703 641/832/693
f 641/832/693 639/842/703 640/830/691
f 205/838/699 204/843/704 626/839/700
f 626/839/700 204/843/704 625/844/705
f 626/839/700 625/844/705 630/840/701
f 630/840/701 625/844/705 629/845/706
f 630/840/701 629/845/706 634/841/702
f 634/841/702 629/845/706 633/846/707
f 634/841/702 633/846/707 639/842/703
f 639/842/703 633/846/707 623/847/708
f 639/842/703 623/847/708 640/830/691
f 640/830/691 623/847/708 624/828/689
f 204/843/704 608/848/709 625/844/705
f 625/844/705 608/848/709 609/849/710
f 625/844/705 609/849/710 629/845/706
f 629/845/706 609/849/710 610/850/711
f 629/845/706 610/850/711 633/846/707
f 633/846/707 610/850/711 623/847/708
f 610/850/711 611/851/712 623/847/708
f 623/847/708 611/851/712 624/828/689
f 611/851/712 612/826/687 624/828/689
f 227/816/677 226/852/713 615/814/675
f 643/811/672 644/831/692 650/813/674
f 650/813/674 644/831/692 649/853/714
f 650/813/674 649/853/714 654/815/676
f 654/815/676 649/853/714 653/818/679
f 644/831/692 645/829/690 649/853/714
f 649/853/714 645/829/690 648/854/715
f 649/853/714 648/854/715 653/818/679
f 653/818/679 648/854/715 652/820/681
f 645/829/690 646/827/688 648/854/715
f 648/854/715 646/827/688 647/825/686
f 648/854/715 647/825/686 652/820/681
f 652/820/681 647/825/686 651/822/683
f 225/857/713 224/856/716 662/855/675
f 662/855/675 224/856/716 668/858/717
f 662/855/675 668/858/717 661/859/673
f 661/859/673 668/858/717 672/860/718
f 661/859/673 672/860/718 660/861/671
f 660/861/671 672/860/718 675/862/719
f 660/861/671 675/862/719 659/863/669
f 659/863/669 675/862/719 676/864/720
f 659/863/669 676/864/720 658/865/667
f 658/865/667 676/864/720 682/866/721
f 658/865/667 682/866/721 657/867/665
f 657/867/665 682/866/721 683/868/722
f 657/867/665 683/868/722 656/869/663
f 656/869/663 683/868/722 690/870/723
f 656/869/663 690/870/723 655/871/659
f 655/871/659 690/870/723 694/872/724
f 655/871/659 694/872/724 210/873/725
f 210/873/725 694/872/724 211/874/726
f 211/874/726 694/872/724 693/875/727
f 211/874/726 693/875/727 212/876/728
f 212/876/728 693/875/727 213/877/729
f 213/877/729 693/875/727 692/878/730
f 213/877/729 692/878/730 214/879/731
f 214/879/731 692/878/730 691/880/732
f 214/879/731 691/880/732 215/881/733
f 215/881/733 691/880/732 687/882/734
f 215/881/733 687/882/734 216/883/735
f 216/883/735 687/882/734 686/884/736
f 216/883/735 686/884/736 663/885/737
f 663/885/737 686/884/736 685/886/738
f 663/885/737 685/886/738 680/887/739
f 680/887/739 685/886/738 684/888/740
f 680/887/739 684/888/740 681/889/741
f 681/889/741 684/888/740 683/868/722
f 681/889/741 683/868/722 682/866/721
f 224/856/716 223/890/742 668/858/717
f 668/858/717 223/890/742 667/891/743
f 668/858/717 667/891/743 672/860/718
f 672/860/718 667/891/743 671/892/744
f 672/860/718 671/892/744 675/862/719
f 675/862/719 671/892/744 674/893/745
f 675/862/719 674/893/745 676/864/720
f 676/864/720 674/893/745 677/894/746
f 676/864/720 677/894/746 682/866/721
f 682/866/721 677/894/746 681/889/741
f 223/890/742 222/895/747 667/891/743
f 667/891/743 222/895/747 221/896/748
f 667/891/743 221/896/748 666/897/749
f 666/897/749 221/896/748 220/898/750
f 666/897/749 220/898/750 665/899/751
f 665/899/751 220/898/750 219/900/752
f 665/899/751 219/900/752 669/901/753
f 669/901/753 219/900/752 218/902/754
f 669/901/753 218/902/754 664/903/755
f 664/903/755 218/902/754 217/904/756
f 664/903/755 217/904/756 679/905/757
f 679/905/757 217/904/756 663/885/737
f 679/905/757 663/885/737 680/887/739
f 217/904/756 216/883/735 663/885/737
f 210/873/725 209/906/661 655/871/659
f 671/892/744 667/891/743 666/897/749
f 666/897/749 665/899/751 670/907/758
f 670/907/758 665/899/751 669/901/753
f 670/907/758 669/901/753 673/908/759
f 673/908/759 669/901/753 664/903/755
f 673/908/759 664/903/755 678/909/760
f 678/909/760 664/903/755 679/905/757
f 678/909/760 679/905/757 680/887/739
f 674/893/745 671/892/744 670/907/758
f 670/907/758 671/892/744 666/897/749
f 674/893/745 670/907/758 673/908/759
f 677/894/746 674/893/745 673/908/759
f 677/894/746 673/908/759 678/909/760
f 680/887/739 681/889/741 678/909/760
f 678/909/760 681/889/741 677/894/746
f 683/868/722 684/888/740 690/870/723
f 690/870/723 684/888/740 689/910/761
f 690/870/723 689/910/761 694/872/724
f 694/872/724 689/910/761 693/875/727
f 684/888/740 685/886/738 689/910/761
f 689/910/761 685/886/738 688/911/762
f 689/910/761 688/911/762 693/875/727
f 693/875/727 688/911/762 692/878/730
f 685/886/738 686/884/736 688/911/762
f 688/911/762 686/884/736 687/882/734
f 688/911/762 687/882/734 692/878/730
f 692/878/730 687/882/734 691/880/732
f 209/914/661 208/913/661 655/912/659
f 655/912/659 208/913/661 622/915/659
f 655/912/659 622/915/659 656/916/663
f 656/916/663 622/915/659 621/917/663
f 656/916/663 621/917/663 657/918/665
f 657/918/665 621/917/663 620/919/665
f 657/918/665 620/919/665 658/920/667
f 658/920/667 620/919/665 619/921/667
f 658/920/667 619/921/667 659/922/669
f 659/922/669 619/921/667 618/923/669
f 659/922/669 618/923/669 660/924/671
f 660/924/671 618/923/669 617/925/671
f 660/924/671 617/925/671 661/926/673
f 661/926/673 617/925/671 616/927/673
f 661/926/673 616/927/673 662/928/675
f 662/928/675 616/927/673 615/929/675
f 662/928/675 615/929/675 225/930/713
f 225/930/713 615/929/675 226/931/713
f 237/934/765 236/933/764 709/932/763
f 709/932/763 236/933/764 715/935/766
f 709/932/763 715/935/766 708/936/767
f 708/936/767 715/935/766 719/937/768
f 708/936/767 719/937/768 707/938/769
f 707/938/769 719/937/768 723/939/770
f 707/938/769 723/939/770 706/940/771
f 706/940/771 723/939/770 724/941/772
f 706/940/771 724/941/772 705/942/773
f 705/942/773 724/941/772 729/943/774
f 705/942/773 729/943/774 704/944/775
f 704/944/775 729/943/774 730/945/776
f 704/944/775 730/945/776 703/946/777
f 703/946/777 730/945/776 737/947/778
f 703/946/777 737/947/778 702/948/779
f 702/948/779 737/947/778 741/949/780
f 702/948/779 741/949/780 256/950/781
f 256/950/781 741/949/780 257/951/782
f 257/951/782 741/949/780 740/952/783
f 257/951/782 740/952/783 258/953/784
f 258/953/784 740/952/783 739/954/785
f 258/953/784 739/954/785 259/955/786
f 259/955/786 739/954/785 738/956/787
f 259/955/786 738/956/787 701/957/788
f 701/957/788 738/956/787 700/958/789
f 700/958/789 738/956/787 734/959/790
f 700/958/789 734/959/790 699/960/791
f 699/960/791 734/959/790 733/961/792
f 699/960/791 733/961/792 711/962/793
f 711/962/793 733/961/792 732/963/794
f 711/962/793 732/963/794 727/964/795
f 727/964/795 732/963/794 731/965/796
f 727/964/795 731/965/796 728/966/797
f 728/966/797 731/965/796 730/945/776
f 728/966/797 730/945/776 729/943/774
f 236/933/764 235/967/798 715/935/766
f 715/935/766 235/967/798 714/968/799
f 715/935/766 714/968/799 719/937/768
f 719/937/768 714/968/799 718/969/800
f 719/937/768 718/969/800 723/939/770
f 723/939/770 718/969/800 722/970/801
f 723/939/770 722/970/801 724/941/772
f 724/941/772 722/970/801 725/971/802
f 724/941/772 725/971/802 729/943/774
f 729/943/774 725/971/802 728/966/797
f 235/967/798 234/972/803 714/968/799
f 714/968/799 234/972/803 713/973/804
f 714/968/799 713/973/804 718/969/800
f 718/969/800 713/973/804 717/974/805
f 718/969/800 717/974/805 722/970/801
f 722/970/801 717/974/805 721/975/806
f 722/970/801 721/975/806 725/971/802
f 725/971/802 721/975/806 726/976/807
f 725/971/802 726/976/807 728/966/797
f 728/966/797 726/976/807 727/964/795
f 234/972/803 233/977/808 713/973/804
f 713/973/804 233/977/808 712/978/809
f 713/973/804 712/978/809 717/974/805
f 717/974/805 712/978/809 716/979/810
f 717/974/805 716/979/810 721/975/806
f 721/975/806 716/979/810 720/980/811
f 721/975/806 720/980/811 726/976/807
f 726/976/807 720/980/811 710/981/812
f 726/976/807 710/981/812 727/964/795
f 727/964/795 710/981/812 711/962/793
f 233/977/808 695/982/813 712/978/809
f 712/978/809 695/982/813 696/983/814
f 712/978/809 696/983/814 716/979/810
f 716/979/810 696/983/814 697/984/815
f 716/979/810 697/984/815 720/980/811
f 720/980/811 697/984/815 710/981/812
f 697/984/815 698/985/816 710/981/812
f 710/981/812 698/985/816 711/962/793
f 698/985/816 699/960/791 711/962/793
f 256/950/781 255/986/817 702/948/779
f 730/945/776 731/965/796 737/947/778
f 737/947/778 731/965/796 736/987/818
f 737/947/778 736/987/818 741/949/780
f 741/949/780 736/987/818 740/952/783
f 731/965/796 732/963/794 736/987/818
f 736/987/818 732/963/794 735/988/819
f 736/987/818 735/988/819 740/952/783
f 740/952/783 735/988/819 739/954/785
f 732/963/794 733/961/792 735/988/819
f 735/988/819 733/961/792 734/959/790
f 735/988/819 734/959/790 739/954/785
f 739/954/785 734/959/790 738/956/787
f 254/991/817 253/990/820 749/989/779
f 749/989/779 253/990/820 755/992/821
f 749/989/779 755/992/821 748/993/777
f 748/993/777 755/992/821 759/994/822
f 748/993/777 759/994/822 747/995/775
f 747/995/775 759/994/822 762/996/823
f 747/995/775 762/996/823 746/997/773
f 746/997/773 762/996/823 763/998/824
f 746/997/773 763/998/824 745/999/771
f 745/999/771 763/998/824 769/1000/825
f 745/999/771 769/1000/825 744/1001/769
f 744/1001/769 769/1000/825 770/1002/826
f 744/1001/769 770/1002/826 743/1003/767
f 743/1003/767 770/1002/826 777/1004/827
f 743/1003/767 777/1004/827 742/1005/763
f 742/1005/763 777/1004/827 781/1006/828
f 742/1005/763 781/1006/828 239/1007/829
f 239/1007/829 781/1006/828 240/1008/830
f 240/1008/830 781/1006/828 780/1009/831
f 240/1008/830 780/1009/831 241/1010/832
f 241/1010/832 780/1009/831 242/1011/833
f 242/1011/833 780/1009/831 779/1012/834
f 242/1011/833 779/1012/834 243/1013/835
f 243/1013/835 779/1012/834 778/1014/836
f 243/1013/835 778/1014/836 244/1015/837
f 244/1015/837 778/1014/836 774/1016/838
f 244/1015/837 774/1016/838 245/1017/839
f 245/1017/839 774/1016/838 773/1018/840
f 245/1017/839 773/1018/840 750/1019/841
f 750/1019/841 773/1018/840 772/1020/842
f 750/1019/841 772/1020/842 767/1021/843
f 767/1021/843 772/1020/842 771/1022/844
f 767/1021/843 771/1022/844 768/1023/845
f 768/1023/845 771/1022/844 770/1002/826
f 768/1023/845 770/1002/826 769/1000/825
f 253/990/820 252/1024/846 755/992/821
f 755/992/821 252/1024/846 754/1025/847
f 755/992/821 754/1025/847 759/994/822
f 759/994/822 754/1025/847 758/1026/848
f 759/994/822 758/1026/848 762/996/823
f 762/996/823 758/1026/848 761/1027/849
f 762/996/823 761/1027/849 763/998/824
f 763/998/824 761/1027/849 764/1028/850
f 763/998/824 764/1028/850 769/1000/825
f 769/1000/825 764/1028/850 768/1023/845
f 252/1024/846 251/1029/851 754/1025/847
f 754/1025/847 251/1029/851 250/1030/852
f 754/1025/847 250/1030/852 753/1031/853
f 753/1031/853 250/1030/852 249/1032/854
f 753/1031/853 249/1032/854 752/1033/855
f 752/1033/855 249/1032/854 248/1034/856
f 752/1033/855 248/1034/856 756/1035/857
f 756/1035/857 248/1034/856 247/1036/858
f 756/1035/857 247/1036/858 751/1037/859
f 751/1037/859 247/1036/858 246/1038/860
f 751/1037/859 246/1038/860 766/1039/861
f 766/1039/861 246/1038/860 750/1019/841
f 766/1039/861 750/1019/841 767/1021/843
f 246/1038/860 245/1017/839 750/1019/841
f 239/1007/829 238/1040/765 742/1005/763
f 758/1026/848 754/1025/847 753/1031/853
f 753/1031/853 752/1033/855 757/1041/862
f 757/1041/862 752/1033/855 756/1035/857
f 757/1041/862 756/1035/857 760/1042/863
f 760/1042/863 756/1035/857 751/1037/859
f 760/1042/863 751/1037/859 765/1043/864
f 765/1043/864 751/1037/859 766/1039/861
f 765/1043/864 766/1039/861 767/1021/843
f 761/1027/849 758/1026/848 757/1041/862
f 757/1041/862 758/1026/848 753/1031/853
f 761/1027/849 757/1041/862 760/1042/863
f 764/1028/850 761/1027/849 760/1042/863
f 764/1028/850 760/1042/863 765/1043/864
f 767/1021/843 768/1023/845 765/1043/864
f 765/1043/864 768/1023/845 764/1028/850
f 770/1002/826 771/1022/844 777/1004/827
f 777/1004/827 771/1022/844 776/1044/865
f 777/1004/827 776/1044/865 781/1006/828
f 781/1006/828 776/1044/865 780/1009/831
f 771/1022/844 772/1020/842 776/1044/865
f 776/1044/865 772/1020/842 775/1045/866
f 776/1044/865 775/1045/866 780/1009/831
f 780/1009/831 775/1045/866 779/1012/834
f 772/1020/842 773/1018/840 775/1045/866
f 775/1045/866 773/1018/840 774/1016/838
f 775/1045/866 774/1016/838 779/1012/834
f 779/1012/834 774/1016/838 778/1014/836
f 238/1048/765 237/1047/765 742/1046/763
f 742/1046/763 237/1047/765 709/1049/763
f 742/1046/763 709/1049/763 743/1050/767
f 743/1050/767 709/1049/763 708/1051/767
f 743/1050/767 708/1051/767 744/1052/769
f 744/1052/769 708/1051/767 707/1053/769
f 744/1052/769 707/1053/769 745/1054/771
f 745/1054/771 707/1053/769 706/1055/771
f 745/1054/771 706/1055/771 746/1056/773
f 746/1056/773 706/1055/771 705/1057/773
f 746/1056/773 705/1057/773 747/1058/775
f 747/1058/775 705/1057/773 704/1059/775
f 747/1058/775 704/1059/775 748/1060/777
f 748/1060/777 704/1059/775 703/1061/777
f 748/1060/777 703/1061/777 749/1062/779
f 749/1062/779 703/1061/777 702/1063/779
f 749/1062/779 702/1063/779 254/1064/817
f 254/1064/817 702/1063/779 255/1065/817
f 266/1068/869 265/1067/868 796/1066/867
f 796/1066/867 265/1067/868 802/1069/870
f 796/1066/867 802/1069/870 795/1070/871
f 795/1070/871 802/1069/870 806/1071/872
f 795/1070/871 806/1071/872 794/1072/873
f 794/1072/873 806/1071/872 810/1073/874
f 794/1072/873 810/1073/874 793/1074/875
f 793/1074/875 810/1073/874 811/1075/876
f 793/1074/875 811/1075/876 792/1076/877
f 792/1076/877 811/1075/876 816/1077/878
f 792/1076/877 816/1077/878 791/1078/879
f 791/1078/879 816/1077/878 817/1079/880
f 791/1078/879 817/1079/880 790/1080/881
f 790/1080/881 817/1079/880 824/1081/882
f 790/1080/881 824/1081/882 789/1082/883
f 789/1082/883 824/1081/882 828/1083/884
f 789/1082/883 828/1083/884 285/1084/885
f 285/1084/885 828/1083/884 286/1085/886
f 286/1085/886 828/1083/884 827/1086/887
f 286/1085/886 827/1086/887 287/1087/888
f 287/1087/888 827/1086/887 826/1088/889
f 287/1087/888 826/1088/889 288/1089/890
f 288/1089/890 826/1088/889 825/1090/891
f 288/1089/890 825/1090/891 788/1091/892
f 788/1091/892 825/1090/891 787/1092/893
f 787/1092/893 825/1090/891 821/1093/894
f 787/1092/893 821/1093/894 786/1094/895
f 786/1094/895 821/1093/894 820/1095/896
f 786/1094/895 820/1095/896 798/1096/897
f 798/1096/897 820/1095/896 819/1097/898
f 798/1096/897 819/1097/898 814/1098/899
f 814/1098/899 819/1097/898 818/1099/900
f 814/1098/899 818/1099/900 815/1100/901
f 815/1100/901 818/1099/900 817/1079/880
f 815/1100/901 817/1079/880 816/1077/878
f 265/1067/868 264/1101/902 802/1069/870
f 802/1069/870 264/1101/902 801/1102/903
f 802/1069/870 801/1102/903 806/1071/872
f 806/1071/872 801/1102/903 805/1103/904
f 806/1071/872 805/1103/904 810/1073/874
f 810/1073/874 805/1103/904 809/1104/905
f 810/1073/874 809/1104/905 811/1075/876
f 811/1075/876 809/1104/905 812/1105/906
f 811/1075/876 812/1105/906 816/1077/878
f 816/1077/878 812/1105/906 815/1100/901
f 264/1101/902 263/1106/907 801/1102/903
f 801/1102/903 263/1106/907 800/1107/908
f 801/1102/903 800/1107/908 805/1103/904
f 805/1103/904 800/1107/908 804/1108/909
f 805/1103/904 804/1108/909 809/1104/905
f 809/1104/905 804/1108/909 808/1109/910
f 809/1104/905 808/1109/910 812/1105/906
f 812/1105/906 808/1109/910 813/1110/911
f 812/1105/906 813/1110/911 815/1100/901
f 815/1100/901 813/1110/911 814/1098/899
f 263/1106/907 262/1111/912 800/1107/908
f 800/1107/908 262/1111/912 799/1112/913
f 800/1107/908 799/1112/913 804/1108/909
f 804/1108/909 799/1112/913 803/1113/914
f 804/1108/909 803/1113/914 808/1109/910
f 808/1109/910 803/1113/914 807/1114/915
f 808/1109/910 807/1114/915 813/1110/911
f 813/1110/911 807/1114/915 797/1115/916
f 813/1110/911 797/1115/916 814/1098/899
f 814/1098/899 797/1115/916 798/1096/897
f 262/1111/912 782/1116/917 799/1112/913
f 799/1112/913 782/1116/917 783/1117/918
f 799/1112/913 783/1117/918 803/1113/914
f 803/1113/914 783/1117/918 784/1118/919
f 803/1113/914 784/1118/919 807/1114/915
f 807/1114/915 784/1118/919 797/1115/916
f 784/1118/919 785/1119/920 797/1115/916
f 797/1115/916 785/1119/920 798/1096/897
f 785/1119/920 786/1094/895 798/1096/897
f 285/1084/885 284/1120/921 789/1082/883
f 817/1079/880 818/1099/900 824/1081/882
f 824/1081/882 818/1099/900 823/1121/922
f 824/1081/882 823/1121/922 828/1083/884
f 828/1083/884 823/1121/922 827/1086/887
f 818/1099/900 819/1097/898 823/1121/922
f 823/1121/922 819/1097/898 822/1122/923
f 823/1121/922 822/1122/923 827/1086/887
f 827/1086/887 822/1122/923 826/1088/889
f 819/1097/898 820/1095/896 822/1122/923
f 822/1122/923 820/1095/896 821/1093/894
f 822/1122/923 821/1093/894 826/1088/889
f 826/1088/889 821/1093/894 825/1090/891
f 283/1125/921 282/1124/924 836/1123/883
f 836/1123/883 282/1124/924 842/1126/925
f 836/1123/883 842/1126/925 835/1127/881
f 835/1127/881 842/1126/925 846/1128/926
f 835/1127/881 846/1128/926 834/1129/879
f 834/1129/879 846/1128/926 849/1130/927
f 834/1129/879 849/1130/927 833/1131/877
f 833/1131/877 849/1130/927 850/1132/928
f 833/1131/877 850/1132/928 832/1133/875
f 832/1133/875 850/1132/928 856/1134/929
f 832/1133/875 856/1134/929 831/1135/873
f 831/1135/873 856/1134/929 857/1136/930
f 831/1135/873 857/1136/930 830/1137/871
f 830/1137/871 857/1136/930 864/1138/931
f 830/1137/871 864/1138/931 829/1139/867
f 829/1139/867 864/1138/931 868/1140/932
f 829/1139/867 868/1140/932 268/1141/933
f 268/1141/933 868/1140/932 269/1142/934
f 269/1142/934 868/1140/932 867/1143/935
f 269/1142/934 867/1143/935 270/1144/936
f 270/1144/936 867/1143/935 271/1145/937
f 271/1145/937 867/1143/935 866/1146/938
f 271/1145/937 866/1146/938 272/1147/939
f 272/1147/939 866/1146/938 865/1148/940
f 272/1147/939 865/1148/940 273/1149/941
f 273/1149/941 865/1148/940 861/1150/942
f 273/1149/941 861/1150/942 274/1151/943
f 274/1151/943 861/1150/942 860/1152/944
f 274/1151/943 860/1152/944 837/1153/945
f 837/1153/945 860/1152/944 859/1154/946
f 837/1153/945 859/1154/946 854/1155/947
f 854/1155/947 859/1154/946 858/1156/948
f 854/1155/947 858/1156/948 855/1157/949
f 855/1157/949 858/1156/948 857/1136/930
f 855/1157/949 857/1136/930 856/1134/929
f 282/1124/924 281/1158/950 842/1126/925
f 842/1126/925 281/1158/950 841/1159/951
f 842/1126/925 841/1159/951 846/1128/926
f 846/1128/926 841/1159/951 845/1160/952
f 846/1128/926 845/1160/952 849/1130/927
f 849/1130/927 845/1160/952 848/1161/953
f 849/1130/927 848/1161/953 850/1132/928
f 850/1132/928 848/1161/953 851/1162/954
f 850/1132/928 851/1162/954 856/1134/929
f 856/1134/929 851/1162/954 855/1157/949
f 281/1158/950 280/1163/955 841/1159/951
f 841/1159/951 280/1163/955 279/1164/956
f 841/1159/951 279/1164/956 840/1165/957
f 840/1165/957 279/1164/956 278/1166/958
f 840/1165/957 278/1166/958 839/1167/959
f 839/1167/959 278/1166/958 277/1168/960
f 839/1167/959 277/1168/960 843/1169/961
f 843/1169/961 277/1168/960 276/1170/962
f 843/1169/961 276/1170/962 838/1171/963
f 838/1171/963 276/1170/962 275/1172/964
f 838/1171/963 275/1172/964 853/1173/965
f 853/1173/965 275/1172/964 837/1153/945
f 853/1173/965 837/1153/945 854/1155/947
f 275/1172/964 274/1151/943 837/1153/945
f 268/1141/933 267/1174/869 829/1139/867
f 845/1160/952 841/1159/951 840/1165/957
f 840/1165/957 839/1167/959 844/1175/966
f 844/1175/966 839/1167/959 843/1169/961
f 844/1175/966 843/1169/961 847/1176/967
f 847/1176/967 843/1169/961 838/1171/963
f 847/1176/967 838/1171/963 852/1177/968
f 852/1177/968 838/1171/963 853/1173/965
f 852/1177/968 853/1173/965 854/1155/947
f 848/1161/953 845/1160/952 844/1175/966
f 844/1175/966 845/1160/952 840/1165/957
f 848/1161/953 844/1175/966 847/1176/967
f 851/1162/954 848/1161/953 847/1176/967
f 851/1162/954 847/1176/967 852/1177/968
f 854/1155/947 855/1157/949 852/1177/968
f 852/1177/968 855/1157/949 851/1162/954
f 857/1136/930 858/1156/948 864/1138/931
f 864/1138/931 858/1156/948 863/1178/969
f 864/1138/931 863/1178/969 868/1140/932
f 868/1140/932 863/1178/969 867/1143/935
f 858/1156/948 859/1154/946 863/1178/969
f 863/1178/969 859/1154/946 862/1179/970
f 863/1178/969 862/1179/970 867/1143/935
f 867/1143/935 862/1179/970 866/1146/938
f 859/1154/946 860/1152/944 862/1179/970
f 862/1179/970 860/1152/944 861/1150/942
f 862/1179/970 861/1150/942 866/1146/938
f 866/1146/938 861/1150/942 865/1148/940
f 267/1182/869 266/1181/869 829/1180/867
f 829/1180/867 266/1181/869 796/1183/867
f 829/1180/867 796/1183/867 830/1184/871
f 830/1184/871 796/1183/867 795/1185/871
f 830/1184/871 795/1185/871 831/1186/873
f 831/1186/873 795/1185/871 794/1187/873
f 831/1186/873 794/1187/873 832/1188/875
f 832/1188/875 794/1187/873 793/1189/875
f 832/1188/875 793/1189/875 833/1190/877
f 833/1190/877 793/1189/875 792/1191/877
f 833/1190/877 792/1191/877 834/1192/879
f 834/1192/879 792/1191/877 791/1193/879
f 834/1192/879 791/1193/879 835/1194/881
f 835/1194/881 791/1193/879 790/1195/881
f 835/1194/881 790/1195/881 836/1196/883
f 836/1196/883 790/1195/881 789/1197/883
f 836/1196/883 789/1197/883 283/1198/921
f 283/1198/921 789/1197/883 284/1199/921
f 312/1202/973 311/1201/972 876/1200/971
f 876/1200/971 311/1201/972 882/1203/974
f 876/1200/971 882/1203/974 875/1204/975
f 875/1204/975 882/1203/974 886/1205/976
f 875/1204/975 886/1205/976 874/1206/977
f 874/1206/977 886/1205/976 889/1207/978
f 874/1206/977 889/1207/978 873/1208/979
f 873/1208/979 889/1207/978 890/1209/980
f 873/1208/979 890/1209/980 872/1210/981
f 872/1210/981 890/1209/980 896/1211/982
f 872/1210/981 896/1211/982 871/1212/983
f 871/1212/983 896/1211/982 897/1213/984
f 871/1212/983 897/1213/984 870/1214/985
f 870/1214/985 897/1213/984 904/1215/986
f 870/1214/985 904/1215/986 869/1216/987
f 869/1216/987 904/1215/986 908/1217/988
f 869/1216/987 908/1217/988 297/1218/989
f 297/1218/989 908/1217/988 298/1219/990
f 298/1219/990 908/1217/988 907/1220/991
f 298/1219/990 907/1220/991 299/1221/992
f 299/1221/992 907/1220/991 300/1222/993
f 300/1222/993 907/1220/991 906/1223/994
f 300/1222/993 906/1223/994 301/1224/995
f 301/1224/995 906/1223/994 905/1225/996
f 301/1224/995 905/1225/996 302/1226/997
f 302/1226/997 905/1225/996 901/1227/998
f 302/1226/997 901/1227/998 303/1228/999
f 303/1228/999 901/1227/998 900/1229/1000
f 303/1228/999 900/1229/1000 877/1230/1001
f 877/1230/1001 900/1229/1000 899/1231/1002
f 877/1230/1001 899/1231/1002 894/1232/1003
f 894/1232/1003 899/1231/1002 898/1233/1004
f 894/1232/1003 898/1233/1004 895/1234/1005
f 895/1234/1005 898/1233/1004 897/1213/984
f 895/1234/1005 897/1213/984 896/1211/982
f 311/1201/972 310/1235/1006 882/1203/974
f 882/1203/974 310/1235/1006 881/1236/1007
f 882/1203/974 881/1236/1007 886/1205/976
f 886/1205/976 881/1236/1007 885/1237/1008
f 886/1205/976 885/1237/1008 889/1207/978
f 889/1207/978 885/1237/1008 888/1238/1009
f 889/1207/978 888/1238/1009 890/1209/980
f 890/1209/980 888/1238/1009 891/1239/1010
f 890/1209/980 891/1239/1010 896/1211/982
f 896/1211/982 891/1239/1010 895/1234/1005
f 310/1235/1006 309/1240/1011 881/1236/1007
f 881/1236/1007 309/1240/1011 308/1241/1012
f 881/1236/1007 308/1241/1012 880/1242/1013
f 880/1242/1013 308/1241/1012 307/1243/1014
f 880/1242/1013 307/1243/1014 879/1244/1015
f 879/1244/1015 307/1243/1014 306/1245/1016
f 879/1244/1015 306/1245/1016 883/1246/1017
f 883/1246/1017 306/1245/1016 305/1247/1018
f 883/1246/1017 305/1247/1018 878/1248/1019
f 878/1248/1019 305/1247/1018 304/1249/1020
f 878/1248/1019 304/1249/1020 893/1250/1021
f 893/1250/1021 304/1249/1020 877/1230/1001
f 893/1250/1021 877/1230/1001 894/1232/1003
f 304/1249/1020 303/1228/999 877/1230/1001
f 297/1218/989 296/1251/1022 869/1216/987
f 885/1237/1008 881/1236/1007 880/1242/1013
f 880/1242/1013 879/1244/1015 884/1252/1023
f 884/1252/1023 879/1244/1015 883/1246/1017
f 884/1252/1023 883/1246/1017 887/1253/1024
f 887/1253/1024 883/1246/1017 878/1248/1019
f 887/1253/1024 878/1248/1019 892/1254/1025
f 892/1254/1025 878/1248/1019 893/1250/1021
f 892/1254/1025 893/1250/1021 894/1232/1003
f 888/1238/1009 885/1237/1008 884/1252/1023
f 884/1252/1023 885/1237/1008 880/1242/1013
f 888/1238/1009 884/1252/1023 887/1253/1024
f 891/1239/1010 888/1238/1009 887/1253/1024
f 891/1239/1010 887/1253/1024 892/1254/1025
f 894/1232/1003 895/1234/1005 892/1254/1025
f 892/1254/1025 895/1234/1005 891/1239/1010
f 897/1213/984 898/1233/1004 904/1215/986
f 904/1215/986 898/1233/1004 903/1255/1026
f 904/1215/986 903/1255/1026 908/1217/988
f 908/1217/988 903/1255/1026 907/1220/991
f 898/1233/1004 899/1231/1002 903/1255/1026
f 903/1255/1026 899/1231/1002 902/1256/1027
f 903/1255/1026 902/1256/1027 907/1220/991
f 907/1220/991 902/1256/1027 906/1223/994
f 899/1231/1002 900/1229/1000 902/1256/1027
f 902/1256/1027 900/1229/1000 901/1227/998
f 902/1256/1027 901/1227/998 906/1223/994
f 906/1223/994 901/1227/998 905/1225/996
f 295/1259/1022 294/1258/1028 923/1257/987
f 923/1257/987 294/1258/1028 929/1260/1029
f 923/1257/987 929/1260/1029 922/1261/985
f 922/1261/985 929/1260/1029 933/1262/1030
f 922/1261/985 933/1262/1030 921/1263/983
f 921/1263/983 933/1262/1030 937/1264/1031
f 921/1263/983 937/1264/1031 920/1265/981
f 920/1265/981 937/1264/1031 938/1266/1032
f 920/1265/981 938/1266/1032 919/1267/979
f 919/1267/979 938/1266/1032 943/1268/1033
f 919/1267/979 943/1268/1033 918/1129/977
f 918/1129/977 943/1268/1033 944/1269/1034
f 918/1129/977 944/1269/1034 917/1270/975
f 917/1270/975 944/1269/1034 951/1271/1035
f 917/1270/975 951/1271/1035 916/1272/971
f 916/1272/971 951/1271/1035 955/1273/1036
f 916/1272/971 955/1273/1036 314/1274/1037
f 314/1274/1037 955/1273/1036 315/1275/1038
f 315/1275/1038 955/1273/1036 954/1276/1039
f 315/1275/1038 954/1276/1039 316/1277/1040
f 316/1277/1040 954/1276/1039 953/1278/1041
f 316/1277/1040 953/1278/1041 317/1279/1042
f 317/1279/1042 953/1278/1041 952/1280/1043
f 317/1279/1042 952/1280/1043 915/1281/1044
f 915/1281/1044 952/1280/1043 914/1282/1045
f 914/1282/1045 952/1280/1043 948/1283/1046
f 914/1282/1045 948/1283/1046 913/1284/1047
f 913/1284/1047 948/1283/1046 947/1285/1048
f 913/1284/1047 947/1285/1048 925/1286/1049
f 925/1286/1049 947/1285/1048 946/1287/1050
f 925/1286/1049 946/1287/1050 941/1288/1051
f 941/1288/1051 946/1287/1050 945/1289/1052
f 941/1288/1051 945/1289/1052 942/1290/1053
f 942/1290/1053 945/1289/1052 944/1269/1034
f 942/1290/1053 944/1269/1034 943/1268/1033
f 294/1258/1028 293/1291/1054 929/1260/1029
f 929/1260/1029 293/1291/1054 928/1292/1055
f 929/1260/1029 928/1292/1055 933/1262/1030
f 933/1262/1030 928/1292/1055 932/1293/1056
f 933/1262/1030 932/1293/1056 937/1264/1031
f 937/1264/1031 932/1293/1056 936/1294/1057
f 937/1264/1031 936/1294/1057 938/1266/1032
f 938/1266/1032 936/1294/1057 939/1295/1058
f 938/1266/1032 939/1295/1058 943/1268/1033
f 943/1268/1033 939/1295/1058 942/1290/1053
f 293/1291/1054 292/1296/1059 928/1292/1055
f 928/1292/1055 292/1296/1059 927/1297/1060
f 928/1292/1055 927/1297/1060 932/1293/1056
f 932/1293/1056 927/1297/1060 931/1298/1061
f 932/1293/1056 931/1298/1061 936/1294/1057
f 936/1294/1057 931/1298/1061 935/1299/1062
f 936/1294/1057 935/1299/1062 939/1295/1058
f 939/1295/1058 935/1299/1062 940/1300/1063
f 939/1295/1058 940/1300/1063 942/1290/1053
f 942/1290/1053 940/1300/1063 941/1288/1051
f 292/1296/1059 291/1301/1064 927/1297/1060
f 927/1297/1060 291/1301/1064 926/1302/1065
f 927/1297/1060 926/1302/1065 931/1298/1061
f 931/1298/1061 926/1302/1065 930/1303/1066
f 931/1298/1061 930/1303/1066 935/1299/1062
f 935/1299/1062 930/1303/1066 934/1304/1067
f 935/1299/1062 934/1304/1067 940/1300/1063
f 940/1300/1063 934/1304/1067 924/1305/1068
f 940/1300/1063 924/1305/1068 941/1288/1051
f 941/1288/1051 924/1305/1068 925/1286/1049
f 291/1301/1064 909/1306/1069 926/1302/1065
f 926/1302/1065 909/1306/1069 910/1307/1070
f 926/1302/1065 910/1307/1070 930/1303/1066
f 930/1303/1066 910/1307/1070 911/1308/1071
f 930/1303/1066 911/1308/1071 934/1304/1067
f 934/1304/1067 911/1308/1071 924/1305/1068
f 911/1308/1071 912/1309/1072 924/1305/1068
f 924/1305/1068 912/1309/1072 925/1286/1049
f 912/1309/1072 913/1284/1047 925/1286/1049
f 314/1274/1037 313/1310/973 916/1272/971
f 944/1269/1034 945/1289/1052 951/1271/1035
f 951/1271/1035 945/1289/1052 950/1311/1073
f 951/1271/1035 950/1311/1073 955/1273/1036
f 955/1273/1036 950/1311/1073 954/1276/1039
f 945/1289/1052 946/1287/1050 950/1311/1073
f 950/1311/1073 946/1287/1050 949/1312/1074
f 950/1311/1073 949/1312/1074 954/1276/1039
f 954/1276/1039 949/1312/1074 953/1278/1041
f 946/1287/1050 947/1285/1048 949/1312/1074
f 949/1312/1074 947/1285/1048 948/1283/1046
f 949/1312/1074 948/1283/1046 953/1278/1041
f 953/1278/1041 948/1283/1046 952/1280/1043
f 296/1315/1022 295/1314/1022 869/1313/987
f 869/1313/987 295/1314/1022 923/1316/987
f 869/1313/987 923/1316/987 870/1317/985
f 870/1317/985 923/1316/987 922/1318/985
f 870/1317/985 922/1318/985 871/1319/983
f 871/1319/983 922/1318/985 921/1320/983
f 871/1319/983 921/1320/983 872/1321/981
f 872/1321/981 921/1320/983 920/1322/981
f 872/1321/981 920/1322/981 873/1323/979
f 873/1323/979 920/1322/981 919/1324/979
f 873/1323/979 919/1324/979 874/1325/977
f 874/1325/977 919/1324/979 918/1326/977
f 874/1325/977 918/1326/977 875/1327/975
f 875/1327/975 918/1326/977 917/1328/975
f 875/1327/975 917/1328/975 876/1329/971
f 876/1329/971 917/1328/975 916/1330/971
f 876/1329/971 916/1330/971 312/1331/973
f 312/1331/973 916/1330/971 313/1332/973
f 981/1335/1076 956/1334/1075 982/1333/1075
f 982/1333/1075 956/1334/1075 957/1336/1077
f 982/1333/1075 957/1336/1077 1005/1337/1078
f 1005/1337/1078 957/1336/1077 958/1338/1079
f 1005/1337/1078 958/1338/1079 1004/1339/1080
f 1004/1339/1080 958/1338/1079 959/1340/1081
f 1004/1339/1080 959/1340/1081 1003/1341/1082
f 1003/1341/1082 959/1340/1081 960/1342/1083
f 1003/1341/1082 960/1342/1083 1002/1343/1084
f 1002/1343/1084 960/1342/1083 961/1344/1085
f 1002/1343/1084 961/1344/1085 1001/1345/1086
f 1001/1345/1086 961/1344/1085 962/1346/1087
f 1001/1345/1086 962/1346/1087 1000/1347/1088
f 1000/1347/1088 962/1346/1087 963/1348/1089
f 1000/1347/1088 963/1348/1089 999/1349/1090
f 999/1349/1090 963/1348/1089 964/1350/1091
f 999/1349/1090 964/1350/1091 998/1351/1092
f 998/1351/1092 964/1350/1091 965/1352/1093
f 998/1351/1092 965/1352/1093 997/1353/1094
f 997/1353/1094 965/1352/1093 966/1354/1095
f 997/1353/1094 966/1354/1095 996/1355/1096
f 996/1355/1096 966/1354/1095 967/1356/1097
f 996/1355/1096 967/1356/1097 995/1357/1098
f 995/1357/1098 967/1356/1097 968/1358/1099
f 995/1357/1098 968/1358/1099 994/1359/1100
f 994/1359/1100 968/1358/1099 969/1360/1100
f 994/1363/1100 969/1362/1100 970/1361/1101
f 994/1363/1100 970/1361/1101 993/1364/1102
f 993/1364/1102 970/1361/1101 971/1365/1103
f 993/1364/1102 971/1365/1103 992/1366/1104
f 992/1366/1104 971/1365/1103 972/1367/1105
f 992/1366/1104 972/1367/1105 991/1368/1106
f 991/1368/1106 972/1367/1105 973/1369/1107
f 991/1368/1106 973/1369/1107 990/1370/1108
f 990/1370/1108 973/1369/1107 974/1371/1109
f 990/1370/1108 974/1371/1109 989/1372/1110
f 989/1372/1110 974/1371/1109 975/1373/1111
f 989/1372/1110 975/1373/1111 988/1374/1112
f 988/1374/1112 975/1373/1111 976/1375/1113
f 988/1374/1112 976/1375/1113 987/1376/1114
f 987/1376/1114 976/1375/1113 977/1377/1115
f 987/1376/1114 977/1377/1115 986/1378/1116
f 986/1378/1116 977/1377/1115 978/1379/1117
f 986/1378/1116 978/1379/1117 985/1380/1118
f 985/1380/1118 978/1379/1117 979/1381/1119
f 985/1380/1118 979/1381/1119 984/1382/1120
f 984/1382/1120 979/1381/1119 980/1383/1121
f 984/1382/1120 980/1383/1121 983/1384/1122
f 983/1384/1122 980/1383/1121 981/1335/1076
f 983/1384/1122 981/1335/1076 982/1333/1075
f 982/1387/1123 1005/1386/1123 983/1385/1123
f 983/1385/1123 1005/1386/1123 984/1388/1123
f 984/1388/1123 1005/1386/1123 1004/1389/1123
f 984/1388/1123 1004/1389/1123 985/1390/1123
f 985/1390/1123 1004/1389/1123 1003/1391/1123
f 985/1390/1123 1003/1391/1123 986/1392/1123
f 986/1392/1123 1003/1391/1123 1002/1393/1123
f 986/1392/1123 1002/1393/1123 987/1394/1123
f 987/1394/1123 1002/1393/1123 1001/1395/1123
f 987/1394/1123 1001/1395/1123 988/1396/1123
f 988/1396/1123 1001/1395/1123 1000/1397/1123
f 988/1396/1123 1000/1397/1123 989/1398/1123
f 989/1398/1123 1000/1397/1123 999/1399/1123
f 989/1398/1123 999/1399/1123 990/1400/1123
f 990/1400/1123 999/1399/1123 998/1401/1123
f 990/1400/1123 998/1401/1123 991/1402/1123
f 991/1402/1123 998/1401/1123 997/1403/1123
f 991/1402/1123 997/1403/1123 992/1404/1123
f 992/1404/1123 997/1403/1123 996/1405/1123
f 992/1404/1123 996/1405/1123 993/1406/1123
f 993/1406/1123 996/1405/1123 995/1407/1123
f 993/1406/1123 995/1407/1123 994/1408/1123
f 12/1411/1125 1019/1410/1124 13/1409/135
f 13/1409/135 1019/1410/1124 1018/1412/1126
f 13/1409/135 1018/1412/1126 115/1413/131
f 115/1413/131 1018/1412/1126 116/1414/136
f 116/1414/136 1018/1412/1126 1163/1415/1127
f 116/1414/136 1163/1415/1127 117/1416/140
f 117/1416/140 1163/1415/1127 347/1417/1128
f 347/1417/1128 1163/1415/1127 348/1418/1129
f 348/1418/1129 1163/1415/1127 1007/1419/1130
f 348/1418/1129 1007/1419/1130 349/1420/1131
f 349/1420/1131 1007/1419/1130 350/1421/1132
f 350/1424/1132 1007/1423/1130 351/1422/1133
f 351/1422/1133 1007/1423/1130 352/1425/1134
f 352/1425/1134 1007/1423/1130 353/1426/1135
f 353/1426/1135 1007/1423/1130 1157/1427/1136
f 353/1426/1135 1157/1427/1136 143/1428/165
f 143/1428/165 1157/1427/1136 144/1429/161
f 144/1429/161 1157/1427/1136 1151/1430/1137
f 144/1429/161 1151/1430/1137 145/1431/166
f 145/1431/166 1151/1430/1137 146/1432/171
f 146/1432/171 1151/1430/1137 1145/1433/1138
f 146/1432/171 1145/1433/1138 434/1434/1139
f 434/1434/1139 1145/1433/1138 435/1435/1140
f 435/1435/1140 1145/1433/1138 436/1436/1141
f 436/1436/1141 1145/1433/1138 437/1437/1142
f 437/1437/1142 1145/1433/1138 438/1438/1143
f 438/1438/1143 1145/1433/1138 1139/1439/1144
f 438/1438/1143 1139/1439/1144 439/1440/1145
f 439/1440/1145 1139/1439/1144 440/1441/1146
f 440/1441/1146 1139/1439/1144 172/1442/196
f 172/1442/196 1139/1439/1144 173/1443/192
f 173/1443/192 1139/1439/1144 1133/1444/1147
f 173/1443/192 1133/1444/1147 174/1445/197
f 174/1445/197 1133/1444/1147 1127/1446/1148
f 174/1445/197 1127/1446/1148 175/1447/201
f 175/1447/201 1127/1446/1148 521/1448/1149
f 521/1448/1149 1127/1446/1148 522/1449/1150
f 522/1449/1150 1127/1446/1148 523/1450/1151
f 523/1450/1151 1127/1446/1148 1121/1451/1152
f 523/1450/1151 1121/1451/1152 524/1452/1153
f 524/1452/1153 1121/1451/1152 525/1453/1154
f 525/1453/1154 1121/1451/1152 526/1454/1155
f 526/1454/1155 1121/1451/1152 527/1455/1156
f 527/1455/1156 1121/1451/1152 201/1456/227
f 201/1456/227 1121/1451/1152 1115/1457/1157
f 201/1456/227 1115/1457/1157 202/1458/222
f 202/1458/222 1115/1457/1157 203/1459/223
f 203/1459/223 1115/1457/1157 1109/1460/1158
f 203/1459/223 1109/1460/1158 204/1461/229
f 204/1461/229 1109/1460/1158 608/1462/1159
f 608/1462/1159 1109/1460/1158 1103/1463/1160
f 608/1462/1159 1103/1463/1160 609/1464/1161
f 609/1464/1161 1103/1463/1160 610/1465/1162
f 610/1465/1162 1103/1463/1160 611/1466/1163
f 611/1466/1163 1103/1463/1160 612/1467/1164
f 612/1467/1164 1103/1463/1160 613/1468/1165
f 613/1468/1165 1103/1463/1160 1097/1469/1166
f 613/1468/1165 1097/1469/1166 614/1470/1167
f 614/1470/1167 1097/1469/1166 230/1471/263
f 230/1471/263 1097/1469/1166 231/1472/252
f 231/1472/252 1097/1469/1166 1091/1473/1168
f 231/1472/252 1091/1473/1168 232/1474/254
f 232/1474/254 1091/1473/1168 1085/1475/1169
f 232/1474/254 1085/1475/1169 233/1476/259
f 233/1476/259 1085/1475/1169 695/1477/1170
f 695/1477/1170 1085/1475/1169 696/1478/1171
f 696/1478/1171 1085/1475/1169 697/1479/1172
f 697/1479/1172 1085/1475/1169 698/1480/1173
f 698/1480/1173 1085/1475/1169 1079/1481/1174
f 698/1480/1173 1079/1481/1174 699/1482/1175
f 699/1482/1175 1079/1481/1174 700/1483/1176
f 700/1483/1176 1079/1481/1174 701/1484/1177
f 701/1484/1177 1079/1481/1174 259/1485/287
f 259/1485/287 1079/1481/1174 260/1486/283
f 260/1486/283 1079/1481/1174 1073/1487/1178
f 260/1486/283 1073/1487/1178 261/1488/288
f 261/1488/288 1073/1487/1178 1067/1489/1179
f 261/1488/288 1067/1489/1179 262/1490/292
f 262/1490/292 1067/1489/1179 782/1491/1180
f 782/1491/1180 1067/1489/1179 783/1492/1181
f 783/1492/1181 1067/1489/1179 784/1493/1182
f 784/1493/1182 1067/1489/1179 1061/1494/1183
f 784/1493/1182 1061/1494/1183 785/1495/1184
f 785/1495/1184 1061/1494/1183 786/1496/1185
f 786/1496/1185 1061/1494/1183 787/1497/1186
f 787/1497/1186 1061/1494/1183 788/1498/1187
f 788/1498/1187 1061/1494/1183 288/1499/318
f 288/1499/318 1061/1494/1183 1055/1500/1188
f 288/1499/318 1055/1500/1188 289/1501/313
f 289/1501/313 1055/1500/1188 1049/1502/1189
f 289/1501/313 1049/1502/1189 290/1503/314
f 290/1503/314 1049/1502/1189 291/1504/320
f 291/1504/320 1049/1502/1189 909/1505/1190
f 909/1505/1190 1049/1502/1189 1043/1506/1191
f 909/1505/1190 1043/1506/1191 910/1507/1192
f 910/1507/1192 1043/1506/1191 911/1508/1193
f 911/1508/1193 1043/1506/1191 912/1509/1194
f 912/1509/1194 1043/1506/1191 913/1510/1195
f 913/1510/1195 1043/1506/1191 1037/1511/1196
f 913/1510/1195 1037/1511/1196 914/1512/1197
f 914/1512/1197 1037/1511/1196 915/1513/1198
f 915/1513/1198 1037/1511/1196 317/1514/346
f 317/1514/346 1037/1511/1196 318/1515/342
f 318/1515/342 1037/1511/1196 1031/1516/1199
f 318/1515/342 1031/1516/1199 319/1517/105
f 319/1517/105 1031/1516/1199 1025/1518/1200
f 319/1517/105 1025/1518/1200 5/1519/107
f 5/1519/107 1025/1518/1200 6/1520/1201
f 6/1520/1201 1025/1518/1200 7/1521/1202
f 7/1521/1202 1025/1518/1200 8/1522/1203
f 8/1522/1203 1025/1518/1200 1019/1410/1124
f 8/1522/1203 1019/1410/1124 9/1523/1204
f 9/1523/1204 1019/1410/1124 10/1524/1205
f 10/1524/1205 1019/1410/1124 11/1525/1206
f 11/1525/1206 1019/1410/1124 12/1411/1125
f 1012/1528/1209 1006/1527/1208 1162/1526/1207
f 1162/1526/1207 1006/1530/1211 1156/1529/1210
f 1156/1529/1210 1006/1532/1213 1150/1531/1212
f 1150/1531/1212 1006/1534/1215 1144/1533/1214
f 1144/1533/1214 1006/1536/1217 1138/1535/1216
f 1138/1535/1216 1006/1538/1219 1132/1537/1218
f 1132/1537/1218 1006/1540/1221 1126/1539/1220
f 1126/1539/1220 1006/1542/1223 1120/1541/1222
f 1120/1541/1222 1006/1544/1225 1114/1543/1224
f 1108/1547/1228 1006/1546/1227 1102/1545/1226
f 1102/1545/1226 1006/1549/1230 1096/1548/1229
f 1096/1548/1229 1006/1551/1232 1090/1550/1231
f 1090/1550/1231 1006/1553/1234 1084/1552/1233
f 1084/1552/1233 1006/1555/1236 1078/1554/1235
f 1078/1554/1235 1006/1557/1238 1072/1556/1237
f 1072/1556/1237 1006/1559/1240 1066/1558/1239
f 1066/1558/1239 1006/1561/1242 1060/1560/1241
f 1054/1564/1245 1006/1563/1244 1048/1562/1243
f 1048/1562/1243 1006/1566/1247 1042/1565/1246
f 1042/1565/1246 1006/1568/1249 1036/1567/1248
f 1036/1567/1248 1006/1570/1251 1030/1569/1250
f 1030/1569/1250 1006/1572/1253 1024/1571/1252
f 1024/1571/1252 1006/1574/1255 1013/1573/1254
f 1013/1573/1254 1006/1576/1257 1168/1575/1256
f 1168/1575/1256 1006/1578/1258 1012/1577/1209
f 1007/1423/1130 1008/1579/1259 1157/1427/1136
f 1157/1427/1136 1008/1579/1259 1158/1580/1260
f 1157/1427/1136 1158/1580/1260 1151/1430/1137
f 1151/1430/1137 1158/1580/1260 1152/1581/1261
f 1151/1430/1137 1152/1581/1261 1145/1433/1138
f 1145/1433/1138 1152/1581/1261 1146/1582/1262
f 1145/1433/1138 1146/1582/1262 1139/1439/1144
f 1139/1439/1144 1146/1582/1262 1140/1583/1263
f 1139/1439/1144 1140/1583/1263 1133/1444/1147
f 1133/1444/1147 1140/1583/1263 1134/1584/1264
f 1133/1444/1147 1134/1584/1264 1127/1446/1148
f 1127/1446/1148 1134/1584/1264 1128/1585/1265
f 1127/1446/1148 1128/1585/1265 1121/1451/1152
f 1121/1451/1152 1128/1585/1265 1122/1586/1266
f 1121/1451/1152 1122/1586/1266 1115/1457/1157
f 1115/1457/1157 1122/1586/1266 1116/1587/1267
f 1115/1457/1157 1116/1587/1267 1109/1460/1158
f 1109/1460/1158 1116/1587/1267 1110/1588/1268
f 1109/1460/1158 1110/1588/1268 1103/1463/1160
f 1103/1463/1160 1110/1588/1268 1104/1589/1269
f 1103/1463/1160 1104/1589/1269 1097/1469/1166
f 1097/1469/1166 1104/1589/1269 1098/1590/1270
f 1097/1469/1166 1098/1590/1270 1091/1473/1168
f 1091/1473/1168 1098/1590/1270 1092/1591/1271
f 1091/1473/1168 1092/1591/1271 1085/1475/1169
f 1085/1475/1169 1092/1591/1271 1086/1592/1272
f 1085/1475/1169 1086/1592/1272 1079/1481/1174
f 1079/1481/1174 1086/1592/1272 1080/1593/1273
f 1079/1481/1174 1080/1593/1273 1073/1487/1178
f 1073/1487/1178 1080/1593/1273 1074/1594/1274
f 1073/1487/1178 1074/1594/1274 1067/1489/1179
f 1067/1489/1179 1074/1594/1274 1068/1595/1275
f 1067/1489/1179 1068/1595/1275 1061/1494/1183
f 1061/1494/1183 1068/1595/1275 1062/1596/1276
f 1061/1494/1183 1062/1596/1276 1055/1500/1188
f 1055/1500/1188 1062/1596/1276 1056/1597/1277
f 1055/1500/1188 1056/1597/1277 1049/1502/1189
f 1049/1502/1189 1056/1597/1277 1050/1598/1278
f 1049/1502/1189 1050/1598/1278 1043/1506/1191
f 1043/1506/1191 1050/1598/1278 1044/1599/1279
f 1043/1506/1191 1044/1599/1279 1037/1511/1196
f 1037/1511/1196 1044/1599/1279 1038/1600/1280
f 1037/1511/1196 1038/1600/1280 1031/1516/1199
f 1031/1516/1199 1038/1600/1280 1032/1601/1281
f 1031/1516/1199 1032/1601/1281 1025/1518/1200
f 1025/1518/1200 1032/1601/1281 1026/1602/1282
f 1025/1518/1200 1026/1602/1282 1019/1410/1124
f 1019/1410/1124 1026/1602/1282 1020/1603/1283
f 1019/1410/1124 1020/1603/1283 1018/1412/1126
f 1018/1412/1126 1020/1603/1283 1017/1604/1284
f 1018/1412/1126 1017/1604/1284 1163/1415/1127
f 1163/1415/1127 1017/1604/1284 1164/1605/1285
f 1163/1415/1127 1164/1605/1285 1007/1419/1130
f 1007/1419/1130 1164/1605/1285 1008/1606/1259
f 1008/1579/1259 1009/1607/1286 1158/1580/1260
f 1158/1580/1260 1009/1607/1286 1159/1608/1287
f 1158/1580/1260 1159/1608/1287 1152/1581/1261
f 1152/1581/1261 1159/1608/1287 1153/1609/1288
f 1152/1581/1261 1153/1609/1288 1146/1582/1262
f 1146/1582/1262 1153/1609/1288 1147/1610/1289
f 1146/1582/1262 1147/1610/1289 1140/1583/1263
f 1140/1583/1263 1147/1610/1289 1141/1611/1290
f 1140/1583/1263 1141/1611/1290 1134/1584/1264
f 1134/1584/1264 1141/1611/1290 1135/1612/1291
f 1134/1584/1264 1135/1612/1291 1128/1585/1265
f 1128/1585/1265 1135/1612/1291 1129/1613/1292
f 1128/1585/1265 1129/1613/1292 1122/1586/1266
f 1122/1586/1266 1129/1613/1292 1123/1614/1293
f 1122/1586/1266 1123/1614/1293 1116/1587/1267
f 1116/1587/1267 1123/1614/1293 1117/1615/1294
f 1116/1587/1267 1117/1615/1294 1110/1588/1268
f 1110/1588/1268 1117/1615/1294 1111/1616/1295
f 1110/1588/1268 1111/1616/1295 1104/1589/1269
f 1104/1589/1269 1111/1616/1295 1105/1617/1296
f 1104/1589/1269 1105/1617/1296 1098/1590/1270
f 1098/1590/1270 1105/1617/1296 1099/1618/1297
f 1098/1590/1270 1099/1618/1297 1092/1591/1271
f 1092/1591/1271 1099/1618/1297 1093/1619/1298
f 1092/1591/1271 1093/1619/1298 1086/1592/1272
f 1086/1592/1272 1093/1619/1298 1087/1620/1299
f 1086/1592/1272 1087/1620/1299 1080/1593/1273
f 1080/1593/1273 1087/1620/1299 1081/1621/1300
f 1080/1593/1273 1081/1621/1300 1074/1594/1274
f 1074/1594/1274 1081/1621/1300 1075/1622/1301
f 1074/1594/1274 1075/1622/1301 1068/1595/1275
f 1068/1595/1275 1075/1622/1301 1069/1623/1302
f 1068/1595/1275 1069/1623/1302 1062/1596/1276
f 1062/1596/1276 1069/1623/1302 1063/1624/1303
f 1062/1596/1276 1063/1624/1303 1056/1597/1277
f 1056/1597/1277 1063/1624/1303 1057/1625/1304
f 1056/1597/1277 1057/1625/1304 1050/1598/1278
f 1050/1598/1278 1057/1625/1304 1051/1626/1305
f 1050/1598/1278 1051/1626/1305 1044/1599/1279
f 1044/1599/1279 1051/1626/1305 1045/1627/1306
f 1044/1599/1279 1045/1627/1306 1038/1600/1280
f 1038/1600/1280 1045/1627/1306 1039/1628/1307
f 1038/1600/1280 1039/1628/1307 1032/1601/1281
f 1032/1601/1281 1039/1628/1307 1033/1629/1308
f 1032/1601/1281 1033/1629/1308 1026/1602/1282
f 1026/1602/1282 1033/1629/1308 1027/1630/1309
f 1026/1602/1282 1027/1630/1309 1020/1603/1283
f 1020/1603/1283 1027/1630/1309 1021/1631/1310
f 1020/1603/1283 1021/1631/1310 1017/1604/1284
f 1017/1604/1284 1021/1631/1310 1016/1632/1311
f 1017/1604/1284 1016/1632/1311 1164/1605/1285
f 1164/1605/1285 1016/1632/1311 1165/1633/1312
f 1164/1605/1285 1165/1633/1312 1008/1606/1259
f 1008/1606/1259 1165/1633/1312 1009/1634/1286
f 1009/1607/1286 1010/1635/1313 1159/1608/1287
f 1159/1608/1287 1010/1635/1313 1160/1636/1314
f 1159/1608/1287 1160/1636/1314 1153/1609/1288
f 1153/1609/1288 1160/1636/1314 1154/1637/1315
f 1153/1609/1288 1154/1637/1315 1147/1610/1289
f 1147/1610/1289 1154/1637/1315 1148/1638/1316
f 1147/1610/1289 1148/1638/1316 1141/1611/1290
f 1141/1611/1290 1148/1638/1316 1142/1639/1317
f 1141/1611/1290 1142/1639/1317 1135/1612/1291
f 1135/1612/1291 1142/1639/1317 1136/1640/1318
f 1135/1612/1291 1136/1640/1318 1129/1613/1292
f 1129/1613/1292 1136/1640/1318 1130/1641/1319
f 1129/1613/1292 1130/1641/1319 1123/1614/1293
f 1123/1614/1293 1130/1641/1319 1124/1642/1320
f 1123/1614/1293 1124/1642/1320 1117/1615/1294
f 1117/1615/1294 1124/1642/1320 1118/1643/1321
f 1117/1615/1294 1118/1643/1321 1111/1616/1295
f 1111/1616/1295 1118/1643/1321 1112/1644/1322
f 1111/1616/1295 1112/1644/1322 1105/1617/1296
f 1105/1617/1296 1112/1644/1322 1106/1645/1323
f 1105/1617/1296 1106/1645/1323 1099/1618/1297
f 1099/1618/1297 1106/1645/1323 1100/1646/1324
f 1099/1618/1297 1100/1646/1324 1093/1619/1298
f 1093/1619/1298 1100/1646/1324 1094/1647/1325
f 1093/1619/1298 1094/1647/1325 1087/1620/1299
f 1087/1620/1299 1094/1647/1325 1088/1648/1326
f 1087/1620/1299 1088/1648/1326 1081/1621/1300
f 1081/1621/1300 1088/1648/1326 1082/1649/1327
f 1081/1621/1300 1082/1649/1327 1075/1622/1301
f 1075/1622/1301 1082/1649/1327 1076/1650/1328
f 1075/1622/1301 1076/1650/1328 1069/1623/1302
f 1069/1623/1302 1076/1650/1328 1070/1651/1329
f 1069/1623/1302 1070/1651/1329 1063/1624/1303
f 1063/1624/1303 1070/1651/1329 1064/1652/1330
f 1063/1624/1303 1064/1652/1330 1057/1625/1304
f 1057/1625/1304 1064/1652/1330 1058/1653/1331
f 1057/1625/1304 1058/1653/1331 1051/1626/1305
f 1051/1626/1305 1058/1653/1331 1052/1654/1332
f 1051/1626/1305 1052/1654/1332 1045/1627/1306
f 1045/1627/1306 1052/1654/1332 1046/1655/1333
f 1045/1627/1306 1046/1655/1333 1039/1628/1307
f 1039/1628/1307 1046/1655/1333 1040/1656/1334
f 1039/1628/1307 1040/1656/1334 1033/1629/1308
f 1033/1629/1308 1040/1656/1334 1034/1657/1335
f 1033/1629/1308 1034/1657/1335 1027/1630/1309
f 1027/1630/1309 1034/1657/1335 1028/1658/1336
f 1027/1630/1309 1028/1658/1336 1021/1631/1310
f 1021/1631/1310 1028/1658/1336 1022/1659/1337
f 1021/1631/1310 1022/1659/1337 1016/1632/1311
f 1016/1632/1311 1022/1659/1337 1015/1660/1338
f 1016/1632/1311 1015/1660/1338 1165/1633/1312
f 1165/1633/1312 1015/1660/1338 1166/1661/1339
f 1165/1633/1312 1166/1661/1339 1009/1634/1286
f 1009/1634/1286 1166/1661/1339 1010/1662/1313
f 1010/1635/1313 1011/1663/1340 1160/1636/1314
f 1160/1636/1314 1011/1663/1340 1161/1664/1341
f 1160/1636/1314 1161/1664/1341 1154/1637/1315
f 1154/1637/1315 1161/1664/1341 1155/1665/1342
f 1154/1637/1315 1155/1665/1342 1148/1638/1316
f 1148/1638/1316 1155/1665/1342 1149/1666/1343
f 1148/1638/1316 1149/1666/1343 1142/1639/1317
f 1142/1639/1317 1149/1666/1343 1143/1667/1344
f 1142/1639/1317 1143/1667/1344 1136/1640/1318
f 1136/1640/1318 1143/1667/1344 1137/1668/1345
f 1136/1640/1318 1137/1668/1345 1130/1641/1319
f 1130/1641/1319 1137/1668/1345 1131/1669/1346
f 1130/1641/1319 1131/1669/1346 1124/1642/1320
f 1124/1642/1320 1131/1669/1346 1125/1670/1347
f 1124/1642/1320 1125/1670/1347 1118/1643/1321
f 1118/1643/1321 1125/1670/1347 1119/1671/1348
f 1118/1643/1321 1119/1671/1348 1112/1644/1322
f 1112/1644/1322 1119/1671/1348 1113/1672/1349
f 1112/1644/1322 1113/1672/1349 1106/1645/1323
f 1106/1645/1323 1113/1672/1349 1107/1673/1350
f 1106/1645/1323 1107/1673/1350 1100/1646/1324
f 1100/1646/1324 1107/1673/1350 1101/1674/1351
f 1100/1646/1324 1101/1674/1351 1094/1647/1325
f 1094/1647/1325 1101/1674/1351 1095/1675/1352
f 1094/1647/1325 1095/1675/1352 1088/1648/1326
f 1088/1648/1326 1095/1675/1352 1089/1676/1353
f 1088/1648/1326 1089/1676/1353 1082/1649/1327
f 1082/1649/1327 1089/1676/1353 1083/1677/1354
f 1082/1649/1327 1083/1677/1354 1076/1650/1328
f 1076/1650/1328 1083/1677/1354 1077/1678/1355
f 1076/1650/1328 1077/1678/1355 1070/1651/1329
f 1070/1651/1329 1077/1678/1355 1071/1679/1356
f 1070/1651/1329 1071/1679/1356 1064/1652/1330
f 1064/1652/1330 1071/1679/1356 1065/1680/1357
f 1064/1652/1330 1065/1680/1357 1058/1653/1331
f 1058/1653/1331 1065/1680/1357 1059/1681/1358
f 1058/1653/1331 1059/1681/1358 1052/1654/1332
f 1052/1654/1332 1059/1681/1358 1053/1682/1359
f 1052/1654/1332 1053/1682/1359 1046/1655/1333
f 1046/1655/1333 1053/1682/1359 1047/1683/1360
f 1046/1655/1333 1047/1683/1360 1040/1656/1334
f 1040/1656/1334 1047/1683/1360 1041/1684/1361
f 1040/1656/1334 1041/1684/1361 1034/1657/1335
f 1034/1657/1335 1041/1684/1361 1035/1685/1362
f 1034/1657/1335 1035/1685/1362 1028/1658/1336
f 1028/1658/1336 1035/1685/1362 1029/1686/1363
f 1028/1658/1336 1029/1686/1363 1022/1659/1337
f 1022/1659/1337 1029/1686/1363 1023/1687/1364
f 1022/1659/1337 1023/1687/1364 1015/1660/1338
f 1015/1660/1338 1023/1687/1364 1014/1688/1365
f 1015/1660/1338 1014/1688/1365 1166/1661/1339
f 1166/1661/1339 1014/1688/1365 1167/1689/1366
f 1166/1661/1339 1167/1689/1366 1010/1662/1313
f 1010/1662/1313 1167/1689/1366 1011/1690/1340
f 1011/1663/1340 1012/1528/1209 1161/1664/1341
f 1161/1664/1341 1012/1528/1209 1162/1526/1207
f 1161/1664/1341 1162/1526/1207 1155/1665/1342
f 1155/1665/1342 1162/1526/1207 1156/1529/1210
f 1155/1665/1342 1156/1529/1210 1149/1666/1343
f 1149/1666/1343 1156/1529/1210 1150/1531/1212
f 1149/1666/1343 1150/1531/1212 1143/1667/1344
f 1143/1667/1344 1150/1531/1212 1144/1533/1214
f 1143/1667/1344 1144/1533/1214 1137/1668/1345
f 1137/1668/1345 1144/1533/1214 1138/1535/1216
f 1137/1668/1345 1138/1535/1216 1131/1669/1346
f 1131/1669/1346 1138/1535/1216 1132/1537/1218
f 1131/1669/1346 1132/1537/1218 1125/1670/1347
f 1125/1670/1347 1132/1537/1218 1126/1539/1220
f 1125/1670/1347 1126/1539/1220 1119/1671/1348
f 1119/1671/1348 1126/1539/1220 1120/1541/1222
f 1119/1671/1348 1120/1541/1222 1113/1672/1349
f 1113/1672/1349 1120/1541/1222 1114/1543/1224
f 1113/1672/1349 1114/1543/1224 1107/1673/1350
f 1107/1673/1350 1114/1543/1224 1108/1547/1228
f 1107/1673/1350 1108/1547/1228 1101/1674/1351
f 1101/1674/1351 1108/1547/1228 1102/1545/1226
f 1101/1674/1351 1102/1545/1226 1095/1675/1352
f 1095/1675/1352 1102/1545/1226 1096/1548/1229
f 1095/1675/1352 1096/1548/1229 1089/1676/1353
f 1089/1676/1353 1096/1548/1229 1090/1550/1231
f 1089/1676/1353 1090/1550/1231 1083/1677/1354
f 1083/1677/1354 1090/1550/1231 1084/1552/1233
f 1083/1677/1354 1084/1552/1233 1077/1678/1355
f 1077/1678/1355 1084/1552/1233 1078/1554/1235
f 1077/1678/1355 1078/1554/1235 1071/1679/1356
f 1071/1679/1356 1078/1554/1235 1072/1556/1237
f 1071/1679/1356 1072/1556/1237 1065/1680/1357
f 1065/1680/1357 1072/1556/1237 1066/1558/1239
f 1065/1680/1357 1066/1558/1239 1059/1681/1358
f 1059/1681/1358 1066/1558/1239 1060/1560/1241
f 1059/1681/1358 1060/1560/1241 1053/1682/1359
f 1053/1682/1359 1060/1560/1241 1054/1564/1245
f 1053/1682/1359 1054/1564/1245 1047/1683/1360
f 1047/1683/1360 1054/1564/1245 1048/1562/1243
f 1047/1683/1360 1048/1562/1243 1041/1684/1361
f 1041/1684/1361 1048/1562/1243 1042/1565/1246
f 1041/1684/1361 1042/1565/1246 1035/1685/1362
f 1035/1685/1362 1042/1565/1246 1036/1567/1248
f 1035/1685/1362 1036/1567/1248 1029/1686/1363
f 1029/1686/1363 1036/1567/1248 1030/1569/1250
f 1029/1686/1363 1030/1569/1250 1023/1687/1364
f 1023/1687/1364 1030/1569/1250 1024/1571/1252
f 1023/1687/1364 1024/1571/1252 1014/1688/1365
f 1014/1688/1365 1024/1571/1252 1013/1573/1254
f 1014/1688/1365 1013/1573/1254 1167/1689/1366
f 1167/1689/1366 1013/1573/1254 1168/1575/1256
f 1167/1689/1366 1168/1575/1256 1011/1690/1340
f 1011/1690/1340 1168/1575/1256 1012/1577/1209
f 1114/1543/1224 1006/1691/1367 1108/1547/1228
f 1060/1560/1241 1006/1692/1368 1054/1564/1245
f 321/1695/1370 320/1694/1369 1169/1693/1369
f 1169/1693/1369 320/1694/1369 346/1696/1371
f 1169/1693/1369 346/1696/1371 1192/1697/1372
f 1192/1697/1372 346/1696/1371 345/1698/1373
f 1192/1697/1372 345/1698/1373 1191/1699/1374
f 1191/1699/1374 345/1698/1373 344/1700/1375
f 1191/1699/1374 344/1700/1375 1190/1701/1376
f 1190/1701/1376 344/1700/1375 343/1702/1377
f 1190/1701/1376 343/1702/1377 1189/1703/1378
f 1189/1703/1378 343/1702/1377 342/1704/1379
f 1189/1703/1378 342/1704/1379 1188/1705/1380
f 1188/1705/1380 342/1704/1379 341/1706/1381
f 1188/1705/1380 341/1706/1381 1187/1707/1382
f 1187/1707/1382 341/1706/1381 340/1708/1383
f 1187/1707/1382 340/1708/1383 1186/1709/1384
f 1186/1709/1384 340/1708/1383 339/1710/1385
f 1186/1709/1384 339/1710/1385 1185/1711/1386
f 1185/1711/1386 339/1710/1385 338/1712/1386
f 1185/1711/1386 338/1712/1386 337/1713/1387
f 1185/1711/1386 337/1713/1387 1184/1714/1388
f 1184/1714/1388 337/1713/1387 336/1715/1389
f 1184/1714/1388 336/1715/1389 1183/1716/1390
f 1183/1716/1390 336/1715/1389 335/1717/1391
f 1183/1716/1390 335/1717/1391 1182/1718/1392
f 1182/1718/1392 335/1717/1391 334/1719/1393
f 1182/1718/1392 334/1719/1393 1181/1720/1394
f 1181/1723/1394 334/1722/1393 333/1721/1395
f 1181/1723/1394 333/1721/1395 1180/1724/1396
f 1180/1724/1396 333/1721/1395 332/1725/1397
f 1180/1724/1396 332/1725/1397 1179/1726/1398
f 1179/1726/1398 332/1725/1397 331/1727/1399
f 1179/1726/1398 331/1727/1399 1178/1728/1400
f 1178/1728/1400 331/1727/1399 330/1729/1401
f 1178/1728/1400 330/1729/1401 1177/1730/1402
f 1177/1730/1402 330/1729/1401 329/1731/1402
f 1177/1730/1402 329/1731/1402 328/1732/1403
f 1177/1730/1402 328/1732/1403 1176/1733/1404
f 1176/1733/1404 328/1732/1403 327/1734/1405
f 1176/1733/1404 327/1734/1405 1175/1735/1406
f 1175/1735/1406 327/1734/1405 326/1736/1407
f 1175/1735/1406 326/1736/1407 1174/1737/1408
f 1174/1737/1408 326/1736/1407 325/1738/1409
f 1174/1737/1408 325/1738/1409 1173/1739/1410
f 1173/1739/1410 325/1738/1409 324/1740/1411
f 1173/1739/1410 324/1740/1411 1172/1741/1412
f 1172/1741/1412 324/1740/1411 323/1742/1413
f 1172/1741/1412 323/1742/1413 1171/1743/1414
f 1171/1743/1414 323/1742/1413 322/1744/1415
f 1171/1743/1414 322/1744/1415 1170/1745/1416
f 1170/1745/1416 322/1744/1415 321/1695/1370
f 1170/1745/1416 321/1695/1370 1169/1693/1369
f 1192/1748/1372 1220/1747/1417 1169/1746/1369
f 1169/1746/1369 1220/1747/1417 1225/1749/1418
f 1169/1746/1369 1225/1749/1418 1170/1750/1416
f 1170/1750/1416 1225/1749/1418 1301/1751/1419
f 1170/1750/1416 1301/1751/1419 1171/1752/1414
f 1171/1752/1414 1301/1751/1419 1306/1753/1420
f 1171/1752/1414 1306/1753/1420 1298/1754/1421
f 1298/1754/1421 1306/1753/1420 1305/1755/1422
f 1298/1754/1421 1305/1755/1422 1299/1756/1423
f 1299/1756/1423 1305/1755/1422 1304/1757/1424
f 1299/1756/1423 1304/1757/1424 1300/1758/1425
f 1300/1758/1425 1304/1757/1424 1195/1759/1426
f 1300/1758/1425 1195/1759/1426 1196/1760/1427
f 1220/1747/1417 1192/1748/1372 1226/1761/1428
f 1226/1761/1428 1192/1748/1372 1191/1762/1374
f 1226/1761/1428 1191/1762/1374 1234/1763/1429
f 1234/1763/1429 1191/1762/1374 1229/1764/1430
f 1234/1763/1429 1229/1764/1430 1230/1765/1431
f 1230/1765/1431 1229/1764/1430 1236/1766/1432
f 1230/1765/1431 1236/1766/1432 1237/1767/1433
f 1237/1767/1433 1236/1766/1432 1240/1768/1434
f 1237/1767/1433 1240/1768/1434 1213/1769/1435
f 1213/1769/1435 1240/1768/1434 1212/1770/1436
f 1212/1770/1436 1240/1768/1434 1243/1771/1437
f 1212/1770/1436 1243/1771/1437 1211/1772/1438
f 1211/1772/1438 1243/1771/1437 1219/1773/1439
f 1211/1776/1438 1219/1775/1439 1246/1774/1440
f 1246/1774/1440 1219/1775/1439 1218/1777/1441
f 1246/1774/1440 1218/1777/1441 1245/1778/1442
f 1245/1778/1442 1218/1777/1441 1217/1779/1443
f 1245/1778/1442 1217/1779/1443 1244/1780/1444
f 1244/1780/1444 1217/1779/1443 1187/1781/1382
f 1244/1780/1444 1187/1781/1382 1186/1782/1384
f 1191/1762/1374 1190/1783/1376 1229/1764/1430
f 1229/1764/1430 1190/1783/1376 1235/1784/1445
f 1229/1764/1430 1235/1784/1445 1236/1766/1432
f 1236/1766/1432 1235/1784/1445 1239/1785/1446
f 1236/1766/1432 1239/1785/1446 1240/1768/1434
f 1240/1768/1434 1239/1785/1446 1243/1771/1437
f 1190/1783/1376 1189/1786/1378 1235/1784/1445
f 1235/1784/1445 1189/1786/1378 1238/1787/1447
f 1235/1784/1445 1238/1787/1447 1239/1785/1446
f 1239/1785/1446 1238/1787/1447 1242/1788/1448
f 1239/1785/1446 1242/1788/1448 1243/1771/1437
f 1243/1771/1437 1242/1788/1448 1219/1773/1439
f 1189/1786/1378 1188/1789/1380 1238/1787/1447
f 1238/1787/1447 1188/1789/1380 1241/1790/1449
f 1238/1787/1447 1241/1790/1449 1242/1788/1448
f 1242/1788/1448 1241/1790/1449 1218/1791/1441
f 1242/1788/1448 1218/1791/1441 1219/1773/1439
f 1188/1789/1380 1187/1792/1382 1241/1790/1449
f 1241/1790/1449 1187/1792/1382 1217/1793/1443
f 1241/1790/1449 1217/1793/1443 1218/1791/1441
f 1244/1780/1444 1186/1782/1384 1247/1794/1450
f 1247/1794/1450 1186/1782/1384 1185/1795/1386
f 1247/1794/1450 1185/1795/1386 1250/1796/1451
f 1250/1796/1451 1185/1795/1386 1184/1797/1388
f 1250/1796/1451 1184/1797/1388 1253/1798/1452
f 1253/1798/1452 1184/1797/1388 1183/1799/1390
f 1253/1798/1452 1183/1799/1390 1261/1800/1453
f 1261/1800/1453 1183/1799/1390 1256/1801/1454
f 1261/1800/1453 1256/1801/1454 1257/1802/1455
f 1257/1802/1455 1256/1801/1454 1263/1803/1456
f 1257/1802/1455 1263/1803/1456 1264/1804/1457
f 1264/1804/1457 1263/1803/1456 1267/1805/1458
f 1264/1804/1457 1267/1805/1458 1205/1806/1459
f 1205/1806/1459 1267/1805/1458 1204/1807/1460
f 1204/1807/1460 1267/1805/1458 1270/1808/1461
f 1204/1807/1460 1270/1808/1461 1203/1809/1462
f 1203/1809/1462 1270/1808/1461 1274/1810/1463
f 1203/1809/1462 1274/1810/1463 1273/1811/1464
f 1273/1811/1464 1274/1810/1463 1275/1812/1465
f 1273/1811/1464 1275/1812/1465 1272/1813/1466
f 1272/1813/1466 1275/1812/1465 1276/1814/1467
f 1272/1813/1466 1276/1814/1467 1271/1815/1468
f 1271/1815/1468 1276/1814/1467 1179/1816/1398
f 1271/1815/1468 1179/1816/1398 1178/1817/1400
f 1183/1799/1390 1182/1818/1392 1256/1801/1454
f 1256/1801/1454 1182/1818/1392 1262/1819/1469
f 1256/1801/1454 1262/1819/1469 1263/1803/1456
f 1263/1803/1456 1262/1819/1469 1266/1820/1470
f 1263/1803/1456 1266/1820/1470 1267/1805/1458
f 1267/1805/1458 1266/1820/1470 1270/1808/1461
f 1182/1818/1392 1181/1821/1394 1262/1819/1469
f 1262/1819/1469 1181/1821/1394 1265/1822/1471
f 1262/1819/1469 1265/1822/1471 1266/1820/1470
f 1266/1820/1470 1265/1822/1471 1269/1823/1472
f 1266/1820/1470 1269/1823/1472 1270/1808/1461
f 1270/1808/1461 1269/1823/1472 1274/1810/1463
f 1181/1821/1394 1180/1824/1396 1265/1822/1471
f 1265/1822/1471 1180/1824/1396 1268/1825/1473
f 1265/1822/1471 1268/1825/1473 1269/1823/1472
f 1269/1823/1472 1268/1825/1473 1275/1812/1465
f 1269/1823/1472 1275/1812/1465 1274/1810/1463
f 1180/1824/1396 1179/1816/1398 1268/1825/1473
f 1268/1825/1473 1179/1816/1398 1276/1814/1467
f 1268/1825/1473 1276/1814/1467 1275/1812/1465
f 1271/1815/1468 1178/1817/1400 1277/1826/1474
f 1277/1826/1474 1178/1817/1400 1177/1827/1402
f 1277/1826/1474 1177/1827/1402 1280/1828/1475
f 1280/1828/1475 1177/1827/1402 1176/1829/1404
f 1280/1828/1475 1176/1829/1404 1283/1830/1476
f 1283/1830/1476 1176/1829/1404 1175/1831/1406
f 1283/1830/1476 1175/1831/1406 1291/1832/1477
f 1291/1832/1477 1175/1831/1406 1286/1833/1478
f 1291/1832/1477 1286/1833/1478 1287/1834/1479
f 1287/1834/1479 1286/1833/1478 1293/1835/1480
f 1287/1834/1479 1293/1835/1480 1294/1836/1481
f 1294/1836/1481 1293/1835/1480 1297/1837/1482
f 1294/1836/1481 1297/1837/1482 1197/1838/1483
f 1197/1838/1483 1297/1837/1482 1196/1760/1427
f 1196/1760/1427 1297/1837/1482 1300/1758/1425
f 1175/1831/1406 1174/1839/1408 1286/1833/1478
f 1286/1833/1478 1174/1839/1408 1292/1840/1484
f 1286/1833/1478 1292/1840/1484 1293/1835/1480
f 1293/1835/1480 1292/1840/1484 1296/1841/1485
f 1293/1835/1480 1296/1841/1485 1297/1837/1482
f 1297/1837/1482 1296/1841/1485 1300/1758/1425
f 1174/1839/1408 1173/1842/1410 1292/1840/1484
f 1292/1840/1484 1173/1842/1410 1295/1843/1486
f 1292/1840/1484 1295/1843/1486 1296/1841/1485
f 1296/1841/1485 1295/1843/1486 1299/1756/1423
f 1296/1841/1485 1299/1756/1423 1300/1758/1425
f 1173/1842/1410 1172/1844/1412 1295/1843/1486
f 1295/1843/1486 1172/1844/1412 1298/1754/1421
f 1295/1843/1486 1298/1754/1421 1299/1756/1423
f 1172/1844/1412 1171/1752/1414 1298/1754/1421
f 1194/1847/1489 1223/1846/1488 1193/1845/1487
f 1193/1845/1487 1223/1846/1488 1222/1848/1490
f 1193/1845/1487 1222/1848/1490 1216/1849/1491
f 1216/1849/1491 1222/1848/1490 1228/1850/1492
f 1216/1849/1491 1228/1850/1492 1215/1851/1493
f 1215/1851/1493 1228/1850/1492 1232/1852/1494
f 1215/1851/1493 1232/1852/1494 1231/1853/1495
f 1231/1853/1495 1232/1852/1494 1233/1854/1496
f 1231/1853/1495 1233/1854/1496 1230/1765/1431
f 1230/1765/1431 1233/1854/1496 1234/1763/1429
f 1223/1846/1488 1194/1847/1489 1303/1855/1497
f 1303/1855/1497 1194/1847/1489 1195/1759/1426
f 1303/1855/1497 1195/1759/1426 1304/1757/1424
f 1197/1838/1483 1198/1856/1498 1294/1836/1481
f 1294/1836/1481 1198/1856/1498 1288/1857/1499
f 1294/1836/1481 1288/1857/1499 1287/1834/1479
f 1287/1834/1479 1288/1857/1499 1290/1858/1500
f 1287/1834/1479 1290/1858/1500 1291/1832/1477
f 1291/1832/1477 1290/1858/1500 1283/1830/1476
f 1198/1856/1498 1199/1859/1501 1288/1857/1499
f 1288/1857/1499 1199/1859/1501 1289/1860/1502
f 1288/1857/1499 1289/1860/1502 1290/1858/1500
f 1290/1858/1500 1289/1860/1502 1284/1861/1503
f 1290/1858/1500 1284/1861/1503 1283/1830/1476
f 1283/1830/1476 1284/1861/1503 1280/1828/1475
f 1289/1860/1502 1199/1859/1501 1285/1862/1504
f 1285/1862/1504 1199/1859/1501 1200/1863/1505
f 1285/1862/1504 1200/1863/1505 1282/1864/1506
f 1282/1864/1506 1200/1863/1505 1201/1865/1507
f 1282/1864/1506 1201/1865/1507 1279/1866/1508
f 1279/1866/1508 1201/1865/1507 1202/1867/1509
f 1279/1866/1508 1202/1867/1509 1273/1811/1464
f 1273/1811/1464 1202/1867/1509 1203/1809/1462
f 1205/1806/1459 1206/1868/1510 1264/1804/1457
f 1264/1804/1457 1206/1868/1510 1258/1869/1511
f 1264/1804/1457 1258/1869/1511 1257/1802/1455
f 1257/1802/1455 1258/1869/1511 1260/1870/1512
f 1257/1802/1455 1260/1870/1512 1261/1800/1453
f 1261/1800/1453 1260/1870/1512 1253/1798/1452
f 1206/1868/1510 1207/1871/1513 1258/1869/1511
f 1258/1869/1511 1207/1871/1513 1259/1872/1514
f 1258/1869/1511 1259/1872/1514 1260/1870/1512
f 1260/1870/1512 1259/1872/1514 1254/1873/1515
f 1260/1870/1512 1254/1873/1515 1253/1798/1452
f 1253/1798/1452 1254/1873/1515 1250/1796/1451
f 1259/1872/1514 1207/1871/1513 1255/1874/1516
f 1255/1874/1516 1207/1871/1513 1208/1875/1517
f 1255/1874/1516 1208/1875/1517 1252/1876/1518
f 1252/1876/1518 1208/1875/1517 1209/1877/1519
f 1252/1876/1518 1209/1877/1519 1249/1878/1520
f 1249/1878/1520 1209/1877/1519 1210/1879/1521
f 1249/1878/1520 1210/1879/1521 1246/1774/1440
f 1246/1774/1440 1210/1879/1521 1211/1776/1438
f 1213/1769/1435 1214/1880/1522 1237/1767/1433
f 1237/1767/1433 1214/1880/1522 1231/1853/1495
f 1237/1767/1433 1231/1853/1495 1230/1765/1431
f 1214/1880/1522 1215/1851/1493 1231/1853/1495
f 1220/1747/1417 1221/1881/1523 1225/1749/1418
f 1225/1749/1418 1221/1881/1523 1224/1882/1524
f 1225/1749/1418 1224/1882/1524 1301/1751/1419
f 1301/1751/1419 1224/1882/1524 1302/1883/1525
f 1301/1751/1419 1302/1883/1525 1306/1753/1420
f 1306/1753/1420 1302/1883/1525 1305/1755/1422
f 1221/1881/1523 1222/1848/1490 1224/1882/1524
f 1224/1882/1524 1222/1848/1490 1223/1846/1488
f 1224/1882/1524 1223/1846/1488 1302/1883/1525
f 1302/1883/1525 1223/1846/1488 1303/1855/1497
f 1302/1883/1525 1303/1855/1497 1305/1755/1422
f 1305/1755/1422 1303/1855/1497 1304/1757/1424
f 1221/1881/1523 1220/1747/1417 1227/1884/1526
f 1227/1884/1526 1220/1747/1417 1226/1761/1428
f 1227/1884/1526 1226/1761/1428 1233/1854/1496
f 1233/1854/1496 1226/1761/1428 1234/1763/1429
f 1222/1848/1490 1221/1881/1523 1228/1850/1492
f 1228/1850/1492 1221/1881/1523 1227/1884/1526
f 1228/1850/1492 1227/1884/1526 1232/1852/1494
f 1232/1852/1494 1227/1884/1526 1233/1854/1496
f 1249/1878/1520 1246/1774/1440 1245/1778/1442
f 1245/1778/1442 1244/1780/1444 1248/1885/1527
f 1248/1885/1527 1244/1780/1444 1247/1794/1450
f 1248/1885/1527 1247/1794/1450 1251/1886/1528
f 1251/1886/1528 1247/1794/1450 1250/1796/1451
f 1251/1886/1528 1250/1796/1451 1254/1873/1515
f 1252/1876/1518 1249/1878/1520 1248/1885/1527
f 1248/1885/1527 1249/1878/1520 1245/1778/1442
f 1252/1876/1518 1248/1885/1527 1251/1886/1528
f 1255/1874/1516 1252/1876/1518 1251/1886/1528
f 1255/1874/1516 1251/1886/1528 1254/1873/1515
f 1259/1872/1514 1255/1874/1516 1254/1873/1515
f 1279/1866/1508 1273/1811/1464 1272/1813/1466
f 1272/1813/1466 1271/1815/1468 1278/1887/1529
f 1278/1887/1529 1271/1815/1468 1277/1826/1474
f 1278/1887/1529 1277/1826/1474 1281/1888/1530
f 1281/1888/1530 1277/1826/1474 1280/1828/1475
f 1281/1888/1530 1280/1828/1475 1284/1861/1503
f 1282/1864/1506 1279/1866/1508 1278/1887/1529
f 1278/1887/1529 1279/1866/1508 1272/1813/1466
f 1282/1864/1506 1278/1887/1529 1281/1888/1530
f 1285/1862/1504 1282/1864/1506 1281/1888/1530
f 1285/1862/1504 1281/1888/1530 1284/1861/1503
f 1289/1860/1502 1285/1862/1504 1284/1861/1503
f 1216/1891/1491 1344/1890/1531 1193/1889/1487
f 1193/1889/1487 1344/1890/1531 1351/1892/1532
f 1193/1889/1487 1351/1892/1532 1194/1893/1489
f 1194/1893/1489 1351/1892/1532 1445/1894/1533
f 1194/1893/1489 1445/1894/1533 1195/1895/1426
f 1195/1895/1426 1445/1894/1533 1438/1896/1534
f 1195/1895/1426 1438/1896/1534 1196/1897/1427
f 1196/1897/1427 1438/1896/1534 1341/1898/1535
f 1196/1897/1427 1341/1898/1535 1197/1899/1483
f 1197/1899/1483 1341/1898/1535 1434/1900/1536
f 1197/1899/1483 1434/1900/1536 1430/1901/1537
f 1430/1901/1537 1434/1900/1536 1435/1902/1538
f 1430/1901/1537 1435/1902/1538 1431/1903/1539
f 1431/1903/1539 1435/1902/1538 1436/1904/1540
f 1431/1903/1539 1436/1904/1540 1432/1905/1541
f 1432/1905/1541 1436/1904/1540 1437/1906/1542
f 1432/1905/1541 1437/1906/1542 1433/1907/1543
f 1433/1907/1543 1437/1906/1542 1312/1908/1544
f 1433/1907/1543 1312/1908/1544 1313/1909/1545
f 1215/1911/1493 1343/1910/1546 1216/1891/1491
f 1216/1891/1491 1343/1910/1546 1352/1912/1547
f 1216/1891/1491 1352/1912/1547 1344/1890/1531
f 1344/1890/1531 1352/1912/1547 1353/1913/1548
f 1344/1890/1531 1353/1913/1548 1345/1914/1549
f 1345/1914/1549 1353/1913/1548 1354/1915/1550
f 1345/1914/1549 1354/1915/1550 1346/1916/1551
f 1346/1916/1551 1354/1915/1550 1355/1917/1552
f 1346/1916/1551 1355/1917/1552 1347/1918/1553
f 1347/1918/1553 1355/1917/1552 1332/1919/1554
f 1347/1918/1553 1332/1919/1554 1307/1920/1555
f 1343/1910/1546 1215/1911/1493 1356/1921/1556
f 1356/1921/1556 1215/1911/1493 1214/1922/1522
f 1356/1921/1556 1214/1922/1522 1362/1923/1557
f 1362/1923/1557 1214/1922/1522 1213/1924/1435
f 1362/1923/1557 1213/1924/1435 1366/1925/1558
f 1366/1925/1558 1213/1924/1435 1212/1926/1436
f 1366/1925/1558 1212/1926/1436 1370/1927/1559
f 1370/1927/1559 1212/1926/1436 1211/1928/1438
f 1370/1927/1559 1211/1928/1438 1333/1929/1560
f 1333/1932/1560 1211/1931/1438 1374/1930/1561
f 1333/1932/1560 1374/1930/1561 1375/1933/1562
f 1375/1933/1562 1374/1930/1561 1379/1934/1563
f 1375/1933/1562 1379/1934/1563 1380/1935/1564
f 1380/1935/1564 1379/1934/1563 1384/1936/1565
f 1380/1935/1564 1384/1936/1565 1385/1937/1566
f 1385/1937/1566 1384/1936/1565 1389/1938/1567
f 1385/1937/1566 1389/1938/1567 1323/1939/1568
f 1323/1939/1568 1389/1938/1567 1337/1940/1569
f 1323/1939/1568 1337/1940/1569 1322/1941/1570
f 1322/1941/1570 1337/1940/1569 1396/1942/1571
f 1322/1941/1570 1396/1942/1571 1321/1943/1572
f 1321/1943/1572 1396/1942/1571 1395/1944/1573
f 1321/1943/1572 1395/1944/1573 1320/1945/1574
f 1320/1945/1574 1395/1944/1573 1403/1946/1575
f 1320/1945/1574 1403/1946/1575 1319/1947/1576
f 1319/1947/1576 1403/1946/1575 1407/1948/1577
f 1319/1947/1576 1407/1948/1577 1318/1949/1578
f 1318/1949/1578 1407/1948/1577 1411/1950/1579
f 1318/1949/1578 1411/1950/1579 1317/1951/1580
f 1317/1951/1580 1411/1950/1579 1414/1952/1581
f 1317/1951/1580 1414/1952/1581 1316/1953/1582
f 1316/1953/1582 1414/1952/1581 1419/1954/1583
f 1316/1953/1582 1419/1954/1583 1315/1955/1584
f 1315/1955/1584 1419/1954/1583 1418/1956/1585
f 1315/1955/1584 1418/1956/1585 1314/1957/1586
f 1314/1957/1586 1418/1956/1585 1426/1958/1587
f 1314/1957/1586 1426/1958/1587 1340/1959/1588
f 1340/1959/1588 1426/1958/1587 1425/1960/1589
f 1340/1959/1588 1425/1960/1589 1429/1961/1590
f 1429/1961/1590 1425/1960/1589 1424/1962/1591
f 1429/1961/1590 1424/1962/1591 1428/1963/1592
f 1428/1963/1592 1424/1962/1591 1423/1964/1593
f 1428/1963/1592 1423/1964/1593 1427/1965/1594
f 1427/1965/1594 1423/1964/1593 1199/1966/1501
f 1427/1965/1594 1199/1966/1501 1198/1967/1498
f 1211/1931/1438 1210/1968/1521 1374/1930/1561
f 1374/1930/1561 1210/1968/1521 1378/1969/1595
f 1374/1930/1561 1378/1969/1595 1379/1934/1563
f 1379/1934/1563 1378/1969/1595 1383/1970/1596
f 1379/1934/1563 1383/1970/1596 1384/1936/1565
f 1384/1936/1565 1383/1970/1596 1388/1971/1597
f 1384/1936/1565 1388/1971/1597 1389/1938/1567
f 1389/1938/1567 1388/1971/1597 1337/1940/1569
f 1210/1968/1521 1209/1972/1519 1378/1969/1595
f 1378/1969/1595 1209/1972/1519 1382/1973/1598
f 1378/1969/1595 1382/1973/1598 1383/1970/1596
f 1383/1970/1596 1382/1973/1598 1387/1974/1599
f 1383/1970/1596 1387/1974/1599 1388/1971/1597
f 1388/1971/1597 1387/1974/1599 1391/1975/1600
f 1388/1971/1597 1391/1975/1600 1337/1940/1569
f 1337/1940/1569 1391/1975/1600 1396/1942/1571
f 1209/1972/1519 1208/1976/1517 1382/1973/1598
f 1382/1973/1598 1208/1976/1517 1386/1977/1601
f 1382/1973/1598 1386/1977/1601 1387/1974/1599
f 1387/1974/1599 1386/1977/1601 1390/1978/1602
f 1387/1974/1599 1390/1978/1602 1391/1975/1600
f 1391/1975/1600 1390/1978/1602 1397/1979/1603
f 1391/1975/1600 1397/1979/1603 1396/1942/1571
f 1396/1942/1571 1397/1979/1603 1395/1944/1573
f 1208/1976/1517 1207/1980/1513 1386/1977/1601
f 1386/1977/1601 1207/1980/1513 1338/1981/1604
f 1386/1977/1601 1338/1981/1604 1390/1978/1602
f 1390/1978/1602 1338/1981/1604 1398/1982/1605
f 1390/1978/1602 1398/1982/1605 1397/1979/1603
f 1397/1979/1603 1398/1982/1605 1394/1983/1606
f 1397/1979/1603 1394/1983/1606 1395/1944/1573
f 1395/1944/1573 1394/1983/1606 1403/1946/1575
f 1207/1980/1513 1206/1984/1510 1338/1981/1604
f 1338/1981/1604 1206/1984/1510 1399/1985/1607
f 1338/1981/1604 1399/1985/1607 1398/1982/1605
f 1398/1982/1605 1399/1985/1607 1393/1986/1608
f 1398/1982/1605 1393/1986/1608 1394/1983/1606
f 1394/1983/1606 1393/1986/1608 1402/1987/1609
f 1394/1983/1606 1402/1987/1609 1403/1946/1575
f 1403/1946/1575 1402/1987/1609 1407/1948/1577
f 1399/1985/1607 1206/1984/1510 1392/1988/1610
f 1392/1988/1610 1206/1984/1510 1205/1989/1459
f 1392/1988/1610 1205/1989/1459 1400/1990/1611
f 1400/1990/1611 1205/1989/1459 1204/1991/1460
f 1400/1990/1611 1204/1991/1460 1404/1992/1612
f 1404/1992/1612 1204/1991/1460 1203/1993/1462
f 1404/1992/1612 1203/1993/1462 1408/1994/1613
f 1408/1994/1613 1203/1993/1462 1202/1995/1509
f 1408/1994/1613 1202/1995/1509 1339/1996/1614
f 1339/1996/1614 1202/1995/1509 1201/1997/1507
f 1339/1996/1614 1201/1997/1507 1422/1998/1615
f 1422/1998/1615 1201/1997/1507 1415/1999/1616
f 1422/1998/1615 1415/1999/1616 1416/2000/1617
f 1416/2000/1617 1415/1999/1616 1424/1962/1591
f 1416/2000/1617 1424/1962/1591 1425/1960/1589
f 1201/1997/1507 1200/2001/1505 1415/1999/1616
f 1415/1999/1616 1200/2001/1505 1423/1964/1593
f 1415/1999/1616 1423/1964/1593 1424/1962/1591
f 1200/2001/1505 1199/1966/1501 1423/1964/1593
f 1427/1965/1594 1198/1967/1498 1430/1901/1537
f 1430/1901/1537 1198/1967/1498 1197/1899/1483
f 1347/1918/1553 1307/1920/1555 1348/2002/1618
f 1348/2002/1618 1307/1920/1555 1308/2003/1619
f 1348/2002/1618 1308/2003/1619 1448/2004/1620
f 1448/2004/1620 1308/2003/1619 1309/2005/1621
f 1448/2004/1620 1309/2005/1621 1441/2006/1622
f 1441/2006/1622 1309/2005/1621 1310/2007/1623
f 1441/2006/1622 1310/2007/1623 1442/2008/1624
f 1442/2008/1624 1310/2007/1623 1311/2009/1625
f 1442/2008/1624 1311/2009/1625 1437/1906/1542
f 1437/1906/1542 1311/2009/1625 1312/1908/1544
f 1433/1907/1543 1313/1909/1545 1340/1959/1588
f 1340/1959/1588 1313/1909/1545 1314/1957/1586
f 1323/1939/1568 1324/2010/1626 1385/1937/1566
f 1385/1937/1566 1324/2010/1626 1381/2011/1627
f 1385/1937/1566 1381/2011/1627 1380/1935/1564
f 1380/1935/1564 1381/2011/1627 1376/2012/1628
f 1380/1935/1564 1376/2012/1628 1375/1933/1562
f 1375/1933/1562 1376/2012/1628 1334/2013/1629
f 1375/1933/1562 1334/2013/1629 1333/1932/1560
f 1333/1929/1560 1334/2014/1629 1370/1927/1559
f 1324/2010/1626 1325/2015/1630 1381/2011/1627
f 1381/2011/1627 1325/2015/1630 1377/2016/1631
f 1381/2011/1627 1377/2016/1631 1376/2012/1628
f 1376/2012/1628 1377/2016/1631 1335/2017/1632
f 1376/2012/1628 1335/2017/1632 1334/2013/1629
f 1334/2014/1629 1335/2019/1632 1371/2018/1633
f 1334/2014/1629 1371/2018/1633 1370/1927/1559
f 1370/1927/1559 1371/2018/1633 1366/1925/1558
f 1325/2015/1630 1326/2020/1634 1377/2016/1631
f 1377/2016/1631 1326/2020/1634 1336/2021/1635
f 1377/2016/1631 1336/2021/1635 1335/2017/1632
f 1335/2019/1632 1336/2023/1635 1372/2022/1636
f 1335/2019/1632 1372/2022/1636 1371/2018/1633
f 1371/2018/1633 1372/2022/1636 1367/2024/1637
f 1371/2018/1633 1367/2024/1637 1366/1925/1558
f 1366/1925/1558 1367/2024/1637 1362/1923/1557
f 1326/2026/1634 1327/2025/1638 1336/2023/1635
f 1336/2023/1635 1327/2025/1638 1373/2027/1639
f 1336/2023/1635 1373/2027/1639 1372/2022/1636
f 1372/2022/1636 1373/2027/1639 1368/2028/1640
f 1372/2022/1636 1368/2028/1640 1367/2024/1637
f 1367/2024/1637 1368/2028/1640 1363/2029/1641
f 1367/2024/1637 1363/2029/1641 1362/1923/1557
f 1362/1923/1557 1363/2029/1641 1356/1921/1556
f 1327/2025/1638 1328/2030/1642 1373/2027/1639
f 1373/2027/1639 1328/2030/1642 1369/2031/1643
f 1373/2027/1639 1369/2031/1643 1368/2028/1640
f 1368/2028/1640 1369/2031/1643 1364/2032/1644
f 1368/2028/1640 1364/2032/1644 1363/2029/1641
f 1363/2029/1641 1364/2032/1644 1357/2033/1645
f 1363/2029/1641 1357/2033/1645 1356/1921/1556
f 1356/1921/1556 1357/2033/1645 1343/1910/1546
f 1328/2030/1642 1329/2034/1646 1369/2031/1643
f 1369/2031/1643 1329/2034/1646 1365/2035/1647
f 1369/2031/1643 1365/2035/1647 1364/2032/1644
f 1364/2032/1644 1365/2035/1647 1358/2036/1648
f 1364/2032/1644 1358/2036/1648 1357/2033/1645
f 1357/2033/1645 1358/2036/1648 1361/2037/1649
f 1357/2033/1645 1361/2037/1649 1343/1910/1546
f 1343/1910/1546 1361/2037/1649 1352/1912/1547
f 1329/2034/1646 1330/2038/1650 1365/2035/1647
f 1365/2035/1647 1330/2038/1650 1342/2039/1651
f 1365/2035/1647 1342/2039/1651 1358/2036/1648
f 1358/2036/1648 1342/2039/1651 1360/2040/1652
f 1358/2036/1648 1360/2040/1652 1361/2037/1649
f 1361/2037/1649 1360/2040/1652 1353/1913/1548
f 1361/2037/1649 1353/1913/1548 1352/1912/1547
f 1330/2038/1650 1331/2041/1653 1342/2039/1651
f 1342/2039/1651 1331/2041/1653 1359/2042/1654
f 1342/2039/1651 1359/2042/1654 1360/2040/1652
f 1360/2040/1652 1359/2042/1654 1354/1915/1550
f 1360/2040/1652 1354/1915/1550 1353/1913/1548
f 1359/2042/1654 1331/2041/1653 1355/1917/1552
f 1355/1917/1552 1331/2041/1653 1332/1919/1554
f 1344/1890/1531 1345/1914/1549 1351/1892/1532
f 1351/1892/1532 1345/1914/1549 1350/2043/1655
f 1351/1892/1532 1350/2043/1655 1445/1894/1533
f 1445/1894/1533 1350/2043/1655 1446/2044/1656
f 1445/1894/1533 1446/2044/1656 1438/1896/1534
f 1438/1896/1534 1446/2044/1656 1439/2045/1657
f 1438/1896/1534 1439/2045/1657 1341/1898/1535
f 1341/1898/1535 1439/2045/1657 1444/2046/1658
f 1341/1898/1535 1444/2046/1658 1434/1900/1536
f 1434/1900/1536 1444/2046/1658 1435/1902/1538
f 1345/1914/1549 1346/1916/1551 1350/2043/1655
f 1350/2043/1655 1346/1916/1551 1349/2047/1659
f 1350/2043/1655 1349/2047/1659 1446/2044/1656
f 1446/2044/1656 1349/2047/1659 1447/2048/1660
f 1446/2044/1656 1447/2048/1660 1439/2045/1657
f 1439/2045/1657 1447/2048/1660 1440/2049/1661
f 1439/2045/1657 1440/2049/1661 1444/2046/1658
f 1444/2046/1658 1440/2049/1661 1443/2050/1662
f 1444/2046/1658 1443/2050/1662 1435/1902/1538
f 1435/1902/1538 1443/2050/1662 1436/1904/1540
f 1346/1916/1551 1347/1918/1553 1349/2047/1659
f 1349/2047/1659 1347/1918/1553 1348/2002/1618
f 1349/2047/1659 1348/2002/1618 1447/2048/1660
f 1447/2048/1660 1348/2002/1618 1448/2004/1620
f 1447/2048/1660 1448/2004/1620 1440/2049/1661
f 1440/2049/1661 1448/2004/1620 1441/2006/1622
f 1440/2049/1661 1441/2006/1622 1443/2050/1662
f 1443/2050/1662 1441/2006/1622 1442/2008/1624
f 1443/2050/1662 1442/2008/1624 1436/1904/1540
f 1436/1904/1540 1442/2008/1624 1437/1906/1542
f 1359/2042/1654 1355/1917/1552 1354/1915/1550
f 1399/1985/1607 1392/1988/1610 1393/1986/1608
f 1393/1986/1608 1392/1988/1610 1401/2051/1663
f 1393/1986/1608 1401/2051/1663 1402/1987/1609
f 1402/1987/1609 1401/2051/1663 1406/2052/1664
f 1402/1987/1609 1406/2052/1664 1407/1948/1577
f 1407/1948/1577 1406/2052/1664 1411/1950/1579
f 1392/1988/1610 1400/1990/1611 1401/2051/1663
f 1401/2051/1663 1400/1990/1611 1405/2053/1665
f 1401/2051/1663 1405/2053/1665 1406/2052/1664
f 1406/2052/1664 1405/2053/1665 1410/2054/1666
f 1406/2052/1664 1410/2054/1666 1411/1950/1579
f 1411/1950/1579 1410/2054/1666 1414/1952/1581
f 1400/1990/1611 1404/1992/1612 1405/2053/1665
f 1405/2053/1665 1404/1992/1612 1409/2055/1667
f 1405/2053/1665 1409/2055/1667 1410/2054/1666
f 1410/2054/1666 1409/2055/1667 1413/2056/1668
f 1410/2054/1666 1413/2056/1668 1414/1952/1581
f 1414/1952/1581 1413/2056/1668 1419/1954/1583
f 1404/1992/1612 1408/1994/1613 1409/2055/1667
f 1409/2055/1667 1408/1994/1613 1412/2057/1669
f 1409/2055/1667 1412/2057/1669 1413/2056/1668
f 1413/2056/1668 1412/2057/1669 1420/2058/1670
f 1413/2056/1668 1420/2058/1670 1419/1954/1583
f 1419/1954/1583 1420/2058/1670 1418/1956/1585
f 1408/1994/1613 1339/1996/1614 1412/2057/1669
f 1412/2057/1669 1339/1996/1614 1421/2059/1671
f 1412/2057/1669 1421/2059/1671 1420/2058/1670
f 1420/2058/1670 1421/2059/1671 1417/2060/1672
f 1420/2058/1670 1417/2060/1672 1418/1956/1585
f 1418/1956/1585 1417/2060/1672 1426/1958/1587
f 1422/1998/1615 1416/2000/1617 1421/2059/1671
f 1421/2059/1671 1416/2000/1617 1417/2060/1672
f 1426/1958/1587 1417/2060/1672 1425/1960/1589
f 1425/1960/1589 1417/2060/1672 1416/2000/1617
f 1339/1996/1614 1422/1998/1615 1421/2059/1671
f 1430/1901/1537 1431/1903/1539 1427/1965/1594
f 1427/1965/1594 1431/1903/1539 1428/1963/1592
f 1433/1907/1543 1340/1959/1588 1429/1961/1590
f 1431/1903/1539 1432/1905/1541 1428/1963/1592
f 1428/1963/1592 1432/1905/1541 1429/1961/1590
f 1432/1905/1541 1433/1907/1543 1429/1961/1590
f 1332/2063/1554 1482/2062/1673 1307/2061/1555
f 1307/2061/1555 1482/2062/1673 1491/2064/1674
f 1307/2061/1555 1491/2064/1674 1612/2065/1675
f 1612/2065/1675 1491/2064/1674 1490/2066/1676
f 1612/2065/1675 1490/2066/1676 1613/2067/1677
f 1613/2067/1677 1490/2066/1676 1489/2068/1678
f 1613/2067/1677 1489/2068/1678 1614/2069/1679
f 1614/2069/1679 1489/2068/1678 1488/2070/1680
f 1614/2069/1679 1488/2070/1680 1615/2071/1681
f 1615/2071/1681 1488/2070/1680 1487/2072/1682
f 1615/2071/1681 1487/2072/1682 1616/2073/1683
f 1616/2073/1683 1487/2072/1682 1449/2074/1684
f 1616/2073/1683 1449/2074/1684 1450/2075/1685
f 1482/2062/1673 1332/2063/1554 1492/2076/1686
f 1492/2076/1686 1332/2063/1554 1331/2077/1653
f 1492/2076/1686 1331/2077/1653 1497/2078/1687
f 1497/2078/1687 1331/2077/1653 1330/2079/1650
f 1497/2078/1687 1330/2079/1650 1502/2080/1688
f 1502/2080/1688 1330/2079/1650 1329/2081/1646
f 1502/2080/1688 1329/2081/1646 1507/2082/1689
f 1507/2082/1689 1329/2081/1646 1328/2083/1642
f 1507/2082/1689 1328/2083/1642 1512/2084/1690
f 1512/2084/1690 1328/2083/1642 1327/2085/1638
f 1512/2084/1690 1327/2085/1638 1477/2086/1691
f 1477/2089/1691 1327/2088/1638 1326/2087/1634
f 1477/2089/1691 1326/2087/1634 1517/2090/1692
f 1517/2090/1692 1326/2087/1634 1325/2091/1630
f 1517/2090/1692 1325/2091/1630 1522/2092/1693
f 1522/2092/1693 1325/2091/1630 1324/2093/1626
f 1522/2092/1693 1324/2093/1626 1527/2094/1694
f 1527/2094/1694 1324/2093/1626 1323/2095/1568
f 1527/2094/1694 1323/2095/1568 1532/2096/1695
f 1532/2096/1695 1323/2095/1568 1322/2097/1570
f 1532/2096/1695 1322/2097/1570 1537/2098/1696
f 1537/2098/1696 1322/2097/1570 1321/2099/1572
f 1537/2098/1696 1321/2099/1572 1542/2100/1697
f 1542/2100/1697 1321/2099/1572 1320/2101/1574
f 1542/2100/1697 1320/2101/1574 1556/2102/1698
f 1556/2102/1698 1320/2101/1574 1547/2103/1699
f 1556/2102/1698 1547/2103/1699 1548/2104/1700
f 1548/2104/1700 1547/2103/1699 1558/2105/1701
f 1548/2104/1700 1558/2105/1701 1559/2106/1702
f 1559/2106/1702 1558/2105/1701 1564/2107/1703
f 1559/2106/1702 1564/2107/1703 1565/2108/1704
f 1565/2108/1704 1564/2107/1703 1570/2109/1705
f 1565/2108/1704 1570/2109/1705 1571/2110/1706
f 1571/2110/1706 1570/2109/1705 1576/2111/1707
f 1571/2110/1706 1576/2111/1707 1458/2112/1708
f 1458/2112/1708 1576/2111/1707 1457/2113/1709
f 1457/2113/1709 1576/2111/1707 1581/2114/1710
f 1457/2113/1709 1581/2114/1710 1456/2115/1711
f 1456/2115/1711 1581/2114/1710 1586/2116/1712
f 1456/2115/1711 1586/2116/1712 1455/2117/1713
f 1455/2117/1713 1586/2116/1712 1591/2118/1714
f 1455/2117/1713 1591/2118/1714 1454/2119/1715
f 1454/2119/1715 1591/2118/1714 1596/2120/1716
f 1454/2119/1715 1596/2120/1716 1453/2121/1717
f 1453/2121/1717 1596/2120/1716 1601/2122/1718
f 1453/2121/1717 1601/2122/1718 1452/2123/1719
f 1452/2123/1719 1601/2122/1718 1606/2124/1720
f 1452/2123/1719 1606/2124/1720 1451/2125/1721
f 1451/2125/1721 1606/2124/1720 1611/2126/1722
f 1451/2125/1721 1611/2126/1722 1450/2075/1685
f 1450/2075/1685 1611/2126/1722 1616/2073/1683
f 1320/2101/1574 1319/2127/1576 1547/2103/1699
f 1547/2103/1699 1319/2127/1576 1557/2128/1723
f 1547/2103/1699 1557/2128/1723 1558/2105/1701
f 1558/2105/1701 1557/2128/1723 1563/2129/1724
f 1558/2105/1701 1563/2129/1724 1564/2107/1703
f 1564/2107/1703 1563/2129/1724 1569/2130/1725
f 1564/2107/1703 1569/2130/1725 1570/2109/1705
f 1570/2109/1705 1569/2130/1725 1575/2131/1726
f 1570/2109/1705 1575/2131/1726 1576/2111/1707
f 1576/2111/1707 1575/2131/1726 1581/2114/1710
f 1319/2127/1576 1318/2132/1578 1557/2128/1723
f 1557/2128/1723 1318/2132/1578 1562/2133/1727
f 1557/2128/1723 1562/2133/1727 1563/2129/1724
f 1563/2129/1724 1562/2133/1727 1568/2134/1728
f 1563/2129/1724 1568/2134/1728 1569/2130/1725
f 1569/2130/1725 1568/2134/1728 1574/2135/1729
f 1569/2130/1725 1574/2135/1729 1575/2131/1726
f 1575/2131/1726 1574/2135/1729 1580/2136/1730
f 1575/2131/1726 1580/2136/1730 1581/2114/1710
f 1581/2114/1710 1580/2136/1730 1586/2116/1712
f 1318/2132/1578 1317/2137/1580 1562/2133/1727
f 1562/2133/1727 1317/2137/1580 1567/2138/1731
f 1562/2133/1727 1567/2138/1731 1568/2134/1728
f 1568/2134/1728 1567/2138/1731 1573/2139/1732
f 1568/2134/1728 1573/2139/1732 1574/2135/1729
f 1574/2135/1729 1573/2139/1732 1579/2140/1733
f 1574/2135/1729 1579/2140/1733 1580/2136/1730
f 1580/2136/1730 1579/2140/1733 1585/2141/1734
f 1580/2136/1730 1585/2141/1734 1586/2116/1712
f 1586/2116/1712 1585/2141/1734 1591/2118/1714
f 1317/2137/1580 1316/2142/1582 1567/2138/1731
f 1567/2138/1731 1316/2142/1582 1572/2143/1735
f 1567/2138/1731 1572/2143/1735 1573/2139/1732
f 1573/2139/1732 1572/2143/1735 1578/2144/1736
f 1573/2139/1732 1578/2144/1736 1579/2140/1733
f 1579/2140/1733 1578/2144/1736 1584/2145/1737
f 1579/2140/1733 1584/2145/1737 1585/2141/1734
f 1585/2141/1734 1584/2145/1737 1590/2146/1738
f 1585/2141/1734 1590/2146/1738 1591/2118/1714
f 1591/2118/1714 1590/2146/1738 1596/2120/1716
f 1316/2142/1582 1315/2147/1584 1572/2143/1735
f 1572/2143/1735 1315/2147/1584 1577/2148/1739
f 1572/2143/1735 1577/2148/1739 1578/2144/1736
f 1578/2144/1736 1577/2148/1739 1583/2149/1740
f 1578/2144/1736 1583/2149/1740 1584/2145/1737
f 1584/2145/1737 1583/2149/1740 1589/2150/1741
f 1584/2145/1737 1589/2150/1741 1590/2146/1738
f 1590/2146/1738 1589/2150/1741 1595/2151/1742
f 1590/2146/1738 1595/2151/1742 1596/2120/1716
f 1596/2120/1716 1595/2151/1742 1601/2122/1718
f 1315/2147/1584 1314/2152/1586 1577/2148/1739
f 1577/2148/1739 1314/2152/1586 1582/2153/1743
f 1577/2148/1739 1582/2153/1743 1583/2149/1740
f 1583/2149/1740 1582/2153/1743 1588/2154/1744
f 1583/2149/1740 1588/2154/1744 1589/2150/1741
f 1589/2150/1741 1588/2154/1744 1594/2155/1745
f 1589/2150/1741 1594/2155/1745 1595/2151/1742
f 1595/2151/1742 1594/2155/1745 1600/2156/1746
f 1595/2151/1742 1600/2156/1746 1601/2122/1718
f 1601/2122/1718 1600/2156/1746 1606/2124/1720
f 1314/2152/1586 1313/2157/1545 1582/2153/1743
f 1582/2153/1743 1313/2157/1545 1587/2158/1747
f 1582/2153/1743 1587/2158/1747 1588/2154/1744
f 1588/2154/1744 1587/2158/1747 1593/2159/1748
f 1588/2154/1744 1593/2159/1748 1594/2155/1745
f 1594/2155/1745 1593/2159/1748 1599/2160/1749
f 1594/2155/1745 1599/2160/1749 1600/2156/1746
f 1600/2156/1746 1599/2160/1749 1605/2161/1750
f 1600/2156/1746 1605/2161/1750 1606/2124/1720
f 1606/2124/1720 1605/2161/1750 1611/2126/1722
f 1313/2157/1545 1312/2162/1544 1587/2158/1747
f 1587/2158/1747 1312/2162/1544 1592/2163/1751
f 1587/2158/1747 1592/2163/1751 1593/2159/1748
f 1593/2159/1748 1592/2163/1751 1598/2164/1752
f 1593/2159/1748 1598/2164/1752 1599/2160/1749
f 1599/2160/1749 1598/2164/1752 1604/2165/1753
f 1599/2160/1749 1604/2165/1753 1605/2161/1750
f 1605/2161/1750 1604/2165/1753 1610/2166/1754
f 1605/2161/1750 1610/2166/1754 1611/2126/1722
f 1611/2126/1722 1610/2166/1754 1616/2073/1683
f 1312/2162/1544 1311/2167/1625 1592/2163/1751
f 1592/2163/1751 1311/2167/1625 1597/2168/1755
f 1592/2163/1751 1597/2168/1755 1598/2164/1752
f 1598/2164/1752 1597/2168/1755 1603/2169/1756
f 1598/2164/1752 1603/2169/1756 1604/2165/1753
f 1604/2165/1753 1603/2169/1756 1609/2170/1757
f 1604/2165/1753 1609/2170/1757 1610/2166/1754
f 1610/2166/1754 1609/2170/1757 1615/2071/1681
f 1610/2166/1754 1615/2071/1681 1616/2073/1683
f 1311/2167/1625 1310/2171/1623 1597/2168/1755
f 1597/2168/1755 1310/2171/1623 1602/2172/1758
f 1597/2168/1755 1602/2172/1758 1603/2169/1756
f 1603/2169/1756 1602/2172/1758 1608/2173/1759
f 1603/2169/1756 1608/2173/1759 1609/2170/1757
f 1609/2170/1757 1608/2173/1759 1614/2069/1679
f 1609/2170/1757 1614/2069/1679 1615/2071/1681
f 1310/2171/1623 1309/2174/1621 1602/2172/1758
f 1602/2172/1758 1309/2174/1621 1607/2175/1760
f 1602/2172/1758 1607/2175/1760 1608/2173/1759
f 1608/2173/1759 1607/2175/1760 1613/2067/1677
f 1608/2173/1759 1613/2067/1677 1614/2069/1679
f 1309/2174/1621 1308/2176/1619 1607/2175/1760
f 1607/2175/1760 1308/2176/1619 1612/2065/1675
f 1607/2175/1760 1612/2065/1675 1613/2067/1677
f 1308/2176/1619 1307/2061/1555 1612/2065/1675
f 1458/2112/1708 1459/2177/1761 1571/2110/1706
f 1571/2110/1706 1459/2177/1761 1566/2178/1762
f 1571/2110/1706 1566/2178/1762 1565/2108/1704
f 1565/2108/1704 1566/2178/1762 1560/2179/1763
f 1565/2108/1704 1560/2179/1763 1559/2106/1702
f 1559/2106/1702 1560/2179/1763 1549/2180/1764
f 1559/2106/1702 1549/2180/1764 1548/2104/1700
f 1548/2104/1700 1549/2180/1764 1555/2181/1765
f 1548/2104/1700 1555/2181/1765 1556/2102/1698
f 1556/2102/1698 1555/2181/1765 1542/2100/1697
f 1459/2177/1761 1460/2182/1766 1566/2178/1762
f 1566/2178/1762 1460/2182/1766 1561/2183/1767
f 1566/2178/1762 1561/2183/1767 1560/2179/1763
f 1560/2179/1763 1561/2183/1767 1550/2184/1768
f 1560/2179/1763 1550/2184/1768 1549/2180/1764
f 1549/2180/1764 1550/2184/1768 1554/2185/1769
f 1549/2180/1764 1554/2185/1769 1555/2181/1765
f 1555/2181/1765 1554/2185/1769 1543/2186/1770
f 1555/2181/1765 1543/2186/1770 1542/2100/1697
f 1542/2100/1697 1543/2186/1770 1537/2098/1696
f 1460/2182/1766 1461/2187/1771 1561/2183/1767
f 1561/2183/1767 1461/2187/1771 1551/2188/1772
f 1561/2183/1767 1551/2188/1772 1550/2184/1768
f 1550/2184/1768 1551/2188/1772 1553/2189/1773
f 1550/2184/1768 1553/2189/1773 1554/2185/1769
f 1554/2185/1769 1553/2189/1773 1544/2190/1774
f 1554/2185/1769 1544/2190/1774 1543/2186/1770
f 1543/2186/1770 1544/2190/1774 1538/2191/1775
f 1543/2186/1770 1538/2191/1775 1537/2098/1696
f 1537/2098/1696 1538/2191/1775 1532/2096/1695
f 1461/2187/1771 1462/2192/1776 1551/2188/1772
f 1551/2188/1772 1462/2192/1776 1552/2193/1777
f 1551/2188/1772 1552/2193/1777 1553/2189/1773
f 1553/2189/1773 1552/2193/1777 1545/2194/1778
f 1553/2189/1773 1545/2194/1778 1544/2190/1774
f 1544/2190/1774 1545/2194/1778 1539/2195/1779
f 1544/2190/1774 1539/2195/1779 1538/2191/1775
f 1538/2191/1775 1539/2195/1779 1533/2196/1780
f 1538/2191/1775 1533/2196/1780 1532/2096/1695
f 1532/2096/1695 1533/2196/1780 1527/2094/1694
f 1462/2192/1776 1463/2197/1781 1552/2193/1777
f 1552/2193/1777 1463/2197/1781 1546/2198/1782
f 1552/2193/1777 1546/2198/1782 1545/2194/1778
f 1545/2194/1778 1546/2198/1782 1540/2199/1783
f 1545/2194/1778 1540/2199/1783 1539/2195/1779
f 1539/2195/1779 1540/2199/1783 1534/2200/1784
f 1539/2195/1779 1534/2200/1784 1533/2196/1780
f 1533/2196/1780 1534/2200/1784 1528/2201/1785
f 1533/2196/1780 1528/2201/1785 1527/2094/1694
f 1527/2094/1694 1528/2201/1785 1522/2092/1693
f 1463/2197/1781 1464/2202/1786 1546/2198/1782
f 1546/2198/1782 1464/2202/1786 1541/2203/1787
f 1546/2198/1782 1541/2203/1787 1540/2199/1783
f 1540/2199/1783 1541/2203/1787 1535/2204/1788
f 1540/2199/1783 1535/2204/1788 1534/2200/1784
f 1534/2200/1784 1535/2204/1788 1529/2205/1789
f 1534/2200/1784 1529/2205/1789 1528/2201/1785
f 1528/2201/1785 1529/2205/1789 1523/2206/1790
f 1528/2201/1785 1523/2206/1790 1522/2092/1693
f 1522/2092/1693 1523/2206/1790 1517/2090/1692
f 1464/2202/1786 1465/2207/1791 1541/2203/1787
f 1541/2203/1787 1465/2207/1791 1536/2208/1792
f 1541/2203/1787 1536/2208/1792 1535/2204/1788
f 1535/2204/1788 1536/2208/1792 1530/2209/1793
f 1535/2204/1788 1530/2209/1793 1529/2205/1789
f 1529/2205/1789 1530/2209/1793 1524/2210/1794
f 1529/2205/1789 1524/2210/1794 1523/2206/1790
f 1523/2206/1790 1524/2210/1794 1518/2211/1795
f 1523/2206/1790 1518/2211/1795 1517/2090/1692
f 1517/2090/1692 1518/2211/1795 1477/2089/1691
f 1465/2207/1791 1466/2212/1796 1536/2208/1792
f 1536/2208/1792 1466/2212/1796 1531/2213/1797
f 1536/2208/1792 1531/2213/1797 1530/2209/1793
f 1530/2209/1793 1531/2213/1797 1525/2214/1798
f 1530/2209/1793 1525/2214/1798 1524/2210/1794
f 1524/2210/1794 1525/2214/1798 1519/2215/1799
f 1524/2210/1794 1519/2215/1799 1518/2211/1795
f 1518/2211/1795 1519/2215/1799 1478/2216/1800
f 1518/2211/1795 1478/2216/1800 1477/2089/1691
f 1477/2086/1691 1478/2217/1800 1512/2084/1690
f 1466/2212/1796 1467/2218/1801 1531/2213/1797
f 1531/2213/1797 1467/2218/1801 1526/2219/1802
f 1531/2213/1797 1526/2219/1802 1525/2214/1798
f 1525/2214/1798 1526/2219/1802 1520/2220/1803
f 1525/2214/1798 1520/2220/1803 1519/2215/1799
f 1519/2215/1799 1520/2220/1803 1479/2221/1804
f 1519/2215/1799 1479/2221/1804 1478/2216/1800
f 1478/2217/1800 1479/2223/1804 1513/2222/1805
f 1478/2217/1800 1513/2222/1805 1512/2084/1690
f 1512/2084/1690 1513/2222/1805 1507/2082/1689
f 1467/2218/1801 1468/2224/1806 1526/2219/1802
f 1526/2219/1802 1468/2224/1806 1521/2225/1807
f 1526/2219/1802 1521/2225/1807 1520/2220/1803
f 1520/2220/1803 1521/2225/1807 1480/2226/1808
f 1520/2220/1803 1480/2226/1808 1479/2221/1804
f 1479/2223/1804 1480/2228/1808 1514/2227/1809
f 1479/2223/1804 1514/2227/1809 1513/2222/1805
f 1513/2222/1805 1514/2227/1809 1508/2229/1810
f 1513/2222/1805 1508/2229/1810 1507/2082/1689
f 1507/2082/1689 1508/2229/1810 1502/2080/1688
f 1468/2224/1806 1469/2230/1811 1521/2225/1807
f 1521/2225/1807 1469/2230/1811 1481/2231/1812
f 1521/2225/1807 1481/2231/1812 1480/2226/1808
f 1480/2228/1808 1481/2233/1812 1515/2232/1813
f 1480/2228/1808 1515/2232/1813 1514/2227/1809
f 1514/2227/1809 1515/2232/1813 1509/2234/1814
f 1514/2227/1809 1509/2234/1814 1508/2229/1810
f 1508/2229/1810 1509/2234/1814 1503/2235/1815
f 1508/2229/1810 1503/2235/1815 1502/2080/1688
f 1502/2080/1688 1503/2235/1815 1497/2078/1687
f 1469/2230/1811 1470/2236/1816 1481/2231/1812
f 1481/2233/1812 1470/2238/1816 1516/2237/1817
f 1481/2233/1812 1516/2237/1817 1515/2232/1813
f 1515/2232/1813 1516/2237/1817 1510/2239/1818
f 1515/2232/1813 1510/2239/1818 1509/2234/1814
f 1509/2234/1814 1510/2239/1818 1504/2240/1819
f 1509/2234/1814 1504/2240/1819 1503/2235/1815
f 1503/2235/1815 1504/2240/1819 1498/2241/1820
f 1503/2235/1815 1498/2241/1820 1497/2078/1687
f 1497/2078/1687 1498/2241/1820 1492/2076/1686
f 1470/2238/1816 1471/2242/1821 1516/2237/1817
f 1516/2237/1817 1471/2242/1821 1511/2243/1822
f 1516/2237/1817 1511/2243/1822 1510/2239/1818
f 1510/2239/1818 1511/2243/1822 1505/2244/1823
f 1510/2239/1818 1505/2244/1823 1504/2240/1819
f 1504/2240/1819 1505/2244/1823 1499/2245/1824
f 1504/2240/1819 1499/2245/1824 1498/2241/1820
f 1498/2241/1820 1499/2245/1824 1493/2246/1825
f 1498/2241/1820 1493/2246/1825 1492/2076/1686
f 1492/2076/1686 1493/2246/1825 1482/2062/1673
f 1471/2242/1821 1472/2247/1826 1511/2243/1822
f 1511/2243/1822 1472/2247/1826 1506/2248/1827
f 1511/2243/1822 1506/2248/1827 1505/2244/1823
f 1505/2244/1823 1506/2248/1827 1500/2249/1828
f 1505/2244/1823 1500/2249/1828 1499/2245/1824
f 1499/2245/1824 1500/2249/1828 1494/2250/1829
f 1499/2245/1824 1494/2250/1829 1493/2246/1825
f 1493/2246/1825 1494/2250/1829 1483/2251/1830
f 1493/2246/1825 1483/2251/1830 1482/2062/1673
f 1482/2062/1673 1483/2251/1830 1491/2064/1674
f 1472/2247/1826 1473/2252/1831 1506/2248/1827
f 1506/2248/1827 1473/2252/1831 1501/2253/1832
f 1506/2248/1827 1501/2253/1832 1500/2249/1828
f 1500/2249/1828 1501/2253/1832 1495/2254/1833
f 1500/2249/1828 1495/2254/1833 1494/2250/1829
f 1494/2250/1829 1495/2254/1833 1484/2255/1834
f 1494/2250/1829 1484/2255/1834 1483/2251/1830
f 1483/2251/1830 1484/2255/1834 1490/2066/1676
f 1483/2251/1830 1490/2066/1676 1491/2064/1674
f 1473/2252/1831 1474/2256/1835 1501/2253/1832
f 1501/2253/1832 1474/2256/1835 1496/2257/1836
f 1501/2253/1832 1496/2257/1836 1495/2254/1833
f 1495/2254/1833 1496/2257/1836 1485/2258/1837
f 1495/2254/1833 1485/2258/1837 1484/2255/1834
f 1484/2255/1834 1485/2258/1837 1489/2068/1678
f 1484/2255/1834 1489/2068/1678 1490/2066/1676
f 1474/2256/1835 1475/2259/1838 1496/2257/1836
f 1496/2257/1836 1475/2259/1838 1486/2260/1839
f 1496/2257/1836 1486/2260/1839 1485/2258/1837
f 1485/2258/1837 1486/2260/1839 1488/2070/1680
f 1485/2258/1837 1488/2070/1680 1489/2068/1678
f 1475/2259/1838 1476/2261/1840 1486/2260/1839
f 1486/2260/1839 1476/2261/1840 1487/2072/1682
f 1486/2260/1839 1487/2072/1682 1488/2070/1680
f 1476/2261/1840 1449/2074/1684 1487/2072/1682
f 1476/2264/1840 1644/2263/1840 1449/2262/1684
f 1449/2262/1684 1644/2263/1840 1617/2265/1684
f 1449/2262/1684 1617/2265/1684 1450/2266/1685
f 1450/2266/1685 1617/2265/1684 1618/2267/1685
f 1450/2266/1685 1618/2267/1685 1451/2268/1721
f 1451/2268/1721 1618/2267/1685 1619/2269/1721
f 1451/2268/1721 1619/2269/1721 1452/2270/1719
f 1452/2270/1719 1619/2269/1721 1620/2271/1719
f 1452/2270/1719 1620/2271/1719 1453/2272/1717
f 1453/2272/1717 1620/2271/1719 1621/2273/1717
f 1453/2272/1717 1621/2273/1717 1454/2274/1715
f 1454/2274/1715 1621/2273/1717 1622/2275/1715
f 1454/2274/1715 1622/2275/1715 1455/2276/1713
f 1455/2276/1713 1622/2275/1715 1623/2277/1713
f 1455/2276/1713 1623/2277/1713 1456/2278/1711
f 1456/2278/1711 1623/2277/1713 1624/2279/1711
f 1456/2278/1711 1624/2279/1711 1457/2280/1709
f 1457/2280/1709 1624/2279/1711 1625/2281/1709
f 1457/2280/1709 1625/2281/1709 1458/2282/1708
f 1458/2282/1708 1625/2281/1709 1626/2283/1708
f 1458/2282/1708 1626/2283/1708 1459/2284/1761
f 1459/2284/1761 1626/2283/1708 1627/2285/1761
f 1459/2284/1761 1627/2285/1761 1460/2286/1766
f 1460/2286/1766 1627/2285/1761 1628/2287/1766
f 1460/2286/1766 1628/2287/1766 1461/2288/1771
f 1461/2288/1771 1628/2287/1766 1629/2289/1771
f 1461/2288/1771 1629/2289/1771 1462/2290/1776
f 1462/2290/1776 1629/2289/1771 1630/2291/1776
f 1462/2290/1776 1630/2291/1776 1463/2292/1781
f 1463/2292/1781 1630/2291/1776 1631/2293/1781
f 1463/2296/1781 1631/2295/1781 1464/2294/1786
f 1464/2294/1786 1631/2295/1781 1632/2297/1786
f 1464/2294/1786 1632/2297/1786 1465/2298/1791
f 1465/2298/1791 1632/2297/1786 1633/2299/1791
f 1465/2298/1791 1633/2299/1791 1466/2300/1796
f 1466/2300/1796 1633/2299/1791 1634/2301/1796
f 1466/2300/1796 1634/2301/1796 1467/2302/1801
f 1467/2302/1801 1634/2301/1796 1635/2303/1801
f 1467/2302/1801 1635/2303/1801 1468/2304/1806
f 1468/2304/1806 1635/2303/1801 1636/2305/1806
f 1468/2304/1806 1636/2305/1806 1469/2306/1811
f 1469/2306/1811 1636/2305/1806 1637/2307/1811
f 1469/2306/1811 1637/2307/1811 1470/2308/1816
f 1470/2308/1816 1637/2307/1811 1638/2309/1816
f 1470/2308/1816 1638/2309/1816 1471/2310/1821
f 1471/2310/1821 1638/2309/1816 1639/2311/1821
f 1471/2310/1821 1639/2311/1821 1472/2312/1826
f 1472/2312/1826 1639/2311/1821 1640/2313/1826
f 1472/2312/1826 1640/2313/1826 1473/2314/1831
f 1473/2314/1831 1640/2313/1826 1641/2315/1831
f 1473/2314/1831 1641/2315/1831 1474/2316/1835
f 1474/2316/1835 1641/2315/1831 1642/2317/1835
f 1474/2316/1835 1642/2317/1835 1475/2318/1838
f 1475/2318/1838 1642/2317/1835 1643/2319/1838
f 1475/2318/1838 1643/2319/1838 1476/2264/1840
f 1476/2264/1840 1643/2319/1838 1644/2263/1840
f 1644/2322/1843 1650/2321/1842 1617/2320/1841
f 1617/2320/1841 1650/2321/1842 1659/2323/1844
f 1617/2320/1841 1659/2323/1844 1618/2324/1845
f 1618/2324/1845 1659/2323/1844 1780/2325/1846
f 1618/2324/1845 1780/2325/1846 1619/2326/1847
f 1619/2326/1847 1780/2325/1846 1775/2327/1848
f 1619/2326/1847 1775/2327/1848 1620/2328/1849
f 1620/2328/1849 1775/2327/1848 1770/2329/1850
f 1620/2328/1849 1770/2329/1850 1621/2330/1851
f 1621/2330/1851 1770/2329/1850 1765/2331/1852
f 1621/2330/1851 1765/2331/1852 1622/2332/1853
f 1622/2332/1853 1765/2331/1852 1760/2333/1854
f 1622/2332/1853 1760/2333/1854 1623/2334/1855
f 1623/2334/1855 1760/2333/1854 1755/2335/1856
f 1623/2334/1855 1755/2335/1856 1624/2336/1857
f 1624/2336/1857 1755/2335/1856 1750/2337/1858
f 1624/2336/1857 1750/2337/1858 1625/2338/1859
f 1625/2338/1859 1750/2337/1858 1745/2339/1860
f 1625/2338/1859 1745/2339/1860 1626/2340/1861
f 1626/2340/1861 1745/2339/1860 1740/2341/1862
f 1626/2340/1861 1740/2341/1862 1627/2342/1863
f 1627/2342/1863 1740/2341/1862 1735/2343/1864
f 1627/2342/1863 1735/2343/1864 1628/2344/1865
f 1628/2344/1865 1735/2343/1864 1730/2345/1866
f 1628/2344/1865 1730/2345/1866 1629/2346/1867
f 1629/2346/1867 1730/2345/1866 1725/2347/1868
f 1629/2346/1867 1725/2347/1868 1630/2348/1869
f 1630/2348/1869 1725/2347/1868 1720/2349/1870
f 1630/2348/1869 1720/2349/1870 1631/2350/1871
f 1631/2350/1871 1720/2349/1870 1715/2351/1872
f 1631/2350/1871 1715/2351/1872 1632/2352/1873
f 1632/2352/1873 1715/2351/1872 1710/2353/1874
f 1632/2352/1873 1710/2353/1874 1633/2354/1875
f 1633/2354/1875 1710/2353/1874 1705/2355/1876
f 1633/2354/1875 1705/2355/1876 1634/2356/1877
f 1634/2356/1877 1705/2355/1876 1700/2357/1878
f 1634/2356/1877 1700/2357/1878 1635/2358/1879
f 1635/2358/1879 1700/2357/1878 1695/2359/1880
f 1635/2358/1879 1695/2359/1880 1636/2360/1881
f 1636/2360/1881 1695/2359/1880 1690/2361/1882
f 1636/2360/1881 1690/2361/1882 1637/2362/1883
f 1637/2362/1883 1690/2361/1882 1685/2363/1884
f 1637/2362/1883 1685/2363/1884 1638/2364/1885
f 1638/2364/1885 1685/2363/1884 1645/2365/1886
f 1638/2368/1885 1645/2367/1886 1639/2366/1887
f 1639/2366/1887 1645/2367/1886 1680/2369/1888
f 1639/2366/1887 1680/2369/1888 1640/2370/1889
f 1640/2370/1889 1680/2369/1888 1675/2371/1890
f 1640/2370/1889 1675/2371/1890 1641/2372/1891
f 1641/2372/1891 1675/2371/1890 1670/2373/1892
f 1641/2372/1891 1670/2373/1892 1642/2374/1893
f 1642/2374/1893 1670/2373/1892 1665/2375/1894
f 1642/2374/1893 1665/2375/1894 1643/2376/1895
f 1643/2376/1895 1665/2375/1894 1660/2377/1896
f 1643/2376/1895 1660/2377/1896 1644/2322/1843
f 1644/2322/1843 1660/2377/1896 1650/2321/1842
f 981/2380/1076 1784/2379/1897 956/2378/1075
f 956/2378/1075 1784/2379/1897 1655/2381/1898
f 956/2378/1075 1655/2381/1898 1654/2382/1899
f 1654/2382/1899 1655/2381/1898 1656/2383/1900
f 1654/2382/1899 1656/2383/1900 1653/2384/1901
f 1653/2384/1901 1656/2383/1900 1657/2385/1902
f 1653/2384/1901 1657/2385/1902 1652/2386/1903
f 1652/2386/1903 1657/2385/1902 1658/2387/1904
f 1652/2386/1903 1658/2387/1904 1651/2388/1905
f 1651/2388/1905 1658/2387/1904 1659/2323/1844
f 1651/2388/1905 1659/2323/1844 1650/2321/1842
f 1784/2379/1897 981/2380/1076 1779/2389/1906
f 1779/2389/1906 981/2380/1076 980/2390/1121
f 1779/2389/1906 980/2390/1121 1774/2391/1907
f 1774/2391/1907 980/2390/1121 979/2392/1119
f 1774/2391/1907 979/2392/1119 1769/2393/1908
f 1769/2393/1908 979/2392/1119 978/2394/1117
f 1769/2393/1908 978/2394/1117 1764/2395/1909
f 1764/2395/1909 978/2394/1117 977/2396/1115
f 1764/2395/1909 977/2396/1115 1759/2397/1910
f 1759/2397/1910 977/2396/1115 976/2398/1113
f 1759/2397/1910 976/2398/1113 1754/2399/1911
f 1754/2399/1911 976/2398/1113 975/2400/1111
f 1754/2399/1911 975/2400/1111 1749/2401/1912
f 1749/2401/1912 975/2400/1111 974/2402/1109
f 1749/2401/1912 974/2402/1109 1744/2403/1913
f 1744/2403/1913 974/2402/1109 973/2404/1107
f 1744/2403/1913 973/2404/1107 1739/2405/1914
f 1739/2405/1914 973/2404/1107 972/2406/1105
f 1739/2405/1914 972/2406/1105 1734/2407/1915
f 1734/2407/1915 972/2406/1105 971/2408/1103
f 1734/2407/1915 971/2408/1103 1729/2409/1916
f 1729/2409/1916 971/2408/1103 970/2410/1101
f 1729/2409/1916 970/2410/1101 1724/2411/1917
f 1724/2411/1917 970/2410/1101 969/2412/1100
f 1724/2411/1917 969/2412/1100 1719/2413/1918
f 1719/2413/1918 969/2412/1100 1714/2414/1919
f 1719/2413/1918 1714/2414/1919 1713/2415/1920
f 1713/2415/1920 1714/2414/1919 1708/2416/1921
f 1713/2415/1920 1708/2416/1921 1707/2417/1922
f 1707/2417/1922 1708/2416/1921 1702/2418/1923
f 1707/2417/1922 1702/2418/1923 1701/2419/1924
f 1701/2419/1924 1702/2418/1923 1696/2420/1925
f 1701/2419/1924 1696/2420/1925 1695/2359/1880
f 1695/2359/1880 1696/2420/1925 1690/2361/1882
f 969/2412/1100 968/2421/1099 1714/2414/1919
f 1714/2414/1919 968/2421/1099 1709/2422/1926
f 1714/2414/1919 1709/2422/1926 1708/2416/1921
f 1708/2416/1921 1709/2422/1926 1703/2423/1927
f 1708/2416/1921 1703/2423/1927 1702/2418/1923
f 1702/2418/1923 1703/2423/1927 1697/2424/1928
f 1702/2418/1923 1697/2424/1928 1696/2420/1925
f 1696/2420/1925 1697/2424/1928 1691/2425/1929
f 1696/2420/1925 1691/2425/1929 1690/2361/1882
f 1690/2361/1882 1691/2425/1929 1685/2363/1884
f 968/2421/1099 967/2426/1097 1709/2422/1926
f 1709/2422/1926 967/2426/1097 1704/2427/1930
f 1709/2422/1926 1704/2427/1930 1703/2423/1927
f 1703/2423/1927 1704/2427/1930 1698/2428/1931
f 1703/2423/1927 1698/2428/1931 1697/2424/1928
f 1697/2424/1928 1698/2428/1931 1692/2429/1932
f 1697/2424/1928 1692/2429/1932 1691/2425/1929
f 1691/2425/1929 1692/2429/1932 1686/2430/1933
f 1691/2425/1929 1686/2430/1933 1685/2363/1884
f 1685/2363/1884 1686/2430/1933 1645/2365/1886
f 967/2426/1097 966/2431/1095 1704/2427/1930
f 1704/2427/1930 966/2431/1095 1699/2432/1934
f 1704/2427/1930 1699/2432/1934 1698/2428/1931
f 1698/2428/1931 1699/2432/1934 1693/2433/1935
f 1698/2428/1931 1693/2433/1935 1692/2429/1932
f 1692/2429/1932 1693/2433/1935 1687/2434/1936
f 1692/2429/1932 1687/2434/1936 1686/2430/1933
f 1686/2430/1933 1687/2434/1936 1646/2435/1937
f 1686/2430/1933 1646/2435/1937 1645/2365/1886
f 1645/2367/1886 1646/2436/1937 1680/2369/1888
f 966/2431/1095 965/2437/1093 1699/2432/1934
f 1699/2432/1934 965/2437/1093 1694/2438/1938
f 1699/2432/1934 1694/2438/1938 1693/2433/1935
f 1693/2433/1935 1694/2438/1938 1688/2439/1939
f 1693/2433/1935 1688/2439/1939 1687/2434/1936
f 1687/2434/1936 1688/2439/1939 1647/2440/1940
f 1687/2434/1936 1647/2440/1940 1646/2435/1937
f 1646/2436/1937 1647/2442/1940 1681/2441/1941
f 1646/2436/1937 1681/2441/1941 1680/2369/1888
f 1680/2369/1888 1681/2441/1941 1675/2371/1890
f 965/2437/1093 964/2443/1091 1694/2438/1938
f 1694/2438/1938 964/2443/1091 1689/2444/1942
f 1694/2438/1938 1689/2444/1942 1688/2439/1939
f 1688/2439/1939 1689/2444/1942 1648/2445/1943
f 1688/2439/1939 1648/2445/1943 1647/2440/1940
f 1647/2442/1940 1648/2447/1943 1682/2446/1944
f 1647/2442/1940 1682/2446/1944 1681/2441/1941
f 1681/2441/1941 1682/2446/1944 1676/2448/1945
f 1681/2441/1941 1676/2448/1945 1675/2371/1890
f 1675/2371/1890 1676/2448/1945 1670/2373/1892
f 964/2443/1091 963/2449/1089 1689/2444/1942
f 1689/2444/1942 963/2449/1089 1649/2450/1946
f 1689/2444/1942 1649/2450/1946 1648/2445/1943
f 1648/2447/1943 1649/2452/1946 1683/2451/1947
f 1648/2447/1943 1683/2451/1947 1682/2446/1944
f 1682/2446/1944 1683/2451/1947 1677/2453/1948
f 1682/2446/1944 1677/2453/1948 1676/2448/1945
f 1676/2448/1945 1677/2453/1948 1671/2454/1949
f 1676/2448/1945 1671/2454/1949 1670/2373/1892
f 1670/2373/1892 1671/2454/1949 1665/2375/1894
f 963/2456/1089 962/2455/1087 1649/2452/1946
f 1649/2452/1946 962/2455/1087 1684/2457/1950
f 1649/2452/1946 1684/2457/1950 1683/2451/1947
f 1683/2451/1947 1684/2457/1950 1678/2458/1951
f 1683/2451/1947 1678/2458/1951 1677/2453/1948
f 1677/2453/1948 1678/2458/1951 1672/2459/1952
f 1677/2453/1948 1672/2459/1952 1671/2454/1949
f 1671/2454/1949 1672/2459/1952 1666/2460/1953
f 1671/2454/1949 1666/2460/1953 1665/2375/1894
f 1665/2375/1894 1666/2460/1953 1660/2377/1896
f 962/2455/1087 961/2461/1085 1684/2457/1950
f 1684/2457/1950 961/2461/1085 1679/2462/1954
f 1684/2457/1950 1679/2462/1954 1678/2458/1951
f 1678/2458/1951 1679/2462/1954 1673/2463/1955
f 1678/2458/1951 1673/2463/1955 1672/2459/1952
f 1672/2459/1952 1673/2463/1955 1667/2464/1956
f 1672/2459/1952 1667/2464/1956 1666/2460/1953
f 1666/2460/1953 1667/2464/1956 1661/2465/1957
f 1666/2460/1953 1661/2465/1957 1660/2377/1896
f 1660/2377/1896 1661/2465/1957 1650/2321/1842
f 961/2461/1085 960/2466/1083 1679/2462/1954
f 1679/2462/1954 960/2466/1083 1674/2467/1958
f 1679/2462/1954 1674/2467/1958 1673/2463/1955
f 1673/2463/1955 1674/2467/1958 1668/2468/1959
f 1673/2463/1955 1668/2468/1959 1667/2464/1956
f 1667/2464/1956 1668/2468/1959 1662/2469/1960
f 1667/2464/1956 1662/2469/1960 1661/2465/1957
f 1661/2465/1957 1662/2469/1960 1651/2388/1905
f 1661/2465/1957 1651/2388/1905 1650/2321/1842
f 960/2466/1083 959/2470/1081 1674/2467/1958
f 1674/2467/1958 959/2470/1081 1669/2471/1961
f 1674/2467/1958 1669/2471/1961 1668/2468/1959
f 1668/2468/1959 1669/2471/1961 1663/2472/1962
f 1668/2468/1959 1663/2472/1962 1662/2469/1960
f 1662/2469/1960 1663/2472/1962 1652/2386/1903
f 1662/2469/1960 1652/2386/1903 1651/2388/1905
f 959/2470/1081 958/2473/1079 1669/2471/1961
f 1669/2471/1961 958/2473/1079 1664/2474/1963
f 1669/2471/1961 1664/2474/1963 1663/2472/1962
f 1663/2472/1962 1664/2474/1963 1653/2384/1901
f 1663/2472/1962 1653/2384/1901 1652/2386/1903
f 958/2473/1079 957/2475/1077 1664/2474/1963
f 1664/2474/1963 957/2475/1077 1654/2382/1899
f 1664/2474/1963 1654/2382/1899 1653/2384/1901
f 957/2475/1077 956/2378/1075 1654/2382/1899
f 1656/2383/1900 1655/2381/1898 1783/2476/1964
f 1783/2476/1964 1655/2381/1898 1784/2379/1897
f 1783/2476/1964 1784/2379/1897 1778/2477/1965
f 1778/2477/1965 1784/2379/1897 1779/2389/1906
f 1778/2477/1965 1779/2389/1906 1773/2478/1966
f 1773/2478/1966 1779/2389/1906 1774/2391/1907
f 1773/2478/1966 1774/2391/1907 1768/2479/1967
f 1768/2479/1967 1774/2391/1907 1769/2393/1908
f 1768/2479/1967 1769/2393/1908 1763/2480/1968
f 1763/2480/1968 1769/2393/1908 1764/2395/1909
f 1763/2480/1968 1764/2395/1909 1758/2481/1969
f 1758/2481/1969 1764/2395/1909 1759/2397/1910
f 1758/2481/1969 1759/2397/1910 1753/2482/1970
f 1753/2482/1970 1759/2397/1910 1754/2399/1911
f 1753/2482/1970 1754/2399/1911 1748/2483/1971
f 1748/2483/1971 1754/2399/1911 1749/2401/1912
f 1748/2483/1971 1749/2401/1912 1743/2484/1972
f 1743/2484/1972 1749/2401/1912 1744/2403/1913
f 1743/2484/1972 1744/2403/1913 1738/2485/1973
f 1738/2485/1973 1744/2403/1913 1739/2405/1914
f 1738/2485/1973 1739/2405/1914 1733/2486/1974
f 1733/2486/1974 1739/2405/1914 1734/2407/1915
f 1733/2486/1974 1734/2407/1915 1728/2487/1975
f 1728/2487/1975 1734/2407/1915 1729/2409/1916
f 1728/2487/1975 1729/2409/1916 1723/2488/1976
f 1723/2488/1976 1729/2409/1916 1724/2411/1917
f 1723/2488/1976 1724/2411/1917 1718/2489/1977
f 1718/2489/1977 1724/2411/1917 1719/2413/1918
f 1718/2489/1977 1719/2413/1918 1713/2415/1920
f 1657/2385/1902 1656/2383/1900 1782/2490/1978
f 1782/2490/1978 1656/2383/1900 1783/2476/1964
f 1782/2490/1978 1783/2476/1964 1777/2491/1979
f 1777/2491/1979 1783/2476/1964 1778/2477/1965
f 1777/2491/1979 1778/2477/1965 1772/2492/1980
f 1772/2492/1980 1778/2477/1965 1773/2478/1966
f 1772/2492/1980 1773/2478/1966 1767/2493/1981
f 1767/2493/1981 1773/2478/1966 1768/2479/1967
f 1767/2493/1981 1768/2479/1967 1762/2494/1982
f 1762/2494/1982 1768/2479/1967 1763/2480/1968
f 1762/2494/1982 1763/2480/1968 1757/2495/1983
f 1757/2495/1983 1763/2480/1968 1758/2481/1969
f 1757/2495/1983 1758/2481/1969 1752/2496/1984
f 1752/2496/1984 1758/2481/1969 1753/2482/1970
f 1752/2496/1984 1753/2482/1970 1747/2497/1985
f 1747/2497/1985 1753/2482/1970 1748/2483/1971
f 1747/2497/1985 1748/2483/1971 1742/2498/1986
f 1742/2498/1986 1748/2483/1971 1743/2484/1972
f 1742/2498/1986 1743/2484/1972 1737/2499/1987
f 1737/2499/1987 1743/2484/1972 1738/2485/1973
f 1737/2499/1987 1738/2485/1973 1732/2500/1988
f 1732/2500/1988 1738/2485/1973 1733/2486/1974
f 1732/2500/1988 1733/2486/1974 1727/2501/1989
f 1727/2501/1989 1733/2486/1974 1728/2487/1975
f 1727/2501/1989 1728/2487/1975 1722/2502/1990
f 1722/2502/1990 1728/2487/1975 1723/2488/1976
f 1722/2502/1990 1723/2488/1976 1717/2503/1991
f 1717/2503/1991 1723/2488/1976 1718/2489/1977
f 1717/2503/1991 1718/2489/1977 1712/2504/1992
f 1712/2504/1992 1718/2489/1977 1713/2415/1920
f 1712/2504/1992 1713/2415/1920 1707/2417/1922
f 1780/2325/1846 1659/2323/1844 1658/2387/1904
f 1658/2387/1904 1657/2385/1902 1781/2505/1993
f 1781/2505/1993 1657/2385/1902 1782/2490/1978
f 1781/2505/1993 1782/2490/1978 1776/2506/1994
f 1776/2506/1994 1782/2490/1978 1777/2491/1979
f 1776/2506/1994 1777/2491/1979 1771/2507/1995
f 1771/2507/1995 1777/2491/1979 1772/2492/1980
f 1771/2507/1995 1772/2492/1980 1766/2508/1996
f 1766/2508/1996 1772/2492/1980 1767/2493/1981
f 1766/2508/1996 1767/2493/1981 1761/2509/1997
f 1761/2509/1997 1767/2493/1981 1762/2494/1982
f 1761/2509/1997 1762/2494/1982 1756/2510/1998
f 1756/2510/1998 1762/2494/1982 1757/2495/1983
f 1756/2510/1998 1757/2495/1983 1751/2511/1999
f 1751/2511/1999 1757/2495/1983 1752/2496/1984
f 1751/2511/1999 1752/2496/1984 1746/2512/2000
f 1746/2512/2000 1752/2496/1984 1747/2497/1985
f 1746/2512/2000 1747/2497/1985 1741/2513/2001
f 1741/2513/2001 1747/2497/1985 1742/2498/1986
f 1741/2513/2001 1742/2498/1986 1736/2514/2002
f 1736/2514/2002 1742/2498/1986 1737/2499/1987
f 1736/2514/2002 1737/2499/1987 1731/2515/2003
f 1731/2515/2003 1737/2499/1987 1732/2500/1988
f 1731/2515/2003 1732/2500/1988 1726/2516/2004
f 1726/2516/2004 1732/2500/1988 1727/2501/1989
f 1726/2516/2004 1727/2501/1989 1721/2517/2005
f 1721/2517/2005 1727/2501/1989 1722/2502/1990
f 1721/2517/2005 1722/2502/1990 1716/2518/2006
f 1716/2518/2006 1722/2502/1990 1717/2503/1991
f 1716/2518/2006 1717/2503/1991 1711/2519/2007
f 1711/2519/2007 1717/2503/1991 1712/2504/1992
f 1711/2519/2007 1712/2504/1992 1706/2520/2008
f 1706/2520/2008 1712/2504/1992 1707/2417/1922
f 1706/2520/2008 1707/2417/1922 1701/2419/1924
f 1701/2419/1924 1695/2359/1880 1700/2357/1878
f 1706/2520/2008 1701/2419/1924 1700/2357/1878
f 1706/2520/2008 1700/2357/1878 1705/2355/1876
f 1711/2519/2007 1706/2520/2008 1705/2355/1876
f 1711/2519/2007 1705/2355/1876 1710/2353/1874
f 1716/2518/2006 1711/2519/2007 1710/2353/1874
f 1716/2518/2006 1710/2353/1874 1715/2351/1872
f 1721/2517/2005 1716/2518/2006 1715/2351/1872
f 1721/2517/2005 1715/2351/1872 1720/2349/1870
f 1726/2516/2004 1721/2517/2005 1720/2349/1870
f 1726/2516/2004 1720/2349/1870 1725/2347/1868
f 1731/2515/2003 1726/2516/2004 1725/2347/1868
f 1731/2515/2003 1725/2347/1868 1730/2345/1866
f 1736/2514/2002 1731/2515/2003 1730/2345/1866
f 1736/2514/2002 1730/2345/1866 1735/2343/1864
f 1741/2513/2001 1736/2514/2002 1735/2343/1864
f 1741/2513/2001 1735/2343/1864 1740/2341/1862
f 1746/2512/2000 1741/2513/2001 1740/2341/1862
f 1746/2512/2000 1740/2341/1862 1745/2339/1860
f 1751/2511/1999 1746/2512/2000 1745/2339/1860
f 1751/2511/1999 1745/2339/1860 1750/2337/1858
f 1756/2510/1998 1751/2511/1999 1750/2337/1858
f 1756/2510/1998 1750/2337/1858 1755/2335/1856
f 1761/2509/1997 1756/2510/1998 1755/2335/1856
f 1761/2509/1997 1755/2335/1856 1760/2333/1854
f 1766/2508/1996 1761/2509/1997 1760/2333/1854
f 1766/2508/1996 1760/2333/1854 1765/2331/1852
f 1771/2507/1995 1766/2508/1996 1765/2331/1852
f 1771/2507/1995 1765/2331/1852 1770/2329/1850
f 1776/2506/1994 1771/2507/1995 1770/2329/1850
f 1776/2506/1994 1770/2329/1850 1775/2327/1848
f 1781/2505/1993 1776/2506/1994 1775/2327/1848
f 1781/2505/1993 1775/2327/1848 1780/2325/1846
f 1658/2387/1904 1781/2505/1993 1780/2325/1846

v 0.351004 -7.901668 0.000000
v 0.339183 -7.901668 0.089790
v 0.304526 -7.901668 0.173460
v 0.249393 -7.901668 0.245310
v 0.177544 -7.901668 0.300442
v 0.093873 -7.901668 0.335100
v 0.004083 -7.901668 0.346921
v -0.085706 -7.901668 0.335100
v -0.169377 -7.901668 0.300442
v -0.241227 -7.901668 0.245310
v -0.296359 -7.901668 0.173460
v -0.331017 -7.901668 0.089790
v -0.342838 -7.901668 0.000000
v -0.331017 -7.901668 -0.089790
v -0.296359 -7.901668 -0.173460
v -0.241227 -7.901668 -0.245310
v -0.169377 -7.901668 -0.300442
v -0.085706 -7.901668 -0.335100
v 0.004083 -7.901668 -0.346921
v 0.093873 -7.901668 -0.335100
v 0.177544 -7.901668 -0.300442
v 0.249393 -7.901668 -0.245310
v 0.304526 -7.901668 -0.173460
v 0.339183 -7.901668 -0.089790
v 0.357802 -7.938507 0.000000
v 0.345749 -7.938507 -0.091549
v 0.310413 -7.938507 -0.176859
v 0.254200 -7.938507 -0.250117
v 0.180943 -7.938507 -0.306329
v 0.095632 -7.938507 -0.341666
v 0.004083 -7.938507 -0.353719
v -0.087466 -7.938507 -0.341666
v -0.172776 -7.938507 -0.306329
v -0.246034 -7.938507 -0.250117
v -0.302246 -7.938507 -0.176859
v -0.337583 -7.938507 -0.091549
v -0.349635 -7.938507 0.000000
v -0.337583 -7.938507 0.091549
v -0.302246 -7.938507 0.176859
v -0.246034 -7.938507 0.250117
v -0.172776 -7.938507 0.306329
v -0.087466 -7.938507 0.341666
v 0.004083 -7.938507 0.353719
v 0.095632 -7.938507 0.341666
v 0.180943 -7.938507 0.306329
v 0.254200 -7.938507 0.250117
v 0.310413 -7.938507 0.176859
v 0.345749 -7.938507 0.091549
v 0.004083 -7.920408 0.348579
v 0.340785 -7.920408 0.090219
v 0.352663 -7.920408 0.000000
v 0.305962 -7.920408 0.174290
v 0.250566 -7.920408 0.246483
v 0.178373 -7.920408 0.301879
v 0.094302 -7.920408 0.336702
v -0.086136 -7.920408 0.336702
v -0.170206 -7.920408 0.301879
v -0.242400 -7.920408 0.246483
v -0.297795 -7.920408 0.174290
v -0.332618 -7.920408 0.090219
v -0.344496 -7.920408 0.000000
v -0.332618 -7.920408 -0.090219
v -0.297795 -7.920408 -0.174290
v -0.242400 -7.920408 -0.246483
v -0.170206 -7.920408 -0.301879
v -0.086136 -7.920408 -0.336702
v 0.004083 -7.920408 -0.348579
v 0.094302 -7.920408 -0.336702
v 0.178373 -7.920408 -0.301879
v 0.250566 -7.920408 -0.246483
v 0.305962 -7.920408 -0.174290
v 0.340785 -7.920408 -0.090219
v 0.623108 -8.767371 -0.271769
v 0.384405 -8.321294 -0.328551
v 0.231355 -8.116507 -0.356689
v 0.131493 -8.032521 -0.368903
v 0.071065 -8.003906 -0.373185
v 0.038116 -7.995717 -0.374423
v 0.004083 -7.992862 -0.374857
v -0.029949 -7.995717 -0.374423
v -0.062899 -8.003906 -0.373185
v -0.123326 -8.032521 -0.368903
v -0.223188 -8.116507 -0.356689
v -0.376239 -8.321294 -0.328551
v -0.614941 -8.767371 -0.271769
v -0.657560 -8.767371 -0.138844
v -0.671971 -8.767371 0.000000
v -0.657560 -8.767371 0.138844
v -0.614941 -8.767371 0.271769
v -0.376247 -8.321306 0.328549
v -0.223177 -8.116496 0.356690
v -0.123323 -8.032520 0.368903
v -0.062897 -8.003906 0.373185
v -0.029948 -7.995717 0.374423
v 0.004083 -7.992862 0.374857
v 0.038114 -7.995717 0.374423
v 0.071063 -8.003906 0.373185
v 0.131490 -8.032520 0.368903
v 0.231344 -8.116496 0.356690
v 0.384413 -8.321306 0.328549
v 0.623108 -8.767371 0.271769
v 0.665727 -8.767371 0.138844
v 0.680138 -8.767371 0.000000
v 0.665727 -8.767371 -0.138844
v 0.399523 0.263083 0.000000
v 0.386049 0.263083 0.102347
v 0.346544 0.263083 0.197720
v 0.283701 0.263083 0.279618
v 0.201803 0.263083 0.342461
v 0.106431 0.263083 0.381965
v 0.004083 0.263083 0.395440
v -0.098264 0.263083 0.381965
v -0.193636 0.263083 0.342461
v -0.275535 0.263083 0.279618
v -0.338377 0.263083 0.197720
v -0.377882 0.263083 0.102347
v -0.391356 0.263083 0.000000
v -0.377882 0.263083 -0.102347
v -0.338377 0.263083 -0.197720
v -0.275535 0.263083 -0.279618
v -0.193636 0.263083 -0.342461
v -0.098264 0.263083 -0.381965
v 0.004083 0.263083 -0.395440
v 0.106431 0.263083 -0.381965
v 0.201803 0.263083 -0.342461
v 0.283701 0.263083 -0.279618
v 0.346544 0.263083 -0.197720
v 0.386049 0.263083 -0.102347
v 0.622010 -8.767604 -0.274190
v 0.454980 -10.658212 -0.054879
v 0.453850 -10.658212 -0.060155
v 0.451792 -10.658212 -0.065137
v 0.448865 -10.658212 -0.069672
v 0.445173 -10.658212 -0.073596
v 0.440820 -10.658212 -0.076794
v 0.435966 -10.658212 -0.079149
v 0.430762 -10.658212 -0.080591
v 0.425385 -10.658212 -0.081076
v 0.594208 -8.774613 -0.291120
v 0.594382 -8.774581 -0.291123
v 0.598672 -8.773765 -0.290890
v 0.602872 -8.772899 -0.290070
v 0.606918 -8.771997 -0.288672
v 0.610713 -8.771081 -0.286723
v 0.614191 -8.770165 -0.284252
v 0.617282 -8.769266 -0.281297
v 0.619905 -8.768408 -0.277926
v 0.465206 -10.538324 -0.076279
v 0.522151 -9.935421 -0.146022
v 0.501573 -9.935224 -0.161153
v 0.558395 -9.518575 -0.193850
v 0.554364 -9.518805 -0.199032
v 0.550305 -9.518847 -0.202544
v 0.544588 -9.518713 -0.205765
v 0.538314 -9.518387 -0.207688
v 0.443913 -10.538109 -0.093824
v 0.450969 -10.538550 -0.091326
v 0.457206 -10.538725 -0.087189
v 0.461405 -10.538656 -0.082733
v 0.508131 -9.935588 -0.159033
v 0.514046 -9.935735 -0.155496
v 0.518172 -9.935685 -0.151654
v 0.361236 -8.332202 -0.340454
v 0.215040 -8.129273 -0.363083
v 0.121559 -8.046189 -0.372348
v 0.065670 -8.017944 -0.375498
v 0.035347 -8.009872 -0.376398
v 0.004083 -8.007060 -0.376712
v -0.027180 -8.009872 -0.376398
v -0.057504 -8.017944 -0.375498
v -0.113393 -8.046189 -0.372348
v -0.206873 -8.129273 -0.363083
v -0.353070 -8.332202 -0.340454
v -0.586042 -8.774613 -0.291120
v -0.586216 -8.774581 -0.291123
v -0.590505 -8.773765 -0.290890
v -0.594706 -8.772899 -0.290070
v -0.598752 -8.771997 -0.288672
v -0.602547 -8.771081 -0.286723
v -0.606024 -8.770165 -0.284252
v -0.609116 -8.769266 -0.281297
v -0.611738 -8.768408 -0.277926
v -0.613843 -8.767604 -0.274190
v 0.460502 -8.457106 -0.315513
v 0.281442 -8.179715 -0.350814
v 0.269356 -8.189486 -0.356145
v 0.215978 -8.105229 -0.360677
v 0.206141 -8.114957 -0.364510
v -0.283509 -8.192853 -0.349095
v -0.271111 -8.202631 -0.354670
v -0.558073 -8.658219 -0.290845
v -0.554465 -8.660502 -0.295393
v -0.550804 -8.662647 -0.298473
v -0.545853 -8.665376 -0.301100
v -0.540466 -8.668185 -0.302519
v -0.356642 -8.297040 -0.335650
v -0.353395 -8.299411 -0.338609
v -0.350349 -8.301543 -0.340556
v -0.346433 -8.304184 -0.342167
v -0.342305 -8.306869 -0.342981
v -0.199008 -8.096521 -0.361844
v -0.196705 -8.098953 -0.363407
v -0.194657 -8.101072 -0.364395
v -0.192119 -8.103647 -0.365166
v -0.189507 -8.106244 -0.365489
v -0.274601 -8.199989 -0.354093
v -0.277951 -8.197380 -0.352884
v -0.280604 -8.195254 -0.351394
v -0.113314 -8.029742 -0.370909
v -0.111862 -8.032198 -0.371870
v -0.110597 -8.034311 -0.372454
v -0.109051 -8.036860 -0.372874
v -0.107476 -8.039422 -0.372995
v -0.008151 -7.995650 -0.375624
v -0.007993 -7.998119 -0.376242
v -0.007856 -8.000229 -0.376597
v -0.007690 -8.002763 -0.376822
v -0.007522 -8.005307 -0.376830
v 0.070169 -8.006274 -0.374148
v 0.069241 -8.008710 -0.374879
v 0.068442 -8.010798 -0.375310
v 0.067475 -8.013308 -0.375600
v 0.066496 -8.015830 -0.375647
v 0.139073 -8.040712 -0.369405
v 0.137429 -8.043164 -0.370471
v 0.135990 -8.045278 -0.371125
v 0.134228 -8.047832 -0.371606
v 0.132429 -8.050400 -0.371761
v 0.278597 -8.182121 -0.353020
v 0.276008 -8.184246 -0.354447
v 0.272747 -8.186850 -0.355600
v 0.208851 -8.112356 -0.364163
v 0.211482 -8.109778 -0.363350
v 0.213601 -8.107659 -0.362312
v 0.361932 -8.325169 -0.340930
v 0.366152 -8.322475 -0.340078
v 0.370148 -8.319829 -0.338403
v 0.373246 -8.317696 -0.336383
v 0.376535 -8.315330 -0.333321
v 0.457001 -8.459434 -0.319282
v 0.453594 -8.461573 -0.321803
v 0.449104 -8.464258 -0.323924
v 0.444297 -8.467003 -0.325039
v -0.417218 -10.658212 -0.081076
v -0.422592 -10.658212 -0.080592
v -0.427787 -10.658212 -0.079153
v -0.432645 -10.658212 -0.076799
v -0.436988 -10.658212 -0.073612
v -0.440692 -10.658212 -0.069681
v -0.443619 -10.658212 -0.065149
v -0.445682 -10.658212 -0.060158
v -0.446814 -10.658212 -0.054879
v -0.513985 -9.935421 -0.146022
v -0.435746 -10.538109 -0.093824
v -0.493407 -9.935224 -0.161153
v -0.499965 -9.935588 -0.159033
v -0.505879 -9.935735 -0.155496
v -0.510006 -9.935685 -0.151654
v -0.457039 -10.538324 -0.076279
v -0.453238 -10.538656 -0.082733
v -0.449039 -10.538725 -0.087189
v -0.442802 -10.538550 -0.091326
v 0.622010 -8.767604 0.274190
v 0.454980 -10.658212 0.054879
v 0.457937 -10.658212 0.018333
v 0.457937 -10.658212 -0.018333
v -0.449771 -10.658212 -0.018333
v -0.449771 -10.658212 0.018333
v -0.446814 -10.658212 0.054879
v -0.613843 -8.767604 0.274190
v -0.586042 -8.774613 0.291120
v -0.353078 -8.332216 0.340453
v -0.206863 -8.129262 0.363085
v -0.113389 -8.046187 0.372349
v -0.057502 -8.017943 0.375498
v -0.027179 -8.009872 0.376398
v 0.004083 -8.007060 0.376712
v 0.035346 -8.009872 0.376398
v 0.065668 -8.017943 0.375498
v 0.121556 -8.046187 0.372349
v 0.215029 -8.129262 0.363085
v 0.361245 -8.332216 0.340453
v 0.594208 -8.774613 0.291120
v 0.594382 -8.774581 0.291123
v 0.598672 -8.773765 0.290890
v 0.602872 -8.772899 0.290070
v 0.606918 -8.771997 0.288672
v 0.610713 -8.771081 0.286723
v 0.614191 -8.770165 0.284252
v 0.617282 -8.769266 0.281297
v 0.619905 -8.768408 0.277926
v -0.611738 -8.768408 0.277926
v -0.609116 -8.769266 0.281297
v -0.606024 -8.770165 0.284252
v -0.602547 -8.771081 0.286723
v -0.598752 -8.771997 0.288672
v -0.594706 -8.772899 0.290070
v -0.590505 -8.773765 0.290890
v -0.586216 -8.774581 0.291123
v 0.269516 -8.188563 0.356156
v 0.281470 -8.178844 0.350481
v 0.206096 -8.114043 0.364543
v 0.215842 -8.104353 0.360445
v -0.271364 -8.201795 0.354668
v -0.283624 -8.192071 0.348734
v -0.546651 -8.634175 0.292937
v -0.529550 -8.644020 0.305035
v -0.534828 -8.641222 0.303454
v -0.538918 -8.638940 0.301213
v -0.543186 -8.636410 0.297539
v -0.343147 -8.306717 0.342875
v -0.347251 -8.304033 0.341932
v -0.350527 -8.301818 0.340524
v -0.354120 -8.299295 0.338149
v -0.357296 -8.296958 0.335084
v -0.188952 -8.104852 0.365578
v -0.191543 -8.102256 0.365186
v -0.193662 -8.100094 0.364513
v -0.196078 -8.097581 0.363310
v -0.198347 -8.095166 0.361690
v -0.280770 -8.194447 0.351117
v -0.277636 -8.196966 0.352934
v -0.274834 -8.199155 0.353990
v -0.107122 -8.038646 0.373037
v -0.108685 -8.036084 0.372870
v -0.109976 -8.033943 0.372498
v -0.111469 -8.031434 0.371784
v -0.112903 -8.028990 0.370781
v -0.007514 -8.004900 0.376843
v -0.007681 -8.002356 0.376801
v -0.007819 -8.000226 0.376598
v -0.007981 -7.997720 0.376158
v -0.008138 -7.995259 0.375507
v 0.066651 -8.015428 0.375656
v 0.067628 -8.012906 0.375570
v 0.068440 -8.010797 0.375310
v 0.069389 -8.008318 0.374778
v 0.070312 -8.005891 0.374010
v 0.132122 -8.049578 0.371805
v 0.133908 -8.047010 0.371599
v 0.135380 -8.044866 0.371175
v 0.137079 -8.042356 0.370375
v 0.138704 -8.039916 0.369265
v 0.272888 -8.185929 0.355515
v 0.275615 -8.183743 0.354507
v 0.278673 -8.181225 0.352768
v 0.213497 -8.106764 0.362143
v 0.210992 -8.109279 0.363410
v 0.208791 -8.111443 0.364122
v 0.436577 -8.451179 0.326657
v 0.441292 -8.448442 0.325407
v 0.445003 -8.446195 0.323596
v 0.448981 -8.443669 0.320589
v 0.452363 -8.441379 0.316767
v 0.372103 -8.307267 0.333760
v 0.368906 -8.309600 0.336885
v 0.365277 -8.312124 0.339310
v 0.361964 -8.314341 0.340749
v 0.357809 -8.317029 0.341716
v 0.425385 -10.658212 0.081076
v 0.430759 -10.658212 0.080592
v 0.435954 -10.658212 0.079153
v 0.440811 -10.658212 0.076799
v 0.445155 -10.658212 0.073612
v 0.448859 -10.658212 0.069681
v 0.451786 -10.658212 0.065149
v 0.453849 -10.658212 0.060158
v 0.445401 -10.536639 0.093673
v 0.559255 -9.515566 0.193154
v 0.539740 -9.515515 0.207767
v 0.545933 -9.515807 0.205601
v 0.550554 -9.515901 0.202876
v 0.555430 -9.515831 0.198486
v 0.465882 -10.536666 0.075193
v 0.462371 -10.537045 0.081807
v 0.457362 -10.537155 0.087367
v 0.452340 -10.537033 0.090864
v 0.523397 -9.927977 0.145754
v 0.519651 -9.928279 0.151536
v 0.514706 -9.928362 0.156329
v 0.509933 -9.928258 0.159317
v 0.503472 -9.927933 0.161701
v -0.445683 -10.658212 0.060155
v -0.443625 -10.658212 0.065137
v -0.440698 -10.658212 0.069672
v -0.437006 -10.658212 0.073596
v -0.432654 -10.658212 0.076794
v -0.427800 -10.658212 0.079149
v -0.422595 -10.658212 0.080591
v -0.417218 -10.658212 0.081076
v -0.495295 -9.927933 0.161704
v -0.457707 -10.536667 0.075215
v -0.515221 -9.927978 0.145773
v -0.511478 -9.928280 0.151544
v -0.506540 -9.928362 0.156329
v -0.501748 -9.928258 0.159327
v -0.437223 -10.536638 0.093676
v -0.444153 -10.537032 0.090875
v -0.449195 -10.537155 0.087367
v -0.454198 -10.537046 0.081816
# 400 vertices

vn 0.949875 0.181438 0.254500
vn 0.965906 -0.005937 0.258781
vn 0.983375 0.181438 0.000000
vn 0.965906 -0.005937 -0.258781
vn 0.949875 0.181438 -0.254500
vn 0.866000 -0.005937 -0.499969
vn 0.851625 0.181438 -0.491688
vn 0.707094 -0.005937 -0.707094
vn 0.695344 0.181438 -0.695344
vn 0.499969 -0.005937 -0.866000
vn 0.491688 0.181438 -0.851625
vn 0.258781 -0.005937 -0.965906
vn 0.254500 0.181438 -0.949875
vn 0.000000 0.181438 -0.983375
vn -0.258781 -0.005937 -0.965906
vn -0.254500 0.181438 -0.949875
vn -0.499969 -0.005937 -0.866000
vn -0.491688 0.181438 -0.851625
vn -0.707094 -0.005937 -0.707094
vn -0.695344 0.181438 -0.695344
vn -0.866000 -0.005937 -0.499969
vn -0.851625 0.181438 -0.491688
vn -0.965906 -0.005937 -0.258781
vn -0.949875 0.181438 -0.254500
vn -0.983375 0.181438 0.000000
vn -0.965906 -0.005937 0.258781
vn -0.949875 0.181438 0.254500
vn -0.866000 -0.005937 0.499969
vn -0.851625 0.181438 0.491688
vn -0.707094 -0.005937 0.707094
vn -0.695344 0.181438 0.695344
vn -0.499969 -0.005937 0.866000
vn -0.491688 0.181438 0.851625
vn -0.258781 -0.005937 0.965906
vn -0.254500 0.181438 0.949875
vn 0.000000 0.181438 0.983375
vn 0.258781 -0.005937 0.965906
vn 0.254500 0.181438 0.949875
vn 0.499969 -0.005937 0.866000
vn 0.491688 0.181438 0.851625
vn 0.707094 -0.005937 0.707094
vn 0.695344 0.181438 0.695344
vn 0.866000 -0.005937 0.499969
vn 0.851625 0.181438 0.491688
vn 0.932000 0.362437 0.000000
vn 0.900219 0.362437 -0.241219
vn 0.900219 0.362437 0.241219
vn 0.807125 0.362437 0.465969
vn 0.659000 0.362437 0.659000
vn 0.465969 0.362437 0.807125
vn 0.241219 0.362437 0.900219
vn 0.000000 0.362437 0.932000
vn -0.241219 0.362437 0.900219
vn -0.465969 0.362437 0.807125
vn -0.659000 0.362437 0.659000
vn -0.807125 0.362437 0.465969
vn -0.900219 0.362437 0.241219
vn -0.932000 0.362437 0.000000
vn -0.900219 0.362437 -0.241219
vn -0.807125 0.362437 -0.465969
vn -0.659000 0.362437 -0.659000
vn -0.465969 0.362437 -0.807125
vn -0.241219 0.362437 -0.900219
vn 0.000000 0.362437 -0.932000
vn 0.241219 0.362437 -0.900219
vn 0.465969 0.362437 -0.807125
vn 0.659000 0.362437 -0.659000
vn 0.807125 0.362437 -0.465969
vn 0.853375 0.362437 -0.374656
vn 0.705250 0.362437 -0.609250
vn 0.912125 0.362437 -0.191406
vn 0.912125 0.362437 0.191406
vn 0.853375 0.362437 0.374656
vn 0.705281 0.362437 0.609250
vn 0.500781 0.362437 0.786000
vn 0.304219 0.362437 0.880938
vn 0.164625 0.362437 0.917344
vn 0.084344 0.362437 0.928156
vn -0.084344 0.362437 0.928156
vn -0.164625 0.362437 0.917344
vn -0.304219 0.362437 0.880938
vn -0.500781 0.362437 0.786000
vn -0.705281 0.362437 0.609250
vn -0.853375 0.362437 0.374656
vn -0.912125 0.362437 0.191406
vn -0.912125 0.362437 -0.191406
vn -0.853375 0.362437 -0.374656
vn -0.705250 0.362437 -0.609250
vn -0.500812 0.362437 -0.786000
vn -0.304250 0.362437 -0.880938
vn -0.164625 0.362437 -0.917344
vn -0.084344 0.362437 -0.928156
vn 0.084344 0.362437 -0.928156
vn 0.164625 0.362437 -0.917344
vn 0.304250 0.362437 -0.880938
vn 0.500812 0.362437 -0.786000
vn 0.907750 -0.116563 -0.402906
vn 0.871969 -0.132375 -0.471281
vn 0.985906 -0.116500 -0.120000
vn 0.846531 -0.130531 -0.516062
vn 0.838188 -0.125313 -0.530750
vn 0.753375 -0.131281 -0.644313
vn 0.714094 -0.138063 -0.686281
vn 0.653562 -0.134625 -0.744781
vn 0.577313 -0.139469 -0.804500
vn 0.538781 -0.135250 -0.831500
vn 0.413469 -0.133062 -0.900719
vn 0.385594 -0.135000 -0.912719
vn 0.282750 -0.128312 -0.950562
vn 0.179500 -0.124281 -0.975844
vn 0.147094 -0.121063 -0.981656
vn 0.005656 -0.111250 -0.993750
vn 0.000000 -0.110813 -0.993813
vn 0.188625 -0.125875 -0.973938
vn 0.205000 -0.129094 -0.970187
vn 0.180594 -0.127625 -0.975219
vn 0.349687 -0.139875 -0.926344
vn 0.435750 -0.143531 -0.888531
vn 0.507906 -0.147750 -0.848625
vn 0.645312 -0.149344 -0.749156
vn 0.655375 -0.151063 -0.740000
vn 0.787313 -0.147031 -0.598719
vn 0.780594 -0.149312 -0.606906
vn 0.876844 -0.142906 -0.459000
vn 0.911656 -0.136219 -0.387688
vn 0.945625 -0.132062 -0.297125
vn 0.741437 -0.141000 -0.656000
vn 0.602219 -0.142719 -0.785438
vn 0.403719 -0.137812 -0.904406
vn -0.743000 0.298719 -0.598875
vn -0.853312 0.362500 -0.374687
vn -0.823125 0.339250 -0.455312
vn -0.705375 0.362219 -0.609250
vn -0.596031 0.290969 -0.748344
vn -0.512781 0.288125 -0.808719
vn -0.416531 0.208625 -0.884844
vn -0.314344 0.204594 -0.926969
vn -0.245813 0.133781 -0.960031
vn -0.148469 0.131094 -0.980156
vn -0.096906 0.046031 -0.994219
vn -0.010344 0.045000 -0.998906
vn -0.004750 -0.039594 -0.999188
vn 0.025313 -0.039437 -0.998875
vn 0.050969 -0.038969 -0.997906
vn 0.077219 -0.038156 -0.996281
vn 0.110750 0.046312 -0.992750
vn 0.167187 0.048062 -0.984750
vn 0.169563 0.131500 -0.976687
vn 0.255062 0.134125 -0.957563
vn 0.217656 0.202125 -0.954844
vn 0.326000 0.204969 -0.922875
vn 0.272344 0.283563 -0.919438
vn 0.404906 0.285531 -0.868625
vn 0.304219 0.362375 -0.880969
vn -0.390812 0.285281 -0.875125
vn -0.190719 0.201687 -0.960688
vn -0.015875 0.129562 -0.991437
vn 0.055188 0.045344 -0.997437
vn -0.304219 0.362375 -0.880969
vn -0.238969 0.283312 -0.928750
vn -0.020469 0.200000 -0.979563
vn 0.084781 0.130063 -0.987844
vn -0.164625 0.362469 -0.917313
vn -0.025750 0.282094 -0.959031
vn 0.109219 0.200531 -0.973562
vn -0.084281 0.362437 -0.928156
vn 0.084281 0.362437 -0.928156
vn 0.137406 0.282500 -0.949344
vn 0.164625 0.362469 -0.917313
vn 0.499469 0.287781 -0.817125
vn 0.705375 0.362219 -0.609250
vn 0.607687 0.291406 -0.738750
vn 0.678563 0.294719 -0.672781
vn 0.563094 0.217969 -0.797094
vn 0.684281 0.247875 -0.685750
vn 0.593313 0.194188 -0.781187
vn 0.853312 0.362500 -0.374687
vn 0.823125 0.339250 -0.455312
vn 0.760813 0.296156 -0.577438
vn 0.448625 0.146187 -0.881656
vn 0.488063 0.135281 -0.862219
vn 0.298281 0.056281 -0.952781
vn 0.375062 0.074844 -0.923937
vn 0.256906 0.014125 -0.966313
vn 0.139750 -0.034156 -0.989563
vn 0.133906 -0.046813 -0.989875
vn 0.005250 -0.108344 -0.994094
vn 0.121844 -0.035625 -0.991875
vn 0.097125 -0.037219 -0.994563
vn 0.209500 0.050031 -0.976500
vn -0.044562 -0.039125 -0.998219
vn -0.074344 -0.038250 -0.996469
vn -0.100031 -0.037031 -0.994281
vn -0.119062 -0.035844 -0.992219
vn -0.157906 -0.032344 -0.986906
vn -0.335125 0.060000 -0.940250
vn -0.256906 0.014125 -0.966313
vn -0.375062 0.074844 -0.923937
vn -0.005250 -0.108344 -0.994094
vn -0.133906 -0.046813 -0.989875
vn -0.501063 0.151500 -0.852000
vn -0.488063 0.135281 -0.862219
vn -0.593313 0.194188 -0.781187
vn -0.624281 0.223656 -0.748469
vn -0.684281 0.247875 -0.685750
vn -0.760813 0.296156 -0.577438
vn -0.488687 0.212656 -0.846125
vn -0.386531 0.141219 -0.911375
vn -0.327656 0.137500 -0.934719
vn -0.255531 0.052875 -0.965344
vn -0.215656 0.050344 -0.975156
vn -0.161031 0.047844 -0.985781
vn 0.405187 0.208125 -0.890188
vn 0.498969 0.213281 -0.839938
vn 0.318500 0.137031 -0.937937
vn 0.395031 0.141781 -0.907625
vn 0.261344 0.053281 -0.963750
vn -0.188625 -0.125875 -0.973938
vn -0.005656 -0.111250 -0.993750
vn -0.205000 -0.129094 -0.970187
vn -0.180469 -0.127625 -0.975250
vn -0.349281 -0.139844 -0.926500
vn -0.435750 -0.143531 -0.888531
vn -0.507594 -0.147750 -0.848813
vn -0.645312 -0.149344 -0.749156
vn -0.654750 -0.151063 -0.740562
vn -0.787313 -0.147031 -0.598719
vn -0.780375 -0.149312 -0.607188
vn -0.876656 -0.142937 -0.459375
vn -0.911656 -0.136219 -0.387688
vn -0.945594 -0.132094 -0.297250
vn -0.985906 -0.116500 -0.120000
vn -0.871969 -0.132375 -0.471281
vn -0.907750 -0.116563 -0.402906
vn -0.838188 -0.125313 -0.530750
vn -0.753375 -0.131281 -0.644313
vn -0.741437 -0.141000 -0.656000
vn -0.653562 -0.134625 -0.744781
vn -0.602219 -0.142719 -0.785438
vn -0.538781 -0.135250 -0.831500
vn -0.413469 -0.133062 -0.900719
vn -0.403719 -0.137812 -0.904406
vn -0.282750 -0.128312 -0.950562
vn -0.147094 -0.121063 -0.981656
vn 0.972000 -0.116500 -0.203969
vn 0.907812 -0.116500 -0.402813
vn 0.993187 -0.116500 0.000000
vn 0.992375 -0.116500 -0.040062
vn 0.992375 -0.116500 0.040062
vn 0.985906 -0.116500 0.120000
vn 0.972000 -0.116500 0.203969
vn 0.909406 -0.116500 0.399219
vn 0.909406 -0.116500 -0.399219
vn 0.907812 -0.116500 0.402813
vn -0.909406 -0.116500 -0.399219
vn -0.907812 -0.116500 -0.402813
vn -0.972000 -0.116500 -0.203969
vn -0.993187 -0.116500 0.000000
vn -0.992375 -0.116500 -0.040062
vn -0.992375 -0.116500 0.040062
vn -0.985906 -0.116500 0.120000
vn -0.972000 -0.116500 0.203969
vn -0.907812 -0.116500 0.402813
vn -0.909406 -0.116500 0.399219
vn -0.184750 -0.017812 0.982594
vn 0.000000 -0.110813 0.993813
vn -0.005125 -0.108406 0.994062
vn -0.141219 -0.021656 0.989719
vn -0.118594 -0.023125 0.992656
vn -0.233531 0.064219 0.970219
vn -0.173906 0.061500 0.982813
vn -0.244750 0.133750 0.960281
vn -0.147719 0.131094 0.980281
vn -0.197531 0.214844 0.956438
vn -0.021250 0.213188 0.976750
vn -0.026500 0.295031 0.955094
vn 0.113750 0.213750 0.970219
vn 0.141781 0.295406 0.944781
vn 0.225594 0.215250 0.950125
vn 0.279625 0.296281 0.913219
vn 0.416125 0.297969 0.859062
vn 0.304250 0.362375 0.880938
vn 0.500750 0.362469 0.786000
vn 0.513062 0.299969 0.804219
vn 0.705406 0.362219 0.609250
vn 0.618688 0.303000 0.724844
vn 0.688500 0.305875 0.657531
vn 0.512969 0.225938 0.828094
vn 0.576937 0.230406 0.783594
vn 0.391531 0.141531 0.909187
vn 0.443656 0.145750 0.884250
vn 0.280469 0.067219 0.957500
vn 0.319094 0.070344 0.945094
vn 0.143094 -0.021531 0.989469
vn 0.163563 -0.019875 0.986313
vn -0.087906 -0.024531 0.995812
vn -0.104625 0.059563 0.992719
vn -0.015844 0.129562 0.991437
vn 0.084781 0.130063 0.987844
vn 0.168844 0.131500 0.976812
vn 0.338281 0.218031 0.915406
vn -0.052687 -0.025531 0.998281
vn -0.011188 0.058469 0.998219
vn 0.059906 0.058844 0.996437
vn 0.119656 0.059875 0.991000
vn 0.254562 0.134094 0.957687
vn 0.420375 0.221156 0.879969
vn -0.005625 -0.026125 0.999625
vn 0.030094 -0.025937 0.999188
vn 0.060281 -0.025406 0.997844
vn 0.180937 0.061750 0.981531
vn 0.318125 0.137000 0.938062
vn 0.091500 -0.024406 0.995500
vn 0.115125 -0.023281 0.993062
vn 0.005125 -0.108406 0.994062
vn 0.133781 -0.046875 0.989875
vn 0.256781 0.014062 0.966344
vn 0.374938 0.074813 0.924000
vn 0.487969 0.135250 0.862312
vn 0.593219 0.194156 0.781250
vn 0.684219 0.247875 0.685812
vn 0.760750 0.296156 0.577500
vn 0.823094 0.339250 0.455406
vn 0.853281 0.362531 0.374750
vn 0.164625 0.362469 0.917313
vn 0.084281 0.362437 0.928156
vn -0.084281 0.362437 0.928156
vn -0.164625 0.362469 0.917313
vn -0.245188 0.296094 0.923125
vn -0.325500 0.217656 0.920125
vn -0.327375 0.137500 0.934812
vn -0.276875 0.066969 0.958531
vn -0.304250 0.362375 0.880938
vn -0.400813 0.297750 0.866406
vn -0.432187 0.221625 0.874094
vn -0.386687 0.141219 0.911313
vn -0.358375 0.074188 0.930594
vn -0.256781 0.014062 0.966344
vn -0.133781 -0.046875 0.989875
vn -0.500750 0.362469 0.786000
vn -0.526750 0.300250 0.795187
vn -0.506938 0.225594 0.831906
vn -0.495875 0.150937 0.855156
vn -0.487969 0.135250 0.862312
vn -0.374938 0.074813 0.924000
vn -0.705406 0.362219 0.609250
vn -0.611938 0.302781 0.730625
vn -0.639094 0.235781 0.732063
vn -0.593219 0.194156 0.781250
vn -0.753094 0.309250 0.580625
vn -0.853281 0.362531 0.374750
vn -0.823094 0.339250 0.455406
vn -0.760750 0.296156 0.577500
vn -0.684219 0.247875 0.685812
vn 0.226844 0.063906 0.971812
vn 0.218156 -0.126687 0.967625
vn 0.005719 -0.111250 0.993750
vn 0.228969 -0.128531 0.964906
vn 0.248688 -0.132344 0.959469
vn 0.475563 -0.145219 0.867594
vn 0.349281 -0.139844 0.926500
vn 0.507594 -0.147750 0.848813
vn 0.180469 -0.127625 0.975250
vn 0.645156 -0.149312 0.749281
vn 0.654750 -0.151063 0.740562
vn 0.780375 -0.149312 0.607188
vn 0.813844 -0.145688 0.562500
vn 0.876656 -0.142937 0.459375
vn 0.928594 -0.133312 0.346250
vn 0.945594 -0.132094 0.297250
vn 0.890781 -0.130000 0.435375
vn 0.907781 -0.116531 0.402875
vn 0.866531 -0.128469 0.482250
vn 0.838188 -0.125313 0.530750
vn 0.753406 -0.131281 0.644281
vn 0.740875 -0.137156 0.657438
vn 0.653594 -0.134625 0.744750
vn 0.577156 -0.139437 0.804594
vn 0.538813 -0.135219 0.831469
vn 0.413500 -0.133062 0.900719
vn 0.421594 -0.136281 0.896469
vn 0.282781 -0.128312 0.950531
vn 0.147125 -0.121063 0.981656
vn 0.440906 -0.139187 0.886688
vn 0.601750 -0.142656 0.785812
vn 0.767937 -0.139906 0.625031
vn -0.890469 -0.130063 0.436000
vn -0.907781 -0.116531 0.402875
vn -0.838188 -0.125313 0.530750
vn -0.928344 -0.133344 0.346938
vn -0.945625 -0.132062 0.297125
vn -0.876844 -0.142906 0.459000
vn -0.813625 -0.145719 0.562813
vn -0.780594 -0.149312 0.606906
vn -0.645156 -0.149312 0.749281
vn -0.655375 -0.151063 0.740000
vn -0.507906 -0.147750 0.848625
vn -0.474906 -0.145219 0.867969
vn -0.349687 -0.139875 0.926344
vn -0.248344 -0.132313 0.959562
vn -0.180594 -0.127625 0.975219
vn -0.228625 -0.128500 0.964969
vn -0.005719 -0.111250 0.993750
vn -0.147125 -0.121063 0.981656
vn -0.282781 -0.128312 0.950531
vn -0.413500 -0.133062 0.900719
vn -0.440281 -0.139156 0.887000
vn -0.538813 -0.135219 0.831469
vn -0.601750 -0.142656 0.785812
vn -0.653594 -0.134625 0.744750
vn -0.753406 -0.131281 0.644281
vn -0.767719 -0.139938 0.625281
vn 0.000000 1.000000 0.000000
# 413 normals

vt -0.031357 0.054755 0.000000
vt -0.033241 0.063880 0.000000
vt -0.031357 0.063880 0.000000
vt -0.033241 0.054755 0.000000
vt -0.031357 0.045629 0.000000
vt -0.033241 0.045629 0.000000
vt -0.031357 0.036503 0.000000
vt -0.033241 0.036503 0.000000
vt -0.031357 0.027377 0.000000
vt -0.033241 0.027377 0.000000
vt -0.031357 0.018252 0.000000
vt -0.033241 0.018252 0.000000
vt -0.031357 0.009126 0.000000
vt -0.033241 0.009126 0.000000
vt -0.031357 0.000000 0.000000
vt -0.033241 0.000000 0.000000
vt -0.031357 -0.009126 0.000000
vt -0.033241 -0.009126 0.000000
vt -0.031357 -0.018252 0.000000
vt -0.033241 -0.018252 0.000000
vt -0.031357 -0.027377 0.000000
vt -0.033241 -0.027377 0.000000
vt -0.031357 -0.036503 0.000000
vt -0.033241 -0.036503 0.000000
vt -0.031357 -0.045629 0.000000
vt -0.033241 -0.045629 0.000000
vt -0.031357 -0.054755 0.000000
vt -0.033241 -0.054755 0.000000
vt -0.031357 -0.063880 0.000000
vt -0.033241 -0.063880 0.000000
vt -0.031357 -0.073006 0.000000
vt -0.033241 -0.073006 0.000000
vt -0.031357 -0.082132 0.000000
vt -0.033241 -0.082132 0.000000
vt -0.031357 -0.091258 0.000000
vt -0.033241 -0.091258 0.000000
vt -0.031357 -0.100384 0.000000
vt -0.033241 -0.100384 0.000000
vt -0.031357 -0.109509 0.000000
vt -0.033241 -0.109509 0.000000
vt -0.031357 0.100384 0.000000
vt -0.033241 0.109509 0.000000
vt -0.031357 0.109509 0.000000
vt -0.033241 0.100384 0.000000
vt -0.031357 0.091258 0.000000
vt -0.033241 0.091258 0.000000
vt -0.031357 0.082132 0.000000
vt -0.033241 0.082132 0.000000
vt -0.031357 0.073006 0.000000
vt -0.033241 0.073006 0.000000
vt -0.035125 0.054755 0.000000
vt -0.035125 0.045629 0.000000
vt -0.035125 0.063880 0.000000
vt -0.035125 0.073006 0.000000
vt -0.035125 0.082132 0.000000
vt -0.035125 0.091258 0.000000
vt -0.035125 0.100384 0.000000
vt -0.035125 0.109509 0.000000
vt -0.035125 -0.100384 0.000000
vt -0.035125 -0.109509 0.000000
vt -0.035125 -0.091258 0.000000
vt -0.035125 -0.082132 0.000000
vt -0.035125 -0.073006 0.000000
vt -0.035125 -0.063880 0.000000
vt -0.035125 -0.054755 0.000000
vt -0.035125 -0.045629 0.000000
vt -0.035125 -0.036503 0.000000
vt -0.035125 -0.027377 0.000000
vt -0.035125 -0.018252 0.000000
vt -0.035125 -0.009126 0.000000
vt -0.035125 0.000000 0.000000
vt -0.035125 0.009126 0.000000
vt -0.035125 0.018252 0.000000
vt -0.035125 0.027377 0.000000
vt -0.035125 0.036503 0.000000
vt -0.045420 -0.021300 0.000000
vt 0.043513 -0.026959 0.000000
vt 0.002442 -0.036685 0.000000
vt 0.043513 -0.013480 0.000000
vt -0.045420 -0.010650 0.000000
vt 0.043513 0.000000 0.000000
vt -0.045420 0.000000 0.000000
vt -0.045420 0.010650 0.000000
vt 0.043513 0.013480 0.000000
vt -0.045420 0.021300 0.000000
vt 0.043513 0.026959 0.000000
vt 0.002441 0.036685 0.000000
vt 0.043513 0.040439 0.000000
vt 0.024416 0.051670 0.000000
vt 0.043513 0.053919 0.000000
vt 0.033426 0.063756 0.000000
vt 0.043513 0.067399 0.000000
vt 0.036496 0.071734 0.000000
vt 0.037375 0.076211 0.000000
vt 0.043513 0.080878 0.000000
vt 0.037681 0.080878 0.000000
vt 0.037375 0.085545 0.000000
vt 0.043513 0.094358 0.000000
vt 0.036496 0.090022 0.000000
vt 0.033426 0.098000 0.000000
vt 0.043513 0.107838 0.000000
vt 0.024416 0.110087 0.000000
vt 0.043513 0.121317 0.000000
vt 0.002441 0.125072 0.000000
vt 0.043513 0.134797 0.000000
vt -0.045420 0.140456 0.000000
vt 0.043513 0.148277 0.000000
vt -0.045420 0.151106 0.000000
vt 0.043513 0.161756 0.000000
vt -0.045420 0.161756 0.000000
vt -0.045420 -0.151106 0.000000
vt 0.043513 -0.161756 0.000000
vt -0.045420 -0.161756 0.000000
vt 0.043513 -0.148277 0.000000
vt -0.045420 -0.140456 0.000000
vt 0.043513 -0.134797 0.000000
vt 0.002442 -0.125071 0.000000
vt 0.043513 -0.121317 0.000000
vt 0.024415 -0.110088 0.000000
vt 0.043513 -0.107838 0.000000
vt 0.033426 -0.098001 0.000000
vt 0.043513 -0.094358 0.000000
vt 0.036496 -0.090022 0.000000
vt 0.037375 -0.085545 0.000000
vt 0.043513 -0.080878 0.000000
vt 0.037681 -0.080878 0.000000
vt 0.037375 -0.076211 0.000000
vt 0.043513 -0.067399 0.000000
vt 0.036496 -0.071734 0.000000
vt 0.033426 -0.063756 0.000000
vt 0.043513 -0.053919 0.000000
vt 0.024415 -0.051669 0.000000
vt 0.043513 -0.040439 0.000000
vt 0.409198 0.000000 0.000000
vt -0.407291 0.009717 0.000000
vt 0.409198 0.009717 0.000000
vt -0.407291 0.000000 0.000000
vt 0.409198 -0.009717 0.000000
vt -0.407291 -0.009717 0.000000
vt 0.409198 -0.019435 0.000000
vt -0.407291 -0.019435 0.000000
vt 0.409198 -0.029152 0.000000
vt -0.407291 -0.029152 0.000000
vt 0.409198 -0.038870 0.000000
vt -0.407291 -0.038870 0.000000
vt 0.409198 -0.048587 0.000000
vt -0.407291 -0.048587 0.000000
vt 0.409198 -0.058305 0.000000
vt -0.407291 -0.058305 0.000000
vt 0.409198 -0.068022 0.000000
vt -0.407291 -0.068022 0.000000
vt 0.409198 -0.077740 0.000000
vt -0.407291 -0.077740 0.000000
vt 0.409198 -0.087457 0.000000
vt -0.407291 -0.087457 0.000000
vt 0.409198 -0.097175 0.000000
vt -0.407291 -0.097175 0.000000
vt 0.409198 -0.106892 0.000000
vt -0.407291 -0.106892 0.000000
vt 0.409198 -0.116610 0.000000
vt -0.407291 -0.116610 0.000000
vt 0.409198 0.106892 0.000000
vt -0.407291 0.116610 0.000000
vt 0.409198 0.116610 0.000000
vt -0.407291 0.106892 0.000000
vt 0.409198 0.097175 0.000000
vt -0.407291 0.097175 0.000000
vt 0.409198 0.087457 0.000000
vt -0.407291 0.087457 0.000000
vt 0.409198 0.077740 0.000000
vt -0.407291 0.077740 0.000000
vt 0.409198 0.068022 0.000000
vt -0.407291 0.068022 0.000000
vt 0.409198 0.058305 0.000000
vt -0.407291 0.058305 0.000000
vt 0.409198 0.048587 0.000000
vt -0.407291 0.048587 0.000000
vt 0.409198 0.038870 0.000000
vt -0.407291 0.038870 0.000000
vt 0.409198 0.029152 0.000000
vt -0.407291 0.029152 0.000000
vt 0.409198 0.019435 0.000000
vt -0.407291 0.019435 0.000000
vt -0.003793 0.194081 0.000000
vt -0.003120 0.076181 0.000000
vt -0.003793 0.003048 0.000000
vt -0.003120 0.118290 0.000000
vt -0.003314 0.194026 0.000000
vt -0.002838 0.193957 0.000000
vt -0.002447 0.118290 0.000000
vt -0.002364 0.193877 0.000000
vt -0.001896 0.118290 0.000000
vt -0.001891 0.193786 0.000000
vt -0.001421 0.193687 0.000000
vt -0.001223 0.118290 0.000000
vt -0.000952 0.193582 0.000000
vt -0.000550 0.118290 0.000000
vt -0.000485 0.193472 0.000000
vt -0.000018 0.193360 0.000000
vt 0.000000 0.193356 0.000000
vt -0.000550 0.076181 0.000000
vt 0.000000 0.003031 0.000000
vt -0.000550 0.015236 0.000000
vt -0.000473 0.003081 0.000000
vt -0.000947 0.003119 0.000000
vt -0.001223 0.015236 0.000000
vt -0.001421 0.003143 0.000000
vt -0.001896 0.015236 0.000000
vt -0.001897 0.003153 0.000000
vt -0.002447 0.015236 0.000000
vt -0.002372 0.003148 0.000000
vt -0.002847 0.003128 0.000000
vt -0.003120 0.015236 0.000000
vt -0.003320 0.003094 0.000000
vt -0.002447 0.076181 0.000000
vt -0.001896 0.076181 0.000000
vt -0.001223 0.076181 0.000000
vt -0.001191 0.226487 0.000000
vt -0.001446 0.239395 0.000000
vt -0.001343 0.239343 0.000000
vt -0.001446 0.186615 0.000000
vt -0.001191 0.183372 0.000000
vt -0.001191 0.170203 0.000000
vt -0.000937 0.170203 0.000000
vt -0.000937 0.157034 0.000000
vt -0.000723 0.157034 0.000000
vt -0.000723 0.146031 0.000000
vt -0.000468 0.146031 0.000000
vt -0.000468 0.135029 0.000000
vt -0.000214 0.135029 0.000000
vt -0.000214 0.127280 0.000000
vt 0.000000 0.130561 0.000000
vt 0.000000 0.127287 0.000000
vt 0.000000 0.120740 0.000000
vt -0.000214 0.119560 0.000000
vt -0.000214 0.109372 0.000000
vt -0.000468 0.119560 0.000000
vt -0.000468 0.109372 0.000000
vt -0.000723 0.119560 0.000000
vt -0.000723 0.109372 0.000000
vt -0.000937 0.119560 0.000000
vt -0.000937 0.109372 0.000000
vt -0.001191 0.119560 0.000000
vt -0.001191 0.109372 0.000000
vt -0.001446 0.120639 0.000000
vt -0.001446 0.107444 0.000000
vt -0.001446 0.160225 0.000000
vt -0.001191 0.157034 0.000000
vt -0.000937 0.146031 0.000000
vt -0.000723 0.135029 0.000000
vt -0.000468 0.127271 0.000000
vt -0.001446 0.147029 0.000000
vt -0.001191 0.146031 0.000000
vt -0.000937 0.135029 0.000000
vt -0.000723 0.127262 0.000000
vt -0.001446 0.140432 0.000000
vt -0.001191 0.135029 0.000000
vt -0.000937 0.127254 0.000000
vt -0.001446 0.137133 0.000000
vt -0.001446 0.133834 0.000000
vt -0.001446 0.130535 0.000000
vt -0.001191 0.127245 0.000000
vt -0.001446 0.127237 0.000000
vt -0.001191 0.099183 0.000000
vt -0.001446 0.081053 0.000000
vt -0.001191 0.082044 0.000000
vt -0.001191 0.064904 0.000000
vt -0.000937 0.064904 0.000000
vt -0.001006 0.028453 0.000000
vt -0.000838 0.028537 0.000000
vt -0.001446 0.028273 0.000000
vt -0.001343 0.028325 0.000000
vt -0.001174 0.028382 0.000000
vt -0.000723 0.064904 0.000000
vt -0.000671 0.028631 0.000000
vt -0.000468 0.064904 0.000000
vt -0.000504 0.028734 0.000000
vt -0.000338 0.028844 0.000000
vt -0.000214 0.064904 0.000000
vt -0.000172 0.028958 0.000000
vt -0.000007 0.029074 0.000000
vt 0.000000 0.029079 0.000000
vt 0.000000 0.081456 0.000000
vt -0.000214 0.082044 0.000000
vt -0.000214 0.099183 0.000000
vt -0.000468 0.099183 0.000000
vt 0.000000 0.107645 0.000000
vt 0.000000 0.133834 0.000000
vt 0.000000 0.137108 0.000000
vt 0.000000 0.140381 0.000000
vt -0.000214 0.146031 0.000000
vt 0.000000 0.146929 0.000000
vt -0.000214 0.157034 0.000000
vt 0.000000 0.160023 0.000000
vt -0.000214 0.170203 0.000000
vt 0.000000 0.186212 0.000000
vt -0.000214 0.183372 0.000000
vt -0.000214 0.226487 0.000000
vt -0.000468 0.226487 0.000000
vt -0.000338 0.238825 0.000000
vt -0.000504 0.238934 0.000000
vt 0.000000 0.238589 0.000000
vt -0.000007 0.238594 0.000000
vt -0.000172 0.238711 0.000000
vt -0.000723 0.226487 0.000000
vt -0.000671 0.239037 0.000000
vt -0.000838 0.239131 0.000000
vt -0.000937 0.226487 0.000000
vt -0.001006 0.239215 0.000000
vt -0.001174 0.239286 0.000000
vt -0.000937 0.183372 0.000000
vt -0.000723 0.183372 0.000000
vt -0.000723 0.170203 0.000000
vt -0.000468 0.183372 0.000000
vt -0.000468 0.170203 0.000000
vt -0.000468 0.157034 0.000000
vt -0.000937 0.099183 0.000000
vt -0.000937 0.082044 0.000000
vt -0.000723 0.099183 0.000000
vt -0.000723 0.082044 0.000000
vt -0.000468 0.082044 0.000000
vt -0.000550 0.247950 0.000000
vt 0.000000 0.130775 0.000000
vt -0.000018 0.130770 0.000000
vt 0.000000 0.321100 0.000000
vt -0.000550 0.308895 0.000000
vt -0.000473 0.321050 0.000000
vt -0.000946 0.321012 0.000000
vt -0.001223 0.308895 0.000000
vt -0.001420 0.320988 0.000000
vt -0.001896 0.308895 0.000000
vt -0.001895 0.320978 0.000000
vt -0.002447 0.308895 0.000000
vt -0.002371 0.320983 0.000000
vt -0.002846 0.321003 0.000000
vt -0.003120 0.308895 0.000000
vt -0.003320 0.321036 0.000000
vt -0.003793 0.321083 0.000000
vt -0.003120 0.247950 0.000000
vt -0.003793 0.130050 0.000000
vt -0.003314 0.130105 0.000000
vt -0.002838 0.130173 0.000000
vt -0.002447 0.247950 0.000000
vt -0.002364 0.130254 0.000000
vt -0.001896 0.247950 0.000000
vt -0.001891 0.130345 0.000000
vt -0.001421 0.130443 0.000000
vt -0.001223 0.247950 0.000000
vt -0.000952 0.130549 0.000000
vt -0.000485 0.130659 0.000000
vt -0.095190 -0.006845 0.000000
vt 0.095190 -0.011690 0.000000
vt 0.095167 -0.023602 0.000000
vt 0.095190 0.000000 0.000000
vt -0.095190 -0.002282 0.000000
vt -0.095190 0.002282 0.000000
vt -0.095190 0.006845 0.000000
vt 0.095190 0.011690 0.000000
vt 0.095190 0.023379 0.000000
vt 0.095190 -0.023379 0.000000
vt 0.095167 0.023602 0.000000
vt 0.095190 -0.154164 0.000000
vt -0.095190 -0.170699 0.000000
vt 0.095167 -0.153942 0.000000
vt 0.095190 -0.165854 0.000000
vt 0.095190 -0.177544 0.000000
vt -0.095190 -0.175262 0.000000
vt -0.095190 -0.179825 0.000000
vt -0.095190 -0.184389 0.000000
vt 0.095190 -0.189233 0.000000
vt 0.095167 -0.201145 0.000000
vt 0.095190 -0.200923 0.000000
vt -0.001191 0.223711 0.000000
vt -0.001446 0.238582 0.000000
vt -0.001439 0.238587 0.000000
vt -0.001446 0.186207 0.000000
vt -0.001191 0.183398 0.000000
vt -0.001191 0.170143 0.000000
vt -0.000937 0.170143 0.000000
vt -0.000937 0.156887 0.000000
vt -0.000723 0.156887 0.000000
vt -0.000723 0.145955 0.000000
vt -0.000468 0.145955 0.000000
vt -0.000468 0.135022 0.000000
vt -0.000214 0.135022 0.000000
vt -0.000468 0.127250 0.000000
vt -0.000214 0.127241 0.000000
vt -0.000468 0.119632 0.000000
vt -0.000214 0.119632 0.000000
vt -0.000214 0.109440 0.000000
vt 0.000000 0.120636 0.000000
vt 0.000000 0.107441 0.000000
vt -0.000214 0.099248 0.000000
vt 0.000000 0.081052 0.000000
vt -0.000214 0.082992 0.000000
vt -0.000214 0.066736 0.000000
vt -0.000468 0.082992 0.000000
vt -0.000468 0.066736 0.000000
vt -0.000723 0.082992 0.000000
vt -0.000723 0.066736 0.000000
vt -0.000937 0.082992 0.000000
vt -0.000937 0.066736 0.000000
vt -0.001191 0.082992 0.000000
vt -0.001191 0.066736 0.000000
vt -0.001446 0.081455 0.000000
vt -0.001446 0.029079 0.000000
vt -0.001446 0.160019 0.000000
vt -0.001191 0.156887 0.000000
vt -0.000937 0.145955 0.000000
vt -0.000723 0.135022 0.000000
vt -0.000723 0.127259 0.000000
vt -0.000723 0.119632 0.000000
vt -0.000468 0.109440 0.000000
vt -0.001446 0.146925 0.000000
vt -0.001191 0.145955 0.000000
vt -0.000937 0.135022 0.000000
vt -0.000937 0.127266 0.000000
vt -0.000937 0.119632 0.000000
vt -0.000723 0.109440 0.000000
vt -0.000468 0.099248 0.000000
vt -0.001446 0.140378 0.000000
vt -0.001191 0.135022 0.000000
vt -0.001191 0.127275 0.000000
vt -0.001191 0.119632 0.000000
vt -0.000937 0.109440 0.000000
vt -0.000723 0.099248 0.000000
vt -0.001446 0.137104 0.000000
vt -0.001446 0.133831 0.000000
vt -0.001446 0.130557 0.000000
vt -0.001446 0.127284 0.000000
vt -0.001446 0.120737 0.000000
vt -0.001191 0.109440 0.000000
vt -0.001446 0.107643 0.000000
vt -0.001191 0.099248 0.000000
vt -0.001439 0.029075 0.000000
vt -0.001274 0.028958 0.000000
vt -0.001108 0.028844 0.000000
vt -0.000942 0.028734 0.000000
vt -0.000775 0.028631 0.000000
vt -0.000608 0.028537 0.000000
vt -0.000440 0.028453 0.000000
vt -0.000272 0.028382 0.000000
vt -0.000103 0.028326 0.000000
vt 0.000000 0.028273 0.000000
vt 0.000000 0.127233 0.000000
vt 0.000000 0.130532 0.000000
vt 0.000000 0.133831 0.000000
vt 0.000000 0.137129 0.000000
vt 0.000000 0.140428 0.000000
vt -0.000214 0.145955 0.000000
vt -0.000468 0.156887 0.000000
vt -0.000723 0.170143 0.000000
vt -0.000937 0.183398 0.000000
vt 0.000000 0.147026 0.000000
vt -0.000214 0.156887 0.000000
vt -0.000468 0.170143 0.000000
vt -0.000723 0.183398 0.000000
vt -0.000937 0.223711 0.000000
vt -0.001108 0.238818 0.000000
vt -0.001274 0.238703 0.000000
vt 0.000000 0.160220 0.000000
vt -0.000214 0.170143 0.000000
vt -0.000468 0.183398 0.000000
vt -0.000723 0.223711 0.000000
vt -0.000775 0.239030 0.000000
vt -0.000942 0.238927 0.000000
vt 0.000000 0.186610 0.000000
vt -0.000214 0.183398 0.000000
vt -0.000468 0.223711 0.000000
vt -0.000608 0.239124 0.000000
vt -0.000214 0.223711 0.000000
vt 0.000000 0.239388 0.000000
vt -0.000103 0.239336 0.000000
vt -0.000272 0.239279 0.000000
vt -0.000440 0.239208 0.000000
vt -0.000937 0.099248 0.000000
vt -0.003120 0.118576 0.000000
vt -0.003793 0.193344 0.000000
vt -0.003774 0.193348 0.000000
vt -0.003793 0.003018 0.000000
vt -0.003120 0.076913 0.000000
vt -0.003120 0.015383 0.000000
vt -0.002447 0.015383 0.000000
vt -0.002847 0.003106 0.000000
vt -0.002372 0.003131 0.000000
vt -0.003320 0.003069 0.000000
vt -0.001896 0.015383 0.000000
vt -0.001898 0.003141 0.000000
vt -0.001421 0.003135 0.000000
vt -0.001223 0.015383 0.000000
vt -0.000947 0.003116 0.000000
vt -0.000550 0.015383 0.000000
vt -0.000473 0.003082 0.000000
vt 0.000000 0.003036 0.000000
vt -0.000550 0.076913 0.000000
vt 0.000000 0.194068 0.000000
vt -0.000550 0.118576 0.000000
vt -0.000479 0.194014 0.000000
vt -0.000954 0.193945 0.000000
vt -0.001223 0.118576 0.000000
vt -0.001429 0.193865 0.000000
vt -0.001896 0.118576 0.000000
vt -0.001901 0.193774 0.000000
vt -0.002371 0.193675 0.000000
vt -0.002447 0.118576 0.000000
vt -0.002840 0.193570 0.000000
vt -0.003307 0.193460 0.000000
vt -0.002447 0.076913 0.000000
vt -0.001896 0.076913 0.000000
vt -0.001223 0.076913 0.000000
vt -0.000552 0.247205 0.000000
vt 0.000000 0.130050 0.000000
vt -0.000479 0.130105 0.000000
vt 0.000000 0.321083 0.000000
vt -0.000552 0.308736 0.000000
vt -0.000473 0.321036 0.000000
vt -0.000946 0.321003 0.000000
vt -0.001224 0.308736 0.000000
vt -0.001420 0.320983 0.000000
vt -0.001896 0.308736 0.000000
vt -0.002372 0.320988 0.000000
vt -0.002449 0.308736 0.000000
vt -0.002846 0.321012 0.000000
vt -0.003121 0.308736 0.000000
vt -0.003320 0.321050 0.000000
vt -0.003793 0.321100 0.000000
vt -0.003121 0.247205 0.000000
vt -0.003793 0.130775 0.000000
vt -0.003774 0.130770 0.000000
vt -0.003307 0.130659 0.000000
vt -0.002840 0.130549 0.000000
vt -0.002371 0.130443 0.000000
vt -0.002449 0.247205 0.000000
vt -0.001901 0.130345 0.000000
vt -0.001896 0.247205 0.000000
vt -0.001429 0.130254 0.000000
vt -0.000954 0.130173 0.000000
vt -0.001224 0.247205 0.000000
vt 0.267496 -0.041722 0.000000
vt 0.077968 0.059421 0.000000
vt 0.267496 0.042538 0.000000
vt 0.077968 -0.058604 0.000000
vt 0.033454 -0.035308 0.000000
vt 0.033454 0.036125 0.000000
vt 0.013033 -0.020686 0.000000
vt 0.013033 0.021503 0.000000
vt 0.004674 -0.011339 0.000000
vt 0.004674 0.012156 0.000000
vt 0.001832 -0.005750 0.000000
vt 0.001020 -0.002718 0.000000
vt 0.000737 0.000408 0.000000
vt 0.001020 0.003535 0.000000
vt 0.001832 0.006567 0.000000
vt 0.008108 0.042130 0.000000
vt 0.007915 0.043188 0.000000
vt 0.008059 0.042668 0.000000
vt 0.007679 0.043674 0.000000
vt 0.007360 0.044109 0.000000
vt 0.006967 0.044478 0.000000
vt 0.006514 0.044771 0.000000
vt 0.006015 0.044977 0.000000
vt 0.005488 0.045090 0.000000
vt 0.001833 0.045385 0.000000
vt -0.001833 0.045385 0.000000
vt -0.008108 0.042130 0.000000
vt -0.005488 0.045090 0.000000
vt -0.006016 0.044977 0.000000
vt -0.006515 0.044770 0.000000
vt -0.006968 0.044478 0.000000
vt -0.007361 0.044107 0.000000
vt -0.007680 0.043673 0.000000
vt -0.007915 0.043187 0.000000
vt -0.008059 0.042668 0.000000
vt 0.008108 -0.042130 0.000000
vt -0.008108 -0.042130 0.000000
vt 0.001833 -0.045385 0.000000
vt -0.001833 -0.045385 0.000000
vt -0.005488 -0.045090 0.000000
vt -0.006015 -0.044977 0.000000
vt -0.006514 -0.044771 0.000000
vt -0.006967 -0.044478 0.000000
vt -0.007360 -0.044109 0.000000
vt -0.007679 -0.043674 0.000000
vt -0.007915 -0.043188 0.000000
vt -0.008059 -0.042668 0.000000
vt 0.005488 -0.045090 0.000000
vt 0.006016 -0.044977 0.000000
vt 0.006515 -0.044770 0.000000
vt 0.006968 -0.044478 0.000000
vt 0.007361 -0.044107 0.000000
vt 0.007680 -0.043673 0.000000
vt 0.007915 -0.043187 0.000000
vt 0.008059 -0.042668 0.000000
vt -0.077968 0.059421 0.000000
vt -0.267496 -0.041722 0.000000
vt -0.267496 0.042538 0.000000
vt -0.077968 -0.058604 0.000000
vt -0.033453 -0.035307 0.000000
vt -0.033453 0.036124 0.000000
vt -0.013034 -0.020687 0.000000
vt -0.013034 0.021504 0.000000
vt -0.004674 -0.011339 0.000000
vt -0.004674 0.012156 0.000000
vt -0.001832 -0.005750 0.000000
vt -0.001020 -0.002718 0.000000
vt -0.000737 0.000408 0.000000
vt -0.001020 0.003535 0.000000
vt -0.001832 0.006567 0.000000
vt 0.010235 -0.077740 0.000000
vt 0.000000 0.000000 0.000000
vt 0.010235 -0.001347 0.000000
vt -0.010235 -0.001347 0.000000
vt -0.019772 -0.005298 0.000000
vt -0.027962 -0.011582 0.000000
vt -0.038197 -0.029309 0.000000
vt -0.039544 -0.039544 0.000000
vt -0.038197 -0.049779 0.000000
vt -0.034246 -0.059316 0.000000
vt -0.027962 -0.067506 0.000000
vt -0.019772 -0.073790 0.000000
vt 0.000000 -0.079088 0.000000
vt -0.010235 -0.077740 0.000000
vt 0.019772 -0.073790 0.000000
vt 0.019772 -0.005298 0.000000
vt 0.027962 -0.067506 0.000000
vt 0.027962 -0.011582 0.000000
vt 0.034246 -0.059316 0.000000
vt 0.038197 -0.049779 0.000000
vt 0.038197 -0.029309 0.000000
vt 0.039544 -0.039544 0.000000
# 630 texture coordinates

g Body5
usemtl Aluminum_-_Satin
f 1786/2523/2010 1834/2522/2009 1785/2521/1684
f 1785/2521/1684 1834/2522/2009 1835/2524/2011
f 1785/2521/1684 1835/2524/2011 1808/2525/2012
f 1808/2525/2012 1835/2524/2011 1856/2526/2013
f 1808/2525/2012 1856/2526/2013 1807/2527/2014
f 1807/2527/2014 1856/2526/2013 1855/2528/2015
f 1807/2527/2014 1855/2528/2015 1806/2529/2016
f 1806/2529/2016 1855/2528/2015 1854/2530/2017
f 1806/2529/2016 1854/2530/2017 1805/2531/2018
f 1805/2531/2018 1854/2530/2017 1853/2532/2019
f 1805/2531/2018 1853/2532/2019 1804/2533/2020
f 1804/2533/2020 1853/2532/2019 1852/2534/2021
f 1804/2533/2020 1852/2534/2021 1803/2535/1711
f 1803/2535/1711 1852/2534/2021 1851/2536/2022
f 1803/2535/1711 1851/2536/2022 1802/2537/2023
f 1802/2537/2023 1851/2536/2022 1850/2538/2024
f 1802/2537/2023 1850/2538/2024 1801/2539/2025
f 1801/2539/2025 1850/2538/2024 1849/2540/2026
f 1801/2539/2025 1849/2540/2026 1800/2541/2027
f 1800/2541/2027 1849/2540/2026 1848/2542/2028
f 1800/2541/2027 1848/2542/2028 1799/2543/2029
f 1799/2543/2029 1848/2542/2028 1847/2544/2030
f 1799/2543/2029 1847/2544/2030 1798/2545/2031
f 1798/2545/2031 1847/2544/2030 1846/2546/2032
f 1798/2545/2031 1846/2546/2032 1797/2547/1781
f 1797/2547/1781 1846/2546/2032 1845/2548/2033
f 1797/2547/1781 1845/2548/2033 1796/2549/2034
f 1796/2549/2034 1845/2548/2033 1844/2550/2035
f 1796/2549/2034 1844/2550/2035 1795/2551/2036
f 1795/2551/2036 1844/2550/2035 1843/2552/2037
f 1795/2551/2036 1843/2552/2037 1794/2553/2038
f 1794/2553/2038 1843/2552/2037 1842/2554/2039
f 1794/2553/2038 1842/2554/2039 1793/2555/2040
f 1793/2555/2040 1842/2554/2039 1841/2556/2041
f 1793/2555/2040 1841/2556/2041 1792/2557/2042
f 1792/2557/2042 1841/2556/2041 1840/2558/2043
f 1792/2557/2042 1840/2558/2043 1791/2559/1816
f 1791/2559/1816 1840/2558/2043 1833/2560/2044
f 1791/2563/1816 1833/2562/2044 1790/2561/2045
f 1790/2561/2045 1833/2562/2044 1839/2564/2046
f 1790/2561/2045 1839/2564/2046 1789/2565/2047
f 1789/2565/2047 1839/2564/2046 1838/2566/2048
f 1789/2565/2047 1838/2566/2048 1788/2567/2049
f 1788/2567/2049 1838/2566/2048 1837/2568/2050
f 1788/2567/2049 1837/2568/2050 1787/2569/2051
f 1787/2569/2051 1837/2568/2050 1836/2570/2052
f 1787/2569/2051 1836/2570/2052 1786/2523/2010
f 1786/2523/2010 1836/2570/2052 1834/2522/2009
f 1810/2572/2054 1856/2526/2013 1809/2571/2053
f 1809/2571/2053 1856/2526/2013 1835/2524/2011
f 1809/2571/2053 1835/2524/2011 1832/2573/2055
f 1832/2573/2055 1835/2524/2011 1834/2522/2009
f 1832/2573/2055 1834/2522/2009 1831/2574/2056
f 1831/2574/2056 1834/2522/2009 1836/2570/2052
f 1831/2574/2056 1836/2570/2052 1830/2575/2057
f 1830/2575/2057 1836/2570/2052 1837/2568/2050
f 1830/2575/2057 1837/2568/2050 1829/2576/2058
f 1829/2576/2058 1837/2568/2050 1838/2566/2048
f 1829/2576/2058 1838/2566/2048 1828/2577/2059
f 1828/2577/2059 1838/2566/2048 1839/2564/2046
f 1828/2577/2059 1839/2564/2046 1827/2578/2060
f 1827/2578/2060 1839/2564/2046 1833/2562/2044
f 1827/2580/2060 1833/2560/2044 1826/2579/2061
f 1826/2579/2061 1833/2560/2044 1840/2558/2043
f 1826/2579/2061 1840/2558/2043 1825/2581/2062
f 1825/2581/2062 1840/2558/2043 1841/2556/2041
f 1825/2581/2062 1841/2556/2041 1824/2582/2063
f 1824/2582/2063 1841/2556/2041 1842/2554/2039
f 1824/2582/2063 1842/2554/2039 1823/2583/2064
f 1823/2583/2064 1842/2554/2039 1843/2552/2037
f 1823/2583/2064 1843/2552/2037 1822/2584/2065
f 1822/2584/2065 1843/2552/2037 1844/2550/2035
f 1822/2584/2065 1844/2550/2035 1821/2585/2066
f 1821/2585/2066 1844/2550/2035 1845/2548/2033
f 1821/2585/2066 1845/2548/2033 1820/2586/2067
f 1820/2586/2067 1845/2548/2033 1846/2546/2032
f 1820/2586/2067 1846/2546/2032 1819/2587/2068
f 1819/2587/2068 1846/2546/2032 1847/2544/2030
f 1819/2587/2068 1847/2544/2030 1818/2588/2069
f 1818/2588/2069 1847/2544/2030 1848/2542/2028
f 1818/2588/2069 1848/2542/2028 1817/2589/2070
f 1817/2589/2070 1848/2542/2028 1849/2540/2026
f 1817/2589/2070 1849/2540/2026 1816/2590/2071
f 1816/2590/2071 1849/2540/2026 1850/2538/2024
f 1816/2590/2071 1850/2538/2024 1815/2591/2072
f 1815/2591/2072 1850/2538/2024 1851/2536/2022
f 1815/2591/2072 1851/2536/2022 1814/2592/2073
f 1814/2592/2073 1851/2536/2022 1852/2534/2021
f 1814/2592/2073 1852/2534/2021 1813/2593/2074
f 1813/2593/2074 1852/2534/2021 1853/2532/2019
f 1813/2593/2074 1853/2532/2019 1812/2594/2075
f 1812/2594/2075 1853/2532/2019 1854/2530/2017
f 1812/2594/2075 1854/2530/2017 1811/2595/2076
f 1811/2595/2076 1854/2530/2017 1855/2528/2015
f 1811/2595/2076 1855/2528/2015 1810/2572/2054
f 1810/2572/2054 1855/2528/2015 1856/2526/2013
f 1858/2598/2078 1811/2597/2076 1857/2596/2077
f 1857/2596/2077 1811/2597/2076 1810/2599/2054
f 1857/2596/2077 1810/2599/2054 1888/2600/2079
f 1888/2600/2079 1810/2599/2054 1809/2601/2053
f 1888/2600/2079 1809/2601/2053 1887/2602/2053
f 1887/2602/2053 1809/2601/2053 1886/2603/2080
f 1886/2603/2080 1809/2601/2053 1832/2604/2055
f 1886/2603/2080 1832/2604/2055 1885/2605/2081
f 1885/2605/2081 1832/2604/2055 1831/2606/2056
f 1885/2605/2081 1831/2606/2056 1884/2607/2082
f 1884/2607/2082 1831/2606/2056 1830/2608/2057
f 1884/2607/2082 1830/2608/2057 1883/2609/2083
f 1883/2609/2083 1830/2608/2057 1829/2610/2058
f 1883/2609/2083 1829/2610/2058 1882/2611/2084
f 1882/2611/2084 1829/2610/2058 1828/2612/2059
f 1882/2611/2084 1828/2612/2059 1881/2613/2085
f 1881/2613/2085 1828/2612/2059 1880/2614/2086
f 1880/2614/2086 1828/2612/2059 1827/2615/2060
f 1880/2614/2086 1827/2615/2060 1879/2616/2060
f 1879/2616/2060 1827/2615/2060 1878/2617/2087
f 1878/2617/2087 1827/2615/2060 1826/2618/2061
f 1878/2617/2087 1826/2618/2061 1877/2619/2088
f 1877/2619/2088 1826/2618/2061 1876/2620/2089
f 1876/2620/2089 1826/2618/2061 1825/2621/2062
f 1876/2620/2089 1825/2621/2062 1875/2622/2090
f 1875/2622/2090 1825/2621/2062 1824/2623/2063
f 1875/2622/2090 1824/2623/2063 1874/2624/2091
f 1874/2624/2091 1824/2623/2063 1823/2625/2064
f 1874/2624/2091 1823/2625/2064 1873/2626/2092
f 1873/2626/2092 1823/2625/2064 1822/2627/2065
f 1873/2626/2092 1822/2627/2065 1872/2628/2093
f 1872/2628/2093 1822/2627/2065 1821/2629/2066
f 1872/2628/2093 1821/2629/2066 1871/2630/2066
f 1871/2633/2066 1821/2632/2066 1870/2631/2094
f 1870/2631/2094 1821/2632/2066 1820/2634/2067
f 1870/2631/2094 1820/2634/2067 1869/2635/2095
f 1869/2635/2095 1820/2634/2067 1819/2636/2068
f 1869/2635/2095 1819/2636/2068 1868/2637/2096
f 1868/2637/2096 1819/2636/2068 1818/2638/2069
f 1868/2637/2096 1818/2638/2069 1867/2639/2097
f 1867/2639/2097 1818/2638/2069 1817/2640/2070
f 1867/2639/2097 1817/2640/2070 1866/2641/2098
f 1866/2641/2098 1817/2640/2070 1816/2642/2071
f 1866/2641/2098 1816/2642/2071 1865/2643/2099
f 1865/2643/2099 1816/2642/2071 1864/2644/2100
f 1864/2644/2100 1816/2642/2071 1815/2645/2072
f 1864/2644/2100 1815/2645/2072 1863/2646/2072
f 1863/2646/2072 1815/2645/2072 1862/2647/2101
f 1862/2647/2101 1815/2645/2072 1814/2648/2073
f 1862/2647/2101 1814/2648/2073 1861/2649/2102
f 1861/2649/2102 1814/2648/2073 1860/2650/2103
f 1860/2650/2103 1814/2648/2073 1813/2651/2074
f 1860/2650/2103 1813/2651/2074 1859/2652/2104
f 1859/2652/2104 1813/2651/2074 1812/2653/2075
f 1859/2652/2104 1812/2653/2075 1858/2598/2078
f 1858/2598/2078 1812/2653/2075 1811/2597/2076
f 1890/2656/2010 1786/2655/2010 1889/2654/1684
f 1889/2654/1684 1786/2655/2010 1785/2657/1684
f 1889/2654/1684 1785/2657/1684 1912/2658/2012
f 1912/2658/2012 1785/2657/1684 1808/2659/2012
f 1912/2658/2012 1808/2659/2012 1911/2660/2014
f 1911/2660/2014 1808/2659/2012 1807/2661/2014
f 1911/2660/2014 1807/2661/2014 1910/2662/2016
f 1910/2662/2016 1807/2661/2014 1806/2663/2016
f 1910/2662/2016 1806/2663/2016 1909/2664/2018
f 1909/2664/2018 1806/2663/2016 1805/2665/2018
f 1909/2664/2018 1805/2665/2018 1908/2666/2020
f 1908/2666/2020 1805/2665/2018 1804/2667/2020
f 1908/2666/2020 1804/2667/2020 1907/2668/1711
f 1907/2668/1711 1804/2667/2020 1803/2669/1711
f 1907/2668/1711 1803/2669/1711 1906/2670/2023
f 1906/2670/2023 1803/2669/1711 1802/2671/2023
f 1906/2670/2023 1802/2671/2023 1905/2672/2025
f 1905/2672/2025 1802/2671/2023 1801/2673/2025
f 1905/2672/2025 1801/2673/2025 1904/2674/2027
f 1904/2674/2027 1801/2673/2025 1800/2675/2027
f 1904/2674/2027 1800/2675/2027 1903/2676/2029
f 1903/2676/2029 1800/2675/2027 1799/2677/2029
f 1903/2676/2029 1799/2677/2029 1902/2678/2031
f 1902/2678/2031 1799/2677/2029 1798/2679/2031
f 1902/2678/2031 1798/2679/2031 1901/2680/1781
f 1901/2680/1781 1798/2679/2031 1797/2681/1781
f 1901/2684/1781 1797/2683/1781 1900/2682/2034
f 1900/2682/2034 1797/2683/1781 1796/2685/2034
f 1900/2682/2034 1796/2685/2034 1899/2686/2036
f 1899/2686/2036 1796/2685/2034 1795/2687/2036
f 1899/2686/2036 1795/2687/2036 1898/2688/2038
f 1898/2688/2038 1795/2687/2036 1794/2689/2038
f 1898/2688/2038 1794/2689/2038 1897/2690/2040
f 1897/2690/2040 1794/2689/2038 1793/2691/2040
f 1897/2690/2040 1793/2691/2040 1896/2692/2042
f 1896/2692/2042 1793/2691/2040 1792/2693/2042
f 1896/2692/2042 1792/2693/2042 1895/2694/1816
f 1895/2694/1816 1792/2693/2042 1791/2695/1816
f 1895/2694/1816 1791/2695/1816 1894/2696/2045
f 1894/2696/2045 1791/2695/1816 1790/2697/2045
f 1894/2696/2045 1790/2697/2045 1893/2698/2047
f 1893/2698/2047 1790/2697/2045 1789/2699/2047
f 1893/2698/2047 1789/2699/2047 1892/2700/2049
f 1892/2700/2049 1789/2699/2047 1788/2701/2049
f 1892/2700/2049 1788/2701/2049 1891/2702/2051
f 1891/2702/2051 1788/2701/2049 1787/2703/2051
f 1891/2702/2051 1787/2703/2051 1890/2656/2010
f 1890/2656/2010 1787/2703/2051 1786/2655/2010
f 1914/2706/2107 1933/2705/2106 1913/2704/2105
f 1913/2704/2105 1933/2705/2106 1935/2707/2108
f 1913/2704/2105 1935/2707/2108 1931/2708/2109
f 1931/2708/2109 1935/2707/2108 1930/2709/2110
f 1930/2709/2110 1935/2707/2108 1936/2710/2111
f 1930/2709/2110 1936/2710/2111 1929/2711/2112
f 1929/2711/2112 1936/2710/2111 1937/2712/2113
f 1929/2711/2112 1937/2712/2113 1928/2713/2114
f 1928/2713/2114 1937/2712/2113 1927/2714/2115
f 1927/2714/2115 1937/2712/2113 1938/2715/2116
f 1927/2714/2115 1938/2715/2116 1926/2716/2117
f 1926/2716/2117 1938/2715/2116 1939/2717/2118
f 1926/2716/2117 1939/2717/2118 1925/2718/2119
f 1925/2718/2119 1939/2717/2118 1924/2719/2120
f 1924/2719/2120 1939/2717/2118 1923/2720/2121
f 1923/2720/2121 1939/2717/2118 1934/2721/2122
f 1923/2720/2121 1934/2721/2122 1922/2722/2121
f 1922/2722/2121 1934/2721/2122 1940/2723/2123
f 1922/2722/2121 1940/2723/2123 1921/2724/2124
f 1921/2724/2124 1940/2723/2123 1920/2725/2125
f 1920/2725/2125 1940/2723/2123 1941/2726/2126
f 1920/2725/2125 1941/2726/2126 1919/2727/2127
f 1919/2727/2127 1941/2726/2126 1942/2728/2128
f 1919/2727/2127 1942/2728/2128 1918/2729/2129
f 1918/2729/2129 1942/2728/2128 1943/2730/2130
f 1918/2729/2129 1943/2730/2130 1917/2731/2131
f 1917/2731/2131 1943/2730/2130 1916/2732/2132
f 1916/2732/2132 1943/2730/2130 1932/2733/2133
f 1916/2732/2132 1932/2733/2133 1915/2734/2134
f 1915/2734/2134 1932/2733/2133 1914/2706/2107
f 1914/2706/2107 1932/2733/2133 1933/2705/2106
f 1936/2710/2111 1935/2707/2108 1946/2735/2135
f 1946/2735/2135 1935/2707/2108 1933/2705/2106
f 1946/2735/2135 1933/2705/2106 1943/2730/2130
f 1943/2730/2130 1933/2705/2106 1932/2733/2133
f 1937/2712/2113 1936/2710/2111 1945/2736/2136
f 1945/2736/2136 1936/2710/2111 1946/2735/2135
f 1945/2736/2136 1946/2735/2135 1942/2728/2128
f 1942/2728/2128 1946/2735/2135 1943/2730/2130
f 1934/2721/2122 1939/2717/2118 1938/2715/2116
f 1938/2715/2116 1937/2712/2113 1944/2737/2137
f 1944/2737/2137 1937/2712/2113 1945/2736/2136
f 1944/2737/2137 1945/2736/2136 1941/2726/2126
f 1941/2726/2126 1945/2736/2136 1942/2728/2128
f 1944/2737/2137 1941/2726/2126 1940/2723/2123
f 1938/2715/2116 1944/2737/2137 1934/2721/2122
f 1934/2721/2122 1944/2737/2137 1940/2723/2123
f 1967/2740/2140 1869/2739/2139 1975/2738/2138
f 1975/2738/2138 1869/2739/2139 1868/2741/2141
f 1975/2738/2138 1868/2741/2141 1980/2742/2142
f 1980/2742/2142 1868/2741/2141 1973/2743/2143
f 1980/2742/2142 1973/2743/2143 1992/2744/2144
f 1992/2744/2144 1973/2743/2143 1986/2745/2145
f 1992/2744/2144 1986/2745/2145 1987/2746/2146
f 1987/2746/2146 1986/2745/2145 1995/2747/2147
f 1987/2746/2146 1995/2747/2147 1996/2748/2148
f 1996/2748/2148 1995/2747/2147 2001/2749/2149
f 1996/2748/2148 2001/2749/2149 2002/2750/2150
f 2002/2750/2150 2001/2749/2149 2007/2751/2151
f 2002/2750/2150 2007/2751/2151 1951/2752/2121
f 1951/2752/2121 2007/2751/2151 1950/2753/2121
f 1950/2753/2121 2007/2751/2151 1949/2754/2121
f 1949/2754/2121 2007/2751/2151 2012/2755/2152
f 1949/2754/2121 2012/2755/2152 1972/2756/2153
f 1972/2756/2153 2012/2755/2152 2011/2757/2154
f 1972/2756/2153 2011/2757/2154 2016/2758/2155
f 2016/2758/2155 2011/2757/2154 2010/2759/2156
f 2016/2758/2155 2010/2759/2156 2017/2760/2157
f 2017/2760/2157 2010/2759/2156 2009/2761/2158
f 2017/2760/2157 2009/2761/2158 2018/2762/2159
f 2018/2762/2159 2009/2761/2158 2008/2763/2160
f 2018/2762/2159 2008/2763/2160 1971/2764/2161
f 1971/2764/2161 2008/2763/2160 1860/2765/2162
f 1971/2764/2161 1860/2765/2162 1859/2766/2104
f 1868/2741/2141 1867/2767/2097 1973/2743/2143
f 1973/2743/2143 1867/2767/2097 1985/2768/2163
f 1973/2743/2143 1985/2768/2163 1986/2745/2145
f 1986/2745/2145 1985/2768/2163 1994/2769/2164
f 1986/2745/2145 1994/2769/2164 1995/2747/2147
f 1995/2747/2147 1994/2769/2164 2000/2770/2165
f 1995/2747/2147 2000/2770/2165 2001/2749/2149
f 2001/2749/2149 2000/2770/2165 2006/2771/2166
f 2001/2749/2149 2006/2771/2166 2007/2751/2151
f 2007/2751/2151 2006/2771/2166 2012/2755/2152
f 1867/2767/2097 1866/2772/2167 1985/2768/2163
f 1985/2768/2163 1866/2772/2167 1993/2773/2168
f 1985/2768/2163 1993/2773/2168 1994/2769/2164
f 1994/2769/2164 1993/2773/2168 1999/2774/2169
f 1994/2769/2164 1999/2774/2169 2000/2770/2165
f 2000/2770/2165 1999/2774/2169 2005/2775/2170
f 2000/2770/2165 2005/2775/2170 2006/2771/2166
f 2006/2771/2166 2005/2775/2170 2011/2757/2154
f 2006/2771/2166 2011/2757/2154 2012/2755/2152
f 1866/2772/2167 1865/2776/2171 1993/2773/2168
f 1993/2773/2168 1865/2776/2171 1998/2777/2172
f 1993/2773/2168 1998/2777/2172 1999/2774/2169
f 1999/2774/2169 1998/2777/2172 2004/2778/2173
f 1999/2774/2169 2004/2778/2173 2005/2775/2170
f 2005/2775/2170 2004/2778/2173 2010/2759/2156
f 2005/2775/2170 2010/2759/2156 2011/2757/2154
f 1865/2776/2171 1864/2779/2174 1998/2777/2172
f 1998/2777/2172 1864/2779/2174 1863/2780/2072
f 1998/2777/2172 1863/2780/2072 1862/2781/2175
f 1998/2777/2172 1862/2781/2175 2003/2782/2176
f 2003/2782/2176 1862/2781/2175 1861/2783/2177
f 2003/2782/2176 1861/2783/2177 1860/2765/2162
f 1971/2764/2161 1859/2766/2104 1969/2784/2178
f 1969/2784/2178 1859/2766/2104 1858/2785/2179
f 1969/2784/2178 1858/2785/2179 2023/2786/2180
f 2023/2786/2180 1858/2785/2179 1968/2787/2181
f 2023/2786/2180 1968/2787/2181 2024/2788/2182
f 2024/2788/2182 1968/2787/2181 1930/2789/2183
f 2024/2788/2182 1930/2789/2183 1929/2790/2184
f 1858/2785/2179 1857/2791/2185 1968/2787/2181
f 1968/2787/2181 1857/2791/2185 1913/2792/2186
f 1968/2787/2181 1913/2792/2186 1931/2793/2187
f 1931/2793/2187 1930/2789/2183 1968/2787/2181
f 2024/2788/2182 1929/2790/2184 2025/2794/2188
f 2025/2794/2188 1929/2790/2184 1928/2795/2189
f 2025/2794/2188 1928/2795/2189 2026/2796/2190
f 2026/2796/2190 1928/2795/2189 1927/2797/2191
f 2026/2796/2190 1927/2797/2191 1926/2798/2192
f 2026/2796/2190 1926/2798/2192 2027/2799/2193
f 2027/2799/2193 1926/2798/2192 1925/2800/2194
f 2027/2799/2193 1925/2800/2194 1924/2801/2195
f 1924/2801/2195 1923/2802/2121 2027/2799/2193
f 2027/2799/2193 1923/2802/2121 1947/2803/2121
f 2027/2799/2193 1947/2803/2121 2019/2804/2196
f 2019/2804/2196 1947/2803/2121 1970/2805/2197
f 2019/2804/2196 1970/2805/2197 2015/2806/2198
f 2015/2806/2198 1970/2805/2197 2016/2758/2155
f 2015/2806/2198 2016/2758/2155 2017/2760/2157
f 1947/2803/2121 1948/2807/2121 1970/2805/2197
f 1970/2805/2197 1948/2807/2121 1972/2756/2153
f 1970/2805/2197 1972/2756/2153 2016/2758/2155
f 1948/2807/2121 1949/2754/2121 1972/2756/2153
f 1951/2752/2121 1952/2808/2121 2002/2750/2150
f 2002/2750/2150 1952/2808/2121 1953/2809/2121
f 2002/2750/2150 1953/2809/2121 1954/2810/2121
f 2002/2750/2150 1954/2810/2121 1997/2811/2199
f 1997/2811/2199 1954/2810/2121 1955/2812/2121
f 1997/2811/2199 1955/2812/2121 1989/2813/2200
f 1989/2813/2200 1955/2812/2121 1956/2814/2121
f 1989/2813/2200 1956/2814/2121 1974/2815/2201
f 1974/2815/2201 1956/2814/2121 1957/2816/2121
f 1974/2815/2201 1957/2816/2121 1984/2817/2202
f 1984/2817/2202 1957/2816/2121 1979/2818/2203
f 1984/2817/2202 1979/2818/2203 1978/2819/2204
f 1978/2819/2204 1979/2818/2203 1961/2820/2205
f 1978/2819/2204 1961/2820/2205 1962/2821/2206
f 1957/2816/2121 1958/2822/2121 1979/2818/2203
f 1979/2818/2203 1958/2822/2121 1959/2823/2207
f 1979/2818/2203 1959/2823/2207 1960/2824/2208
f 1960/2824/2208 1961/2820/2205 1979/2818/2203
f 1978/2819/2204 1962/2821/2206 1977/2825/2209
f 1977/2825/2209 1962/2821/2206 1963/2826/2210
f 1977/2825/2209 1963/2826/2210 1964/2827/2211
f 1977/2825/2209 1964/2827/2211 1976/2828/2212
f 1976/2828/2212 1964/2827/2211 1965/2829/2213
f 1976/2828/2212 1965/2829/2213 1975/2738/2138
f 1975/2738/2138 1965/2829/2213 1966/2830/2214
f 1975/2738/2138 1966/2830/2214 1967/2740/2140
f 1976/2828/2212 1975/2738/2138 1981/2831/2215
f 1981/2831/2215 1975/2738/2138 1980/2742/2142
f 1981/2831/2215 1980/2742/2142 1992/2744/2144
f 1977/2825/2209 1976/2828/2212 1982/2832/2216
f 1982/2832/2216 1976/2828/2212 1981/2831/2215
f 1982/2832/2216 1981/2831/2215 1991/2833/2217
f 1991/2833/2217 1981/2831/2215 1992/2744/2144
f 1991/2833/2217 1992/2744/2144 1987/2746/2146
f 1978/2819/2204 1977/2825/2209 1983/2834/2218
f 1983/2834/2218 1977/2825/2209 1982/2832/2216
f 1983/2834/2218 1982/2832/2216 1990/2835/2219
f 1990/2835/2219 1982/2832/2216 1991/2833/2217
f 1990/2835/2219 1991/2833/2217 1988/2836/2220
f 1988/2836/2220 1991/2833/2217 1987/2746/2146
f 1988/2836/2220 1987/2746/2146 1996/2748/2148
f 1974/2815/2201 1984/2817/2202 1983/2834/2218
f 1983/2834/2218 1984/2817/2202 1978/2819/2204
f 1974/2815/2201 1983/2834/2218 1990/2835/2219
f 1974/2815/2201 1990/2835/2219 1989/2813/2200
f 1989/2813/2200 1990/2835/2219 1988/2836/2220
f 1989/2813/2200 1988/2836/2220 1997/2811/2199
f 1997/2811/2199 1988/2836/2220 1996/2748/2148
f 1997/2811/2199 1996/2748/2148 2002/2750/2150
f 1998/2777/2172 2003/2782/2176 2004/2778/2173
f 2004/2778/2173 2003/2782/2176 2009/2761/2158
f 2004/2778/2173 2009/2761/2158 2010/2759/2156
f 2008/2763/2160 2009/2761/2158 2003/2782/2176
f 1860/2765/2162 2008/2763/2160 2003/2782/2176
f 2018/2762/2159 1971/2764/2161 2013/2837/2221
f 2013/2837/2221 1971/2764/2161 1969/2784/2178
f 2013/2837/2221 1969/2784/2178 2022/2838/2222
f 2022/2838/2222 1969/2784/2178 2023/2786/2180
f 2022/2838/2222 2023/2786/2180 2024/2788/2182
f 2017/2760/2157 2018/2762/2159 2014/2839/2223
f 2014/2839/2223 2018/2762/2159 2013/2837/2221
f 2014/2839/2223 2013/2837/2221 2021/2840/2224
f 2021/2840/2224 2013/2837/2221 2022/2838/2222
f 2021/2840/2224 2022/2838/2222 2025/2794/2188
f 2025/2794/2188 2022/2838/2222 2024/2788/2182
f 2017/2760/2157 2014/2839/2223 2015/2806/2198
f 2015/2806/2198 2014/2839/2223 2020/2841/2225
f 2015/2806/2198 2020/2841/2225 2019/2804/2196
f 2019/2804/2196 2020/2841/2225 2027/2799/2193
f 2020/2841/2225 2014/2839/2223 2021/2840/2224
f 2026/2796/2190 2027/2799/2193 2020/2841/2225
f 2025/2794/2188 2026/2796/2190 2021/2840/2224
f 2021/2840/2224 2026/2796/2190 2020/2841/2225
f 1959/2844/2227 1958/2843/2121 2039/2842/2226
f 2039/2842/2226 1958/2843/2121 2028/2845/2121
f 2039/2842/2226 2028/2845/2121 2038/2846/2228
f 2038/2846/2228 2028/2845/2121 2029/2847/2229
f 2038/2846/2228 2029/2847/2229 2030/2848/2230
f 2038/2846/2228 2030/2848/2230 2046/2849/2231
f 2046/2849/2231 2030/2848/2230 2031/2850/2232
f 2046/2849/2231 2031/2850/2232 2045/2851/2233
f 2045/2851/2233 2031/2850/2232 2032/2852/2234
f 2045/2851/2233 2032/2852/2234 2044/2853/2235
f 2044/2853/2235 2032/2852/2234 2033/2854/2236
f 2044/2853/2235 2033/2854/2236 2034/2855/2237
f 2044/2853/2235 2034/2855/2237 2043/2856/2238
f 2043/2856/2238 2034/2855/2237 2035/2857/2239
f 2043/2856/2238 2035/2857/2239 2036/2858/2240
f 2043/2856/2238 2036/2858/2240 2037/2859/2241
f 2037/2859/2241 2036/2858/2240 1967/2860/2242
f 2037/2859/2241 1967/2860/2242 1966/2861/2243
f 1966/2861/2243 1965/2862/2244 2037/2859/2241
f 2037/2859/2241 1965/2862/2244 2042/2863/2245
f 2037/2859/2241 2042/2863/2245 2043/2856/2238
f 2043/2856/2238 2042/2863/2245 2044/2853/2235
f 1965/2862/2244 1964/2864/2246 2042/2863/2245
f 2042/2863/2245 1964/2864/2246 2041/2865/2247
f 2042/2863/2245 2041/2865/2247 2044/2853/2235
f 2044/2853/2235 2041/2865/2247 2045/2851/2233
f 1964/2864/2246 1963/2866/2248 2041/2865/2247
f 2041/2865/2247 1963/2866/2248 1962/2867/2249
f 2041/2865/2247 1962/2867/2249 2040/2868/2250
f 2040/2868/2250 1962/2867/2249 1961/2869/2251
f 2040/2868/2250 1961/2869/2251 2039/2842/2226
f 2039/2842/2226 1961/2869/2251 1960/2870/2252
f 2039/2842/2226 1960/2870/2252 1959/2844/2227
f 2045/2851/2233 2041/2865/2247 2040/2868/2250
f 2038/2846/2228 2046/2849/2231 2039/2842/2226
f 2039/2842/2226 2046/2849/2231 2040/2868/2250
f 2046/2849/2231 2045/2851/2233 2040/2868/2250
f 1913/2873/2254 1888/2872/2253 1914/2871/2107
f 1914/2871/2107 1888/2872/2253 1887/2874/2255
f 1914/2871/2107 1887/2874/2255 2050/2875/2256
f 2050/2875/2256 1887/2874/2255 2049/2876/2257
f 2049/2876/2257 1887/2874/2255 2048/2877/2258
f 2048/2877/2258 1887/2874/2255 1886/2878/2259
f 2048/2877/2258 1886/2878/2259 1885/2879/2260
f 1913/2873/2254 1857/2880/2261 1888/2872/2253
f 1885/2879/2260 2047/2881/2262 2048/2877/2258
f 1967/2884/2264 2036/2883/2240 1869/2882/2263
f 1869/2882/2263 2036/2883/2240 1870/2885/2265
f 1870/2885/2265 2036/2883/2240 1871/2886/2266
f 1871/2886/2266 2036/2883/2240 2051/2887/2267
f 1871/2886/2266 2051/2887/2267 2052/2888/2268
f 2052/2888/2268 2053/2889/2269 1871/2886/2266
f 1871/2886/2266 2053/2889/2269 1872/2890/2270
f 1872/2890/2270 2053/2889/2269 2054/2891/2271
f 1872/2890/2270 2054/2891/2271 1873/2892/2272
f 2083/2895/2275 2055/2894/2274 2091/2893/2273
f 2091/2893/2273 2055/2894/2274 2056/2896/2274
f 2091/2893/2273 2056/2896/2274 2095/2897/2276
f 2095/2897/2276 2056/2896/2274 2088/2898/2277
f 2095/2897/2276 2088/2898/2277 2107/2899/2278
f 2107/2899/2278 2088/2898/2277 2101/2900/2279
f 2107/2899/2278 2101/2900/2279 2102/2901/2280
f 2102/2901/2280 2101/2900/2279 2110/2902/2281
f 2102/2901/2280 2110/2902/2281 2111/2903/2282
f 2111/2903/2282 2110/2902/2281 2116/2904/2283
f 2111/2903/2282 2116/2904/2283 2117/2905/2284
f 2117/2905/2284 2116/2904/2283 2121/2906/2285
f 2117/2905/2284 2121/2906/2285 2122/2907/2286
f 2122/2907/2286 2121/2906/2285 2126/2908/2287
f 2122/2907/2286 2126/2908/2287 2127/2909/2288
f 2127/2909/2288 2126/2908/2287 2087/2910/2289
f 2127/2909/2288 2087/2910/2289 1882/2911/2290
f 1882/2911/2290 2087/2910/2289 1883/2912/2291
f 1883/2912/2291 2087/2910/2289 2085/2913/2292
f 1883/2912/2291 2085/2913/2292 1884/2914/2293
f 1884/2914/2293 2085/2913/2292 2139/2915/2294
f 1884/2914/2293 2139/2915/2294 2138/2916/2295
f 2138/2916/2295 2139/2915/2294 2140/2917/2296
f 2138/2916/2295 2140/2917/2296 2137/2918/2297
f 2137/2918/2297 2140/2917/2296 2141/2919/2298
f 2137/2918/2297 2141/2919/2298 2136/2920/2299
f 2136/2920/2299 2141/2919/2298 2142/2921/2300
f 2136/2920/2299 2142/2921/2300 2135/2922/2301
f 2135/2922/2301 2142/2921/2300 2143/2923/2302
f 2135/2922/2301 2143/2923/2302 2134/2924/2303
f 2134/2924/2303 2143/2923/2302 2066/2925/2274
f 2134/2924/2303 2066/2925/2274 2067/2926/2274
f 2056/2896/2274 2057/2927/2274 2088/2898/2277
f 2088/2898/2277 2057/2927/2274 2100/2928/2304
f 2088/2898/2277 2100/2928/2304 2101/2900/2279
f 2101/2900/2279 2100/2928/2304 2109/2929/2305
f 2101/2900/2279 2109/2929/2305 2110/2902/2281
f 2110/2902/2281 2109/2929/2305 2115/2930/2306
f 2110/2902/2281 2115/2930/2306 2116/2904/2283
f 2116/2904/2283 2115/2930/2306 2120/2931/2307
f 2116/2904/2283 2120/2931/2307 2121/2906/2285
f 2121/2906/2285 2120/2931/2307 2125/2932/2308
f 2121/2906/2285 2125/2932/2308 2126/2908/2287
f 2126/2908/2287 2125/2932/2308 2131/2933/2309
f 2126/2908/2287 2131/2933/2309 2087/2910/2289
f 2087/2910/2289 2131/2933/2309 2085/2913/2292
f 2057/2927/2274 2058/2934/2274 2100/2928/2304
f 2100/2928/2304 2058/2934/2274 2108/2935/2310
f 2100/2928/2304 2108/2935/2310 2109/2929/2305
f 2109/2929/2305 2108/2935/2310 2114/2936/2311
f 2109/2929/2305 2114/2936/2311 2115/2930/2306
f 2115/2930/2306 2114/2936/2311 2119/2937/2312
f 2115/2930/2306 2119/2937/2312 2120/2931/2307
f 2120/2931/2307 2119/2937/2312 2124/2938/2313
f 2120/2931/2307 2124/2938/2313 2125/2932/2308
f 2125/2932/2308 2124/2938/2313 2132/2939/2314
f 2125/2932/2308 2132/2939/2314 2131/2933/2309
f 2131/2933/2309 2132/2939/2314 2130/2940/2315
f 2131/2933/2309 2130/2940/2315 2085/2913/2292
f 2085/2913/2292 2130/2940/2315 2139/2915/2294
f 2058/2934/2274 2059/2941/2274 2108/2935/2310
f 2108/2935/2310 2059/2941/2274 2113/2942/2316
f 2108/2935/2310 2113/2942/2316 2114/2936/2311
f 2114/2936/2311 2113/2942/2316 2118/2943/2317
f 2114/2936/2311 2118/2943/2317 2119/2937/2312
f 2119/2937/2312 2118/2943/2317 2123/2944/2318
f 2119/2937/2312 2123/2944/2318 2124/2938/2313
f 2124/2938/2313 2123/2944/2318 2133/2945/2319
f 2124/2938/2313 2133/2945/2319 2132/2939/2314
f 2132/2939/2314 2133/2945/2319 2129/2946/2320
f 2132/2939/2314 2129/2946/2320 2130/2940/2315
f 2130/2940/2315 2129/2946/2320 2140/2917/2296
f 2130/2940/2315 2140/2917/2296 2139/2915/2294
f 2059/2941/2274 2060/2947/2274 2113/2942/2316
f 2113/2942/2316 2060/2947/2274 2061/2948/2274
f 2113/2942/2316 2061/2948/2274 2062/2949/2274
f 2113/2942/2316 2062/2949/2274 2118/2943/2317
f 2118/2943/2317 2062/2949/2274 2063/2950/2274
f 2118/2943/2317 2063/2950/2274 2064/2951/2274
f 2065/2953/2274 2086/2952/2321 2064/2951/2274
f 2064/2951/2274 2086/2952/2321 2123/2944/2318
f 2064/2951/2274 2123/2944/2318 2118/2943/2317
f 2086/2952/2321 2065/2953/2274 2084/2954/2322
f 2084/2954/2322 2065/2953/2274 2066/2925/2274
f 2084/2954/2322 2066/2925/2274 2143/2923/2302
f 2067/2926/2274 2068/2955/2323 2134/2924/2303
f 2134/2924/2303 2068/2955/2323 2069/2956/2324
f 2134/2924/2303 2069/2956/2324 2070/2957/2325
f 2134/2924/2303 2070/2957/2325 2135/2922/2301
f 2135/2922/2301 2070/2957/2325 2071/2958/2326
f 2135/2922/2301 2071/2958/2326 2072/2959/2327
f 2135/2922/2301 2072/2959/2327 2136/2920/2299
f 2136/2920/2299 2072/2959/2327 2073/2960/2328
f 2136/2920/2299 2073/2960/2328 2137/2918/2297
f 2137/2918/2297 2073/2960/2328 2074/2961/2329
f 2137/2918/2297 2074/2961/2329 2075/2962/2330
f 2137/2918/2297 2075/2962/2330 2138/2916/2295
f 2138/2916/2295 2075/2962/2330 2047/2963/2331
f 2138/2916/2295 2047/2963/2331 1885/2964/2332
f 1885/2964/2332 1884/2914/2293 2138/2916/2295
f 2127/2909/2288 1882/2911/2290 2122/2907/2286
f 2122/2907/2286 1882/2911/2290 1881/2965/2333
f 2122/2907/2286 1881/2965/2333 1880/2966/2334
f 2122/2907/2286 1880/2966/2334 2117/2905/2284
f 2117/2905/2284 1880/2966/2334 1879/2967/2060
f 2117/2905/2284 1879/2967/2060 1878/2968/2335
f 1878/2968/2335 1877/2969/2336 2117/2905/2284
f 2117/2905/2284 1877/2969/2336 2112/2970/2337
f 2117/2905/2284 2112/2970/2337 2111/2903/2282
f 2111/2903/2282 2112/2970/2337 2103/2971/2338
f 2111/2903/2282 2103/2971/2338 2102/2901/2280
f 2102/2901/2280 2103/2971/2338 2106/2972/2339
f 2102/2901/2280 2106/2972/2339 2107/2899/2278
f 2107/2899/2278 2106/2972/2339 2096/2973/2340
f 2107/2899/2278 2096/2973/2340 2095/2897/2276
f 2095/2897/2276 2096/2973/2340 2091/2893/2273
f 1877/2969/2336 1876/2974/2341 2112/2970/2337
f 2112/2970/2337 1876/2974/2341 2104/2975/2342
f 2112/2970/2337 2104/2975/2342 2103/2971/2338
f 2103/2971/2338 2104/2975/2342 2105/2976/2343
f 2103/2971/2338 2105/2976/2343 2106/2972/2339
f 2106/2972/2339 2105/2976/2343 2097/2977/2344
f 2106/2972/2339 2097/2977/2344 2096/2973/2340
f 2096/2973/2340 2097/2977/2344 2092/2978/2345
f 2096/2973/2340 2092/2978/2345 2091/2893/2273
f 2091/2893/2273 2092/2978/2345 2081/2979/2346
f 2091/2893/2273 2081/2979/2346 2082/2980/2347
f 1876/2974/2341 1875/2981/2348 2104/2975/2342
f 2104/2975/2342 1875/2981/2348 2089/2982/2349
f 2104/2975/2342 2089/2982/2349 2105/2976/2343
f 2105/2976/2343 2089/2982/2349 2098/2983/2350
f 2105/2976/2343 2098/2983/2350 2097/2977/2344
f 2097/2977/2344 2098/2983/2350 2093/2984/2351
f 2097/2977/2344 2093/2984/2351 2092/2978/2345
f 2092/2978/2345 2093/2984/2351 2079/2985/2352
f 2092/2978/2345 2079/2985/2352 2080/2986/2353
f 1875/2981/2348 1874/2987/2354 2089/2982/2349
f 2089/2982/2349 1874/2987/2354 2099/2988/2355
f 2089/2982/2349 2099/2988/2355 2098/2983/2350
f 2098/2983/2350 2099/2988/2355 2094/2989/2356
f 2098/2983/2350 2094/2989/2356 2093/2984/2351
f 2093/2984/2351 2094/2989/2356 2078/2990/2357
f 2093/2984/2351 2078/2990/2357 2079/2985/2352
f 2099/2988/2355 1874/2987/2354 2090/2991/2358
f 2090/2991/2358 1874/2987/2354 1873/2992/2359
f 2090/2991/2358 1873/2992/2359 2054/2993/2360
f 2054/2993/2360 2076/2994/2361 2090/2991/2358
f 2090/2991/2358 2076/2994/2361 2077/2995/2362
f 2090/2991/2358 2077/2995/2362 2094/2989/2356
f 2094/2989/2356 2077/2995/2362 2078/2990/2357
f 2080/2986/2353 2081/2979/2346 2092/2978/2345
f 2082/2980/2347 2083/2895/2275 2091/2893/2273
f 2099/2988/2355 2090/2991/2358 2094/2989/2356
f 2084/2954/2322 2128/2996/2363 2086/2952/2321
f 2086/2952/2321 2128/2996/2363 2133/2945/2319
f 2086/2952/2321 2133/2945/2319 2123/2944/2318
f 2133/2945/2319 2128/2996/2363 2129/2946/2320
f 2129/2946/2320 2128/2996/2363 2141/2919/2298
f 2129/2946/2320 2141/2919/2298 2140/2917/2296
f 2143/2923/2302 2142/2921/2300 2084/2954/2322
f 2084/2954/2322 2142/2921/2300 2128/2996/2363
f 2142/2921/2300 2141/2919/2298 2128/2996/2363
f 2068/2999/2365 2067/2998/2274 2154/2997/2364
f 2154/2997/2364 2067/2998/2274 2144/3000/2274
f 2154/2997/2364 2144/3000/2274 2166/3001/2366
f 2166/3001/2366 2144/3000/2274 2152/3002/2367
f 2166/3001/2366 2152/3002/2367 2161/3003/2368
f 2161/3003/2368 2152/3002/2367 2146/3004/2369
f 2161/3003/2368 2146/3004/2369 2147/3005/2370
f 2144/3000/2274 2145/3006/2371 2152/3002/2367
f 2152/3002/2367 2145/3006/2371 2146/3004/2369
f 2161/3003/2368 2147/3005/2370 2160/3007/2372
f 2160/3007/2372 2147/3005/2370 2148/3008/2373
f 2160/3007/2372 2148/3008/2373 2149/3009/2374
f 2160/3007/2372 2149/3009/2374 2159/3010/2375
f 2159/3010/2375 2149/3009/2374 2150/3011/2376
f 2159/3010/2375 2150/3011/2376 2158/3012/2377
f 2158/3012/2377 2150/3011/2376 2151/3013/2378
f 2158/3012/2377 2151/3013/2378 2048/3014/2258
f 2158/3012/2377 2048/3014/2258 2162/3015/2379
f 2162/3015/2379 2048/3014/2258 2047/3016/2380
f 2162/3015/2379 2047/3016/2380 2153/3017/2381
f 2153/3017/2381 2047/3016/2380 2075/3018/2382
f 2153/3017/2381 2075/3018/2382 2074/3019/2383
f 2153/3017/2381 2074/3019/2383 2157/3020/2384
f 2157/3020/2384 2074/3019/2383 2073/3021/2385
f 2157/3020/2384 2073/3021/2385 2156/3022/2386
f 2156/3022/2386 2073/3021/2385 2072/3023/2387
f 2156/3022/2386 2072/3023/2387 2071/3024/2388
f 2156/3022/2386 2071/3024/2388 2155/3025/2389
f 2155/3025/2389 2071/3024/2388 2070/3026/2390
f 2155/3025/2389 2070/3026/2390 2154/2997/2364
f 2154/2997/2364 2070/3026/2390 2069/3027/2391
f 2154/2997/2364 2069/3027/2391 2068/2999/2365
f 2155/3025/2389 2154/2997/2364 2165/3028/2392
f 2165/3028/2392 2154/2997/2364 2166/3001/2366
f 2165/3028/2392 2166/3001/2366 2161/3003/2368
f 2156/3022/2386 2155/3025/2389 2164/3029/2393
f 2164/3029/2393 2155/3025/2389 2165/3028/2392
f 2164/3029/2393 2165/3028/2392 2160/3007/2372
f 2160/3007/2372 2165/3028/2392 2161/3003/2368
f 2162/3015/2379 2153/3017/2381 2157/3020/2384
f 2157/3020/2384 2156/3022/2386 2163/3030/2394
f 2163/3030/2394 2156/3022/2386 2164/3029/2393
f 2163/3030/2394 2164/3029/2393 2159/3010/2375
f 2159/3010/2375 2164/3029/2393 2160/3007/2372
f 2163/3030/2394 2159/3010/2375 2158/3012/2377
f 2157/3020/2384 2163/3030/2394 2162/3015/2379
f 2162/3015/2379 2163/3030/2394 2158/3012/2377
f 2076/3033/2397 2054/3032/2396 2177/3031/2395
f 2177/3031/2395 2054/3032/2396 2053/3034/2269
f 2177/3031/2395 2053/3034/2269 2176/3035/2398
f 2176/3035/2398 2053/3034/2269 2167/3036/2399
f 2176/3035/2398 2167/3036/2399 2168/3037/2400
f 2176/3035/2398 2168/3037/2400 2184/3038/2401
f 2184/3038/2401 2168/3037/2400 2169/3039/2402
f 2184/3038/2401 2169/3039/2402 2183/3040/2403
f 2183/3040/2403 2169/3039/2402 2170/2852/2404
f 2183/3040/2403 2170/2852/2404 2171/3041/2405
f 2183/3040/2403 2171/3041/2405 2182/3042/2406
f 2182/3042/2406 2171/3041/2405 2172/3043/2407
f 2182/3042/2406 2172/3043/2407 2181/3044/2408
f 2181/3044/2408 2172/3043/2407 2173/3045/2409
f 2181/3044/2408 2173/3045/2409 2174/3046/2274
f 2181/3044/2408 2174/3046/2274 2175/3047/2410
f 2175/3047/2410 2174/3046/2274 2055/3048/2274
f 2175/3047/2410 2055/3048/2274 2083/3049/2411
f 2083/3049/2411 2082/3050/2412 2175/3047/2410
f 2175/3047/2410 2082/3050/2412 2081/3051/2413
f 2175/3047/2410 2081/3051/2413 2080/3052/2414
f 2175/3047/2410 2080/3052/2414 2180/3053/2415
f 2180/3053/2415 2080/3052/2414 2079/3054/2416
f 2180/3053/2415 2079/3054/2416 2179/3055/2417
f 2179/3055/2417 2079/3054/2416 2078/3056/2418
f 2179/3055/2417 2078/3056/2418 2077/3057/2419
f 2179/3055/2417 2077/3057/2419 2178/3058/2420
f 2178/3058/2420 2077/3057/2419 2076/3033/2397
f 2178/3058/2420 2076/3033/2397 2177/3031/2395
f 2176/3035/2398 2184/3038/2401 2177/3031/2395
f 2177/3031/2395 2184/3038/2401 2178/3058/2420
f 2184/3038/2401 2183/3040/2403 2178/3058/2420
f 2178/3058/2420 2183/3040/2403 2179/3055/2417
f 2181/3044/2408 2175/3047/2410 2180/3053/2415
f 2183/3040/2403 2182/3042/2406 2179/3055/2417
f 2179/3055/2417 2182/3042/2406 2180/3053/2415
f 2182/3042/2406 2181/3044/2408 2180/3053/2415
f 2144/3061/2274 2067/3060/2274 2174/3059/2274
f 2174/3059/2274 2067/3060/2274 2055/3062/2274
f 2055/3062/2274 2067/3060/2274 2056/3063/2274
f 2056/3063/2274 2067/3060/2274 2066/3064/2274
f 2056/3063/2274 2066/3064/2274 2057/3065/2274
f 2057/3065/2274 2066/3064/2274 2065/3066/2274
f 2057/3065/2274 2065/3066/2274 2058/3067/2274
f 2058/3067/2274 2065/3066/2274 2064/3068/2274
f 2058/3067/2274 2064/3068/2274 2059/3069/2274
f 2059/3069/2274 2064/3068/2274 2060/3070/2274
f 2060/3070/2274 2064/3068/2274 2061/3071/2274
f 2061/3071/2274 2064/3068/2274 2062/3072/2274
f 2062/3072/2274 2064/3068/2274 2063/3073/2274
f 1921/3076/1123 1920/3075/1123 1922/3074/1123
f 1922/3074/1123 1920/3075/1123 1919/3077/1123
f 1922/3074/1123 1919/3077/1123 1918/3078/1123
f 1918/3078/1123 1917/3079/1123 1922/3074/1123
f 1922/3074/1123 1917/3079/1123 1916/3080/1123
f 1922/3074/1123 1916/3080/1123 1915/3081/1123
f 1915/3081/1123 1914/3082/1123 1922/3074/1123
f 1922/3074/1123 1914/3082/1123 2050/3083/1123
f 1922/3074/1123 2050/3083/1123 2049/3084/1123
f 1922/3074/1123 2049/3084/1123 2144/3085/1123
f 2144/3085/1123 2049/3084/1123 2048/3086/1123
f 2144/3085/1123 2048/3086/1123 2151/3087/1123
f 2151/3087/1123 2150/3088/1123 2144/3085/1123
f 2144/3085/1123 2150/3088/1123 2149/3089/1123
f 2144/3085/1123 2149/3089/1123 2148/3090/1123
f 2148/3090/1123 2147/3091/1123 2144/3085/1123
f 2144/3085/1123 2147/3091/1123 2146/3092/1123
f 2144/3085/1123 2146/3092/1123 2145/3093/1123
f 1922/3074/1123 2144/3085/1123 2028/3094/1123
f 2028/3094/1123 2144/3085/1123 2174/3095/1123
f 2028/3094/1123 2174/3095/1123 2051/3096/1123
f 2051/3096/1123 2174/3095/1123 2052/3097/1123
f 2052/3097/1123 2174/3095/1123 2053/3098/1123
f 2053/3098/1123 2174/3095/1123 2167/3099/1123
f 2167/3099/1123 2174/3095/1123 2168/3100/1123
f 2168/3100/1123 2174/3095/1123 2169/3101/1123
f 2169/3101/1123 2174/3095/1123 2170/3102/1123
f 2170/3102/1123 2174/3095/1123 2171/3103/1123
f 2171/3103/1123 2174/3095/1123 2172/3104/1123
f 2172/3104/1123 2174/3095/1123 2173/3105/1123
f 2051/3096/1123 2036/3106/1123 2028/3094/1123
f 2028/3094/1123 2036/3106/1123 2035/3107/1123
f 2028/3094/1123 2035/3107/1123 2034/3108/1123
f 2034/3108/1123 2033/3109/1123 2028/3094/1123
f 2028/3094/1123 2033/3109/1123 2032/3110/1123
f 2028/3094/1123 2032/3110/1123 2031/3111/1123
f 2031/3111/1123 2030/3112/1123 2028/3094/1123
f 2028/3094/1123 2030/3112/1123 2029/3113/1123
f 1922/3116/2121 2028/3115/2121 1923/3114/2121
f 1923/3114/2121 2028/3115/2121 1958/3117/2121
f 1923/3114/2121 1958/3117/2121 1957/3118/2121
f 1923/3114/2121 1957/3118/2121 1947/3119/2121
f 1947/3119/2121 1957/3118/2121 1956/3120/2121
f 1947/3119/2121 1956/3120/2121 1948/3121/2121
f 1948/3121/2121 1956/3120/2121 1955/3122/2121
f 1948/3121/2121 1955/3122/2121 1949/3123/2121
f 1949/3123/2121 1955/3122/2121 1954/3124/2121
f 1949/3123/2121 1954/3124/2121 1953/3125/2121
f 1953/3125/2121 1952/3126/2121 1949/3123/2121
f 1949/3123/2121 1952/3126/2121 1951/3127/2121
f 1949/3123/2121 1951/3127/2121 1950/3128/2121
f 1890/3131/2421 1889/3130/2421 1900/3129/2421
f 1900/3129/2421 1889/3130/2421 1912/3132/2421
f 1900/3129/2421 1912/3132/2421 1911/3133/2421
f 1911/3133/2421 1910/3134/2421 1900/3129/2421
f 1900/3129/2421 1910/3134/2421 1909/1401/2421
f 1900/3129/2421 1909/1401/2421 1908/3135/2421
f 1908/3135/2421 1907/3136/2421 1900/3129/2421
f 1900/3129/2421 1907/3136/2421 1906/3137/2421
f 1900/3129/2421 1906/3137/2421 1905/3138/2421
f 1905/3138/2421 1904/3139/2421 1900/3129/2421
f 1900/3129/2421 1904/3139/2421 1903/3140/2421
f 1900/3129/2421 1903/3140/2421 1901/3141/2421
f 1901/3141/2421 1903/3140/2421 1902/3142/2421
f 1900/3129/2421 1899/3143/2421 1890/3131/2421
f 1890/3131/2421 1899/3143/2421 1891/3144/2421
f 1891/3144/2421 1899/3143/2421 1898/3145/2421
f 1891/3144/2421 1898/3145/2421 1892/3146/2421
f 1892/3146/2421 1898/3145/2421 1897/3147/2421
f 1892/3146/2421 1897/3147/2421 1893/1400/2421
f 1893/1400/2421 1897/3147/2421 1896/3148/2421
f 1893/1400/2421 1896/3148/2421 1894/3149/2421
f 1894/3149/2421 1896/3148/2421 1895/3150/2421

