<COLLADA xmlns="http://www.collada.org/2005/11/COLLADASchema" version="1.4.1">
  <asset>
    <contributor>
      <author>Blender User</author>
      <authoring_tool>Blender 3.0.1</authoring_tool>
    </contributor>
    <created>2026-07-24T15:38:38</created>
    <modified>2026-07-24T15:38:38</modified>
    <unit name="meter" meter="1" />
    <up_axis>Z_UP</up_axis>
  </asset>
  <library_effects>
    <effect id="Paint_-_Enamel_Glossy__Dark_Grey_-effect">
      <profile_COMMON>
        <technique sid="common">
          <lambert>
            <emission>
              <color sid="emission">0 0 0 1</color>
            </emission>
            <diffuse>
              <color sid="diffuse">0.8000 0.1600 0.1200 1</color>
            </diffuse>
            <reflectivity>
              <float sid="specular">1</float>
            </reflectivity>
            <index_of_refraction>
              <float sid="ior">1</float>
            </index_of_refraction>
          </lambert>
        </technique>
      </profile_COMMON>
    </effect>
    <effect id="Aluminum_-_Satin-effect">
      <profile_COMMON>
        <technique sid="common">
          <lambert>
            <emission>
              <color sid="emission">0 0 0 1</color>
            </emission>
            <diffuse>
              <color sid="diffuse">0.7800 0.8000 0.8400 1</color>
            </diffuse>
            <reflectivity>
              <float sid="specular">1</float>
            </reflectivity>
            <index_of_refraction>
              <float sid="ior">1</float>
            </index_of_refraction>
          </lambert>
        </technique>
      </profile_COMMON>
    </effect>
  </library_effects>
  <library_images />
  <library_materials>
    <material id="Paint_-_Enamel_Glossy__Dark_Grey_-material" name="Paint_-_Enamel_Glossy_(Dark_Grey)">
      <instance_effect url="#Paint_-_Enamel_Glossy__Dark_Grey_-effect" />
    </material>
    <material id="Aluminum_-_Satin-material" name="Aluminum_-_Satin">
      <instance_effect url="#Aluminum_-_Satin-effect" />
    </material>
  </library_materials>
  <library_geometries>
    <geometry id="Screwdriver-mesh" name="Screwdriver">
      <mesh>
        <source id="Screwdriver-mesh-positions">
          <float_array id="Screwdriver-mesh-positions-array" count="6552">0.06509906 -0.006426215 0.002614498 0.06586265 -0.006504476 0.002661228 0.06509906 -0.006203293 0.003452062 0.06595039 -0.006312966 0.003466367 0.06509906 -0.006203949 0.004318773 0.06595039 -0.006313681 0.004304289 0.06509906 -0.006428301 0.00515592 0.06595039 -0.006530523 0.005113601 0.06509906 -0.006861031 0.005906879 0.06595039 -0.006948888 0.005839645 0.06509906 -0.007472872 0.006520748 0.06595039 -0.007540404 0.006433069 0.06509906 -0.00822246 0.006955921 0.06595039 -0.008265078 0.006853818 0.06509906 -0.009058892 0.007182896 0.06595039 -0.009073734 0.007073283 0.06509906 -0.009925603 0.007186412 0.06595039 -0.009911596 0.00707668 0.06586265 -0.01071733 0.006887733 0.06659603 -0.01057517 0.006658554 0.06674516 -0.009870707 0.006754636 0.06724292 -0.01033425 0.006292641 0.06743049 -0.0098055 0.006241798 0.0677582 -0.009999215 0.005825877 0.06796091 -0.009720385 0.005572199 0.06798923 -0.009755969 0.005517125 0.06815642 -0.009477674 0.005191147 0.06796091 -0.009277164 0.005570411 0.06826347 -0.009170234 0.004852712 0.06796091 -0.008849382 0.005454301 0.06796091 -0.008466124 0.005231738 0.06743049 -0.008589327 0.00607717 0.06743049 -0.008054137 0.005766451 0.06674516 -0.008390128 0.006554245 0.06674516 -0.00773853 0.006175935 0.06659603 -0.006733238 0.002804219 0.06674516 -0.006634891 0.003508329 0.06674516 -0.006635487 0.004261791 0.06674516 -0.006830453 0.004989564 0.06674516 -0.007206678 0.005642354 0.06724292 -0.007098376 0.003046274 0.06743049 -0.00714749 0.003575205 0.06743049 -0.007148027 0.00419408 0.06743049 -0.007308185 0.004791915 0.06743049 -0.007617175 0.005328118 0.0677582 -0.007564008 0.003382861 0.06796091 -0.007816851 0.003662467 0.06796091 -0.007817208 0.004105687 0.06796091 -0.007931947 0.004533827 0.06796091 -0.0081532 0.00491786 0.06798923 -0.007871985 0.003627061 0.06815642 -0.008197069 0.003906369 0.06826347 -0.008534491 0.004214942 0.0683012 -0.008857607 0.004528582 0.06509906 -0.01076382 0.006966173 0.06674516 -0.009117245 0.006751596 0.06743049 -0.009186625 0.006239295 0.02473109 -0.01076382 0.006966173 0.02412772 -0.01073497 0.006917119 0.02473109 -0.009925603 0.007186412 0.02387732 -0.009911537 0.007076025 0.02473109 -0.009058892 0.007182896 0.02387732 -0.009073793 0.007072627 0.02473109 -0.00822246 0.006955921 0.02387732 -0.008265316 0.006853222 0.02473109 -0.007472872 0.006520748 0.02387732 -0.007540822 0.006432592 0.02473109 -0.006861031 0.005906879 0.02387732 -0.006949424 0.005839228 0.02473109 -0.006428301 0.00515592 0.02387732 -0.006531119 0.005113363 0.02473109 -0.006203949 0.004318773 0.02387732 -0.006314277 0.00430417 0.02473109 -0.006203293 0.003452062 0.02387732 -0.006313621 0.003466427 0.02412772 -0.00647521 0.002643525 0.02353537 -0.006619155 0.002732038 0.02308064 -0.006637334 0.003508687 0.02298319 -0.006853461 0.002881884 0.0224961 -0.007166266 0.003093361 0.02239429 -0.007152736 0.003575861 0.0220952 -0.007537782 0.003363013 0.02186411 -0.007825374 0.003663599 0.02179151 -0.007953047 0.003690242 0.02186411 -0.007825732 0.004104614 0.0215913 -0.008415341 0.004089891 0.02186411 -0.007939875 0.004530549 0.02186411 -0.008160054 0.004912614 0.02239429 -0.007313072 0.004789888 0.02239429 -0.007621407 0.0053249 0.02308064 -0.006832778 0.00498861 0.02308064 -0.007208645 0.005640804 0.02353537 -0.01064693 0.006772875 0.02308064 -0.00987035 0.006752192 0.02308064 -0.009117603 0.006749153 0.02308064 -0.008391082 0.00655198 0.02308064 -0.00774008 0.006173968 0.02298319 -0.01049786 0.006538093 0.0224961 -0.0102874 0.006224572 0.02239429 -0.009804844 0.006236553 0.0220952 -0.01001894 0.005852222 0.02186411 -0.009719252 0.005563616 0.02179151 -0.009693026 0.005435883 0.02186411 -0.009278297 0.005561828 0.0215913 -0.009294927 0.004972338 0.02186411 -0.00885272 0.005446314 0.0215255 -0.008866131 0.004520118 0.02186411 -0.008471369 0.005224943 0.02473109 -0.006426215 0.002614498 0.02239429 -0.009187281 0.006234049 0.02239429 -0.008591353 0.006072342 0.02239429 -0.008057296 0.005762279 0.02308064 -0.00663793 0.004261434 0.02239429 -0.007153213 0.004193425 0.0677582 -0.005766749 0.002246558 0.02084314 -0.005618214 0.002170741 0.02084314 -0.008046686 0.003767967 0.02084314 -0.01004129 0.005882143 0.02084314 -0.01149457 0.008399307 0.0677582 -0.01113045 0.00762844 0.0677582 -0.01194006 0.009596526 0.02473109 -0.01214468 0.01032155 0.02412909 -0.01215863 0.01037657 0.0677582 -0.01240456 0.01167333 0.06724381 -0.01231402 0.01110452 0.0665971 -0.01222735 0.01067388 0.06586331 -0.01216691 0.01041018 0.06509906 -0.01214468 0.01032155 0.02353805 -0.01219755 0.01054036 0.02084314 -0.0123282 0.01118379 0.022987 -0.01225668 0.0108112 0.02250081 -0.01232773 0.01118087 0.02210062 -0.01239901 0.01163303 0.02179741 -0.01246058 0.01215672 0.02159744 -0.01250427 0.01276469 0.02084314 -0.01249724 0.01408553 0.02153176 -0.0125184 0.01338624 0.02159744 -0.01250147 0.01400774 0.02179741 -0.01245498 0.01461547 0.02210062 -0.01239103 0.01513892 0.02250081 -0.01231765 0.01559066 0.02084314 -0.01199251 0.01694798 0.022987 -0.01224493 0.01596003 0.02353805 -0.01218456 0.01623058 0.02412909 -0.01214486 0.01639425 0.02473109 -0.01213067 0.01644921 0.06509906 -0.01213067 0.01644921 0.0677582 -0.01192194 0.01717579 0.06586331 -0.01215332 0.01636064 0.0665971 -0.01221495 0.01609724 0.06724381 -0.01230359 0.01566702 0.0677582 -0.01239675 0.01509863 0.0677582 -0.01110172 0.01914232 0.02084314 -0.01084125 0.01961684 0.02473109 -0.01073426 0.01979863 0.02413052 -0.01070535 0.01984721 0.0677582 -0.009959876 0.02094125 0.06724476 -0.01029902 0.02047389 0.06659817 -0.01054304 0.02010715 0.06586396 -0.01068717 0.01987725 0.06509906 -0.01073426 0.01979863 0.02354079 -0.01061731 0.01999008 0.02299094 -0.01046812 0.02022266 0.02250564 -0.01025766 0.02053338 0.02210617 -0.009989261 0.02090245 0.02180337 -0.009663522 0.02131533 0.02084314 -0.009105563 0.02194827 0.02160376 -0.00926578 0.02177512 0.02153807 -0.008837521 0.02222377 0.02160376 -0.008387506 0.02265053 0.02180337 -0.007926464 0.02304685 0.02084314 -0.006878972 0.02381664 0.02210617 -0.007512509 0.02337121 0.02250564 -0.007142543 0.02363842 0.02299094 -0.006831228 0.02384787 0.02354079 -0.006598114 0.02399629 0.02413052 -0.006455004 0.02408391 0.02084314 -0.00428152 0.02512109 0.02473109 -0.006406307 0.02411264 0.0677582 -0.00574702 0.02447891 0.06509906 -0.006406307 0.02411264 0.06586396 -0.006485104 0.02406579 0.06659817 -0.006715416 0.02392244 0.06724476 -0.007082939 0.02367955 0.0677582 -0.007551431 0.02334195 0.0677582 -0.003775835 0.02529305 0.02473109 -0.003051877 0.02549833 0.02413111 -0.002997159 0.02551233 0.0677582 -0.001695096 0.02576076 0.06724518 -0.00226587 0.02566927 0.06659865 -0.002698183 0.02558183 0.0658642 -0.002962887 0.0255208 0.06509906 -0.003051877 0.02549833 0.02354192 -0.002834141 0.02555125 0.02299255 -0.002564668 0.0256105 0.02250766 -0.002196729 0.02568179 0.02084314 -0.00145328 0.0257914 0.02210849 -0.001746594 0.02575361 0.02180594 -0.001225054 0.0258159 0.02160638 -6.19407e-4 0.02586066 0.02154076 0 0.02587604 0.02084314 0.00145328 0.0257914 0.02160638 6.19407e-4 0.02586066 0.02180594 0.001225054 0.0258159 0.02210849 0.001746594 0.02575361 0.02250766 0.002196729 0.02568179 0.02299255 0.002564668 0.0256105 0.02084314 0.00428152 0.02512109 0.02354192 0.002834141 0.02555125 0.02413111 0.002997159 0.02551233 0.02473109 0.003051877 0.02549833 0.0677582 0.003775835 0.02529305 0.0677582 0.00574702 0.02447891 0.06509906 0.003051817 0.02549833 0.0658642 0.002962827 0.0255208 0.06659865 0.002698183 0.02558183 0.06724518 0.00226587 0.02566927 0.0677582 0.001695096 0.02576076 0.0677582 0.007551431 0.02334195 0.06724476 0.007082939 0.02367955 0.06659817 0.006715416 0.02392244 0.06586396 0.006485104 0.02406579 0.06509906 0.006406307 0.02411264 0.02473109 0.006406307 0.02411264 0.02413052 0.006455004 0.02408391 0.02084314 0.006878972 0.02381664 0.02354079 0.006598114 0.02399629 0.02299094 0.006831228 0.02384787 0.02250564 0.007142543 0.02363842 0.02210617 0.007512509 0.02337121 0.02180337 0.007926464 0.02304685 0.02160376 0.008387506 0.02265053 0.02084314 0.009105563 0.02194827 0.02153807 0.008837521 0.02222377 0.02160376 0.00926578 0.02177512 0.02180337 0.009663522 0.02131533 0.02210617 0.009989261 0.02090245 0.02084314 0.01084125 0.01961684 0.02250564 0.01025766 0.02053338 0.02299094 0.01046812 0.02022266 0.02354079 0.01061731 0.01999008 0.02413052 0.01070535 0.01984721 0.02473109 0.01073426 0.01979863 0.06509906 0.01073426 0.01979863 0.0677582 0.01110172 0.01914232 0.02084314 0.01199251 0.01694798 0.0677582 0.01192194 0.01717579 0.02473109 0.01213067 0.01644921 0.06509906 0.01213067 0.01644921 0.06586331 0.01215332 0.01636064 0.0665971 0.01221495 0.01609724 0.06724381 0.01230353 0.01566702 0.0677582 0.01239675 0.01509863 0.06586396 0.01068717 0.01987725 0.06659817 0.01054304 0.02010715 0.06724476 0.01029902 0.02047389 0.0677582 0.009959876 0.02094125 0.02412909 0.01214486 0.01639425 0.02353805 0.01218456 0.01623058 0.022987 0.01224493 0.01596003 0.02250081 0.01231765 0.01559066 0.02210062 0.01239103 0.01513892 0.02084314 0.01249724 0.01408553 0.02179741 0.01245498 0.01461547 0.02159744 0.01250147 0.01400774 0.02153176 0.0125184 0.01338624 0.02159744 0.01250427 0.01276469 0.02084314 0.0123282 0.01118379 0.02179741 0.01246058 0.01215672 0.02210062 0.01239901 0.01163303 0.02250081 0.01232773 0.01118087 0.022987 0.01225668 0.0108112 0.02353805 0.01219755 0.01054036 0.02412909 0.01215863 0.01037657 0.02084314 0.01149457 0.008399307 0.02473109 0.01214468 0.01032155 0.0677582 0.01194006 0.009596526 0.06509906 0.01214468 0.01032155 0.06586331 0.01216691 0.01041018 0.0665971 0.01222735 0.01067388 0.06724381 0.01231396 0.01110452 0.0677582 0.01240456 0.01167333 0.0677582 0.01113045 0.00762844 0.02473109 0.01076382 0.006966173 0.02412772 0.01073497 0.006917119 0.0677582 0.009999215 0.005825877 0.06724292 0.01033425 0.006292641 0.06659603 0.01057517 0.006658554 0.06586265 0.01071733 0.006887733 0.06509906 0.01076382 0.006966173 0.02353537 0.01064693 0.006772875 0.02298319 0.01049786 0.006538093 0.02084314 0.01004129 0.005882143 0.0224961 0.0102874 0.006224572 0.0220952 0.01001894 0.005852222 0.02179151 0.009693026 0.005435883 0.0215913 0.009294927 0.004972338 0.0215255 0.008866131 0.004520118 0.02084314 0.008046686 0.003767967 0.0215913 0.008415341 0.004089891 0.02179151 0.007953047 0.003690242 0.0220952 0.007537782 0.003363013 0.0224961 0.007166266 0.003093361 0.02298319 0.006853461 0.002881884 0.02084314 0.005618214 0.002170741 0.02353537 0.006619155 0.002732038 0.02412772 0.00647521 0.002643525 0.02473109 0.006426215 0.002614498 0.0677582 0.005766689 0.002246558 0.0677582 0.003803014 0.001430869 0.06509906 0.006426215 0.002614498 0.06586265 0.006504476 0.002661228 0.06659603 0.006733238 0.002804219 0.06724292 0.007098376 0.003046274 0.0677582 0.007564008 0.003382861 0.0677582 0.001729607 9.59274e-4 0.0672425 0.002296149 0.001051545 0.06659561 0.002724826 0.001139342 0.06586241 0.002987265 0.001200437 0.06509906 0.00307548 0.001222848 0.02473109 0.00307548 0.001222848 0.02084314 0.002886891 0.001176595 0.02412712 0.003020286 0.001208662 0.02353429 0.002855777 0.001169025 0.02298164 0.002583861 0.001108765 0.02249413 0.002212822 0.001036286 0.02209299 0.001759052 9.63452e-4 0.02178913 0.001233518 9.00209e-4 0.02084314 0 8.39215e-4 0.02158886 6.23575e-4 8.54828e-4 0.02152299 0 8.39215e-4 0.02158886 -6.23575e-4 8.54828e-4 0.02178913 -0.001233518 9.00209e-4 0.02084314 -0.002886891 0.001176595 0.02209299 -0.001759052 9.63452e-4 0.02249413 -0.002212822 0.001036286 0.02298164 -0.002583861 0.001108765 0.02353429 -0.002855777 0.001169025 0.02412712 -0.003020286 0.001208662 0.02473109 -0.00307548 0.001222848 0.0677582 -0.003803014 0.001430869 0.06509906 -0.00307548 0.001222848 0.06586241 -0.002987265 0.001200437 0.06659561 -0.002724826 0.001139342 0.0672425 -0.002296149 0.001051545 0.0677582 -0.001729607 9.59274e-4 0.06509906 -0.01140105 0.0107575 0.06594604 -0.01146817 0.01084399 0.06509906 -0.01079416 0.0113697 0.06594604 -0.0108813 0.0114361 0.06509906 -0.01036483 0.0121172 0.06594604 -0.01046603 0.01215898 0.06509906 -0.01014167 0.01294982 0.06594604 -0.01025021 0.01296424 0.06509906 -0.0101397 0.01381182 0.06594604 -0.0102483 0.01379787 0.06509906 -0.01035904 0.01464545 0.06594604 -0.01046043 0.01460409 0.06509906 -0.01078498 0.01539486 0.06594604 -0.01087236 0.01532888 0.06509906 -0.01138901 0.0160098 0.06594604 -0.01145654 0.01592361 0.06673735 -0.01165473 0.01567071 0.06742089 -0.01197052 0.01526767 0.06795173 -0.01238316 0.014741 0.06798636 -0.01244276 0.01471108 0.06815177 -0.01247632 0.01428645 0.06795173 -0.01207149 0.01442366 0.06825768 -0.01249825 0.0138331 0.06795173 -0.01185166 0.01403701 0.06795173 -0.01173847 0.01360684 0.06742089 -0.01123213 0.01428955 0.06742089 -0.0110749 0.0136919 0.06673735 -0.01075798 0.01448279 0.06673735 -0.010567 0.01375705 0.06673735 -0.01166522 0.01109784 0.06673735 -0.01113688 0.01163089 0.06673735 -0.01076304 0.01228165 0.06673735 -0.01056873 0.01300656 0.06742089 -0.01197916 0.01150232 0.06742089 -0.0115441 0.01194125 0.06742089 -0.01123631 0.01247709 0.06742089 -0.01107633 0.01307398 0.06795173 -0.01238936 0.01203089 0.06795173 -0.01207619 0.01234674 0.06795173 -0.01185464 0.01273244 0.06795173 -0.01173955 0.01316207 0.06798636 -0.01244878 0.01206105 0.06815177 -0.01248043 0.0124858 0.06825768 -0.01250028 0.01293933 0.068295 -0.0125066 0.01338618 0.06673735 -0.01112884 0.01513528 0.06742089 -0.01153749 0.01482677 0.02473109 -0.01138901 0.01600986 0.02388173 -0.01145696 0.01592314 0.02473109 -0.01078498 0.01539486 0.02388173 -0.0108729 0.01532852 0.02473109 -0.01035904 0.01464545 0.02388173 -0.01046103 0.01460385 0.02473109 -0.0101397 0.01381182 0.02388173 -0.01024895 0.01379781 0.02473109 -0.01014167 0.01294982 0.02388173 -0.01025086 0.0129643 0.02473109 -0.01036483 0.0121172 0.02388173 -0.01046663 0.01215922 0.02473109 -0.01079416 0.0113697 0.02388173 -0.01088178 0.01143646 0.02473109 -0.01140105 0.0107575 0.02388173 -0.01146852 0.01084452 0.02308851 -0.01166665 0.01109975 0.02240395 -0.01198226 0.01150643 0.02187335 -0.01239448 0.01203751 0.02187335 -0.01208287 0.01235187 0.02187335 -0.01186245 0.01273566 0.02187335 -0.01174783 0.01316314 0.02240395 -0.01124101 0.012479 0.02240395 -0.01108139 0.01307463 0.02308851 -0.01076525 0.01228255 0.02308851 -0.01057112 0.01300686 0.02308851 -0.01165622 0.0156688 0.02308851 -0.01113075 0.01513379 0.02308851 -0.01076024 0.0144819 0.02308851 -0.01056945 0.01375669 0.02240395 -0.01197367 0.01526361 0.02187335 -0.01238834 0.01473438 0.02187335 -0.01207816 0.0144186 0.02187335 -0.01185947 0.01403379 0.02187335 -0.01174682 0.01360577 0.02240395 -0.0115416 0.01482367 0.02240395 -0.0112369 0.01428759 0.02240395 -0.01107996 0.01369124 0.02308851 -0.01113879 0.01163232 0.02240395 -0.01154816 0.01194435 0.06509906 -0.009903371 0.01958751 0.06594175 -0.009890377 0.0196951 0.06509906 -0.009046077 0.01959556 0.06594175 -0.009061038 0.01970291 0.06509906 -0.008219242 0.01982212 0.06594175 -0.008261084 0.01992213 0.06509906 -0.0074777 0.02025228 0.06594175 -0.007543683 0.02033829 0.06509906 -0.006870508 0.02085751 0.06594175 -0.006956219 0.02092379 0.06509906 -0.006437897 0.02159774 0.06594175 -0.006537735 0.02163988 0.06509906 -0.006208658 0.0224238 0.06594175 -0.006315946 0.02243912 0.06509906 -0.006197869 0.02328103 0.06594175 -0.006305515 0.02326846 0.06672954 -0.00662142 0.0232315 0.06741124 -0.007125079 0.02317255 0.0679425 -0.007783651 0.02309548 0.0679835 -0.007855355 0.02310174 0.06814706 -0.008176922 0.02282673 0.0679425 -0.007789254 0.02264922 0.06825172 -0.008510231 0.02252358 0.0679425 -0.007908642 0.02221918 0.0679425 -0.008133828 0.02183383 0.06741124 -0.007297873 0.02196109 0.06741124 -0.007609128 0.0214284 0.06672954 -0.006830751 0.02176374 0.06672954 -0.00720793 0.02111828 0.06672954 -0.009852409 0.02001094 0.06672954 -0.009104907 0.02001792 0.06672954 -0.008383989 0.02021551 0.06672954 -0.007737338 0.0205906 0.06741124 -0.009791851 0.02051436 0.06741124 -0.009174883 0.02052015 0.06741124 -0.00857985 0.02068322 0.06741124 -0.00804615 0.02099281 0.0679425 -0.009712636 0.0211727 0.0679425 -0.009266376 0.02117687 0.0679425 -0.008835971 0.02129483 0.0679425 -0.008449912 0.02151876 0.0679835 -0.009718716 0.0212444 0.06814706 -0.009442627 0.02156513 0.06825172 -0.009138405 0.02189743 0.06828862 -0.008829414 0.0222156 0.06672954 -0.006630837 0.022484 0.06741124 -0.007132828 0.02255558 0.02473109 -0.006197869 0.02328103 0.02388608 -0.006306111 0.0232684 0.02473109 -0.006208658 0.0224238 0.02388608 -0.006316542 0.02243918 0.02473109 -0.006437897 0.02159774 0.02388608 -0.006538331 0.02164012 0.02473109 -0.006870508 0.02085751 0.02388608 -0.006956696 0.02092421 0.02473109 -0.0074777 0.02025228 0.02388608 -0.00754404 0.02033877 0.02473109 -0.008219242 0.01982212 0.02388608 -0.008261322 0.01992267 0.02473109 -0.009046077 0.01959556 0.02388608 -0.009061098 0.0197035 0.02473109 -0.009903371 0.01958751 0.02388608 -0.009890317 0.01969575 0.02309638 -0.009852111 0.02001327 0.02241373 -0.009791254 0.02051931 0.02188265 -0.009711682 0.02118086 0.02188265 -0.009267508 0.02118498 0.02188265 -0.00883913 0.0213024 0.02188265 -0.008454918 0.02152526 0.02241373 -0.008581757 0.02068781 0.02241373 -0.00804919 0.0209968 0.02309638 -0.008384883 0.02021765 0.02309638 -0.007738769 0.02059245 0.02309638 -0.006623804 0.0232312 0.02309638 -0.006633162 0.02248436 0.02309638 -0.006832897 0.02176463 0.02309638 -0.007209777 0.02111977 0.02241373 -0.007130026 0.02317196 0.02188265 -0.007791817 0.02309453 0.02188265 -0.00779742 0.02265036 0.02188265 -0.007916152 0.02222234 0.02188265 -0.008140265 0.02183884 0.02241373 -0.007137775 0.0225563 0.02241373 -0.007302463 0.021963 0.02241373 -0.007613122 0.02143144 0.02309638 -0.009105265 0.02002024 0.02241373 -0.009175539 0.02052509 0.06509906 -0.002611637 0.02476495 0.06593996 -0.002527058 0.02483189 0.06509906 -0.001999199 0.02416789 0.06593996 -0.001934409 0.02425414 0.06509906 -0.001254796 0.02374649 0.06593996 -0.001214146 0.02384644 0.06509906 -4.27683e-4 0.02352863 0.06593996 -4.13823e-4 0.02363562 0.06509906 4.27679e-4 0.02352863 0.06593996 4.13819e-4 0.02363562 0.06509906 0.001254796 0.02374649 0.06593996 0.001214146 0.02384644 0.06509906 0.001999139 0.02416789 0.06593996 0.001934409 0.02425414 0.06509906 0.002611637 0.02476495 0.06593996 0.002527058 0.02483189 0.06672632 0.002278625 0.02502846 0.06740725 0.001882553 0.0253418 0.06793862 0.001364529 0.0257517 0.06798231 0.001311421 0.02580493 0.06814509 8.90642e-4 0.025837 0.06793862 0.001044511 0.02543973 0.06824928 4.41991e-4 0.0258575 0.06793862 6.5562e-4 0.02521955 0.06793862 2.23455e-4 0.02510571 0.06740725 9.04533e-4 0.02460765 0.06740725 3.08287e-4 0.0244506 0.06672632 0.001094818 0.02413982 0.06672632 3.73148e-4 0.02394974 0.06672632 -0.002278625 0.02502846 0.06672632 -0.00174427 0.02450746 0.06672632 -0.001094818 0.02413982 0.06672632 -3.73152e-4 0.02394974 0.06740725 -0.001882553 0.0253418 0.06740725 -0.001441061 0.0249114 0.06740725 -9.04537e-4 0.02460765 0.06740725 -3.08291e-4 0.0244506 0.06793862 -0.001364529 0.0257517 0.06793862 -0.001044511 0.02543973 0.06793862 -6.55624e-4 0.02521955 0.06793862 -2.23459e-4 0.02510571 0.06798231 -0.001311421 0.02580493 0.06814509 -8.90646e-4 0.025837 0.06824928 -4.41995e-4 0.0258575 0.06828594 0 0.02586466 0.06672632 0.00174427 0.02450746 0.06740725 0.001441061 0.0249114 0.02473109 0.002611637 0.02476495 0.02388793 0.002526581 0.0248323 0.02473109 0.001999199 0.02416789 0.02388793 0.001934051 0.02425467 0.02473109 0.001254796 0.02374649 0.02388793 0.001213908 0.02384698 0.02473109 4.27681e-4 0.02352863 0.02388793 4.13745e-4 0.02363622 0.02473109 -4.27681e-4 0.02352863 0.02388793 -4.13745e-4 0.02363622 0.02473109 -0.001254796 0.02374649 0.02388793 -0.001213908 0.02384698 0.02473109 -0.001999199 0.02416789 0.02388793 -0.001934051 0.02425467 0.02473109 -0.002611637 0.02476495 0.02388793 -0.002526581 0.0248323 0.02309966 -0.002276837 0.02502989 0.02241772 -0.001878678 0.02534484 0.02188658 -0.001358151 0.02575671 0.02188658 -0.001039624 0.02544623 0.02188658 -6.5256e-4 0.02522706 0.02188658 -2.22411e-4 0.02511376 0.02241772 -9.02669e-4 0.02461224 0.02241772 -3.07657e-4 0.02445548 0.02309966 -0.001093924 0.02414202 0.02309966 -3.72849e-4 0.02395206 0.02309966 0.002276837 0.02502989 0.02309966 0.001742839 0.02450937 0.02309966 0.001093924 0.02414202 0.02309966 3.72849e-4 0.02395206 0.02241772 0.001878678 0.02534484 0.02188658 0.001358151 0.02575671 0.02188658 0.001039624 0.02544623 0.02188658 6.5256e-4 0.02522706 0.02188658 2.22411e-4 0.02511376 0.02241772 0.001438081 0.02491533 0.02241772 9.02669e-4 0.02461224 0.02241772 3.07657e-4 0.02445548 0.02309966 -0.001742839 0.02450937 0.02241772 -0.001438081 0.02491533 0.06509906 0.006197869 0.02328103 0.06594175 0.006305515 0.02326846 0.06509906 0.006208658 0.0224238 0.06594175 0.006315946 0.02243912 0.06509906 0.006437897 0.02159774 0.06594175 0.006537735 0.02163988 0.06509906 0.006870508 0.02085751 0.06594175 0.006956219 0.02092379 0.06509906 0.0074777 0.02025228 0.06594175 0.007543683 0.02033829 0.06509906 0.008219242 0.01982212 0.06594175 0.008261084 0.01992213 0.06509906 0.009046077 0.01959556 0.06594175 0.009061038 0.01970291 0.06509906 0.009903371 0.01958751 0.06594175 0.009890377 0.0196951 0.06672954 0.009852409 0.02001094 0.06741124 0.009791851 0.02051436 0.0679425 0.009712636 0.0211727 0.0679835 0.009718716 0.0212444 0.06814706 0.009442627 0.02156513 0.0679425 0.009266376 0.02117687 0.06825172 0.009138405 0.02189743 0.0679425 0.008835911 0.02129483 0.0679425 0.008449912 0.02151876 0.06741124 0.00857985 0.02068322 0.06741124 0.00804615 0.02099281 0.06672954 0.008383989 0.02021551 0.06672954 0.007737338 0.0205906 0.06672954 0.00662142 0.0232315 0.06672954 0.006630837 0.022484 0.06672954 0.006830751 0.02176374 0.06672954 0.00720793 0.02111828 0.06741124 0.007125079 0.02317255 0.06741124 0.007132828 0.02255558 0.06741124 0.007297813 0.02196109 0.06741124 0.007609128 0.0214284 0.0679425 0.007783651 0.02309548 0.0679425 0.007789254 0.02264922 0.0679425 0.007908642 0.02221918 0.0679425 0.008133828 0.02183383 0.0679835 0.007855355 0.02310174 0.06814706 0.008176922 0.02282673 0.06825172 0.008510231 0.02252358 0.06828862 0.008829414 0.0222156 0.06672954 0.009104907 0.02001792 0.06741124 0.009174883 0.02052015 0.02473109 0.009903371 0.01958751 0.02388608 0.009890317 0.01969575 0.02473109 0.009046077 0.01959556 0.02388608 0.009061098 0.0197035 0.02473109 0.008219242 0.01982212 0.02388608 0.008261322 0.01992267 0.02473109 0.0074777 0.02025228 0.02388608 0.00754404 0.02033877 0.02473109 0.006870508 0.02085751 0.02388608 0.006956696 0.02092421 0.02473109 0.006437897 0.02159774 0.02388608 0.006538331 0.02164012 0.02473109 0.006208658 0.0224238 0.02388608 0.006316542 0.02243918 0.02473109 0.006197869 0.02328103 0.02388608 0.006306111 0.0232684 0.02309638 0.006623804 0.0232312 0.02241373 0.007130026 0.02317196 0.02188265 0.007791817 0.02309453 0.02188265 0.00779742 0.02265036 0.02188265 0.007916152 0.02222234 0.02188265 0.008140265 0.02183884 0.02241373 0.007302463 0.021963 0.02241373 0.007613122 0.02143144 0.02309638 0.006832897 0.02176463 0.02309638 0.007209777 0.02111977 0.02309638 0.009852111 0.02001327 0.02309638 0.009105265 0.02002024 0.02309638 0.008384883 0.02021765 0.02309638 0.007738769 0.02059245 0.02241373 0.009791254 0.02051931 0.02188265 0.009711682 0.02118086 0.02188265 0.009267508 0.02118498 0.02188265 0.00883913 0.0213024 0.02188265 0.008454918 0.02152526 0.02241373 0.009175539 0.02052509 0.02241373 0.008581757 0.02068781 0.02241373 0.00804919 0.0209968 0.02309638 0.006633162 0.02248436 0.02241373 0.007137775 0.0225563 0.06509906 0.01138901 0.0160098 0.06594604 0.01145654 0.01592361 0.06509906 0.01078498 0.01539486 0.06594604 0.01087236 0.01532888 0.06509906 0.01035904 0.01464545 0.06594604 0.01046043 0.01460409 0.06509906 0.0101397 0.01381182 0.06594604 0.0102483 0.01379787 0.06509906 0.01014167 0.01294982 0.06594604 0.01025021 0.01296424 0.06509906 0.01036483 0.0121172 0.06594604 0.01046603 0.01215898 0.06509906 0.01079416 0.0113697 0.06594604 0.0108813 0.0114361 0.06509906 0.01140099 0.0107575 0.06594604 0.01146817 0.01084399 0.06673735 0.01166516 0.01109784 0.06742089 0.0119791 0.01150232 0.06795173 0.01238936 0.01203089 0.06798636 0.01244878 0.01206105 0.06815177 0.01248043 0.0124858 0.06795173 0.01207619 0.01234674 0.06825768 0.01250028 0.01293933 0.06795173 0.01185464 0.01273244 0.06795173 0.01173955 0.01316207 0.06742089 0.01123631 0.01247709 0.06742089 0.01107633 0.01307398 0.06673735 0.01076304 0.01228165 0.06673735 0.01056873 0.01300656 0.06673735 0.01165473 0.01567071 0.06673735 0.01112884 0.01513528 0.06673735 0.01075798 0.01448279 0.06673735 0.010567 0.01375705 0.06742089 0.01197052 0.01526767 0.06742089 0.01153749 0.01482677 0.06742089 0.01123213 0.01428955 0.06742089 0.0110749 0.0136919 0.06795173 0.01238316 0.014741 0.06795173 0.01207149 0.01442366 0.06795173 0.01185166 0.01403701 0.06795173 0.01173847 0.01360684 0.06798636 0.0124427 0.01471108 0.06815177 0.01247632 0.01428645 0.06825768 0.01249825 0.0138331 0.068295 0.0125066 0.01338618 0.06673735 0.01113688 0.01163089 0.06742089 0.0115441 0.01194125 0.02473109 0.01140105 0.0107575 0.02388173 0.01146852 0.01084452 0.02473109 0.01079416 0.0113697 0.02388173 0.01088178 0.01143646 0.02473109 0.01036483 0.0121172 0.02388173 0.01046663 0.01215922 0.02473109 0.01014167 0.01294982 0.02388173 0.01025086 0.0129643 0.02473109 0.0101397 0.01381182 0.02388173 0.01024895 0.01379781 0.02473109 0.01035904 0.01464545 0.02388173 0.01046103 0.01460385 0.02473109 0.01078498 0.01539486 0.02388173 0.0108729 0.01532852 0.02473109 0.01138901 0.01600986 0.02388173 0.01145696 0.01592314 0.02308851 0.01165622 0.0156688 0.02240395 0.01197367 0.01526361 0.02187335 0.01238834 0.01473438 0.02187335 0.01207816 0.0144186 0.02187335 0.01185947 0.01403379 0.02187335 0.01174682 0.01360577 0.02240395 0.0112369 0.01428759 0.02240395 0.01107996 0.01369124 0.02308851 0.01076024 0.0144819 0.02308851 0.01056945 0.01375669 0.02308851 0.01166665 0.01109975 0.02308851 0.01113879 0.01163232 0.02308851 0.01076525 0.01228255 0.02308851 0.01057112 0.01300686 0.02240395 0.01198226 0.01150643 0.02187335 0.01239448 0.01203751 0.02187335 0.01208287 0.01235187 0.02187335 0.01186245 0.01273566 0.02187335 0.01174783 0.01316314 0.02240395 0.01154816 0.01194435 0.02240395 0.01124101 0.012479 0.02240395 0.01108139 0.01307463 0.02308851 0.01113075 0.01513379 0.02240395 0.0115416 0.01482367 0.06509906 0.009925603 0.007186412 0.06595039 0.009911596 0.00707668 0.06509906 0.009058892 0.007182896 0.06595039 0.009073734 0.007073283 0.06509906 0.00822246 0.006955921 0.06595039 0.008265078 0.006853818 0.06509906 0.007472872 0.006520748 0.06595039 0.007540404 0.006433069 0.06509906 0.006861031 0.005906879 0.06595039 0.006948888 0.005839645 0.06509906 0.006428301 0.00515592 0.06595039 0.006530523 0.005113601 0.06509906 0.006203949 0.004318773 0.06595039 0.006313681 0.004304289 0.06509906 0.006203293 0.003452062 0.06595039 0.006312966 0.003466367 0.06674516 0.006634891 0.003508329 0.06743049 0.00714749 0.003575205 0.06796091 0.007816851 0.003662467 0.06798923 0.007871985 0.003627061 0.06815642 0.008197069 0.003906369 0.06796091 0.007817208 0.004105687 0.06826347 0.008534491 0.004214942 0.06796091 0.007931888 0.004533827 0.06796091 0.0081532 0.00491786 0.06743049 0.007308185 0.004791915 0.06743049 0.007617175 0.005328118 0.06674516 0.006830453 0.004989564 0.06674516 0.007206678 0.005642354 0.06674516 0.009870707 0.006754636 0.06674516 0.009117245 0.006751596 0.06674516 0.008390128 0.006554245 0.06674516 0.00773853 0.006175935 0.06743049 0.0098055 0.006241798 0.06743049 0.009186625 0.006239295 0.06743049 0.008589327 0.00607717 0.06743049 0.008054077 0.005766451 0.06796091 0.009720325 0.005572199 0.06796091 0.009277164 0.005570411 0.06796091 0.008849382 0.005454301 0.06796091 0.008466124 0.005231738 0.06798923 0.009755969 0.005517125 0.06815642 0.009477674 0.005191147 0.06826347 0.009170234 0.004852712 0.0683012 0.008857607 0.004528582 0.06674516 0.006635487 0.004261791 0.06743049 0.007148027 0.00419408 0.02473109 0.006203293 0.003452062 0.02387732 0.006313621 0.003466427 0.02473109 0.006203949 0.004318773 0.02387732 0.006314277 0.00430417 0.02473109 0.006428301 0.00515592 0.02387732 0.006531119 0.005113363 0.02473109 0.006861031 0.005906879 0.02387732 0.006949424 0.005839228 0.02473109 0.007472872 0.006520748 0.02387732 0.007540822 0.006432592 0.02473109 0.00822246 0.006955921 0.02387732 0.008265316 0.006853222 0.02473109 0.009058892 0.007182896 0.02387732 0.009073793 0.007072627 0.02473109 0.009925603 0.007186412 0.02387732 0.009911537 0.007076025 0.02308064 0.00987035 0.006752192 0.02239429 0.009804844 0.006236553 0.02186411 0.009719252 0.005563616 0.02186411 0.009278297 0.005561828 0.02186411 0.00885272 0.005446314 0.02186411 0.008471369 0.005224943 0.02239429 0.008591353 0.006072342 0.02239429 0.008057296 0.005762279 0.02308064 0.008391082 0.00655198 0.02308064 0.00774008 0.006173968 0.02308064 0.006637334 0.003508687 0.02308064 0.00663793 0.004261434 0.02308064 0.006832778 0.00498861 0.02308064 0.007208645 0.005640804 0.02239429 0.007152736 0.003575861 0.02186411 0.007825374 0.003663599 0.02186411 0.007825732 0.004104614 0.02186411 0.007939875 0.004530549 0.02186411 0.008160054 0.004912614 0.02239429 0.007153213 0.004193425 0.02239429 0.007313072 0.004789888 0.02239429 0.007621407 0.0053249 0.02308064 0.009117603 0.006749153 0.02239429 0.009187281 0.006234049 0.02473109 -0.002640485 0.001974761 0.02387553 -0.002551853 0.001906633 0.02473109 -0.002025842 0.00258857 0.02387553 -0.001957893 0.002499878 0.02473109 -0.001273393 0.003022611 0.02387553 -0.001230657 0.002919316 0.02473109 -4.34325e-4 0.003247201 0.02387553 -4.1975e-4 0.003136396 0.02473109 4.34325e-4 0.003247201 0.02387553 4.1975e-4 0.003136396 0.02473109 0.001273393 0.003022611 0.02387553 0.001230657 0.002919316 0.02473109 0.002025842 0.00258857 0.02387553 0.001957893 0.002499878 0.02473109 0.002640485 0.001974761 0.02387553 0.002551853 0.001906633 0.02307742 0.002291977 0.001706898 0.0223903 0.001878201 0.001388907 0.0218603 0.001338362 9.74017e-4 0.0218603 0.001026809 0.001285076 0.0218603 6.45442e-4 0.001505076 0.0218603 2.20138e-4 0.001618921 0.0223903 9.05791e-4 0.002134203 0.0223903 3.08936e-4 0.002294003 0.02307742 0.001105308 0.002616405 0.02307742 3.76995e-4 0.002811372 0.02307742 -0.002291977 0.001706898 0.02307742 -0.001758456 0.002239704 0.02307742 -0.001105308 0.002616405 0.02307742 -3.76996e-4 0.002811372 0.0223903 -0.001878201 0.001388907 0.0218603 -0.001338362 9.74017e-4 0.0218603 -0.001026809 0.001285076 0.0218603 -6.45442e-4 0.001505076 0.0218603 -2.20139e-4 0.001618921 0.0223903 -0.001441001 0.001825511 0.0223903 -9.05791e-4 0.002134203 0.0223903 -3.08936e-4 0.002294003 0.02307742 0.001758456 0.002239704 0.0223903 0.001441001 0.001825511 0.06509906 0.002640485 0.001974761 0.06595218 0.00255239 0.00190705 0.06509906 0.002025842 0.00258857 0.06595218 0.00195825 0.002500414 0.06509906 0.001273393 0.003022611 0.06595218 0.001230895 0.002919912 0.06509906 4.34323e-4 0.003247201 0.06595218 4.19831e-4 0.003137052 0.06509906 -4.34327e-4 0.003247201 0.06595218 -4.19835e-4 0.003137052 0.06509906 -0.001273393 0.003022611 0.06595218 -0.001230895 0.002919912 0.06509906 -0.002025842 0.00258857 0.06595218 -0.00195825 0.002500414 0.06509906 -0.002640485 0.001974761 0.06595218 -0.00255239 0.00190705 0.06674832 -0.002293944 0.001708388 0.06743448 -0.001882433 0.001392126 0.06796473 -0.001345217 9.79313e-4 0.06799036 -0.001338124 9.133e-4 0.06815826 -9.09714e-4 8.80094e-4 0.06796473 -0.001032114 0.00129199 0.06826579 -4.51634e-4 8.58852e-4 0.06796473 -6.4877e-4 0.001513123 0.06796473 -2.21277e-4 0.001627564 0.06743448 -9.07833e-4 0.002139091 0.06743448 -3.0963e-4 0.002299249 0.06674832 -0.001106262 0.00261873 0.06674832 -3.77329e-4 0.002813875 0.06674832 0.002293944 0.001708388 0.06674832 0.001760005 0.002241671 0.06674832 0.001106262 0.00261873 0.06674832 3.77325e-4 0.002813875 0.06743448 0.001882374 0.001392126 0.06743448 0.00144422 0.001829743 0.06743448 9.07828e-4 0.002139091 0.06743448 3.09626e-4 0.002299249 0.06796473 0.001345217 9.79313e-4 0.06796473 0.001032114 0.00129199 0.06796473 6.48765e-4 0.001513123 0.06796473 2.21273e-4 0.001627564 0.06799036 0.001338124 9.133e-4 0.06815826 9.0971e-4 8.80094e-4 0.06826579 4.51629e-4 8.58852e-4 0.0683037 0 8.51373e-4 0.06674832 -0.001760005 0.002241671 0.06743448 -0.00144422 0.001829743 0.002130329 0.002626419 0.00270164 0.002130329 0 0.002382755 0.002177894 0 0.01038211 0.002130329 -0.002626419 0.00270164 0.002177894 -7.70115e-4 0.0104835 0.002130329 -0.00510025 0.003639817 0.002177894 -0.001487731 0.01078075 0.002130329 -0.007277667 0.005142807 0.002177894 -0.002103984 0.01125365 0.002130329 -0.00903213 0.007123172 0.002177894 -0.002576828 0.0118699 0.002130329 -0.01026165 0.009465873 0.002177894 -0.002874076 0.01258748 0.002130329 -0.01089483 0.01203477 0.002177894 -0.002975463 0.01335763 0.002130329 -0.01089483 0.0146805 0.002177894 -0.002874076 0.01412773 0.002130329 -0.01026165 0.0172494 0.002177894 -0.002576828 0.01484537 0.002130329 -0.00903213 0.0195921 0.002177894 -0.002103984 0.01546162 0.002130329 -0.007277667 0.02157247 0.002177894 -0.001487731 0.01593446 0.002130329 -0.00510025 0.0230754 0.002177894 -7.70115e-4 0.01623177 0.002130329 -0.002626419 0.02401363 0.002177894 0 0.01633316 0.002130329 0 0.02433252 0.002130329 0.002626419 0.02401363 0.002177894 7.70117e-4 0.01623177 0.002130329 0.00510025 0.0230754 0.002177894 0.001487731 0.01593446 0.002130329 0.007277667 0.02157247 0.002177894 0.002103984 0.01546162 0.002130329 0.00903213 0.0195921 0.002177894 0.002576828 0.01484537 0.002130329 0.01026165 0.0172494 0.002177894 0.002874076 0.01412773 0.002130329 0.01089483 0.0146805 0.002177894 0.002975463 0.01335763 0.002130329 0.01089483 0.01203477 0.002177894 0.002874076 0.01258748 0.002130329 0.01026165 0.009465873 0.002177894 0.002576828 0.0118699 0.002130329 0.00903213 0.007123172 0.002177894 0.002103984 0.01125365 0.002130329 0.007277667 0.005142807 0.002177894 0.001487731 0.01078075 0.002130329 0.00510025 0.003639817 0.002177894 7.70117e-4 0.0104835 0.07052105 -0.009347736 0.005513906 0.07052105 -0.01090466 0.007881045 0.07052105 -0.01187372 0.01054352 0.07052105 -0.01220268 0.01335763 0.07052105 -0.01187372 0.01617175 0.07052105 -0.01090466 0.01883417 0.07052105 -0.009347736 0.02120137 0.07052105 -0.007286906 0.02314567 0.07052105 -0.004833221 0.02456229 0.07052105 -0.002118945 0.02537488 0.07052105 7.09519e-4 0.02553963 0.07052105 0.003499746 0.02504765 0.07052105 0.00610131 0.02392542 0.07052105 0.008373975 0.02223354 0.07052105 0.01019513 0.0200631 0.07052105 0.01146674 0.01753121 0.07052105 0.01212012 0.01477426 0.07052105 0.01212012 0.01194095 0.07052105 0.01146674 0.009184062 0.07052105 0.01019513 0.006652116 0.07052105 0.008373975 0.004481732 0.07052105 0.00610131 0.002789795 0.07052105 0.003499746 0.001667618 0.07052105 7.09519e-4 0.001175582 0.07052105 -0.002118945 0.001340329 0.07052105 -0.004833221 0.002152919 0.07052105 -0.007286906 0.003569602 0.07974606 -0.002769172 0.01335763 0.07999998 0 0.01335763 0.07974606 -0.002694547 0.01399624 0.07974606 -0.002474606 0.01460045 0.07974606 -0.002121269 0.01513761 0.07974606 -0.001653611 0.01557886 0.07974606 -0.001096785 0.01590037 0.07974606 -4.80867e-4 0.01608473 0.07974606 1.61008e-4 0.01612216 0.07974606 7.94207e-4 0.01601046 0.07974606 0.001384556 0.01575583 0.07974606 0.001900315 0.01537185 0.07974606 0.002313613 0.01487934 0.07974606 0.002602159 0.01430475 0.07974606 0.002750456 0.01367908 0.07974606 0.002750456 0.01303613 0.07974606 0.002602159 0.01241052 0.07974606 0.002313613 0.01183593 0.07974606 0.001900315 0.01134335 0.07974606 0.001384556 0.01095944 0.07974606 7.94207e-4 0.01070475 0.07974606 1.61008e-4 0.01059311 0.07974606 -4.80867e-4 0.01063048 0.07974606 -0.001096785 0.0108149 0.07974606 -0.001653611 0.01113641 0.07974606 -0.002121269 0.0115776 0.07974606 -0.002474606 0.01211482 0.07974606 -0.002694547 0.01271903 0.07314139 -0.01127165 0.01335763 0.07314139 -0.01096779 0.01595705 0.07314139 -0.0100727 0.01841634 0.07314139 -0.008634567 0.02060294 0.07314139 -0.006730973 0.02239888 0.07314139 -0.004464447 0.02370744 0.07314139 -0.001957297 0.02445805 0.07314139 6.55387e-4 0.02461022 0.07314139 0.003232717 0.02415579 0.07314139 0.005635797 0.02311915 0.07314139 0.007735073 0.02155631 0.07314139 0.009417295 0.01955151 0.07314139 0.01059186 0.01721274 0.07314139 0.01119542 0.01466619 0.07314139 0.01119542 0.01204907 0.07314139 0.01059186 0.00950247 0.07314139 0.009417295 0.007163763 0.07314139 0.007735073 0.005158901 0.07314139 0.005635797 0.003596067 0.07314139 0.003232717 0.002559483 0.07314139 6.55387e-4 0.002104997 0.07314139 -0.001957297 0.002257168 0.07314139 -0.004464447 0.003007769 0.07314139 -0.006730973 0.004316329 0.07314139 -0.008634567 0.006112337 0.07314139 -0.0100727 0.008298873 0.07314139 -0.01096779 0.01075822 0.07548409 -0.009773433 0.01335763 0.07548409 -0.00950998 0.01561152 0.07548409 -0.008733868 0.01774394 0.07548409 -0.007486879 0.01963984 0.07548409 -0.005836248 0.02119714 0.07548409 -0.003871023 0.02233177 0.07548409 -0.001697123 0.02298259 0.07548409 5.68275e-4 0.02311456 0.07548409 0.002803027 0.02272045 0.07548409 0.004886686 0.02182167 0.07548409 0.006706893 0.02046656 0.07548409 0.008165538 0.01872819 0.07548409 0.009184002 0.01670032 0.07548409 0.009707331 0.01449227 0.07548409 0.009707331 0.012223 0.07548409 0.009184002 0.01001489 0.07548409 0.008165538 0.007987022 0.07548409 0.006706893 0.006248652 0.07548409 0.004886686 0.0048936 0.07548409 0.002803027 0.003994762 0.07548409 5.68275e-4 0.003600716 0.07548409 -0.001697123 0.003732681 0.07548409 -0.003871023 0.004383504 0.07548409 -0.005836248 0.005518138 0.07548409 -0.007486879 0.007075369 0.07548409 -0.008733868 0.008971333 0.07548409 -0.00950998 0.01110368 0.07742834 -0.00778526 0.01335763 0.07742834 -0.007575392 0.01515305 0.07742834 -0.006957113 0.01685166 0.07742834 -0.005963861 0.01836192 0.07742834 -0.004649043 0.01960235 0.07742834 -0.003083586 0.0205062 0.07742834 -0.001351892 0.02102464 0.07742834 4.52667e-4 0.02112972 0.07742834 0.002232789 0.02081584 0.07742834 0.0038926 0.02009987 0.07742834 0.005342543 0.01902043 0.07742834 0.006504476 0.0176357 0.07742834 0.007315754 0.01602035 0.07742834 0.00773257 0.01426142 0.07742834 0.00773257 0.01245379 0.07742834 0.007315754 0.01069492 0.07742834 0.006504476 0.009079575 0.07742834 0.005342543 0.00769484 0.07742834 0.0038926 0.0066154 0.07742834 0.002232789 0.005899429 0.07742834 4.52667e-4 0.005585551 0.07742834 -0.001351892 0.005690634 0.07742834 -0.003083586 0.006209075 0.07742834 -0.004649043 0.00711286 0.07742834 -0.005963861 0.008353352 0.07742834 -0.006957113 0.009863615 0.07742834 -0.007575392 0.01156222 0.07887381 -0.005409657 0.01335763 0.07887381 -0.005263805 0.01460516 0.07887381 -0.004834234 0.01578551 0.07887381 -0.004144012 0.01683491 0.07887381 -0.003230392 0.01769685 0.07887381 -0.002142608 0.01832485 0.07887381 -9.39383e-4 0.0186851 0.07887381 3.14539e-4 0.01875817 0.07887381 0.001551508 0.01854002 0.07887381 0.002704799 0.01804256 0.07887381 0.003712296 0.01729249 0.07887381 0.004519701 0.0163303 0.07887381 0.005083382 0.01520782 0.07887381 0.00537306 0.01398563 0.07887381 0.00537306 0.01272958 0.07887381 0.005083382 0.01150739 0.07887381 0.004519701 0.01038497 0.07887381 0.003712296 0.009422779 0.07887381 0.002704799 0.008672714 0.07887381 0.001551508 0.008175194 0.07887381 3.14539e-4 0.0079571 0.07887381 -9.39383e-4 0.008030116 0.07887381 -0.002142608 0.008390367 0.07887381 -0.003230392 0.009018421 0.07887381 -0.004144012 0.009880363 0.07887381 -0.004834234 0.01092976 0.07887381 -0.005263805 0.01211005 0.01827436 0 0.003502428 0.01827436 -0.002550661 0.003838241 0.01827436 -0.004927575 0.00482279 0.01827436 -0.006968617 0.006388962 0.01827436 -0.008534789 0.008430004 0.01827436 -0.009519338 0.01080691 0.01827436 -0.009855151 0.01335763 0.01827436 -0.009519338 0.01590836 0.01827436 -0.008534789 0.01828521 0.01827436 -0.006968617 0.02032631 0.01827436 -0.004927575 0.02189248 0.01827436 -0.002550661 0.02287703 0.01827436 0 0.02321279 0.01827436 0.002550661 0.02287703 0.01827436 0.004927575 0.02189248 0.01827436 0.006968617 0.02032631 0.01827436 0.008534789 0.01828521 0.01827436 0.009519338 0.01590836 0.01827436 0.009855151 0.01335763 0.01827436 0.009519338 0.01080691 0.01827436 0.008534789 0.008430004 0.01827436 0.006968617 0.006388962 0.01827436 0.004927575 0.00482279 0.01827436 0.002550661 0.003838241 0.01759755 -9.73986e-4 0.004090785 0.01759755 9.73987e-4 0.004090785 0.01759755 0.002879381 0.004495799 0.01759755 0.004658937 0.005288124 0.01759755 0.006234884 0.006433069 0.01680368 0.004488229 0.005583703 0.01680368 0.006006479 0.006686747 0.01594811 0.004427433 0.005688965 0.01594811 0.005925118 0.006777107 0.01509058 0.004480779 0.005596578 0.01509058 0.006336808 0.007020771 0.01759755 -0.002879381 0.004495799 0.01759755 -0.004658937 0.005288124 0.01759755 -0.006234884 0.006433069 0.01680368 -0.006006479 0.006686747 0.01680368 -0.00726217 0.008081316 0.01594811 -0.007163822 0.008152782 0.01594811 -0.008089423 0.009755969 0.01509058 -0.007761001 0.0088768 0.01509058 -0.008656263 0.01103818 0.01594811 -0.008661448 0.01151657 0.01509058 -0.008961617 0.01335763 0.01594811 -0.008854925 0.01335763 0.01594811 -0.008661448 0.0151987 0.01680368 -0.008976519 0.01335763 0.01680368 -0.00878036 0.01522397 0.01759755 -0.009317874 0.01335763 0.01759755 -0.009114265 0.0152949 0.01759755 -0.007538318 0.007880687 0.01680368 -0.008200466 0.009706556 0.01759755 -0.008512318 0.009567677 0.01680368 -0.00878036 0.01149129 0.01759755 -0.009114265 0.0114203 0.01759755 -0.008512318 0.01714754 0.01759755 -0.007538318 0.01883453 0.01759755 -0.006234884 0.02028214 0.01759755 -0.004658937 0.02142715 0.01759755 -0.002879381 0.02221947 0.01680368 -0.00277388 0.02189481 0.01680368 -9.38305e-4 0.02228498 0.01594811 -9.25596e-4 0.0221641 0.01594811 9.25596e-4 0.0221641 0.01509058 0 0.02231925 0.01509058 0.002319395 0.0220139 0.01594811 0.00273633 0.02177923 0.01509058 0.004480779 0.02111864 0.01594811 0.004427433 0.02102625 0.01594811 0.005925118 0.01993817 0.01680368 0.004488229 0.02113157 0.01680368 0.006006479 0.02002853 0.01759755 0.004658937 0.02142715 0.01759755 0.006234884 0.02028214 0.01759755 -9.73986e-4 0.02262449 0.01680368 9.38305e-4 0.02228498 0.01759755 9.73987e-4 0.02262449 0.01680368 0.00277388 0.02189481 0.01759755 0.002879381 0.02221947 0.01759755 0.007538318 0.01883453 0.01759755 0.008512318 0.01714754 0.01759755 0.009114265 0.0152949 0.01759755 0.009317874 0.01335763 0.01759755 0.009114265 0.0114203 0.01680368 0.00878036 0.01149129 0.01680368 0.008200466 0.009706556 0.01594811 0.008089423 0.009755969 0.01594811 0.007163822 0.008152782 0.01509058 0.007761001 0.0088768 0.01759755 0.008512318 0.009567677 0.01680368 0.00726217 0.008081316 0.01759755 0.007538318 0.007880687 0.01509058 0.002319395 0.004701316 0.01594811 9.25596e-4 0.004551172 0.01509058 0 0.004395961 0.01594811 -9.25596e-4 0.004551172 0.01509058 -0.002319395 0.004701316 0.01594811 -0.00273633 0.004936039 0.01509058 -0.004480779 0.005596578 0.01594811 -0.004427433 0.005688965 0.01594811 -0.005925118 0.006777107 0.01680368 -0.004488229 0.005583703 0.01594811 0.00273633 0.004936039 0.01509058 0.008656263 0.01103818 0.01594811 0.008661448 0.01151657 0.01680368 0.008976519 0.01335763 0.01509058 0.008961617 0.01335763 0.01594811 0.008854925 0.01335763 0.01680368 0.00878036 0.01522397 0.01594811 0.008661448 0.0151987 0.01509058 0.008656263 0.01567709 0.01594811 0.008089423 0.01695924 0.01509058 0.007761001 0.01783847 0.01594811 0.007163822 0.01856243 0.01509058 0.006336808 0.0196945 0.01509058 -0.002319395 0.0220139 0.01594811 -0.00273633 0.02177923 0.01680368 -0.004488229 0.02113157 0.01509058 -0.004480779 0.02111864 0.01594811 -0.004427433 0.02102625 0.01680368 -0.006006479 0.02002853 0.01594811 -0.005925118 0.01993817 0.01509058 -0.006336808 0.0196945 0.01594811 -0.007163822 0.01856243 0.01509058 -0.007761001 0.01783847 0.01594811 -0.008089423 0.01695924 0.01509058 -0.008656263 0.01567709 0.01509058 -0.006336808 0.007020771 0.01680368 -9.38305e-4 0.004430234 0.01680368 9.38305e-4 0.004430234 0.01680368 0.00277388 0.004820406 0.01680368 -0.00277388 0.004820406 0.01680368 -0.008200466 0.01700872 0.01680368 -0.00726217 0.0186339 0.01680368 0.00726217 0.0186339 0.01680368 0.008200466 0.01700872 0.01448148 -4.9863e-4 0.00416094 0.01448148 0.001489996 0.004268765 0.01448148 0.003409028 0.004801571 0.01448148 0.005168616 0.005734443 0.01448148 0.006686508 0.007023751 0.01448148 0.007891774 0.008609294 0.01448148 0.008728027 0.0104168 0.01395773 0.008232891 0.008404076 0.01395773 0.009105265 0.01028966 0.01355516 0.008678734 0.008135795 0.01355516 0.009598314 0.01012355 0.01330137 0.009198784 0.00782293 0.01330137 0.01017349 0.009929776 0.01321375 0.01064747 0.009319543 0.01321375 0.01130443 0.011985 0.01448148 -0.004314124 0.005220293 0.01448148 -0.002463936 0.004483103 0.01395773 -0.00257045 0.004099607 0.01395773 -5.2018e-4 0.003763437 0.01355516 -0.002709627 0.003598272 0.01355516 -5.48352e-4 0.003243923 0.01330137 -0.00287199 0.003013432 0.01330137 -5.81204e-4 0.002637863 0.01321375 -0.002725183 0.002301037 0.01321375 0 0.001970112 0.01448148 -0.00596255 0.00633794 0.01448148 -0.007332146 0.00778383 0.01448148 -0.008358955 0.00949037 0.01448148 -0.008994817 0.01137769 0.01448148 -0.009210169 0.01335763 0.01448148 -0.008994817 0.01533752 0.01395773 -0.009383618 0.01542311 0.01395773 -0.008720219 0.01739203 0.01355516 -0.009192407 0.01761049 0.01355516 -0.008063256 0.0194872 0.01330137 -0.008546411 0.01985448 0.01330137 -0.006949961 0.0215398 0.01321375 -0.007551252 0.02188128 0.01330137 -0.005028545 0.02284258 0.01321375 -0.005291998 0.02344077 0.01330137 -0.00287199 0.02370184 0.01321375 -0.002725183 0.02441424 0.01330137 -5.81204e-4 0.02407735 0.01321375 0 0.0247451 0.01330137 0.00173676 0.0239517 0.01321375 0.002725183 0.02441424 0.01330137 0.003973603 0.02333068 0.01321375 0.005291998 0.02344077 0.01330137 0.006024599 0.02224326 0.01321375 0.007551252 0.02188128 0.01330137 0.007793903 0.02074044 0.01321375 0.009371697 0.01982647 0.01330137 0.009198784 0.01889234 0.01321375 0.01064747 0.01739567 0.01330137 0.01017349 0.0167855 0.01321375 0.01130443 0.01473021 0.01330137 0.0106725 0.01451832 0.01330137 0.0106725 0.01219689 0.01355516 0.01006919 0.01445269 0.01355516 0.01006919 0.01226252 0.01395773 0.009551882 0.01439648 0.01395773 0.009551882 0.01231878 0.01448148 0.009156167 0.01435345 0.01448148 0.009156167 0.01236182 0.01448148 -0.008358955 0.0172249 0.01395773 -0.007649064 0.01917231 0.01355516 -0.006557047 0.02107721 0.01448148 -0.007332146 0.01893138 0.01395773 -0.006220221 0.02068066 0.01355516 -0.004744291 0.02230632 0.01448148 -0.00596255 0.02037727 0.01395773 -0.004500567 0.02184665 0.01355516 -0.002709627 0.023117 0.01448148 -0.004314124 0.02149498 0.01395773 -0.00257045 0.02261567 0.01355516 -5.48352e-4 0.02347135 0.01448148 -0.002463936 0.02223211 0.01395773 -5.2018e-4 0.02295178 0.01355516 0.001638591 0.02335274 0.01448148 -4.9863e-4 0.02255433 0.01448148 0.001489996 0.02244651 0.01448148 0.003409028 0.0219137 0.01448148 0.005168616 0.02098083 0.01448148 0.006686508 0.01969146 0.01448148 0.007891774 0.01810598 0.01448148 0.008728027 0.01629847 0.01395773 0.009105265 0.01642554 0.01330137 0.00173676 0.002763569 0.01321375 0.002725183 0.002301037 0.01330137 0.003973603 0.00338459 0.01321375 0.005291998 0.0032745 0.01330137 0.006024599 0.004471957 0.01321375 0.007551252 0.004833936 0.01330137 0.007793903 0.005974829 0.01321375 0.009371697 0.006888806 0.01321375 -0.009371697 0.01982647 0.01330137 -0.009743273 0.01786535 0.01355516 -0.009891748 0.01553499 0.01395773 -0.009608209 0.01335763 0.01321375 -0.01064747 0.01739567 0.01330137 -0.01048445 0.01566547 0.01355516 -0.01012855 0.01335763 0.01395773 -0.009383618 0.01129215 0.01321375 -0.01130443 0.01473021 0.01330137 -0.01073545 0.01335763 0.01355516 -0.009891748 0.01118028 0.01395773 -0.008720219 0.009323239 0.01321375 -0.01130443 0.011985 0.01330137 -0.01048445 0.0110498 0.01355516 -0.009192407 0.009104728 0.01395773 -0.007649064 0.007542967 0.01321375 -0.01064747 0.009319543 0.01330137 -0.009743273 0.008849918 0.01355516 -0.008063256 0.007228076 0.01395773 -0.006220221 0.006034553 0.01321375 -0.009371697 0.006888806 0.01330137 -0.008546411 0.006860792 0.01355516 -0.006557047 0.005638003 0.01395773 -0.004500567 0.004868626 0.01321375 -0.007551252 0.004833936 0.01330137 -0.006949961 0.005175411 0.01355516 -0.004744291 0.004408895 0.01321375 -0.005291998 0.0032745 0.01330137 -0.005028545 0.003872692 0.01395773 0.001554429 0.003875911 0.01395773 0.00355637 0.004431784 0.01395773 0.005392014 0.005404949 0.01395773 0.006975531 0.006750047 0.01355516 0.001638591 0.003362476 0.01355516 0.003748953 0.00394845 0.01355516 0.005684018 0.004974305 0.01355516 0.007353246 0.00639224 0.01395773 0.001554429 0.0228393 0.01355516 0.003748953 0.02276682 0.01395773 0.00355637 0.02228349 0.01355516 0.005684018 0.02174091 0.01395773 0.005392014 0.02131026 0.01355516 0.007353246 0.02032303 0.01395773 0.006975531 0.01996523 0.01355516 0.008678734 0.01857942 0.01395773 0.008232891 0.0183112 0.01355516 0.009598314 0.01659166 0.01314491 -0.002647876 0.00175637 0.01314491 0 0.001458048 0.01314491 0.002647876 0.00175637 0.01294559 0 9.81309e-4 0.01294559 0.002753973 0.001291573 0.01262944 0 5.72597e-4 0.01262944 0.002844929 8.93143e-4 0.01221805 0 2.59869e-4 0.01221805 0.002914488 5.88256e-4 0.01173967 0 6.45462e-5 0.01173967 0.00295794 3.97831e-4 0.01122701 0 0 0.01122701 0.002972304 3.34904e-4 0.01314491 -0.005163013 0.002636432 0.01314491 -0.007419228 0.004054129 0.01314491 -0.00930345 0.005938351 0.01314491 -0.01072114 0.008194565 0.01314491 -0.0116012 0.0107097 0.01314491 -0.01189959 0.01335763 0.01314491 -0.0116012 0.01600551 0.01314491 -0.01072114 0.01852065 0.01314491 -0.00930345 0.02077692 0.01314491 -0.007419228 0.02266108 0.01314491 -0.005163013 0.02407878 0.01314491 -0.002647876 0.0249589 0.01314491 0 0.02525722 0.01314491 0.002647876 0.0249589 0.01294559 0.002753973 0.0254237 0.01294559 0.005369842 0.02450835 0.01262944 0.005547225 0.02487659 0.01262944 0.007971346 0.02335339 0.01221805 0.008166313 0.02359789 0.01221805 0.01024025 0.02152395 0.01173967 0.01039296 0.02164572 0.01173967 0.01197665 0.01912528 0.01122701 0.01203483 0.01915329 0.01122701 0.01302272 0.01633 0.01173967 0.01295977 0.01631563 0.01122701 0.01335763 0.01335763 0.01173967 0.01329308 0.01335763 0.01122701 0.01302272 0.01038527 0.01173967 0.01295977 0.01039963 0.01122701 0.01203483 0.007561981 0.01173967 0.01197665 0.007589936 0.01122701 0.01044338 0.005029261 0.01173967 0.01039296 0.005069494 0.01122701 0.008328318 0.00291419 0.01173967 0.008288085 0.002964675 0.01122701 0.005795657 0.001322805 0.01173967 0.005767643 0.00138098 0.01314491 0.005163013 0.02407878 0.01294559 0.007716476 0.02303385 0.01262944 0.009995758 0.02132898 0.01221805 0.01180064 0.01904052 0.01314491 0.007419228 0.02266108 0.01294559 0.009676158 0.02107417 0.01262944 0.01151889 0.01890486 0.01221805 0.01276934 0.01627218 0.01314491 0.00930345 0.02077692 0.01294559 0.01115065 0.01872754 0.01262944 0.01246446 0.01620256 0.01221805 0.01309776 0.01335763 0.01314491 0.01072114 0.01852065 0.01294559 0.012066 0.01611161 0.01262944 0.01278501 0.01335763 0.01221805 0.01276934 0.01044309 0.01314491 0.0116012 0.01600551 0.01294559 0.0123763 0.01335763 0.01262944 0.01246446 0.0105127 0.01221805 0.01180064 0.007674694 0.01314491 0.01189959 0.01335763 0.01294559 0.012066 0.01060366 0.01262944 0.01151889 0.007810413 0.01221805 0.01024025 0.005191266 0.01314491 0.0116012 0.0107097 0.01294559 0.01115065 0.007987737 0.01262944 0.009995758 0.005386292 0.01221805 0.008166313 0.003117382 0.01314491 0.01072114 0.008194565 0.01294559 0.009676158 0.005641102 0.01262944 0.007971346 0.00336188 0.01221805 0.005682885 0.001556932 0.01314491 0.00930345 0.005938351 0.01294559 0.007716476 0.003681421 0.01262944 0.005547225 0.001838684 0.01314491 0.007419228 0.004054129 0.01294559 0.005369842 0.002206921 0.01314491 0.005163013 0.002636432 0.01122701 0.01044338 0.02168601 0.01173967 0.008288085 0.0237506 0.01221805 0.005682885 0.02515834 0.01262944 0.002844929 0.02582216 0.01294559 0 0.02573394 0.01122701 0.008328318 0.02380108 0.01173967 0.005767643 0.02533429 0.01221805 0.002914488 0.02612704 0.01262944 0 0.02614271 0.01294559 -0.002753973 0.0254237 0.01122701 0.005795657 0.02539247 0.01173967 0.00295794 0.02631747 0.01221805 0 0.0264554 0.01262944 -0.002844929 0.02582216 0.01294559 -0.005369842 0.02450835 0.01122701 0.002972304 0.02638036 0.01173967 0 0.02665072 0.01221805 -0.002914488 0.02612704 0.01262944 -0.005547225 0.02487659 0.01294559 -0.007716476 0.02303385 0.01122701 0 0.02671527 0.01173967 -0.00295794 0.02631747 0.01221805 -0.005682885 0.02515834 0.01262944 -0.007971346 0.02335339 0.01294559 -0.009676158 0.02107417 0.01122701 -0.002972304 0.02638036 0.01173967 -0.005767643 0.02533429 0.01221805 -0.008166313 0.02359789 0.01262944 -0.009995758 0.02132898 0.01294559 -0.01115065 0.01872754 0.01122701 -0.005795657 0.02539247 0.01173967 -0.008288085 0.0237506 0.01221805 -0.01024025 0.02152395 0.01262944 -0.01151889 0.01890486 0.01294559 -0.012066 0.01611161 0.01122701 -0.008328318 0.02380108 0.01173967 -0.01039296 0.02164572 0.01221805 -0.01180064 0.01904052 0.01262944 -0.01246446 0.01620256 0.01294559 -0.0123763 0.01335763 0.01122701 -0.01044338 0.02168601 0.01173967 -0.01197665 0.01912528 0.01221805 -0.01276934 0.01627218 0.01262944 -0.01278501 0.01335763 0.01294559 -0.012066 0.01060366 0.01122701 -0.01203483 0.01915329 0.01173967 -0.01295977 0.01631563 0.01221805 -0.01309776 0.01335763 0.01262944 -0.01246446 0.0105127 0.01294559 -0.01115065 0.007987737 0.01122701 -0.01302272 0.01633 0.01173967 -0.01329308 0.01335763 0.01221805 -0.01276934 0.01044309 0.01262944 -0.01151889 0.007810413 0.01294559 -0.009676158 0.005641102 0.01122701 -0.01335763 0.01335763 0.01173967 -0.01295977 0.01039963 0.01221805 -0.01180064 0.007674694 0.01262944 -0.009995758 0.005386292 0.01294559 -0.007716476 0.003681421 0.01122701 -0.01302272 0.01038527 0.01173967 -0.01197665 0.007589936 0.01221805 -0.01024025 0.005191266 0.01262944 -0.007971346 0.00336188 0.01294559 -0.005369842 0.002206921 0.01122701 -0.01203483 0.007561981 0.01173967 -0.01039296 0.005069494 0.01221805 -0.008166313 0.003117382 0.01262944 -0.005547225 0.001838684 0.01294559 -0.002753973 0.001291573 0.01122701 -0.01044338 0.005029261 0.01173967 -0.008288085 0.002964675 0.01221805 -0.005682885 0.001556932 0.01262944 -0.002844929 8.93143e-4 0.01122701 -0.008328318 0.00291419 0.01173967 -0.005767643 0.00138098 0.01221805 -0.002914488 5.88256e-4 0.01122701 -0.005795657 0.001322805 0.01173967 -0.00295794 3.97831e-4 0.01122701 -0.002972304 3.34904e-4 0.004373311 -0.002963244 3.74611e-4 0.004373311 0 4.07239e-5 0.004373311 0.002963244 3.74611e-4 0.004373311 0.005777955 0.001359462 0.004373311 0.008302927 0.002946019 0.004373311 0.01041156 0.005054652 0.004373311 0.01199811 0.007579624 0.004373311 0.01298302 0.01039433 0.004373311 0.01331692 0.01335763 0.004373311 0.01298302 0.01632094 0.004373311 0.01199811 0.01913565 0.004373311 0.01041156 0.02166062 0.004373311 0.008302927 0.02376925 0.004373311 0.005777955 0.02535575 0.004373311 0.002963244 0.02634066 0.004373311 0 0.02667456 0.004373311 -0.002963244 0.02634066 0.004373311 -0.005777955 0.02535575 0.004373311 -0.008302927 0.02376925 0.004373311 -0.01041156 0.02166062 0.004373311 -0.01199811 0.01913565 0.004373311 -0.01298302 0.01632094 0.004373311 -0.01331692 0.01335763 0.004373311 -0.01298302 0.01039433 0.004373311 -0.01199811 0.007579624 0.004373311 -0.01041156 0.005054652 0.004373311 -0.008302927 0.002946019 0.004373311 -0.005777955 0.001359462 0.003785312 -0.002941429 4.70392e-4 0.003785312 0 1.38965e-4 0.003785312 0.002941429 4.70392e-4 0.003785312 0.005735337 0.001447975 0.003785312 0.008241713 0.003022849 0.003785312 0.01033478 0.005115926 0.003785312 0.0119096 0.007622241 0.003785312 0.01288723 0.0104162 0.003785312 0.01321864 0.01335763 0.003785312 0.01288723 0.01629906 0.003785312 0.0119096 0.01909297 0.003785312 0.01033478 0.02159935 0.003785312 0.008241713 0.02369242 0.003785312 0.005735337 0.02526724 0.003785312 0.002941429 0.02624487 0.003785312 0 0.02657634 0.003785312 -0.002941429 0.02624487 0.003785312 -0.005735337 0.02526724 0.003785312 -0.008241713 0.02369242 0.003785312 -0.01033478 0.02159935 0.003785312 -0.0119096 0.01909297 0.003785312 -0.01288723 0.01629906 0.003785312 -0.01321864 0.01335763 0.003785312 -0.01288723 0.0104162 0.003785312 -0.0119096 0.007622241 0.003785312 -0.01033478 0.005115926 0.003785312 -0.008241713 0.003022849 0.003785312 -0.005735337 0.001447975 0.002203106 0.002573788 0.002081036 0.002203106 0 0.001791059 0.002203106 -0.002573788 0.002081036 0.002423644 0 0.001237213 0.002423644 -0.00269699 0.001541078 0.002777516 0 7.57461e-4 0.002777516 -0.002803802 0.00107336 0.003241539 0 3.83212e-4 0.003241539 -0.00288707 7.08506e-4 0.002203106 0.005018532 0.002936482 0.002203106 0.007211625 0.004314482 0.002203106 0.009043097 0.006145954 0.002203106 0.01042109 0.008339047 0.002203106 0.01127654 0.01078379 0.002203106 0.01156657 0.01335763 0.002203106 0.01127654 0.01593142 0.002203106 0.01042109 0.01837617 0.002203106 0.009043097 0.02056926 0.002203106 0.007211625 0.02240073 0.002203106 0.005018532 0.02377873 0.002203106 0.002573788 0.02463424 0.002203106 0 0.02492421 0.002203106 -0.002573788 0.02463424 0.002423644 -0.00269699 0.0251742 0.002423644 -0.005258858 0.02427774 0.002777516 -0.005466997 0.02470999 0.002777516 -0.00785607 0.02320885 0.003241539 -0.008089423 0.02350145 0.003241539 -0.01014381 0.02144706 0.002203106 -0.005018532 0.02377873 0.002423644 -0.007556915 0.02283376 0.002777516 -0.009851217 0.02121371 0.003241539 -0.01168954 0.01898705 0.002203106 -0.007211625 0.02240073 0.002423644 -0.009476125 0.02091461 0.002777516 -0.01135236 0.01882463 0.003241539 -0.01264911 0.0162447 0.002203106 -0.009043097 0.02056926 0.002423644 -0.0109201 0.01861649 0.002777516 -0.01228427 0.01616144 0.003241539 -0.01297444 0.01335763 0.002203106 -0.01042109 0.01837617 0.002423644 -0.0118165 0.01605468 0.002777516 -0.01260018 0.01335763 0.003241539 -0.01264911 0.01047056 0.002203106 -0.01127654 0.01593142 0.002423644 -0.01212042 0.01335763 0.002777516 -0.01228427 0.01055383 0.003241539 -0.01168954 0.007728219 0.002203106 -0.01156657 0.01335763 0.002423644 -0.0118165 0.01066058 0.002777516 -0.01135236 0.007890582 0.003241539 -0.01014381 0.005268216 0.002203106 -0.01127654 0.01078379 0.002423644 -0.0109201 0.008098781 0.002777516 -0.009851217 0.005501508 0.003241539 -0.008089423 0.003213822 0.002203106 -0.01042109 0.008339047 0.002423644 -0.009476125 0.005800664 0.002777516 -0.00785607 0.003506422 0.003241539 -0.00562936 0.001668035 0.002203106 -0.009043097 0.006145954 0.002423644 -0.007556915 0.003881514 0.002777516 -0.005466997 0.002005219 0.002203106 -0.007211625 0.004314482 0.002423644 -0.005258858 0.002437472 0.002203106 -0.005018532 0.002936482 0.002423644 0.00269705 0.001541078 0.002423644 0.005258858 0.002437472 0.002423644 0.007556915 0.003881514 0.002423644 0.009476125 0.005800664 0.002423644 0.0109201 0.008098781 0.002423644 0.0118165 0.01066058 0.002423644 0.01212042 0.01335763 0.002423644 0.0118165 0.01605468 0.002423644 0.0109201 0.01861649 0.002423644 0.009476125 0.02091461 0.002423644 0.007556915 0.02283376 0.002423644 0.005258858 0.02427774 0.002423644 0.00269705 0.0251742 0.002423644 0 0.02547806 0.002777516 0.002803802 0.00107336 0.002777516 0.005466997 0.002005219 0.002777516 0.00785607 0.003506422 0.002777516 0.009851217 0.005501508 0.002777516 0.01135236 0.007890582 0.002777516 0.01228427 0.01055383 0.002777516 0.01260018 0.01335763 0.002777516 0.01228427 0.01616144 0.002777516 0.01135236 0.01882463 0.002777516 0.009851217 0.02121371 0.002777516 0.00785607 0.02320885 0.002777516 0.005466997 0.02470999 0.002777516 0.002803802 0.02564191 0.002777516 0 0.02595782 0.002777516 -0.002803802 0.02564191 0.003241539 0.00288707 7.08506e-4 0.003241539 0.00562936 0.001668035 0.003241539 0.008089423 0.003213822 0.003241539 0.01014381 0.005268216 0.003241539 0.01168954 0.007728219 0.003241539 0.01264911 0.01047056 0.003241539 0.01297444 0.01335763 0.003241539 0.01264911 0.0162447 0.003241539 0.01168954 0.01898705 0.003241539 0.01014381 0.02144706 0.003241539 0.008089423 0.02350145 0.003241539 0.00562936 0.02504718 0.003241539 0.00288707 0.02600675 0.003241539 0 0.02633208 0.003241539 -0.00288707 0.02600675 0.003241539 -0.00562936 0.02504718 -0.05925822 -6.75627e-4 0.01083618 -0.05939918 -6.78855e-4 0.01082408 -0.05925822 0 0.01074719 -0.05939918 0 0.01073473 -0.05925822 6.75634e-4 0.01083618 -0.05939918 6.78862e-4 0.01082408 -0.05925822 0.001305162 0.01109695 -0.05939918 0.001311421 0.0110861 -0.05925822 0.001845836 0.0115118 -0.05939918 0.001854658 0.01150298 -0.05925822 0.002260684 0.01205241 -0.05939918 0.002271473 0.01204615 -0.05925822 0.002521455 0.01268202 -0.05939918 0.002533495 0.0126788 -0.05925822 0.002610385 0.01335763 -0.05939918 0.002622902 0.01335763 -0.05925822 0.002521455 0.01403325 -0.05939918 0.002533495 0.01403647 -0.05925822 0.002260684 0.01466286 -0.05939918 0.002271473 0.01466906 -0.05925822 0.001845836 0.01520347 -0.05939918 0.001854658 0.01521229 -0.05925822 0.001305162 0.01561832 -0.05939918 0.001311421 0.01562911 -0.05925822 6.75634e-4 0.01587909 -0.05939918 6.78862e-4 0.01589113 -0.05925822 0 0.01596808 -0.05939918 0 0.01598054 -0.05925822 -6.75627e-4 0.01587909 -0.05939918 -6.78855e-4 0.01589113 -0.05925822 -0.001305162 0.01561832 -0.05939918 -0.001311421 0.01562911 -0.05925822 -0.001845836 0.01520347 -0.05939918 -0.001854658 0.01521229 -0.05925822 -0.002260684 0.01466286 -0.05939918 -0.002271473 0.01466906 -0.05925822 -0.002521455 0.01403325 -0.05939918 -0.002533495 0.01403647 -0.05925822 -0.002610385 0.01335763 -0.05939918 -0.002622842 0.01335763 -0.05925822 -0.002521455 0.01268202 -0.05939918 -0.002533495 0.0126788 -0.05925822 -0.002260684 0.01205241 -0.05939918 -0.002271473 0.01204615 -0.05925822 -0.001845836 0.0115118 -0.05939918 -0.001854658 0.01150298 -0.05925822 -0.001305162 0.01109695 -0.05939918 -0.001311421 0.0110861 -0.05953538 6.88869e-4 0.01078677 -0.05953538 0 0.01069605 -0.05953538 -6.88862e-4 0.01078677 -0.05953538 -0.001330733 0.01105266 -0.05953538 -0.001882016 0.01147562 -0.05953538 -0.002304971 0.01202684 -0.05953538 -0.002570867 0.01266878 -0.05953538 -0.002661526 0.01335763 -0.05953538 -0.002570867 0.01404649 -0.05953538 -0.002304971 0.01468843 -0.05953538 -0.001882016 0.01523965 -0.05953538 -0.001330733 0.01566261 -0.05953538 -6.88862e-4 0.0159285 -0.05953538 0 0.01601922 -0.05953538 6.88869e-4 0.0159285 -0.05953538 0.001330733 0.01566261 -0.05953538 0.001882016 0.01523965 -0.05953538 0.002304971 0.01468843 -0.05953538 0.002570867 0.01404649 -0.05953538 0.002661526 0.01335763 -0.05953538 0.002570867 0.01266878 -0.05953538 0.002304971 0.01202684 -0.05953538 0.001882016 0.01147562 -0.05953538 0.001330733 0.01105266 -0.06241571 0.002472162 0.0104959 -0.06577223 0.002044916 0.008699715 -0.06577223 0.00104469 0.008379042 -0.06577223 0 0.008270621 -0.06577223 -0.00104469 0.008379042 -0.06577223 -0.002044916 0.008699715 -0.06241577 -0.002472162 0.01049584 -0.0608747 -0.002683877 0.01164758 -0.06024283 -0.002775788 0.01239895 -0.06002748 -0.002808034 0.01285362 -0.05996584 -0.002817332 0.01310157 -0.05994439 -0.002820611 0.01335763 -0.05996584 -0.002817332 0.0136137 -0.06002748 -0.002808034 0.01386165 -0.06024283 -0.002775788 0.01431632 -0.0608747 -0.002683877 0.01506769 -0.06241577 -0.002472162 0.01621943 -0.06577223 -0.002044916 0.0180155 -0.06577223 -0.00104469 0.01833623 -0.06577223 0 0.01844465 -0.06577223 0.00104469 0.01833623 -0.06577223 0.002044916 0.0180155 -0.06241571 0.002472162 0.01621937 -0.06087476 0.002683877 0.01506775 -0.06024283 0.002775788 0.01431632 -0.06002748 0.002808034 0.01386165 -0.05996584 0.002817332 0.0136137 -0.05994439 0.002820611 0.01335763 -0.05996584 0.002817332 0.01310157 -0.06002748 0.002808034 0.01285362 -0.06024283 0.002775788 0.01239895 -0.06087476 0.002683877 0.01164752 0.002177894 -7.70115e-4 0.0104835 0.002177894 0 0.01038211 0.002177894 7.70117e-4 0.0104835 0.002177894 0.001487731 0.01078075 0.002177894 0.002103984 0.01125365 0.002177894 0.002576828 0.0118699 0.002177894 0.002874076 0.01258748 0.002177894 0.002975463 0.01335763 0.002177894 0.002874076 0.01412773 0.002177894 0.002576828 0.01484537 0.002177894 0.002103984 0.01546162 0.002177894 0.001487731 0.01593446 0.002177894 7.70117e-4 0.01623177 0.002177894 0 0.01633316 0.002177894 -7.70115e-4 0.01623177 0.002177894 -0.001487731 0.01593446 0.002177894 -0.002103984 0.01546162 0.002177894 -0.002576828 0.01484537 0.002177894 -0.002874076 0.01412773 0.002177894 -0.002975463 0.01335763 0.002177894 -0.002874076 0.01258748 0.002177894 -0.002576828 0.0118699 0.002177894 -0.002103984 0.01125365 0.002177894 -0.001487731 0.01078075 -0.07999998 4.12945e-4 0.009964823 -0.07456129 0.001098752 0.009459376 -0.06577396 0.002063155 0.008708 -0.07142472 0.001458585 0.009186685 -0.06578004 0.002091228 0.008723855 -0.06578648 0.00211662 0.008743584 -0.07142645 0.001497626 0.009217023 -0.06579327 0.002138853 0.008766829 -0.07142674 0.001524031 0.009247541 -0.06580013 0.002157449 0.008792996 -0.06580704 0.002172112 0.008821547 -0.07142573 0.00154829 0.009290575 -0.06581383 0.002182602 0.008852005 -0.07142329 0.001562714 0.009337782 -0.06582033 0.002188801 0.008883595 -0.06582647 0.00219053 0.008915901 -0.06582671 0.00219053 0.008917212 -0.0745598 0.001212596 0.009614229 -0.07999998 6.10066e-4 0.0101875 -0.07909625 7.05989e-4 0.01004809 -0.07999998 6.06416e-4 0.01014709 -0.07999998 5.95566e-4 0.01010793 -0.07909959 6.87192e-4 0.009994983 -0.07999998 5.77845e-4 0.01007139 -0.0791009 6.56063e-4 0.009948074 -0.07999998 5.53782e-4 0.01003861 -0.07910037 6.22534e-4 0.009916484 -0.07999998 5.24256e-4 0.01001083 -0.07999998 4.90132e-4 0.009988844 -0.07909786 5.7397e-4 0.009887874 -0.07999998 4.52644e-4 0.009973347 -0.07456326 0.00114113 0.009489357 -0.07456368 0.001170039 0.009520411 -0.07456254 0.001196622 0.009564876 -0.06577396 0.002063155 0.01800727 -0.06495094 0.002188444 0.0175876 -0.0622332 0.002525568 0.01607191 -0.06144922 0.002626776 0.01552164 -0.06146728 0.002644062 0.01549977 -0.06074267 0.002734422 0.01486849 -0.06075865 0.002741873 0.01485306 -0.0602563 0.00280255 0.01422053 -0.06027543 0.002805709 0.01420891 -0.06001889 0.002835392 0.01344621 -0.06003803 0.002835452 0.01344496 -0.06011724 0.002826571 0.01288801 -0.06007236 0.002832174 0.01312237 -0.06013309 0.002825438 0.01289421 -0.06034564 0.002801716 0.0124737 -0.06037735 0.002797305 0.01239186 -0.06086307 0.002742767 0.01183724 -0.06035798 0.002796173 0.01237833 -0.06084352 0.002740144 0.01181685 -0.06033879 0.002792537 0.0123651 -0.06082415 0.002734005 0.01179707 -0.06032288 0.00278759 0.01235425 -0.06080818 0.002726197 0.01178109 -0.06030446 0.002779603 0.01234191 -0.06078988 0.002713918 0.01176321 -0.06072437 0.00272268 0.01488578 -0.06024038 0.00279814 0.01423007 -0.05999982 0.002833724 0.01344746 -0.06009823 0.002826213 0.01288062 -0.06022191 0.002790927 0.01424098 -0.05998396 0.002831041 0.01344847 -0.06007933 0.002824008 0.01287335 -0.05996537 0.002826392 0.01344966 -0.06006366 0.002820789 0.01286733 -0.0600453 0.002815246 0.01286035 -0.0613504 0.00263971 0.01127064 -0.06237083 0.002508044 0.01055508 -0.06343764 0.002374053 0.009923279 -0.06345516 0.002402424 0.009949624 -0.06347125 0.002421379 0.009975254 -0.06349146 0.002437353 0.01000905 -0.06351208 0.002445757 0.01004523 -0.06249779 0.002561748 0.01067024 -0.06244486 0.002565324 0.01066499 -0.06142389 0.002679824 0.01136159 -0.06140404 0.002675712 0.01133602 -0.06097084 0.002732038 0.01177024 -0.0600512 0.002834558 0.01335763 -0.06007236 0.002832174 0.01359289 -0.06013309 0.002825438 0.01382106 -0.06029474 0.002806603 0.01419705 -0.06034564 0.002801716 0.01424157 -0.06079757 0.002750098 0.01481431 -0.06097084 0.002732038 0.01494497 -0.06152284 0.002668738 0.01542836 -0.06249779 0.002561748 0.01604503 -0.06230717 0.002580761 0.01596403 -0.06502592 0.002276301 0.0174551 -0.06500476 0.002265632 0.01749569 -0.06581383 0.002182602 0.01786327 -0.06580704 0.002172112 0.01789373 -0.06582671 0.00219053 0.01779806 -0.06582647 0.00219053 0.01779937 -0.06582033 0.002188801 0.01783162 -0.06498426 0.002245843 0.01753294 -0.06580013 0.002157449 0.01792228 -0.06579327 0.002138853 0.01794844 -0.0649681 0.002222657 0.01756048 -0.06578648 0.00211662 0.01797169 -0.06578004 0.002091228 0.01799142 -0.06225103 0.00254786 0.01604747 -0.06226706 0.002562522 0.01602458 -0.06148332 0.002655267 0.0154798 -0.06228697 0.002574622 0.01599514 -0.06150293 0.002664387 0.01545459 -0.06077802 0.002747714 0.01483398 -0.06136846 0.00265628 0.01129204 -0.06238859 0.002531111 0.01057982 -0.06138449 0.002667009 0.01131153 -0.06240469 0.00254631 0.01060312 -0.0624246 0.002558887 0.01063323 -0.0745598 0.001212596 0.01710104 -0.07999998 6.10066e-4 0.01652777 -0.07909625 7.05989e-4 0.01666718 -0.07999998 6.06424e-4 0.01656818 -0.07999998 5.95596e-4 0.01660728 -0.07909959 6.87192e-4 0.01672023 -0.07999998 5.77883e-4 0.01664382 -0.0791009 6.56063e-4 0.0167672 -0.07999998 5.53902e-4 0.01667648 -0.07910037 6.22534e-4 0.01679879 -0.07999998 5.24323e-4 0.01670438 -0.07999998 4.90222e-4 0.01672637 -0.07909786 5.7397e-4 0.0168274 -0.07999998 4.52667e-4 0.01674193 -0.07999998 4.12945e-4 0.01675045 -0.07456129 0.001098752 0.01725584 -0.07456326 0.00114113 0.01722592 -0.07456368 0.001170039 0.01719486 -0.07456254 0.001196622 0.0171504 -0.07999998 1.37952e-4 0.009942591 -0.07999998 -1.37943e-4 0.009942591 -0.07999998 -4.12936e-4 0.009964823 -0.06577396 -0.002063155 0.008708 -0.07999998 1.37952e-4 0.01677268 -0.07999998 -1.37943e-4 0.01677268 -0.07999998 -4.12936e-4 0.01675045 -0.06577396 -0.002063155 0.01800727 -0.06582647 -0.00219053 0.01779937 -0.06582671 -0.00219053 0.01779806 -0.06484407 -0.002295196 0.01737296 -0.06249785 -0.002561748 0.01604509 -0.06230598 -0.002579927 0.0159704 -0.06151652 -0.002668678 0.01543027 -0.06149667 -0.002663612 0.01545637 -0.06076753 -0.002747833 0.01482963 -0.06075125 -0.002742767 0.0148456 -0.0602535 -0.002802848 0.01421588 -0.0602346 -0.002797484 0.01422709 -0.05998092 -0.002830386 0.01344841 -0.05996245 -0.002825498 0.0134496 -0.06006067 -0.002820014 0.01286625 -0.06004244 -0.002814233 0.01285928 -0.0603168 -0.002786874 0.01235687 -0.06029844 -0.00277853 0.01234465 -0.06078332 -0.00271213 0.01176422 -0.06134384 -0.002637207 0.0112704 -0.06231015 -0.002511382 0.01058846 -0.06331926 -0.00238347 0.009984552 -0.06232768 -0.002534866 0.01061248 -0.06333655 -0.002412259 0.01001 -0.06234669 -0.002553105 0.01063978 -0.0633555 -0.002434909 0.01003992 -0.06236338 -0.002563953 0.01066476 -0.06337243 -0.002448499 0.01006782 -0.06238359 -0.002571225 0.01069599 -0.06339305 -0.002457916 0.01010328 -0.06249785 -0.002561748 0.01067012 -0.06582671 -0.00219053 0.008917212 -0.06097072 -0.002732038 0.01494491 -0.06078708 -0.002750754 0.01481014 -0.06026959 -0.00280565 0.01420617 -0.05999982 -0.002833724 0.01344716 -0.06007933 -0.002824008 0.01287335 -0.06033569 -0.002792894 0.01236969 -0.06080144 -0.002724945 0.01178187 -0.06034564 -0.002801716 0.01424157 -0.0602889 -0.002806901 0.01419442 -0.06001585 -0.002835214 0.01344615 -0.06009519 -0.002825975 0.01287949 -0.06035184 -0.002796113 0.01238077 -0.0608204 -0.002734482 0.01180076 -0.06136173 -0.002654373 0.01129144 -0.06013309 -0.002825438 0.01382106 -0.06003499 -0.002835571 0.0134449 -0.0601142 -0.002826631 0.01288682 -0.06037116 -0.002797663 0.01239418 -0.06083667 -0.002739846 0.01181727 -0.06138068 -0.002667486 0.01131445 -0.06007236 -0.002832174 0.01359289 -0.0600512 -0.002834558 0.01335763 -0.06007236 -0.002832174 0.01312237 -0.06013309 -0.002825438 0.01289421 -0.06034564 -0.002801716 0.0124737 -0.06097072 -0.002732038 0.01177036 -0.06085622 -0.002743005 0.0118376 -0.06141698 -0.002679884 0.01136034 -0.06582647 -0.00219053 0.008915901 -0.06582033 -0.002188801 0.008883595 -0.06581383 -0.002182602 0.008852005 -0.06580704 -0.002172112 0.008821547 -0.06580013 -0.002157449 0.008792996 -0.06579327 -0.002138853 0.008766829 -0.06578648 -0.00211662 0.008743584 -0.06578004 -0.002091228 0.008723855 -0.06021624 -0.002789914 0.01423788 -0.06073236 -0.002733707 0.01486378 -0.06148016 -0.002655625 0.01547741 -0.06228584 -0.002572834 0.01600128 -0.06071418 -0.002721548 0.01488083 -0.06146121 -0.002641975 0.01550102 -0.06226915 -0.002562284 0.0160259 -0.06482303 -0.002283334 0.01741272 -0.06581383 -0.002182602 0.01786327 -0.06582033 -0.002188801 0.01783162 -0.06144332 -0.002624034 0.01552248 -0.06225019 -0.002544403 0.01605296 -0.06480586 -0.002266466 0.01744347 -0.06580013 -0.002157449 0.01792228 -0.06580704 -0.002172112 0.01789373 -0.06223255 -0.002521336 0.01607686 -0.06478679 -0.00223881 0.0174756 -0.06579327 -0.002138853 0.01794844 -0.06476998 -0.002204179 0.01750165 -0.06578004 -0.002091228 0.01799142 -0.06578648 -0.00211662 0.01797169 -0.06139713 -0.002675056 0.01133501 -0.07140171 -0.00156331 0.009327054 -0.07999998 -6.10057e-4 0.0101875 -0.07450497 -0.001216709 0.009599924 -0.07908517 -7.04844e-4 0.01003688 -0.07908815 -6.83707e-4 0.009984672 -0.07999998 -5.95587e-4 0.01010799 -0.07999998 -5.77874e-4 0.01007145 -0.07999998 -6.06415e-4 0.01014709 -0.0790891 -6.57394e-4 0.009946882 -0.07999998 -5.53893e-4 0.01003879 -0.07999998 -5.24314e-4 0.01001089 -0.07908827 -6.15557e-4 0.009909212 -0.07999998 -4.90213e-4 0.009988844 -0.0790854 -5.6579e-4 0.009882807 -0.07999998 -4.52658e-4 0.009973347 -0.07450526 -0.001096725 0.009450018 -0.07140207 -0.00145334 0.009180188 -0.07140403 -0.001493513 0.009208977 -0.07140457 -0.001526534 0.009245693 -0.07140386 -0.001547038 0.009280443 -0.07450741 -0.001198768 0.009551346 -0.07450819 -0.001176297 0.009515404 -0.07450753 -0.001140236 0.009478211 -0.07450526 -0.001096844 0.0172652 -0.0790854 -5.65955e-4 0.01683241 -0.07999998 -4.52635e-4 0.01674193 -0.07999998 -4.90123e-4 0.01672643 -0.07908827 -6.15625e-4 0.016806 -0.07999998 -5.24247e-4 0.01670444 -0.0790891 -6.57394e-4 0.01676833 -0.07999998 -5.53773e-4 0.01667666 -0.07999998 -5.77836e-4 0.01664388 -0.07908815 -6.8379e-4 0.01673042 -0.07999998 -5.95557e-4 0.01660734 -0.07908517 -7.04866e-4 0.01667827 -0.07999998 -6.06407e-4 0.01656818 -0.07999998 -6.10057e-4 0.01652777 -0.07450497 -0.001216709 0.01711523 -0.07450741 -0.001198828 0.01716381 -0.07450819 -0.001176297 0.01719987 -0.07450759 -0.001140296 0.017237</float_array>
          <technique_common>
            <accessor source="#Screwdriver-mesh-positions-array" count="2184" stride="3">
              <param name="X" type="float" />
              <param name="Y" type="float" />
              <param name="Z" type="float" />
            </accessor>
          </technique_common>
        </source>
        <source id="Screwdriver-mesh-normals">
          <float_array id="Screwdriver-mesh-normals-array" count="7860">-1.96416e-6 -0.9246541 0.3808082 -0.229386 -0.901517 0.3669458 4.40702e-6 -0.9916044 0.1293092 -0.255639 -0.9586558 0.1250115 -1.43796e-6 -0.9913944 -0.1309094 -0.2555549 -0.9584729 -0.1265767 -3.33786e-6 -0.924041 -0.3822937 -0.2555978 -0.8933423 -0.3696071 -3.44962e-6 -0.7940838 -0.6078084 -0.25564 -0.7677067 -0.5876007 -1.39326e-6 -0.6103649 -0.7921205 -0.2555971 -0.5900932 -0.7658069 -1.17719e-6 -0.3852869 -0.9227968 -0.255556 -0.3725054 -0.8921496 1.39326e-6 -0.1341229 -0.9909648 -0.2555563 -0.1296799 -0.9580575 -6.16908e-6 0.1260984 -0.9920178 -0.2556362 0.1219144 -0.9590553 -0.22938 0.3639879 -0.9027169 -0.4495239 0.3211745 -0.8335319 -0.4942592 0.1096112 -0.8623766 -0.643767 0.2488113 -0.7236415 -0.7000793 0.09002876 -0.7083671 -0.798489 0.1481974 -0.5834835 -0.8593584 0.06440538 -0.5073018 -0.8679913 0.07509261 -0.4908689 -0.9193232 -0.008390605 -0.393414 -0.8593648 -0.06855756 -0.5067465 -0.9512246 -0.1007732 -0.2915759 -0.8593709 -0.1969981 -0.4718829 -0.8593634 -0.312121 -0.405062 -0.7000791 -0.2751364 -0.6589304 -0.70008 -0.4358224 -0.5656383 -0.4942373 -0.3349571 -0.8022053 -0.4942754 -0.5305884 -0.6885984 -0.4495152 -0.8324918 0.3238728 -0.4942617 -0.8620149 0.1124085 -0.4942354 -0.8618454 -0.1138154 -0.494236 -0.8032885 -0.3323532 -0.4942749 -0.6903077 -0.5283632 -0.6437537 -0.722841 0.2511617 -0.7000733 -0.7080753 0.09234124 -0.7000801 -0.7079182 -0.09348672 -0.7000781 -0.6598233 -0.2729907 -0.70008 -0.5670331 -0.4340064 -0.7984906 -0.5829966 0.1500927 -0.8593218 -0.5071443 0.0661112 -0.8593561 -0.5069776 -0.06694072 -0.859374 -0.4725083 -0.1954796 -0.8593629 -0.406081 -0.3107955 -0.8679274 -0.4907265 0.07674401 -0.9193161 -0.3934563 -0.007086038 -0.9512087 -0.2919435 -0.09985476 -0.9615301 -0.1945608 -0.1939228 2.00006e-6 0.3778207 -0.9258788 -0.4942386 -0.1166057 -0.8614704 -0.7000791 -0.09577983 -0.7076126 4.21004e-6 0.3778092 -0.9258835 0.181255 0.3692529 -0.9114817 2.34321e-5 0.1260969 -0.9920179 0.2563447 0.1218628 -0.9588727 1.27405e-5 -0.1341278 -0.9909641 0.2563101 -0.1296514 -0.95786 1.38357e-5 -0.3852922 -0.9227947 0.2563122 -0.3724241 -0.8919667 1.06767e-5 -0.6103597 -0.7921245 0.256312 -0.5899758 -0.7656584 1.39326e-5 -0.79409 -0.6078001 0.2563126 -0.7675649 -0.5874931 1.18986e-5 -0.9240435 -0.3822875 0.2563102 -0.8931658 -0.3695403 1.01328e-5 -0.9913953 -0.1309025 0.2563108 -0.9582743 -0.1265516 -1.19209e-5 -0.9916037 0.1293141 0.2563539 -0.958465 0.1250106 0.1812592 -0.9102619 0.3722479 0.3591341 -0.8669309 0.3456205 0.4955783 -0.8612697 0.1123246 0.5248578 -0.7963665 0.3005409 0.671117 -0.7024489 0.236997 0.7016996 -0.7064928 0.09211814 0.7915094 -0.5908982 0.1560526 0.8608911 -0.5045194 0.06577932 0.8827664 -0.4662442 0.05779343 0.8608975 -0.5044022 -0.06658804 0.9428423 -0.3273863 -0.06218361 0.8609001 -0.4701296 -0.1944977 0.8608959 -0.4040206 -0.3092338 0.7016886 -0.658362 -0.2723832 0.7016873 -0.5657749 -0.4330516 0.4955552 -0.8026017 -0.3320476 0.4955525 -0.6897327 -0.527917 0.3591313 0.3428078 -0.8680481 0.4955713 0.1095418 -0.861632 0.4955901 -0.1165042 -0.8607075 0.495554 -0.3346609 -0.8015164 0.4955548 -0.5301494 -0.6880168 0.524866 0.2979592 -0.7973307 0.6711135 0.2347672 -0.7032006 0.7016761 0.08983868 -0.7068095 0.7915198 0.1541182 -0.5913916 0.8608903 0.06416255 -0.5047289 0.8827731 0.05627804 -0.4664167 0.8608851 -0.06825786 -0.5042002 0.9428406 -0.06323271 -0.3271901 0.8608797 -0.1960493 -0.4695218 0.9625516 -0.1920124 -0.1913787 0.8608899 -0.310547 -0.4030249 -8.63913e-6 -0.9246405 0.3808412 0.7016872 -0.09556376 -0.7060472 0.701687 -0.2745052 -0.6574817 0.701687 -0.4348899 -0.5643636 0.4955163 -0.861122 -0.113722 0.7016877 -0.7063515 -0.09328395 3.44962e-6 -0.6042307 -0.7968096 1.64546e-5 -0.5670282 -0.8236985 6.07222e-6 -0.4606608 -0.8875763 -3.03425e-6 -0.5378692 -0.8430284 2.58023e-6 -0.5195594 -0.8544343 -1.46301e-6 -0.513343 -0.8581836 1.74809e-6 -0.5133512 -0.8581787 -1.27405e-5 -0.4487791 -0.8936428 1.86264e-6 -0.5172531 -0.8558325 5.7891e-6 -0.5287556 -0.8487743 1.57766e-6 -0.5474785 -0.8368197 -4.70504e-6 -0.5724532 -0.8199375 -2.78652e-6 -0.6021339 -0.7983951 -1.84514e-5 -0.6427872 -0.7660448 -1.2645e-6 -0.6353101 -0.7722572 -1.234e-6 -0.6722403 -0.7403331 2.65986e-6 -0.7082558 -0.705956 1.23903e-5 -0.7425147 -0.6698299 1.83657e-5 -0.8021084 -0.5971785 -6.62543e-6 -0.7743107 -0.6328057 1.25961e-7 -0.8003234 -0.5995686 5.6522e-6 -0.8217787 -0.5698068 -4.27291e-6 -0.8385986 -0.5447499 3.59956e-6 -0.8504896 -0.5259921 -1.26902e-5 -0.9182186 -0.3960742 1.6503e-6 -0.8574977 -0.514488 6.84971e-7 -0.8598366 -0.5105693 2.41187e-5 -0.8891304 -0.4576541 -7.16886e-7 -0.859851 -0.5105453 4.17232e-6 -0.8561193 -0.5167784 8.77678e-6 -0.8447746 -0.5351224 1.20103e-5 -0.8255408 -0.5643426 -1.15484e-6 -0.7987719 -0.601634 -3.70591e-6 -0.9538006 -0.3004405 2.51923e-7 -0.970154 -0.2424901 -9.77889e-7 -0.9712312 -0.2381386 4.17233e-7 -0.9909091 -0.1345337 -7.56606e-6 -0.9836726 -0.1799676 5.98934e-6 -0.9767494 -0.2143844 2.03727e-7 -0.9718895 -0.2354375 -1.21628e-7 -0.970153 -0.2424939 2.7772e-6 -0.9743517 -0.2250305 1.66744e-5 -0.9848123 -0.1736224 2.0247e-6 -0.9790924 -0.2034164 2.1141e-7 -0.9847678 -0.1738744 -1.30245e-6 -0.9904668 -0.1377517 1.40592e-5 -0.9953907 -0.09590333 -1.40518e-5 -0.9988787 -0.04734551 1.6775e-5 -0.9983094 0.05812466 -2.76268e-5 -0.9999974 0.002271234 3.60422e-6 -0.998654 0.0518682 -1.40853e-5 -0.9949395 0.1004765 1.33812e-5 -0.9898248 0.1422918 4.45172e-7 -0.9839617 0.1783805 -1.55475e-5 -0.9579901 0.2868013 -2.14856e-6 -0.9781538 0.2078831 -7.01426e-6 -0.9733081 0.2295028 -1.08557e-6 -0.9701343 0.2425689 4.72032e-7 -0.9690285 0.2469492 2.13506e-7 -0.9690262 0.2469581 1.82684e-5 -0.952349 0.3050109 -9.08971e-7 -0.9708021 0.2398818 3.0864e-6 -0.9757578 0.2188529 -1.41449e-5 -0.9828397 0.1844617 1.21295e-5 -0.9902816 0.1390771 1.36613e-7 -0.8868396 0.4620773 -1.87252e-5 -0.8660404 0.4999741 3.57861e-7 -0.8574976 0.5144881 -6.70785e-7 -0.8551402 0.518397 1.81645e-5 -0.7956234 0.6057918 -4.03821e-6 -0.8227117 0.568459 -4.39584e-7 -0.8421977 0.539169 2.62051e-6 -0.8536905 0.5207809 0 -0.8574862 0.5145071 -2.17697e-7 -0.8481205 0.5298036 -8.21426e-6 -0.8362377 0.5483673 -9.913e-6 -0.8194251 0.5731865 1.53817e-5 -0.797956 0.6027158 1.05053e-5 -0.7719525 0.6356803 1.20699e-5 -0.7273707 0.6862447 -8.84244e-6 -0.7401801 0.6724087 1.95168e-5 -0.7059574 0.7082543 1.72108e-5 -0.6700289 0.7423351 -4.787e-6 -0.6332007 0.7739878 -7.75047e-6 -0.5495091 0.8354878 -1.34548e-5 -0.6000974 0.7999271 -5.60889e-7 -0.570564 0.8212532 1.10408e-6 -0.5457128 0.8379724 -1.40294e-5 -0.527023 0.849851 1.4524e-6 -0.5156602 0.8567932 7.11158e-6 -0.3420016 0.9396994 1.01008e-6 -0.5117423 0.859139 1.95545e-5 -0.4590703 0.8884 1.67685e-6 -0.5117583 0.8591295 1.99117e-6 -0.5180184 0.8553695 7.94418e-6 -0.5364283 0.843946 0 -0.5657921 0.824548 1.885e-5 -0.6032118 0.7975811 -1.06228e-5 -0.3016327 0.9534243 -5.42961e-7 -0.2437773 0.9698313 5.59632e-6 -0.239398 0.9709215 -7.79331e-6 -0.1353994 0.9907911 -6.70552e-6 -0.1809986 0.9834834 9.35141e-6 -0.2155526 0.9764922 8.81962e-7 -0.2366776 0.9715883 -1.32543e-6 -0.2437664 0.969834 -1.39512e-6 -0.2263723 0.9740408 3.39933e-6 -0.2048384 0.9787959 -2.00048e-6 -0.1754785 0.9844834 -1.84663e-5 -0.1160707 0.993241 1.64285e-6 -0.1395019 0.9902219 1.52835e-5 -0.09783798 0.9952024 -1.67675e-5 -0.04947054 0.9987756 8.61287e-6 -4.475e-6 1 9.95025e-6 0.1160607 0.9932422 -1.67713e-5 0.04947054 0.9987756 1.32255e-5 0.09783756 0.9952025 3.86219e-6 0.1395019 0.9902219 -4.95464e-7 0.1754879 0.9844817 -7.73184e-6 0.2048571 0.9787919 -9.79193e-6 0.3420084 0.9396969 4.71249e-7 0.2263726 0.9740408 3.87384e-6 0.2393973 0.9709218 -1.06003e-6 0.2437772 0.9698314 1.55941e-5 0.3016321 0.9534244 -1.02284e-5 0.45908 0.8883949 -1.1744e-6 0.2437667 0.969834 2.16067e-6 0.2366774 0.9715884 8.00937e-6 0.2155543 0.9764919 -5.59166e-6 0.1809984 0.9834834 -1.33365e-6 0.135405 0.9907904 -2.13087e-6 0.6032198 0.7975751 -6.64592e-6 0.5657921 0.8245481 9.76771e-6 0.5364274 0.8439465 1.00653e-6 0.5180187 0.8553694 1.47661e-6 0.5117577 0.8591299 1.16695e-6 0.5117424 0.859139 1.68942e-6 0.5156608 0.8567928 1.07661e-5 0.5495154 0.8354837 -1.40211e-5 0.527023 0.8498511 9.98378e-7 0.5457125 0.8379724 -9.61591e-7 0.5705633 0.8212536 -1.34548e-5 0.6000973 0.799927 2.12938e-5 0.6332069 0.7739825 -2.3067e-5 0.6700204 0.7423428 -1.38618e-5 0.7273713 0.6862441 -2.05627e-5 0.7059385 0.7082733 -1.0551e-5 0.7401793 0.6724096 1.81198e-5 0.7719545 0.6356779 8.55699e-6 0.7979614 0.6027088 1.17645e-5 0.8660272 0.4999969 -1.02641e-5 0.819425 0.5731866 -8.54582e-6 0.836238 0.5483666 0 0.8481198 0.5298047 -6.40634e-7 0.85514 0.5183972 0 0.8574786 0.5145196 -2.1793e-7 0.8574834 0.5145118 2.90653e-6 0.8868377 0.4620811 1.592e-5 0.9579981 0.2867749 -1.96036e-5 0.9523522 0.3050007 2.38651e-7 0.9690329 0.246932 9.98822e-7 0.9690324 0.246934 -4.51459e-7 0.9708032 0.2398777 3.09665e-6 0.9757578 0.2188529 -1.33291e-5 0.9828395 0.1844626 1.57058e-5 0.9902818 0.1390757 1.75461e-6 0.8536888 0.5207836 -1.02073e-6 0.8421981 0.5391684 -2.56672e-6 0.822712 0.5684583 -7.60704e-6 0.7956164 0.6058008 -7.95349e-7 0.9701337 0.2425706 -7.20937e-6 0.9733074 0.2295058 -2.09268e-6 0.9781536 0.2078837 -5.25266e-6 0.9839605 0.1783866 -2.74181e-6 0.9898259 0.142284 1.35675e-5 0.9983094 0.0581234 -1.30124e-5 0.9949391 0.10048 4.72169e-6 0.998654 0.05186742 -2.49334e-5 0.9999975 0.00227493 -1.38208e-5 0.9988787 -0.04734557 1.06469e-5 0.9848117 -0.173626 1.48602e-5 0.9953906 -0.09590476 -8.489e-7 0.9904667 -0.1377522 2.29105e-7 0.9847678 -0.1738744 2.01631e-6 0.9790923 -0.2034164 -5.1856e-6 0.9743592 -0.2249982 3.01004e-6 0.9712355 -0.2381214 -6.38887e-6 0.9182189 -0.3960733 1.97073e-7 0.9701537 -0.242491 1.74804e-5 0.9537993 -0.3004449 -1.59722e-7 0.9701527 -0.2424949 -2.09548e-7 0.9718879 -0.2354441 6.10575e-6 0.9767494 -0.2143844 -7.70018e-6 0.9836725 -0.1799679 -9.89437e-6 0.9909094 -0.1345314 1.87514e-5 0.8891305 -0.4576538 7.83242e-7 0.8598372 -0.5105683 1.63913e-6 0.8574976 -0.5144881 -6.61612e-6 0.798767 -0.6016407 1.15186e-5 0.8255419 -0.5643409 9.27318e-6 0.8447731 -0.5351248 3.72925e-6 0.8561215 -0.5167748 -7.37076e-7 0.8598514 -0.5105445 9.03197e-6 0.8504843 -0.5260004 6.65337e-6 0.8385779 -0.5447818 -1.82204e-5 0.8021178 -0.597166 5.64195e-6 0.8217789 -0.5698067 1.54669e-6 0.8003532 -0.599529 -7.00913e-6 0.774311 -0.6328053 -1.86563e-5 0.7425175 -0.6698267 8.06898e-6 0.7082632 -0.7059484 0 0.6427896 -0.7660428 -1.19023e-6 0.6722413 -0.7403321 -9.48086e-7 0.6353097 -0.7722576 1.17198e-5 0.6021503 -0.7983828 -2.14428e-5 0.572461 -0.819932 -3.76441e-6 0.547473 -0.8368234 4.88013e-6 0.4487906 -0.8936371 5.74067e-6 0.5287552 -0.8487744 1.81957e-6 0.5172533 -0.8558324 1.75279e-6 0.5133507 -0.858179 -1.23061e-5 0.4606652 -0.8875741 -1.16815e-5 0.3037875 -0.9527398 -1.47079e-6 0.5133427 -0.8581838 2.41771e-6 0.519558 -0.8544352 -2.72878e-6 0.5378691 -0.8430284 1.62832e-5 0.5670281 -0.8236986 4.38094e-6 0.6042411 -0.7968016 -1.15111e-5 0.1381462 -0.9904119 3.7998e-6 0.1834088 -0.9830368 -1.60281e-6 0.2176575 -0.9760252 -5.25033e-7 0.2386042 -0.9711169 0 0.2456799 -0.9693511 -1.16788e-6 0.2456679 -0.9693541 6.64964e-6 0.2305917 -0.9730507 2.76603e-6 0.2412322 -0.9704675 3.02331e-7 0.2281439 -0.9736275 -3.11993e-6 0.2064279 -0.9784618 -1.66884e-5 0.1767724 -0.9842518 9.22009e-6 0.1404978 -0.9900811 -4.96954e-6 0.09853202 -0.9951339 -1.75461e-6 -1.89192e-6 -1 -9.0152e-7 0.04978561 -0.9987599 0 0 -1 -9.05246e-7 -0.04978561 -0.9987599 -4.96581e-6 -0.09853208 -0.9951339 6.85826e-6 -0.2305918 -0.9730505 9.26666e-6 -0.1404979 -0.990081 -1.66893e-5 -0.1767724 -0.9842518 -3.13344e-6 -0.206428 -0.9784619 0 -0.2281435 -0.9736275 4.12832e-6 -0.2412379 -0.970466 -1.30194e-6 -0.2456679 -0.9693541 1.23188e-5 -0.3037912 -0.9527387 -1.52504e-7 -0.2456799 -0.9693511 1.47428e-6 -0.2386041 -0.971117 -3.98792e-6 -0.2176591 -0.9760249 -1.22935e-7 -0.1834132 -0.983036 -1.02669e-5 -0.138149 -0.9904115 1.11591e-5 -0.3897997 0.9208998 -0.2295597 -0.3833293 0.894629 1.94833e-5 -0.6131345 0.7899787 -0.2543044 -0.5929862 0.7640004 -3.74764e-6 -0.7953597 0.6061377 -0.2542592 -0.7692162 0.5862241 -7.03335e-6 -0.9242902 0.3816908 -0.2543042 -0.8938993 0.3691523 -7.37608e-6 -0.9912918 0.1316842 -0.2543023 -0.9587026 0.1273567 -7.74115e-6 -0.9918859 -0.1271312 -0.25426 -0.9592854 -0.122978 -1.03936e-5 -0.9260191 -0.3774768 -0.2542607 -0.895587 -0.3650689 -8.58307e-6 -0.7981286 -0.6024874 -0.2542597 -0.7718879 -0.5827015 7.19726e-6 -0.6167347 -0.7871711 -0.2543277 -0.5964374 -0.7613015 -0.2295789 -0.3873732 -0.8928806 -0.4498207 -0.3687164 -0.8134554 -0.4919382 -0.5369678 -0.6853193 -0.6440175 -0.3421411 -0.6842375 -0.6972035 -0.4421327 -0.5642926 -0.7984932 -0.3141269 -0.5135495 -0.8565853 -0.3182944 -0.4061409 -0.8671062 -0.3005616 -0.3972275 -0.9179303 -0.2906632 -0.2700354 -0.8566018 -0.4118106 -0.3108783 -0.9494761 -0.2839585 -0.1336511 -0.8566065 -0.4778026 -0.1947565 -0.8565983 -0.5117979 -0.06559318 -0.6971776 -0.6638665 -0.2706006 -0.6972118 -0.7110496 -0.09112846 -0.4919319 -0.8062292 -0.3286299 -0.4919332 -0.8635675 -0.1106941 -0.4498296 -0.3649935 0.8151277 -0.4919598 -0.5337918 0.6877805 -0.4919716 -0.6924443 0.5277167 -0.4919323 -0.8047119 0.3323269 -0.4919307 -0.8630524 0.1146504 -0.6440224 -0.3389693 0.6858099 -0.6971971 -0.4395454 0.5663179 -0.6972089 -0.5701653 0.4345243 -0.6972096 -0.6625893 0.2736316 -0.6971793 -0.710654 0.09440314 -0.798493 -0.3117769 0.5149798 -0.8566085 -0.3163679 0.4075946 -0.8566109 -0.4103703 0.3127524 -0.8566085 -0.4769042 0.1969377 -0.8565999 -0.5114888 0.06793946 -0.8671353 -0.2986357 0.3986142 -0.9179291 -0.289412 0.2713795 -0.9494729 -0.2833467 0.1349663 -0.9596679 -0.2811353 6.25208e-4 -7.51439e-6 -0.3940446 -0.9190914 -0.4919697 -0.6948491 -0.5245482 -0.6972102 -0.572144 -0.4319134 1.41072e-6 -0.3940427 -0.9190921 0.1808145 -0.389913 -0.9029252 9.09343e-6 -0.6167368 -0.7871695 0.2550412 -0.5963225 -0.7611528 1.40741e-5 -0.7981234 -0.6024941 0.2549961 -0.7717322 -0.5825859 1.32695e-5 -0.9260209 -0.3774724 0.2549978 -0.8954089 -0.3649918 1.68756e-5 -0.9918868 -0.127125 0.2549998 -0.9590931 -0.1229455 1.73002e-5 -0.9912913 0.1316875 0.254996 -0.958522 0.1273291 1.59368e-5 -0.9242884 0.3816949 0.2549536 -0.893741 0.3690875 1.25095e-5 -0.7953583 0.6061397 0.2550358 -0.7690537 0.5861001 1.72369e-5 -0.6131311 0.7899814 0.2550283 -0.5928735 0.7638467 0.1808133 -0.3857375 0.9047172 0.3583196 -0.3740254 0.8554017 0.4932234 -0.5333769 0.6871971 0.5236979 -0.3562034 0.7738602 0.6697021 -0.3348457 0.6628556 0.698764 -0.438618 0.5651045 0.7899022 -0.3134239 0.5270863 0.8581312 -0.3148043 0.4055974 0.8810241 -0.2949774 0.3698443 0.8581078 -0.4083961 0.3112294 0.9410113 -0.281842 0.1872513 0.8581194 -0.4745786 0.1959757 0.8581167 -0.5089856 0.06759774 0.6987664 -0.6611899 0.2730449 0.6987681 -0.7091203 0.09418874 0.4932269 -0.8040396 0.3320356 0.4932246 -0.8623293 0.1145329 0.35832 -0.3779308 -0.8536832 0.4932205 -0.5365106 -0.6847554 0.4931886 -0.6942983 -0.5241325 0.4932265 -0.8055475 -0.328361 0.4932227 -0.862842 -0.1106125 0.5236904 -0.3597375 -0.7722289 0.6697134 -0.3378772 -0.6613041 0.6987872 -0.4411667 -0.5630882 0.7898993 -0.3158399 -0.5256467 0.8581199 -0.3166779 -0.4041602 0.8810177 -0.2966808 -0.3684948 0.8581149 -0.409801 -0.3093573 0.9410008 -0.2827224 -0.1859726 0.8581193 -0.4754644 -0.1938171 0.9607021 -0.2775807 6.23833e-4 0.8581126 -0.5092945 -0.06528389 2.24263e-7 -0.3898368 0.920884 0.698798 -0.5709131 -0.4309751 0.6987656 -0.6624349 -0.2700124 0.6987667 -0.7095448 -0.09094655 0.4932251 -0.6918801 0.5272865 0.6987662 -0.5689568 0.4336059 3.40771e-6 0.3689354 0.9294551 -0.2297579 0.3549491 0.9062134 -1.6626e-5 0.1194406 0.9928414 -0.2530208 0.1155122 0.9605401 -1.21519e-5 -0.1379718 0.9904361 -0.2530415 -0.1334877 0.9582021 -1.48416e-5 -0.3862614 0.9223894 -0.2530428 -0.3736839 0.8923731 -1.33291e-5 -0.6089199 0.7932317 -0.2530384 -0.5891132 0.7674095 -1.15559e-5 -0.7912574 0.6114833 -0.252996 -0.7655107 0.5915965 -1.16825e-5 -0.921144 0.389222 -0.2529995 -0.8911742 0.3765632 -1.33738e-5 -0.9899876 0.141154 -0.2529584 -0.9577881 0.1365799 -2.39164e-5 -0.9932239 -0.1162171 -0.2530173 -0.9609085 -0.1124154 -0.2297579 -0.9073538 -0.3520234 -0.4501712 -0.837838 -0.3088262 -0.4896017 -0.8660359 -0.1013517 -0.6443222 -0.7274608 -0.2359018 -0.6943048 -0.7148057 -0.08362847 -0.7984867 -0.5867946 -0.1345033 -0.853789 -0.5170912 -0.06050705 -0.8662595 -0.4956758 -0.06245142 -0.9165122 -0.3994943 0.02024209 -0.8538179 -0.5153605 0.07347595 -0.9476776 -0.2991952 0.1113074 -0.8538193 -0.4795245 0.2026053 -0.8538061 -0.4119268 0.3183261 -0.6943058 -0.6629321 0.2801079 -0.694306 -0.5694503 0.4400747 -0.4896294 -0.8031705 0.3393823 -0.4896281 -0.6899216 0.5331721 -0.4501729 0.3115284 0.8368359 -0.4895958 0.1041028 0.8657128 -0.4895862 -0.1203136 0.8636145 -0.4895839 -0.3367952 0.8042865 -0.4895854 -0.5309591 0.6916565 -0.6443257 0.238241 0.7266951 -0.6942856 0.08589869 0.7145552 -0.6942712 -0.0993033 0.7128298 -0.6943035 -0.2779784 0.6638304 -0.694306 -0.4382347 0.5708673 -0.7984979 0.1363497 0.5863532 -0.8538323 0.06212919 0.5168275 -0.8538053 -0.0718193 0.5156149 -0.8538183 -0.2010766 0.4801692 -0.8538306 -0.3169974 0.4128994 -0.8663079 0.06415516 0.4953734 -0.9165093 -0.01889568 0.3995671 -0.9476834 -0.1103513 0.299531 -0.9577583 -0.203027 0.203664 -7.16817e-6 -0.9306363 -0.3659458 -0.4895848 -0.8632225 0.1231006 -0.6943048 -0.7124726 0.1016058 5.32251e-6 -0.9306436 -0.3659268 0.180413 -0.9163395 -0.3574537 -3.87058e-6 -0.9932234 -0.1162215 0.2537147 -0.9607275 -0.1123903 1.60262e-5 -0.9899871 0.1411583 0.2537249 -0.9575889 0.1365553 1.69426e-5 -0.9211428 0.3892251 0.2536821 -0.8910087 0.3764953 1.6138e-5 -0.7912635 0.6114752 0.2536365 -0.7653815 0.5914895 1.38804e-5 -0.6089172 0.7932339 0.2536799 -0.5890128 0.7672747 1.53556e-5 -0.3862566 0.9223914 0.2536841 -0.3736161 0.8922194 1.51768e-5 -0.1379688 0.9904367 0.2536817 -0.1334651 0.9580358 1.27777e-6 0.1194397 0.9928414 0.2537167 0.1154875 0.9603596 0.1804102 0.3603616 0.9152004 0.3574839 0.3339228 0.8721818 0.4908541 0.1040394 0.8650076 0.5225415 0.2890508 0.8021222 0.6682537 0.2258273 0.7088294 0.6958553 0.08574789 0.7130447 0.7882219 0.145209 0.5980138 0.8553014 0.06186312 0.5144246 0.8792087 0.04741632 0.4740716 0.8553056 -0.07147246 0.5131705 0.9391158 -0.07199698 0.3359732 0.8553079 -0.2001016 0.4779203 0.855312 -0.3154842 0.4109881 0.6958585 -0.2773813 0.6624505 0.69586 -0.4373251 0.5696714 0.4908186 -0.3365218 0.8036481 0.4908576 -0.5305196 0.6910918 0.3574994 -0.8732675 -0.3310562 0.490856 -0.8653377 -0.1012481 0.490857 -0.8625147 0.1229957 0.4908165 -0.8025575 0.3391175 0.4908168 -0.6893911 0.5327653 0.5225439 -0.803052 -0.2864535 0.6682469 -0.7095614 -0.2235368 0.6958666 -0.7133035 -0.08347463 0.7882267 -0.5984747 -0.1432717 0.8552965 -0.5146286 -0.06021016 0.8791952 -0.4742466 -0.04589337 0.8553132 -0.5129244 0.07312959 0.9391244 -0.3357209 0.07305455 0.8553097 -0.4772629 0.2016572 0.9587921 -0.2005695 0.2012208 0.8553061 -0.4099654 0.3168281 2.20236e-6 0.3689219 0.9294604 0.6958611 -0.7109853 0.1013774 0.6958602 -0.6615426 0.2795353 0.6958615 -0.5682564 0.43916 0.4908167 -0.1202188 0.862929 0.6958605 -0.09909254 0.711308 -1.25729e-6 0.9163976 0.4002692 -0.2298458 0.8900562 0.3936635 1.04159e-5 0.784229 0.6204715 -0.2524848 0.7588116 0.6003802 -1.52737e-6 0.6003043 0.7997717 -0.2524807 0.58086 0.7738573 -2.33948e-6 0.3767833 0.9263014 -0.2524377 0.3645896 0.8962978 -3.65078e-7 0.1284092 0.9917213 -0.2524816 0.1242605 0.9595897 -1.66893e-6 -0.128407 0.9917216 -0.2524386 -0.1242617 0.9596009 -3.68804e-6 -0.3767937 0.9262973 -0.2524368 -0.3645908 0.8962976 -9.90927e-7 -0.6003027 0.7997729 -0.252478 -0.5808621 0.7738568 4.61191e-6 -0.7842268 0.6204743 -0.2525115 -0.7588273 0.6003493 -0.229846 -0.8900558 0.3936644 -0.4502866 -0.8102256 0.3752018 -0.4886317 -0.6842339 0.541353 -0.6444424 -0.6804018 0.3489235 -0.6931086 -0.5652977 0.4472573 -0.7985087 -0.5089686 0.3214575 -0.8526843 -0.4097282 0.3241177 -0.8659746 -0.3938823 0.3081312 -0.9159283 -0.2677734 0.2989529 -0.8526567 -0.3136377 0.4178613 -0.9469237 -0.1328424 0.2927257 -0.8526374 -0.1968559 0.4840013 -0.8526554 -0.06709676 0.5181475 -0.6931014 -0.2716038 0.6677139 -0.6931019 -0.09256845 0.7148712 -0.4886449 -0.3287582 0.8081734 -0.4886437 -0.1120324 0.8652607 -0.4502863 0.8102256 0.3752022 -0.4886364 0.68423 0.5413537 -0.4886415 0.5237655 0.6977816 -0.4886423 0.3287518 0.8081776 -0.488606 0.1120493 0.8652798 -0.6444424 0.6804016 0.3489237 -0.6931115 0.565301 0.4472485 -0.6930709 0.4327443 0.5765286 -0.6931027 0.2716049 0.6677122 -0.6931018 0.09257078 0.7148711 -0.7985089 0.5089684 0.3214576 -0.8526679 0.4097434 0.3241418 -0.8526653 0.3136364 0.4178447 -0.8526381 0.1968597 0.4839987 -0.8526561 0.06709885 0.5181462 -0.8659896 0.3938654 0.3081106 -0.9159274 0.2677775 0.298952 -0.946924 0.1328433 0.2927247 -0.9569545 -5.61867e-6 0.2902382 -1.01639e-6 -0.9163975 0.4002698 -0.4886423 -0.5237656 0.697781 -0.6931001 -0.4327272 0.5765062 -2.62796e-6 -0.9164025 0.4002578 0.1802248 -0.9002965 0.3962137 -6.82101e-6 -0.7842273 0.6204739 0.2531809 -0.7586524 0.6002883 8.49366e-7 -0.6002947 0.799779 0.2531145 -0.5807607 0.7737248 2.37674e-6 -0.3767859 0.9263005 0.2531554 -0.3645222 0.8961227 1.68383e-6 -0.1284115 0.991721 0.2531545 -0.1242393 0.9594153 -8.34465e-7 0.1284056 0.9917218 0.2531537 0.124239 0.9594154 5.81145e-7 0.3767928 0.9262977 0.2531149 0.3645267 0.8961324 1.08778e-6 0.6003015 0.7997739 0.2531991 0.5807495 0.7737056 -9.16421e-7 0.7842234 0.6204785 0.2531956 0.7586736 0.6002554 0.1802228 0.9002969 0.3962135 0.3571562 0.8512563 0.3844505 0.4898864 0.6836736 0.5409269 0.5220488 0.7701151 0.3665895 0.6676459 0.6596408 0.3451419 0.6946432 0.5641394 0.4463381 0.7875211 0.5244832 0.3236172 0.854146 0.4078081 0.3226875 0.8784551 0.3678903 0.3049152 0.854127 0.3121989 0.4159314 0.9383254 0.1859751 0.2914769 0.854136 0.1959417 0.4817248 0.8541498 0.06675046 0.5157253 0.6946496 0.2710394 0.6663329 0.6946483 0.0923773 0.7133934 0.4898694 0.3284757 0.8075467 0.4898676 0.1119412 0.8645803 0.3571572 -0.8512561 0.3844502 0.4898886 -0.6836735 0.5409249 0.4898679 -0.5233474 0.6972352 0.489866 -0.3284912 0.8075426 0.4898698 -0.1119586 0.8645767 0.5220491 -0.7701148 0.3665897 0.6676472 -0.6596392 0.3451425 0.6946421 -0.5641351 0.4463451 0.7875272 -0.5244767 0.3236126 0.8541485 -0.407813 0.3226748 0.8784572 -0.3678877 0.3049125 0.8541358 -0.3121945 0.4159168 0.9383257 -0.185975 0.2914758 0.8541379 -0.1959397 0.4817221 0.9579783 -8.96864e-7 0.2868407 0.8541449 -0.06675285 0.5157331 -6.63957e-7 0.9164004 0.4002628 0.6946487 -0.4318221 0.5753199 0.6946498 -0.2710406 0.6663323 0.6946511 -0.09237778 0.7133906 0.4898661 0.5233486 0.6972355 0.694648 0.4318324 0.575313 3.82122e-6 0.9306391 -0.3659385 -0.2297587 0.9073536 -0.3520234 -1.78143e-5 0.9932231 -0.1162235 -0.2530176 0.9609083 -0.1124159 -1.46553e-5 0.9899869 0.1411597 -0.2529573 0.9577883 0.136581 -1.23158e-5 0.9211423 0.3892259 -0.2529986 0.8911741 0.3765641 -1.16155e-5 0.7912625 0.6114767 -0.2529983 0.7655112 0.5915949 -1.04159e-5 0.6089161 0.7932348 -0.2529971 0.5891222 0.7674162 -1.4551e-5 0.3862556 0.9223918 -0.2530413 0.3736831 0.8923739 -1.20476e-5 0.1379681 0.9904367 -0.2530423 0.1334872 0.9582019 2.19755e-5 -0.1194476 0.9928405 -0.253021 -0.1155122 0.9605402 -0.2297578 -0.3549496 0.9062132 -0.4501705 -0.3115292 0.836837 -0.4896112 -0.1041375 0.8657 -0.6443244 -0.2382382 0.7266971 -0.6942963 -0.08592921 0.714541 -0.7984932 -0.1363546 0.5863584 -0.8538309 -0.06211119 0.5168318 -0.8663147 -0.06404113 0.4953762 -0.9165087 0.01889073 0.3995685 -0.8538159 0.07180929 0.5155987 -0.9476823 0.1103422 0.2995378 -0.8538168 0.2010716 0.4801742 -0.8538317 0.3169938 0.4129001 -0.6942714 0.2779867 0.6638604 -0.6943036 0.438235 0.5708701 -0.4895851 0.3367972 0.8042848 -0.489586 0.5309653 0.6916512 -0.45017 0.8378382 -0.308827 -0.489602 0.8660354 -0.1013549 -0.4895854 0.8632224 0.1230994 -0.4896273 0.8031723 0.3393809 -0.4895886 0.6899371 0.5331885 -0.6443262 0.7274587 -0.2358972 -0.6943097 0.7148004 -0.083633 -0.6943041 0.7124736 0.1016034 -0.6943066 0.6629246 0.280124 -0.6943043 0.5694515 0.4400758 -0.7984777 0.5868062 -0.1345069 -0.8537924 0.5170858 -0.06050634 -0.853828 0.5153446 0.0734688 -0.8538196 0.479525 0.2026033 -0.8538072 0.4119267 0.3183236 -0.8662617 0.4956717 -0.06245255 -0.9165136 0.3994911 0.0202443 -0.9476777 0.2991946 0.1113088 -0.9577589 0.2030236 0.2036649 4.19493e-6 -0.3689395 0.9294534 -0.4895867 0.120311 0.8636146 -0.694302 0.09930217 0.7128 6.31437e-7 -0.3689263 0.9294587 0.1804103 -0.3603615 0.9152004 -4.91366e-6 -0.1194379 0.9928417 0.2537162 -0.1154888 0.9603596 1.45063e-5 0.1379708 0.9904363 0.2536786 0.1334643 0.9580368 1.65924e-5 0.3862597 0.9223901 0.2536833 0.3736187 0.8922185 1.42753e-5 0.6089179 0.7932332 0.2536815 0.5890119 0.7672749 1.42828e-5 0.791265 0.6114734 0.2536383 0.7653805 0.59149 1.69575e-5 0.9211438 0.3892226 0.2537239 0.890999 0.3764907 1.65254e-5 0.9899873 0.1411571 0.2537245 0.9575889 0.136556 2.68593e-6 0.9932232 -0.1162233 0.2537148 0.9607275 -0.1123898 0.1804131 0.9163396 -0.3574533 0.3574991 0.8732677 -0.3310559 0.4908543 0.8653388 -0.1012462 0.5225508 0.8030482 -0.2864513 0.6682468 0.7095613 -0.2235373 0.6958703 0.7132992 -0.08347833 0.7882269 0.5984743 -0.1432725 0.8552981 0.5146246 -0.0602225 0.8792005 0.4742366 -0.0458936 0.8553047 0.5129381 0.07313293 0.9391155 0.3357402 0.07308 0.8553106 0.4772608 0.201658 0.8553116 0.409956 0.3168255 0.6958609 0.6615425 0.2795337 0.6958612 0.5682568 0.4391601 0.4908164 0.8025622 0.3391066 0.4908537 0.6893638 0.5327665 0.3574834 -0.3339228 0.872182 0.4908394 -0.1040034 0.8650202 0.490817 0.1202183 0.8629289 0.4908184 0.3365291 0.8036451 0.4908571 0.5305227 0.6910898 0.5225408 -0.2890509 0.8021227 0.6682534 -0.2258275 0.7088295 0.6958546 -0.08574146 0.7130461 0.7882225 -0.1452095 0.598013 0.8553081 -0.06186026 0.5144137 0.8792088 -0.04741638 0.4740713 0.8553137 0.07146722 0.5131579 0.9391111 0.07201009 0.3359836 0.8553046 0.2001035 0.4779254 0.9587916 0.2005671 0.2012251 0.8553311 0.3154712 0.4109582 6.96643e-6 0.9306453 -0.3659228 0.6958618 0.09906756 0.7113102 0.6958599 0.2773804 0.6624494 0.6958618 0.4373239 0.5696703 0.4908574 0.8625144 0.122995 0.6958608 0.7109843 0.1013863 2.53413e-6 0.3940541 -0.9190874 -0.2295777 0.387373 -0.8928808 1.69463e-5 0.616729 -0.7871755 -0.2543018 0.5964679 -0.7612862 -7.37607e-6 0.7981245 -0.6024926 -0.2542619 0.7718885 -0.5826999 -1.01477e-5 0.9260172 -0.3774816 -0.2542617 0.8955874 -0.3650676 -8.80659e-6 0.9918865 -0.1271267 -0.2543015 0.9592746 -0.1229758 -7.30157e-6 0.9912911 0.1316895 -0.2543022 0.9587028 0.1273561 -8.09878e-6 0.9242914 0.3816876 -0.2543019 0.8938997 0.3691529 -4.28408e-6 0.7953578 0.6061404 -0.2543002 0.7692074 0.5862179 1.036e-5 0.6131296 0.7899824 -0.2543297 0.5929536 0.7640174 -0.2295597 0.3833291 0.8946291 -0.4498304 0.3649942 0.8151269 -0.4919593 0.5337967 0.687777 -0.6440219 0.338969 0.6858103 -0.6971939 0.4395539 0.5663152 -0.7984927 0.311777 0.5149802 -0.8566081 0.3163707 0.4075931 -0.8671337 0.2986363 0.398617 -0.9179288 0.2894122 0.2713806 -0.8566018 0.4103845 0.3127586 -0.9494738 0.2833435 0.1349666 -0.8566063 0.4769071 0.1969401 -0.8566011 0.5114868 0.0679391 -0.6971779 0.6626216 0.2736343 -0.6972103 0.7106275 0.09437441 -0.4919335 0.8047126 0.332324 -0.4919338 0.8630535 0.1146288 -0.4498198 0.3687176 -0.8134553 -0.491938 0.5369653 -0.6853213 -0.4919689 0.6948491 -0.5245488 -0.4919696 0.8062044 -0.3286341 -0.4919332 0.8635661 -0.1107041 -0.6440179 0.3421414 -0.6842371 -0.6972064 0.4421225 -0.5642968 -0.6972102 0.5721445 -0.4319128 -0.6971786 0.6638631 -0.2706065 -0.6972083 0.7110499 -0.09115213 -0.798495 0.314118 -0.513552 -0.8565866 0.3182895 -0.406142 -0.8565923 0.4118254 -0.3108854 -0.8566073 0.4778008 -0.1947578 -0.8566004 0.5117939 -0.06559652 -0.8670998 0.3005641 -0.3972395 -0.9179355 0.2906431 -0.270039 -0.9494779 0.283952 -0.1336528 -0.9596689 0.2811319 6.24706e-4 -5.37055e-6 0.3898341 0.9208852 -0.4919717 0.6924437 0.5277174 -0.69721 0.570163 0.4345255 -3.7835e-7 0.3898354 0.9208846 0.1808133 0.3857375 0.9047172 7.78586e-6 0.613133 0.7899797 0.2550297 0.5928738 0.763846 1.16527e-5 0.7953591 0.6061386 0.2549956 0.7690613 0.5861077 1.48416e-5 0.9242895 0.3816921 0.2549978 0.8937305 0.3690825 1.65999e-5 0.9912917 0.1316849 0.2550397 0.9585104 0.1273292 1.77473e-5 0.9918861 -0.1271297 0.2549974 0.9590936 -0.122947 1.42753e-5 0.9260206 -0.3774732 0.2550388 0.8953993 -0.3649868 1.42232e-5 0.7981211 -0.6024972 0.2549962 0.7717319 -0.5825863 1.89804e-5 0.6167355 -0.7871706 0.2550423 0.596324 -0.7611512 0.1808143 0.389913 -0.9029253 0.3583196 0.3779309 -0.8536835 0.4932221 0.5365121 -0.6847531 0.5236906 0.3597378 -0.7722286 0.6697139 0.3378768 -0.6613038 0.6987873 0.4411597 -0.5630938 0.7899013 0.3158344 -0.5256471 0.8581209 0.3166652 -0.4041681 0.8810216 0.2966709 -0.3684934 0.8581297 0.4097796 -0.3093447 0.9409936 0.2827461 -0.1859722 0.8581187 0.4754661 -0.1938155 0.8581189 0.5092842 -0.06528043 0.6987675 0.6624329 -0.2700122 0.6987646 0.7095472 -0.0909444 0.4932254 0.8055515 -0.3283528 0.493225 0.8628426 -0.110598 0.3583196 0.3740257 0.8554016 0.4932234 0.5333762 0.6871976 0.4932247 0.6918783 0.5272891 0.493225 0.8040378 0.3320426 0.4932261 0.862326 0.114551 0.5236979 0.356204 0.7738601 0.6697011 0.3348484 0.6628552 0.6987766 0.4385871 0.565113 0.7899026 0.3134247 0.5270853 0.858138 0.3147944 0.4055904 0.8810258 0.2949734 0.3698437 0.8581156 0.4083822 0.3112264 0.9410051 0.2818654 0.1872468 0.8581222 0.4745734 0.1959756 0.9607017 0.2775822 6.23823e-4 0.8581109 0.5089948 0.06760263 1.86214e-6 0.3940444 -0.9190915 0.6987658 0.5689557 0.4336079 0.6987668 0.6611893 0.2730451 0.6987658 0.7091224 0.09419071 0.4932258 0.6942832 -0.5241175 0.6987981 0.5709061 -0.4309841 -4.91738e-7 -0.3778144 -0.9258815 -0.2293801 -0.363988 -0.9027168 4.81307e-6 -0.1261005 -0.9920175 -0.2556355 -0.1219146 -0.9590556 1.31875e-6 0.1341282 -0.9909641 -0.2555564 0.1296796 -0.9580576 0 0.3852815 -0.9227992 -0.2555992 0.372502 -0.8921387 -1.19954e-6 0.6103599 -0.7921244 -0.2555989 0.5900924 -0.7658068 -2.55555e-6 0.7940899 -0.6078006 -0.2555986 0.7677167 -0.5876058 -3.68804e-6 0.9240444 -0.3822852 -0.2555989 0.8933421 -0.3696069 -1.99676e-6 0.9913938 -0.1309138 -0.255595 0.9584619 -0.1265776 -7.51019e-6 0.9916031 0.129319 -0.2556386 0.9586559 0.1250112 -0.2293862 0.9015169 0.3669459 -0.4495154 0.8324916 0.3238732 -0.4942599 0.8620159 0.1124094 -0.6437531 0.7228415 0.2511618 -0.7000706 0.7080795 0.09232896 -0.798492 0.5829939 0.1500955 -0.8593211 0.5071464 0.0661056 -0.8679286 0.4907253 0.07673734 -0.9193171 0.3934538 -0.007086575 -0.8593444 0.5069964 -0.06694662 -0.9512078 0.2919467 -0.09985446 -0.8593729 0.4725099 -0.1954808 -0.8593615 0.4060835 -0.3107955 -0.7000797 0.6598283 -0.2729742 -0.70008 0.5670246 -0.4340175 -0.4942747 0.8032765 -0.3323242 -0.4942752 0.6903053 -0.5283661 -0.4495236 -0.3211743 -0.833532 -0.4942601 -0.1096121 -0.8623759 -0.4942389 0.116605 -0.8614705 -0.4942369 0.3349465 -0.80221 -0.4942749 0.5305907 -0.6885972 -0.6437672 -0.24881 -0.7236417 -0.7000852 -0.09003585 -0.7083603 -0.7000796 0.09577977 -0.707612 -0.7000792 0.2751285 -0.6589337 -0.7000795 0.4358417 -0.5656242 -0.7984888 -0.148209 -0.5834808 -0.8593583 -0.06441688 -0.5073006 -0.8593541 0.06856328 -0.5067638 -0.859373 0.1969951 -0.4718804 -0.8593405 0.312145 -0.4050918 -0.8679913 -0.07509171 -0.4908691 -0.9193261 0.008391976 -0.3934072 -0.9512243 0.1007753 -0.2915763 -0.9615283 0.1945618 -0.1939306 6.37662e-7 0.9246513 0.380815 -0.4942364 0.8618445 -0.1138172 -0.7000777 0.7079209 -0.09348487 -7.65687e-6 0.9246405 0.3808411 0.1812594 0.9102619 0.3722478 2.19606e-5 0.9916033 0.1293181 0.256354 0.9584648 0.1250116 9.93162e-6 0.9913946 -0.1309072 0.2563102 0.9582746 -0.1265508 1.00881e-5 0.9240422 -0.3822907 0.2563122 0.8931657 -0.3695392 1.39996e-5 0.794085 -0.6078067 0.2563548 0.7675544 -0.5874884 1.15857e-5 0.6103682 -0.792118 0.2563114 0.5899764 -0.7656581 1.32024e-5 0.3852878 -0.9227964 0.2563136 0.372423 -0.8919666 1.28895e-5 0.1341246 -0.9909645 0.2563114 0.1296518 -0.9578596 -1.07549e-5 -0.1260931 -0.9920184 0.2563447 -0.1218624 -0.9588727 0.181255 -0.3692529 -0.9114818 0.3591313 -0.3428081 -0.8680481 0.4955707 -0.1095389 -0.8616328 0.5248658 -0.2979602 -0.7973304 0.6711136 -0.2347685 -0.7032001 0.7016789 -0.08984285 -0.7068062 0.7915202 -0.1541147 -0.591392 0.8608981 -0.06413698 -0.5047188 0.8827738 -0.05627638 -0.4664156 0.8608775 0.06825733 -0.5042133 0.94284 0.06324273 -0.3271898 0.8608798 0.1960473 -0.4695225 0.8608953 0.3105432 -0.4030166 0.7016867 0.2745046 -0.6574823 0.7016874 0.4348886 -0.564364 0.4955916 0.3346285 -0.8015065 0.4955936 0.5301283 -0.6880052 0.3591341 0.8669309 0.3456205 0.495581 0.8612679 0.1123263 0.4955173 0.8611212 -0.1137227 0.4955552 0.8025943 -0.3320654 0.4955912 0.6897135 -0.527906 0.5248575 0.7963669 0.3005402 0.6711165 0.7024495 0.2369968 0.7016974 0.7064958 0.09211194 0.7915101 0.5908973 0.1560524 0.8608858 0.5045273 0.0657866 0.8827643 0.4662483 0.05779045 0.8608826 0.5044266 -0.06659603 0.9428447 0.3273797 -0.06218111 0.8608995 0.4701312 -0.1944964 0.9625517 0.1920101 -0.1913808 0.8608905 0.4040319 -0.3092347 3.63104e-6 -0.37781 -0.9258831 0.7016885 0.706355 -0.09325212 0.7016879 0.6583623 -0.2723845 0.7016873 0.5657753 -0.4330511 0.49559 0.1165041 -0.8607075 0.7016558 0.09557551 -0.7060769 3.56068e-6 0.9235066 -0.3835828 0.181406 0.907254 -0.3794497 -2.09883e-5 0.7928983 -0.6093541 0.2568877 0.7662803 -0.588917 2.40877e-5 0.6083344 -0.7936809 0.2568373 0.587921 -0.7670617 -1.9148e-5 0.3823756 -0.924007 0.2569207 0.3695449 -0.8929885 -1.82018e-5 0.1304102 -0.9914602 0.2568371 0.1260407 -0.9582007 -1.81645e-5 -0.1304094 -0.9914603 0.2567951 -0.1260424 -0.9582117 -1.88276e-5 -0.3823745 -0.9240075 0.2568778 -0.3695482 -0.8929995 2.46912e-5 -0.608334 -0.7936812 0.2569202 -0.5879092 -0.7670429 -7.70763e-6 -0.7928983 -0.6093541 0.2568705 -0.7662587 -0.5889527 0.1814061 -0.907254 -0.3794494 0.3594447 -0.8577429 -0.3675277 0.4965531 -0.688246 -0.5289165 0.5253234 -0.7759002 -0.3493055 0.671709 -0.664465 -0.3275565 0.702892 -0.5639829 -0.4334354 0.7921664 -0.5282354 -0.305679 0.8620333 -0.4018769 -0.3088586 0.8834953 -0.3704316 -0.2867345 0.8620289 -0.308324 -0.4022965 0.9436014 -0.1872288 -0.2730605 0.8620403 -0.1937915 -0.4683283 0.8620312 -0.06609815 -0.5025269 0.7028912 -0.2719791 -0.6572452 0.7028898 -0.09275031 -0.7052258 0.4965385 -0.3319129 -0.8020495 0.4965357 -0.1131923 -0.8606043 0.359445 0.8577426 -0.3675283 0.4965541 0.6882474 -0.5289136 0.4965389 0.5280373 -0.6889309 0.4965384 0.3319125 -0.8020497 0.4965749 0.1131996 -0.8605808 0.5253242 0.775899 -0.3493068 0.6717092 0.6644647 -0.3275567 0.7028896 0.5639809 -0.4334418 0.7921709 0.5282301 -0.3056767 0.8620271 0.4018964 -0.3088504 0.8834939 0.3704326 -0.2867374 0.8620365 0.3083149 -0.4022872 0.9435987 0.1872292 -0.2730694 0.8620363 0.1937884 -0.468337 0.9633163 -1.19582e-6 -0.2683686 0.8620194 0.06610661 -0.502546 2.28206e-6 -0.9235074 -0.3835808 0.70289 0.4327003 -0.5645494 0.7028906 0.2719814 -0.657245 0.7028573 0.09275555 -0.7052575 0.4965397 -0.5280379 -0.6889299 0.7028895 -0.4327009 -0.5645498 -1.19382e-5 -0.9235054 -0.3835856 -0.2292847 -0.8973791 -0.3770136 -2.3447e-5 -0.79289 -0.6093649 -0.2561537 -0.7664159 -0.5890604 -1.19731e-5 -0.6083331 -0.7936819 -0.2561165 -0.5880392 -0.7672121 -1.2368e-5 -0.3823738 -0.9240078 -0.2561622 -0.3696202 -0.8931752 -1.19284e-5 -0.1304088 -0.9914604 -0.256078 -0.1260677 -0.9584003 -1.19731e-5 0.130411 -0.9914601 -0.25612 0.126066 -0.9583893 -1.26511e-5 0.3823763 -0.9240068 -0.2561205 0.3696269 -0.8931844 -1.16304e-5 0.608336 -0.7936796 -0.2561175 0.588039 -0.7672119 9.17166e-6 0.7928951 -0.6093583 -0.2561517 0.7664172 -0.5890595 -0.2292847 0.897379 -0.377014 -0.4493798 0.8182424 -0.3585209 -0.4952402 0.6888388 -0.5293755 -0.6436438 0.6894851 -0.3321641 -0.701274 0.5652304 -0.4344301 -0.7984864 0.5193523 -0.3044549 -0.8605036 0.4039512 -0.3104143 -0.8683469 0.4018792 -0.2906317 -0.9198842 0.2735376 -0.2810523 -0.8604897 0.3099186 -0.4043614 -0.9519355 0.1357659 -0.2745657 -0.860491 0.1947848 -0.4707591 -0.8604924 0.06644082 -0.5051124 -0.7012625 0.2725943 -0.6587285 -0.7012617 0.09297305 -0.7068155 -0.4952052 0.3322018 -0.8027539 -0.4952064 0.1132866 -0.8613576 -0.4493806 -0.8182417 -0.3585216 -0.4952449 -0.6888365 -0.5293739 -0.4952068 -0.5284983 -0.6895359 -0.495207 -0.3322014 -0.8027529 -0.4952057 -0.1133051 -0.8613555 -0.6436439 -0.6894852 -0.3321639 -0.7012747 -0.5652391 -0.4344176 -0.7012621 -0.4336799 -0.5658208 -0.7012599 -0.2726058 -0.6587265 -0.7012617 -0.09297406 -0.7068153 -0.7984856 -0.5193541 -0.3044539 -0.8605043 -0.4039511 -0.3104125 -0.8604788 -0.3099265 -0.4043784 -0.8604933 -0.194782 -0.4707562 -0.8604927 -0.06644308 -0.5051115 -0.868346 -0.4018796 -0.2906339 -0.9198832 -0.2735415 -0.2810517 -0.9519353 -0.1357681 -0.2745655 -0.9622923 5.55906e-6 -0.2720177 -8.36247e-6 0.9235085 -0.3835783 -0.4952431 0.5284873 -0.6895182 -0.7012633 0.4336792 -0.56582 -0.9999826 -0.00139898 0.005733132 -0.9999824 0 0.005938172 -0.9999818 0 0.006035387 -0.9999826 0.001399338 0.005733072 -1 8.5135e-5 2.22825e-4 -0.9999824 0.002751886 0.005251586 -1 1.85143e-4 1.61328e-4 -0.9999826 0.003919124 0.004427313 -1 1.73574e-4 1.46539e-4 -0.9999824 0.004882752 0.003379821 -1 1.7148e-4 1.49719e-4 -0.9999825 0.005549788 0.002101063 -1 2.17438e-4 4.2667e-5 -0.9999824 0.005895018 7.17368e-4 -1 2.20348e-4 -2.42901e-7 -0.9999824 0.005893826 -7.26567e-4 -1 2.17368e-4 -4.24902e-5 -0.9999825 0.005549073 -0.002103209 -1 1.71277e-4 -1.49545e-4 -0.9999824 0.004881143 -0.003381729 -1 1.39959e-4 -1.12051e-4 -0.9999826 0.003922402 -0.004424452 -1 1.85438e-4 -1.607e-4 -0.9999825 0.002754926 -0.005249857 -0.999981 0.001613795 -0.00596106 -0.9999827 0.001395165 -0.005734264 -0.9999818 0 -0.006035327 -0.9999825 0 -0.005937576 -0.9999827 -0.001399159 -0.00573343 -1 -8.53937e-5 -2.22383e-4 -0.9999825 -0.002752125 -0.005251705 -1 -1.85569e-4 -1.60933e-4 -0.9999826 -0.003919124 -0.004427373 -1 -1.39861e-4 -1.12582e-4 -0.9999824 -0.004882812 -0.003379762 -1 -1.71162e-4 -1.49888e-4 -0.9999824 -0.005549609 -0.002101004 -1 -2.1732e-4 -4.26249e-5 -0.9999824 -0.00589478 -7.17272e-4 -1 -2.20253e-4 2.42959e-7 -0.9999824 -0.005893588 7.26683e-4 -1 -2.17136e-4 4.30253e-5 -0.9999825 -0.005548954 0.002103209 -1 -1.71226e-4 1.49738e-4 -0.9999824 -0.004881083 0.003381848 -1 -1.39942e-4 1.12535e-4 -0.9999826 -0.003921926 0.004424512 -1 -1.85417e-4 1.61048e-4 -0.9999825 -0.002754926 0.005249917 -0.999981 -0.001613795 0.005961418 0.0188474 -0.7793327 -0.6263269 0.2256145 -0.746297 -0.62621 0.2256559 -0.8705793 -0.4372312 0.2256286 -0.9479557 -0.2246596 0.01863044 -0.9944475 -0.103572 0.03212726 -0.9970555 -0.06962937 0.2256473 -0.9742091 -6.56117e-7 0.04075962 -0.9986106 -0.03340065 0.04382157 -0.9990369 0.00225073 0.04078692 -0.9984461 0.03797161 0.03213596 -0.9967262 0.07419115 0.01861977 -0.9939657 0.1080995 0.2256463 -0.9479505 0.2246637 0.2256635 -0.8705763 0.4372333 0.2256381 -0.7462989 0.6261993 0.01839321 -0.7763717 0.6300068 0.03173929 -0.7543555 0.6556985 0.04029023 -0.7300491 0.682206 0.04333126 -0.705296 0.7075875 0.04028713 -0.679864 0.7322308 0.2256234 -0.581756 0.7814435 0.03175318 -0.6532378 0.7564867 0.0183801 -0.6275098 0.7783918 0.2256488 -0.3858503 0.8945402 0.2256321 -0.1691578 0.9594144 0.01828259 -0.1047481 0.9943308 0.03160601 -0.07112276 0.9969667 0.04011577 -0.03528708 0.9985718 0.225628 0.05662602 0.9725665 0.04308265 -2.38325e-6 0.9990715 0.04009252 0.03528374 0.9985729 0.0316078 0.0711261 0.9969665 0.01827341 0.104743 0.9943315 0.2256554 0.2794114 0.9332786 0.2256247 0.4871014 0.8436977 0.01836705 0.6275175 0.7783859 0.2256156 0.6685527 0.7086148 0.03173452 0.6532459 0.7564805 0.04027241 0.6798567 0.7322384 0.04330968 0.7052991 0.7075856 0.0402674 0.7300444 0.6822124 0.03177404 0.7543562 0.6556962 0.2256267 0.8139541 0.5353236 0.01836824 0.7763606 0.6300212 0.225672 0.9154573 0.3331819 0.2256469 0.9676213 0.1131045 0.01861077 0.9939663 0.1080963 0.03212666 0.9967263 0.07419383 0.04076379 0.9984472 0.0379678 0.043805 0.9990376 0.002246081 0.2256189 0.9676293 -0.1130914 0.04078418 0.9986094 -0.03340905 0.03213375 0.997055 -0.06963253 0.01862812 0.994448 -0.1035677 0.2256271 0.915463 -0.3331966 0.2256227 0.8139541 -0.5353255 0.0188508 0.7793334 -0.6263259 0.03247904 0.7571646 -0.6524163 0.04123556 0.7325808 -0.67943 0.225611 0.6685566 -0.7086126 0.04430645 0.7075534 -0.7052696 0.04124063 0.6817923 -0.7303824 0.03248047 0.6548699 -0.7550435 0.01882857 0.6288513 -0.7772976 0.2256272 0.4871001 -0.8436979 0.2255915 0.2794013 -0.9332971 0.01892912 0.1068796 -0.9940918 0.225636 0.05662792 -0.9725645 0.03263592 0.07265079 -0.9968234 0.04145425 0.03606903 -0.9984892 0.04451012 4.22727e-6 -0.999009 0.04143011 -0.03606873 -0.9984902 0.2256193 -0.1691563 -0.9594176 0.03264778 -0.0726577 -0.9968225 0.01894056 -0.1068716 -0.9940924 0.2256443 -0.38585 -0.8945415 0.2256196 -0.581758 -0.7814432 0.01885515 -0.628826 -0.7773174 0.03250467 -0.6548636 -0.7550478 0.04126024 -0.6817899 -0.7303836 0.04430854 -0.7075515 -0.7052714 0.04124027 -0.7325824 -0.6794279 0.03248244 -0.7571652 -0.6524153 0.9790197 -0.2037661 -2.96448e-7 0.9997586 0.02138394 0.005048036 0.9790096 -0.1983202 0.04700428 0.9997586 0.01963502 -0.009860932 0.9790091 -0.1821362 0.09147459 0.9790189 -0.1560872 0.1309919 0.9790082 -0.121716 0.1634875 0.9997577 0.00869435 -0.02022534 0.9790084 -0.08073401 0.1871485 0.9790088 -0.03538155 0.2007235 0.979019 0.01185446 0.2034243 0.9997586 -0.006303131 -0.02104794 0.9790192 0.0584321 0.1952106 0.9790095 0.1018818 0.1765237 0.9790192 0.1398347 0.1482158 0.9997575 -0.0184105 -0.0120787 0.9790195 0.1702451 0.1119707 0.9790095 0.1915267 0.06969982 0.9790196 0.2023887 0.02365612 0.9997587 -0.02182406 0.002551078 0.9790093 0.2024376 -0.02366089 0.9790091 0.1915288 -0.0696997 0.9790187 0.1702488 -0.1119723 0.9997586 -0.015096 0.01596945 0.9790188 0.1398391 -0.1482136 0.9790097 0.1018772 -0.1765252 0.9790194 0.05843657 -0.1952081 0.9997587 -0.001263618 0.02193313 0.9790191 0.01184213 -0.203424 0.9790189 -0.03537923 -0.2006747 0.9790187 -0.08071428 -0.1871033 0.9997585 0.01311427 0.01763641 0.9790097 -0.1216992 -0.1634911 0.9790204 -0.1560778 -0.1309924 0.9790093 -0.1821359 -0.09147328 0.9790196 -0.1982724 -0.04699832 0.4396008 -0.8981934 0 0.4396016 -0.8739842 0.2071285 0.4396006 -0.8026545 0.4031093 0.4396011 -0.6880619 0.5773401 0.4396017 -0.5363616 0.7204628 0.4396008 -0.3557564 0.8247355 0.4396005 -0.155971 0.8845476 0.4396011 0.0522198 0.8966739 0.4396014 0.2576013 0.8604605 0.4396003 0.449077 0.7778699 0.4396468 0.6163643 0.6533037 0.4396477 0.7504193 0.4935393 0.4396015 0.8440266 0.3071966 0.4396474 0.8920997 0.1042506 0.4396008 0.8921225 -0.1042535 0.4396018 0.8440261 -0.3071975 0.4396015 0.7504376 -0.4935525 0.439601 0.6163805 -0.6533193 0.4396009 0.4490761 -0.77787 0.4396004 0.2575991 -0.8604617 0.4396008 0.05221956 -0.896674 0.4396002 -0.1559725 -0.8845474 0.4396007 -0.3557576 -0.8247351 0.4396476 -0.5363488 -0.7204443 0.4396005 -0.6880627 -0.5773397 0.4396014 -0.8026552 -0.4031067 0.439601 -0.8739843 -0.2071288 0.630952 -0.7758219 5.04078e-7 0.6309113 -0.7549439 0.1789152 0.6309514 -0.6932965 0.3481959 0.630952 -0.594312 0.4986914 0.6309106 -0.4633154 0.6223268 0.6309109 -0.3073059 0.7124006 0.6309516 -0.1347207 0.7640357 0.6309517 0.04509389 0.7745105 0.6309512 0.2225039 0.7432312 0.6309106 0.3879297 0.6719095 0.6309516 0.5324036 0.5643107 0.6309125 0.6482198 0.426334 0.6309515 0.7290347 0.2653465 0.6309118 0.770609 0.0900672 0.6309114 0.7706093 -0.0900678 0.6309508 0.7290358 -0.2653449 0.6309104 0.6482222 -0.4263334 0.6309511 0.5324048 -0.5643101 0.6309114 0.3879274 -0.6719102 0.6309515 0.2225052 -0.7432307 0.6309511 0.04509443 -0.774511 0.630951 -0.1347213 -0.7640361 0.6309517 -0.3072929 -0.71237 0.6309511 -0.4632955 -0.6223006 0.6309514 -0.5943148 -0.4986886 0.6309516 -0.6932967 -0.3481952 0.6309114 -0.7549439 -0.178915 0.7897087 -0.613482 -5.27361e-7 0.7897078 -0.596947 0.1414768 0.7897391 -0.5481924 0.2753133 0.7897089 -0.4699456 0.3943488 0.7897089 -0.3663353 0.492096 0.7897405 -0.242976 0.5632697 0.789709 -0.106507 0.6041657 0.789709 0.03565752 0.6124446 0.78974 0.1759418 0.5876694 0.7897402 0.3067217 0.5312554 0.7897405 0.4209749 0.4461953 0.78974 0.5125146 0.3371049 0.7897393 0.5764557 0.2097874 0.7897402 0.6092933 0.07121944 0.7897405 0.609293 -0.07121968 0.7897404 0.5764541 -0.2097873 0.7897399 0.5125163 -0.3371024 0.7897403 0.4209769 -0.4461937 0.7897404 0.3067204 -0.5312559 0.789709 0.1759541 -0.5877074 0.7897405 0.0356543 -0.6124042 0.7897094 -0.1065074 -0.604165 0.7897087 -0.2429925 -0.563307 0.7897399 -0.3663135 -0.4920625 0.78974 -0.4699153 -0.3943226 0.7897396 -0.5481924 -0.275312 0.7897087 -0.5969458 -0.141478 0.9077736 -0.4194607 7.45291e-7 0.9077733 -0.4081568 0.09672492 0.9077737 -0.3748511 0.1882386 0.907774 -0.3213343 0.2696122 0.9077741 -0.2504829 0.3364591 0.9077953 -0.1661218 0.3851118 0.9077739 -0.07281672 0.4130912 0.9077737 0.02437531 0.4187514 0.9077741 0.1202866 0.4018424 0.9077742 0.2097307 0.3632618 0.9077945 0.2878242 0.305068 0.9077739 0.3504618 0.2304847 0.907795 0.3941243 0.143437 0.9077734 0.4166254 0.04868996 0.9077734 0.4166257 -0.04868984 0.9077946 0.3941255 -0.1434368 0.9077734 0.3504621 -0.2304857 0.9077948 0.2878202 -0.3050709 0.9077737 0.2097286 -0.3632643 0.9077739 0.120293 -0.4018411 0.9077739 0.02437895 -0.4187511 0.9077737 -0.0728144 -0.4130921 0.9077947 -0.1661211 -0.3851138 0.9077736 -0.2504866 -0.3364577 0.9077734 -0.3213358 -0.2696124 0.9077944 -0.3748115 -0.1882176 0.9077734 -0.4081566 -0.09672558 -0.7197447 0.1600703 -0.6755332 -0.7197552 0 -0.6942281 -0.7197582 1.11014e-6 -0.6942249 -0.7197654 -0.1601039 -0.6755033 -0.7197759 -0.1796495 -0.6705586 -0.7197656 -0.311567 -0.6203736 -0.7197825 -0.3471001 -0.6011945 -0.7197619 -0.4462359 -0.5318049 -0.7197679 -0.490884 -0.490884 -0.719765 -0.5568598 -0.4145427 -0.719756 -0.6012217 -0.3471078 -0.7197656 -0.6374393 -0.2749704 -0.7197654 -0.670567 -0.1796601 -0.7197639 -0.6836752 -0.1205331 -0.7197503 -0.6942331 -1.86171e-6 -0.719761 -0.6930486 0.04034674 -0.7197731 -0.6705601 0.1796551 -0.719749 -0.6650587 0.1991436 -0.7197582 -0.6012178 0.3471101 -0.7197545 -0.6012195 0.3471148 -0.7197395 -0.5049945 0.4763987 -0.719775 -0.4908802 0.4908775 -0.7197649 -0.3814768 0.580012 -0.7197827 -0.3470991 0.6011949 -0.7197621 -0.2374405 0.6523532 -0.7197682 -0.179652 0.6705661 -0.7197651 -0.08056652 0.6895269 -0.7197566 -4.93834e-6 0.6942266 -0.7197652 0.08056646 0.6895268 -0.719767 0.1796586 0.6705657 -0.7197619 0.2374407 0.6523532 -0.7197827 0.3470976 0.6011957 -0.7197649 0.3814769 0.5800121 -0.719775 0.4908819 0.4908758 -0.7197189 0.5050373 0.4763845 -0.7197582 0.6012148 0.3471154 -0.7197545 0.6012195 0.3471148 -0.7197489 0.6650589 0.1991435 -0.719773 0.6705607 0.1796532 -0.7197611 0.6930485 0.04034656 -0.7197504 0.694233 0 -0.7197639 0.6836752 -0.1205334 -0.7197653 0.6705686 -0.1796547 -0.7197656 0.6374393 -0.2749704 -0.7197559 0.601221 -0.3471092 -0.7197649 0.5568599 -0.4145427 -0.719768 0.4908878 -0.4908801 -0.7197619 0.4462359 -0.5318049 -0.7197827 0.3471018 -0.6011932 -0.7197656 0.3115669 -0.6203737 -0.7197757 0.1796588 -0.6705563 -0.5128611 -0.08973067 -0.8537693 -0.5128691 0.08972501 -0.8537651 -0.5128784 0.2652711 -0.8164479 -0.5128694 0.4292331 -0.743454 -0.5128825 0.5744115 -0.637968 -0.2701709 0.4813996 -0.8338239 -0.2702171 0.6442383 -0.7154998 -0.008771419 0.4999791 -0.8659931 -0.008705615 0.6690933 -0.7431275 0.2533894 0.4836556 -0.8377776 0.253402 0.6839432 -0.684112 -0.5128864 -0.2652437 -0.8164517 -0.5128696 -0.4292286 -0.7434566 -0.5128891 -0.5744208 -0.6379544 -0.2702172 -0.6442272 -0.7155097 -0.270219 -0.778922 -0.5659171 -0.008711576 -0.8089816 -0.5877696 -0.008699059 -0.9135118 -0.4067195 0.2533914 -0.837767 -0.4836729 0.2534124 -0.934401 -0.2503538 -0.008689939 -0.9781169 -0.2078745 0.2534472 -0.9673493 0 -0.008774399 -0.9999616 3.81527e-7 -0.008706569 -0.9781206 0.2078568 -0.2701728 -0.9628119 0 -0.2702193 -0.9417633 0.2001589 -0.5129153 -0.8584392 0 -0.5128887 -0.8396949 0.1784873 -0.5128667 -0.694521 -0.5045873 -0.2702644 -0.8795484 -0.3916014 -0.5129022 -0.7842279 -0.3491675 -0.2702204 -0.9417628 -0.2001591 -0.5128836 -0.8397012 -0.1784719 -0.5128713 -0.7842509 0.3491614 -0.5128592 -0.6945219 0.5045938 -0.5128836 -0.5744123 0.6379663 -0.5128695 -0.429228 0.743457 -0.512879 -0.2652697 0.8164479 -0.2702648 -0.2975038 0.9156684 -0.2702664 -0.1006266 0.9575127 -0.008671641 -0.1044981 0.9944873 -0.008702397 0.1045059 0.9944862 0.253418 -1.40606e-5 0.967357 0.2534119 0.2503512 0.9344018 -0.008702874 0.3090234 0.9510146 0.2533929 0.483658 0.8377751 -0.008776426 0.4999805 0.8659922 -0.008687913 0.6691082 0.7431143 -0.27022 0.4813934 0.8338115 -0.270171 0.6442361 0.7155191 -0.51287 0.4292282 0.7434566 -0.5128889 0.5744224 0.637953 -0.5128669 -0.08972668 0.8537662 -0.2702176 0.1006273 0.9575264 -0.5128958 0.08971053 0.8537505 -0.2702198 0.2975077 0.9156804 -0.5128735 0.2652861 0.816446 -0.5128672 0.6945207 0.5045873 -0.5129014 0.7842285 0.3491677 -0.5128836 0.8397013 0.178472 -0.5129154 0.8584392 -3.31958e-7 -0.5128728 0.8397135 -0.1784456 -0.2702201 0.9417631 -0.2001587 -0.2702644 0.8795485 -0.3916016 -0.008665084 0.9135072 -0.4067304 -0.008698761 0.8089838 -0.5877665 0.2534325 0.8377685 -0.4836485 -0.5128714 0.7842507 -0.3491615 -0.27022 0.7789216 -0.5659174 -0.5128587 0.6945235 -0.5045922 0.2534105 0.2503509 -0.9344024 -0.008667647 0.1044951 -0.9944877 0.2533966 3.03729e-5 -0.9673626 -0.008699655 -0.1045062 -0.9944862 0.2534151 -0.2503455 -0.9344025 -0.008701682 -0.3090224 -0.9510149 0.2533982 -0.4836922 -0.8377537 -0.008772015 -0.4999797 -0.8659927 -0.008690476 -0.6691081 -0.7431144 -0.2701702 -0.4813993 -0.8338242 -0.008687436 0.3090048 -0.9510208 0.2533988 0.9344072 -0.2503442 -0.008705198 0.9781206 -0.2078565 -0.2701727 0.9628119 0 0.2533968 0.9673625 -8.50298e-7 -0.00877434 0.9999616 -1.23996e-7 -0.2701743 0.9417757 0.2001613 -0.008689999 0.978117 0.207874 0.2533993 0.9344072 0.2503438 -0.008697152 0.9135115 0.40672 0.2534328 0.837768 0.4836494 -0.008710741 0.8089826 0.5877681 0.2534017 0.6839431 0.6841122 0.2534374 -0.2503053 0.9344072 -0.00868684 -0.3090049 0.9510208 -0.2701736 -0.4813994 0.8338231 0.2534177 -0.4836506 0.8377718 -0.008774638 -0.4999817 0.8659916 -0.2702175 -0.6442276 0.7155091 -0.008705198 -0.6690933 0.7431275 0.2534009 -0.684034 0.6840215 -0.008696436 -0.8089843 0.5877659 0.2533906 -0.837767 0.4836733 -0.00870943 -0.9135134 0.4067155 0.2534115 -0.9344012 0.2503541 0.2533996 -0.6840347 -0.6840214 -0.2702652 -0.1006267 -0.957513 -0.2702177 0.1006394 -0.957525 -0.2702644 0.2975169 -0.9156641 -0.2702651 -0.297504 -0.9156682 -0.2702638 -0.8795488 0.391601 -0.2702183 -0.778922 0.5659176 -0.2702661 0.7789105 0.5659105 -0.2702164 0.8795607 0.3916071 0.4957145 -0.04700791 -0.8672125 0.4956887 0.1405091 -0.857059 0.4957081 0.3214501 -0.8068106 0.4957075 0.4873911 -0.7188351 0.4956907 0.6305146 -0.5972789 0.4957014 0.74417 -0.4477624 0.4957141 0.8230284 -0.2772941 0.7040577 0.6084957 -0.3661091 0.7040582 0.6729778 -0.2267224 0.8641759 0.4311675 -0.2594125 0.864176 0.4768528 -0.1606587 0.9651346 0.2242877 -0.1349459 0.9651453 0.2480191 -0.08355295 0.9999971 0.002262234 -8.47306e-4 0.9999972 0.002393841 -2.82351e-4 0.4957038 -0.40679 -0.7673328 0.4957145 -0.2323582 -0.8368255 0.7040564 -0.1899722 -0.6842626 0.7040575 -0.03843837 -0.7091019 0.8641983 -0.1345866 -0.4848173 0.8641748 -0.02721941 -0.5024552 0.9651291 -0.07000052 -0.2522414 0.9651308 -0.01415389 -0.2613857 0.9999971 -5.75811e-4 -0.002351999 0.9999971 1.2815e-6 -0.002424597 0.4956931 -0.562253 -0.6619365 0.495716 -0.6913986 -0.5255795 0.4957146 -0.7882162 -0.3646673 0.49572 -0.8481823 -0.1866776 0.4957311 -0.8684761 1.804e-7 0.4957273 -0.8481791 0.1866726 0.7040579 -0.6935403 0.1526579 0.7040222 -0.6445363 0.2982042 0.8641989 -0.4566552 0.2112494 0.8641986 -0.4005553 0.3044939 0.9651351 -0.2083771 0.1584085 0.965139 -0.1694332 0.1994976 0.9999971 -0.001615166 0.001785099 0.9651444 -0.122588 0.2312325 0.9999971 -0.001121819 0.002140164 0.9651297 -0.0700013 0.2522394 0.9999971 -5.69638e-4 0.002352416 0.9651313 -0.01415389 0.2613836 0.9999971 3.58559e-7 0.002423644 0.9651366 0.04233729 0.2583003 0.9999971 5.7787e-4 0.002355217 0.9651426 0.09686547 0.2431402 0.9999972 0.00111854 0.0021227 0.9651452 0.1468602 0.2166263 0.9999971 0.001597881 0.001790642 0.9651426 0.1900205 0.1799783 0.9999972 0.001956105 0.001378178 0.965134 0.2242899 0.1349462 0.9999971 0.002262473 8.42907e-4 0.9651447 0.2480208 0.08355456 0.9999971 0.002422809 2.81002e-4 0.9651393 0.2602049 0.0282768 0.9651425 0.2601935 -0.02827352 0.8641991 0.5002037 0.05437296 0.8641748 0.5002421 -0.05440425 0.7040561 0.7059846 0.07675153 0.7040567 0.7059809 -0.0767802 0.4957085 0.8634002 0.0938794 0.4957283 0.8633887 -0.09388101 0.4957267 -0.7882124 0.3646594 0.7040568 -0.565347 0.4297521 0.8641753 -0.3257598 0.3835125 0.4957213 -0.6913955 0.5255784 0.7040573 -0.4597239 0.5412554 0.8641753 -0.2356948 0.4445776 0.495728 -0.5622302 0.6619299 0.7040591 -0.332633 0.6274202 0.8641763 -0.1345963 0.4848539 0.4956948 -0.4068008 0.767333 0.7040585 -0.1899719 0.6842605 0.8641769 -0.02721887 0.5024515 0.495709 -0.2323561 0.8368294 0.7040583 -0.03843843 0.7091012 0.8641769 0.08141064 0.496559 0.4957196 -0.04701012 0.8672094 0.495702 0.1405012 0.8570525 0.4957248 0.3214477 0.8068012 0.4957013 0.4873918 0.7188391 0.4957073 0.630519 0.5972605 0.4956907 0.7441817 0.4477548 0.4957177 0.8230258 0.277295 0.7040572 0.6729784 0.2267237 0.9651357 0.04233908 -0.2583035 0.9999971 5.72171e-4 -0.002357423 0.9651424 0.09686398 -0.2431412 0.9999971 0.001122832 -0.00212115 0.9651328 0.146881 -0.2166672 0.9999971 0.001598656 -0.00178945 0.9651429 0.1900197 -0.1799773 0.9999972 0.001967608 -0.001360416 0.9999972 -0.001957356 0.001371324 0.9651311 -0.2375757 0.1099086 0.8641763 -0.4914271 0.1081604 0.7040576 -0.7101429 -5.89993e-7 0.9999971 -0.002245903 8.44091e-4 0.9651446 -0.2556009 0.05625188 0.8641754 -0.5031908 -7.60134e-7 0.7040581 -0.6935402 -0.1526581 0.9999971 -0.00240159 2.89597e-4 0.9651405 -0.2617328 -1.6336e-7 0.864176 -0.4914278 -0.1081607 0.7040554 -0.6445064 -0.2981907 0.9999971 -0.002402484 -2.85834e-4 0.9651449 -0.2555995 -0.05625241 0.8641996 -0.4566543 -0.2112489 0.7040568 -0.5653476 -0.4297513 0.9999972 -0.002248287 -8.41285e-4 0.9651319 -0.2375724 -0.1099078 0.8641989 -0.4005544 -0.3044936 0.7040578 -0.4597229 -0.5412554 0.9999972 -0.001959204 -0.001366198 0.9651358 -0.2083747 -0.1584077 0.8641753 -0.3257598 -0.3835123 0.7040243 -0.3326483 -0.6274511 0.9999972 -0.001586198 -0.001762211 0.965146 -0.1694124 -0.1994814 0.8641753 -0.235695 -0.4445774 0.9999971 -0.001123666 -0.002111494 0.9651419 -0.1225913 -0.2312415 0.7040234 0.1148815 -0.7008234 0.7040579 0.2628533 -0.659705 0.7040577 0.3985058 -0.5877891 0.7040234 0.5155966 -0.4883763 0.8641749 0.08141332 -0.496562 0.8641752 0.1862289 -0.4674615 0.8641751 0.2823862 -0.416485 0.864175 0.3653052 -0.3460546 0.7040555 0.1148762 0.700792 0.8641985 0.1862136 0.4674243 0.7040567 0.2628515 0.659707 0.8641765 0.2823842 0.4164834 0.7040565 0.3985067 0.58779 0.864199 0.3652756 0.346026 0.7040237 0.5155958 0.4883767 0.8641756 0.4311674 0.2594134 0.7040928 0.6084657 0.3660914 0.864176 0.4768525 0.1606597 0.9651461 -0.05822014 -0.2551538 0.9651457 0 -0.2617134 0.9651458 0.05821818 -0.2551558 0.8642419 4.71715e-7 -0.5030765 0.8642178 0.1119536 -0.490504 0.7041309 1.25892e-6 -0.7100702 0.7041334 0.1580042 -0.692265 0.49583 0 -0.8684197 0.4958287 0.1932413 -0.8466475 0.2535807 -5.90458e-7 -0.9673143 0.2536798 0.215242 -0.9430363 -0.005924642 -5.96326e-6 -0.9999825 -0.005924165 0.2224988 -0.974915 0.9651472 -0.1135364 -0.2357975 0.9651483 -0.1631663 -0.2046108 0.9651452 -0.2046145 -0.1631803 0.9651518 -0.2357833 -0.1135271 0.9651548 -0.255124 -0.05820757 0.9651482 -0.2617045 1.9747e-7 0.9651544 -0.2551253 0.05820709 0.9651523 -0.2357808 0.1135281 0.9651445 -0.2046173 0.1631807 0.9651486 -0.1631647 0.2046107 0.9651467 -0.1135367 0.2357996 0.9651453 -0.05822002 0.2551568 0.9651449 -8.47387e-7 0.2617163 0.9651464 0.05821883 0.2551531 0.8642178 0.1119396 0.4905071 0.8642183 0.2182881 0.4532957 0.7041344 0.3080791 0.6397516 0.704167 0.4426938 0.5551316 0.4958285 0.5414534 0.6789569 0.4958242 0.6789585 0.5414553 0.2535853 0.756274 0.6031122 0.2536329 0.8715094 0.4196924 -0.005919754 0.9009503 0.4338822 -0.005917966 0.9749147 0.2225004 0.2536865 0.9430393 0.2152208 -0.005917489 0.9999825 -5.25301e-6 0.253587 0.9673126 4.88733e-7 -0.005917906 0.9749155 -0.2224971 0.2536358 0.9430524 -0.2152236 -0.005921602 0.9009511 -0.4338803 0.2536325 0.8715093 -0.4196928 -0.005924582 0.7818232 -0.6234722 0.2536345 0.7562636 -0.6031045 -0.005920886 0.6234757 -0.7818205 0.2536347 0.6031046 -0.7562634 -0.005915939 0.4338824 -0.9009502 0.2536377 0.4196918 -0.8715084 0.9651475 0.1135357 0.2357969 0.8642164 0.3136764 0.3933667 0.7041319 0.555159 0.4427153 0.4958275 0.7824166 0.3768017 0.9651489 0.1631652 0.2046087 0.8642185 0.3933643 0.3136733 0.7041336 0.6397531 0.3080776 0.4958267 0.846652 0.1932257 0.9651454 0.2046133 0.163181 0.8642424 0.4532583 0.2182703 0.7041305 0.6922748 0.1579743 0.4958252 0.8684223 0 0.965153 0.2357777 0.1135278 0.8642169 0.4905087 0.1119397 0.7041305 0.7100707 -4.13333e-7 0.4958691 0.8466287 -0.1932194 0.9651543 0.255126 0.05820733 0.8642179 0.503118 0 0.7041292 0.6922761 -0.1579743 0.4958274 0.7824169 -0.376801 0.9651346 0.2617543 -2.03523e-7 0.8642172 0.4905083 -0.1119396 0.7041323 0.6397541 -0.3080789 0.4958284 0.6789559 -0.5414547 0.9651411 0.2551718 -0.05822414 0.8642169 0.4532977 -0.2182897 0.7041314 0.5551594 -0.4427155 0.4958264 0.5414548 -0.6789572 0.9651523 0.2357797 -0.11353 0.8642188 0.393365 -0.3136718 0.7041319 0.4427148 -0.5551594 0.4958219 0.3768027 -0.7824195 0.9651447 0.2046161 -0.1631811 0.8642169 0.3136739 -0.3933673 0.7041292 0.3080798 -0.6397569 0.9651478 0.1631672 -0.2046127 0.8642187 0.218288 -0.4532952 0.9651466 0.1135365 -0.2358 -0.005918145 0.7818132 0.6234847 0.2536355 0.6031041 0.7562635 0.495826 0.3768026 0.7824171 0.704129 0.1579748 0.6922762 0.8642179 -2.68396e-7 0.5031178 -0.005919575 0.6234743 0.7818216 0.2536312 0.4196931 0.8715096 0.4958269 0.1932254 0.846652 0.7041291 -2.14379e-7 0.7100721 0.8642175 -0.1119397 0.4905077 -0.005920886 0.4338933 0.9009448 0.2536919 0.2152201 0.9430381 0.4958227 3.26923e-7 0.8684238 0.7041301 -0.1579751 0.692275 0.8642182 -0.2182878 0.4532963 -0.005916535 0.2224986 0.9749152 0.2535417 5.94555e-7 0.9673245 0.4958705 -0.1932197 0.8466278 0.704132 -0.3080782 0.6397546 0.8642162 -0.3136746 0.3933685 -0.005912959 -6.26878e-6 0.9999826 0.2536354 -0.2152236 0.9430525 0.4958258 -0.3768008 0.782418 0.704164 -0.4426952 0.5551343 0.8642186 -0.3933662 0.313671 -0.005919992 -0.2225229 0.9749096 0.2536338 -0.4196925 0.8715092 0.4958262 -0.5414553 0.6789571 0.7041336 -0.5551592 0.4427124 0.8642171 -0.4532973 0.2182899 -0.005920112 -0.4338824 0.9009501 0.2535835 -0.6031137 0.7562733 0.495827 -0.6789578 0.5414536 0.7041335 -0.6397528 0.3080785 0.864217 -0.4905085 0.11194 -0.005921602 -0.6234646 0.7818293 0.253588 -0.756273 0.6031123 0.4958267 -0.7824173 0.3768013 0.70413 -0.6922751 0.1579751 0.8642427 -0.5030751 -2.64146e-7 -0.005916059 -0.7818208 0.6234751 0.2536321 -0.8715097 0.4196923 0.4958265 -0.8466523 0.1932255 0.7041295 -0.7100716 6.54079e-7 0.8642187 -0.4905057 -0.1119394 -0.005918979 -0.9009442 0.4338945 0.2536364 -0.9430523 0.2152233 0.4958249 -0.8684226 -2.86469e-7 0.7041307 -0.6922745 -0.1579753 0.8642165 -0.4532991 -0.2182886 -0.005917966 -0.974915 0.2224987 0.2535867 -0.9673127 0 0.4958254 -0.8466527 -0.1932261 0.7041319 -0.6397548 -0.3080781 0.8642188 -0.3933649 -0.3136718 -0.005917906 -0.9999825 -6.2549e-6 0.2536361 -0.9430522 -0.2152239 0.495826 -0.7824184 -0.3767998 0.7041314 -0.5551594 -0.4427154 0.8642171 -0.3136745 -0.3933668 -0.005918323 -0.974915 -0.222499 0.2536321 -0.8715101 -0.4196913 0.495828 -0.6789565 -0.5414543 0.7041678 -0.4426931 -0.5551312 0.8642189 -0.2182865 -0.4532955 -0.005922198 -0.9009506 -0.4338814 0.253634 -0.7562632 -0.603105 0.4958268 -0.5414541 -0.6789575 0.7041291 -0.3080801 -0.6397569 0.8642178 -0.111939 -0.4905073 -0.005923807 -0.7818142 -0.6234834 0.2535839 -0.6031125 -0.7562742 0.4958222 -0.3768025 -0.7824196 0.7041326 -0.1579744 -0.6922726 -0.00592041 -0.6234745 -0.7818213 0.2535881 -0.4196975 -0.8715201 0.4958735 -0.1932195 -0.8466261 -0.005916178 -0.4338704 -0.900956 0.2536304 -0.2152249 -0.9430536 -0.00592494 -0.2225105 -0.9749123 -0.005942165 -0.2225176 -0.9749107 -0.005942046 -1.86076e-7 -0.9999824 -0.005942642 0.2225175 -0.9749107 -0.005942881 0.4338762 -0.9009529 -0.005942344 0.6234784 -0.781818 -0.005941569 0.7818171 -0.6234796 -0.005941569 0.9009531 -0.433876 -0.005941987 0.9749109 -0.2225167 -0.005941808 0.9999824 0 -0.005942046 0.9749107 0.2225173 -0.005941867 0.9009534 0.4338754 -0.005942225 0.7818175 0.6234792 -0.005941927 0.6234783 0.7818181 -0.005942463 0.4338759 0.9009532 -0.005942106 0.2225174 0.9749106 -0.005942106 0 0.9999824 -0.005942463 -0.2225173 0.9749107 -0.005942285 -0.4338765 0.9009529 -0.005941569 -0.6234778 0.7818185 -0.005942702 -0.7818177 0.6234787 -0.005942344 -0.9009533 0.4338757 -0.005942404 -0.9749107 0.2225169 -0.005942106 -0.9999824 9.25609e-7 -0.005942106 -0.9749107 -0.2225172 -0.005941629 -0.9009532 -0.4338757 -0.005942344 -0.7818171 -0.6234797 -0.00594294 -0.6234782 -0.7818182 -0.005942821 -0.4338761 -0.9009529 -0.03725099 -0.2223483 -0.9742555 -0.2896064 -0.2129747 -0.9331505 -0.03724592 5.74719e-6 -0.9993062 -0.2896092 5.99595e-7 -0.957145 -0.03725141 0.2223497 -0.9742552 -0.2896063 0.2129747 -0.9331506 -0.0372402 0.4335644 -0.9003528 -0.2896049 0.4152882 -0.86236 -0.03724604 0.6230426 -0.7813007 -0.2896535 0.5967565 -0.7483198 -0.03720259 0.7813015 -0.6230443 -0.2896111 0.7483299 -0.5967644 -0.03725713 0.9003518 -0.4335649 -0.2896092 0.8623587 -0.4152882 -0.03724706 0.9742554 -0.2223489 -0.2896043 0.9331511 -0.2129749 -0.03720563 0.9993077 -5.05615e-6 -0.2896092 0.957145 -4.16928e-7 -0.03724777 0.9742558 0.2223473 -0.2896052 0.933151 0.212975 -0.03725433 0.9003514 0.433566 -0.2896066 0.8623596 0.415288 -0.03724598 0.7813013 0.6230419 -0.2896555 0.7483195 0.596756 -0.03724974 0.6230415 0.7813014 -0.289609 0.5967651 0.7483302 -0.03724074 0.4335659 0.900352 -0.2896028 0.4152888 0.8623604 -0.03725111 0.2223489 0.9742553 -0.2895606 0.2129783 0.933164 -0.03719365 -5.98421e-6 0.9993082 -0.289604 -1.99606e-7 0.9571465 -0.03725141 -0.2223497 0.9742552 -0.289563 -0.2129782 0.9331632 -0.03724056 -0.4335654 0.9003524 -0.2896041 -0.4152889 0.86236 -0.03724908 -0.6230421 0.7813009 -0.2896085 -0.596765 0.7483305 -0.03719705 -0.7813022 0.6230435 -0.2896085 -0.7483308 0.5967646 -0.03725647 -0.9003519 0.4335649 -0.289607 -0.8623593 0.4152883 -0.03724634 -0.9742555 0.2223488 -0.2896042 -0.9331512 0.212975 -0.03720551 -0.9993076 5.66407e-6 -0.2896093 -0.957145 6.81118e-7 -0.03724718 -0.9742558 -0.2223476 -0.2896046 -0.9331511 -0.2129748 -0.03725624 -0.9003514 -0.4335662 -0.2896093 -0.8623588 -0.4152879 -0.03720319 -0.781301 -0.6230447 -0.2896107 -0.7483299 -0.5967648 -0.03724706 -0.6230424 -0.7813009 -0.2896035 -0.5967659 -0.7483316 -0.03723967 -0.4335663 -0.9003518 -0.2896046 -0.415289 -0.8623597 -0.9687563 0.05519008 -0.2417961 -0.9687569 0 -0.2480125 -0.968756 -0.05519026 -0.2417976 -0.874109 -2.73343e-7 -0.4857298 -0.8740848 -0.1080946 -0.473594 -0.7221862 -4.36325e-7 -0.6916988 -0.7222222 -0.1539092 -0.6743198 -0.5230145 4.52739e-7 -0.8523239 -0.5230529 -0.1896548 -0.8309313 -0.9687628 0.1075934 -0.2234333 -0.9687538 0.1546326 -0.1939201 -0.9687513 0.193923 -0.1546437 -0.9687539 0.2234634 -0.1076101 -0.9687559 0.2417972 -0.05519294 -0.9687619 0.2479929 -3.45288e-7 -0.9687558 0.2417976 0.05519336 -0.9687661 0.2234236 0.1075836 -0.9687631 0.1938919 0.1546092 -0.9687529 0.1546341 0.1939229 -0.9687628 0.1075927 0.2234332 -0.9687566 0.05518919 0.2417952 -0.9687563 5.98899e-7 0.2480148 -0.968757 -0.05518919 0.2417936 -0.8741078 -0.1080611 0.4735594 -0.8741077 -0.2107529 0.4376291 -0.7222203 -0.3001002 0.6231675 -0.7221872 -0.4312576 0.5407981 -0.5230569 -0.5313888 0.6663613 -0.5230578 -0.666361 0.5313885 -0.9687632 -0.1075929 0.2234313 -0.8741089 -0.3028503 0.3797572 -0.7222228 -0.5407688 0.4312348 -0.5230519 -0.7678999 0.3697928 -0.9687533 -0.1546332 0.1939218 -0.8741089 -0.3797567 0.3028507 -0.7222217 -0.6231666 0.3000988 -0.5230141 -0.8309531 0.1896664 -0.9687635 -0.1938912 0.1546074 -0.8740847 -0.4376663 0.2107707 -0.7222236 -0.6743185 0.153908 -0.5230104 -0.8523264 -2.14903e-7 -0.9687541 -0.2234628 0.1076096 -0.8740828 -0.4736033 0.1080712 -0.7222214 -0.6916621 4.32308e-7 -0.5230575 -0.8309273 -0.1896601 -0.9687559 -0.2417971 0.05519282 -0.8741087 -0.4857304 -2.47441e-7 -0.7221892 -0.6743535 -0.1539159 -0.5230111 -0.7679224 -0.3698037 -0.9687495 -0.2480412 4.85859e-7 -0.8740832 -0.4736025 -0.1080713 -0.722222 -0.6231663 -0.3000984 -0.5230552 -0.6663621 -0.5313897 -0.9687557 -0.2417982 -0.05519247 -0.874109 -0.4376267 -0.2107517 -0.7222206 -0.5407708 -0.431236 -0.5230131 -0.5314055 -0.6663826 -0.9687536 -0.2234643 -0.1076108 -0.8741089 -0.379757 -0.3028503 -0.7222232 -0.4312339 -0.5407689 -0.5230582 -0.3697916 -0.767896 -0.9687632 -0.1938917 -0.1546089 -0.8741077 -0.3028513 -0.3797588 -0.7222227 -0.3000984 -0.6231656 -0.9687532 -0.1546333 -0.1939224 -0.874109 -0.2107505 -0.4376273 -0.9687623 -0.107594 -0.2234354 -0.8740848 0.1080697 -0.4735997 -0.8741089 0.2107506 -0.4376277 -0.8741077 0.3028508 -0.3797594 -0.874109 0.3797572 -0.3028501 -0.8741092 0.4376266 -0.2107514 -0.8740832 0.4736025 -0.1080707 -0.8741086 0.4857308 2.90573e-7 -0.874083 0.4736027 0.1080717 -0.8741096 0.4376264 0.2107504 -0.8741083 0.3797581 0.302851 -0.8741084 0.3028496 0.3797585 -0.8741077 0.2107516 0.4376296 -0.8740838 0.1080715 0.4736012 -0.8741078 1.91387e-7 0.485732 -0.722222 0.1539081 -0.6743202 -0.7222231 0.3000985 -0.6231651 -0.7222228 0.4312338 -0.5407695 -0.7221847 0.5408005 -0.4312588 -0.7222227 0.6231658 -0.3000981 -0.7222239 0.6743184 -0.1539072 -0.7222207 0.6916628 -1.96917e-7 -0.7222239 0.6743182 0.1539074 -0.7222226 0.6231657 0.3000985 -0.7222222 0.5407701 0.4312341 -0.722222 0.4312346 0.5407701 -0.7222216 0.3000988 0.6231667 -0.7222198 0.153908 0.6743227 -0.7221884 -9.06293e-7 0.6916964 -0.7222198 -0.1539082 0.6743226 -0.5230526 0.1896615 -0.83093 -0.5230579 0.3697915 -0.7678964 -0.5230566 0.5313892 -0.6663613 -0.5230554 0.6663618 -0.5313897 -0.5230545 0.7678982 -0.3697926 -0.5230574 0.8309271 -0.1896609 -0.5230535 0.8522999 -2.29105e-7 -0.5230136 0.8309535 0.1896662 -0.5230535 0.7678986 0.3697931 -0.5230576 0.6663609 0.5313888 -0.5230574 0.5313889 0.666361 -0.5230135 0.3698029 0.7679211 -0.5230122 0.1896664 0.8309541 -0.523013 0 0.8523247 -0.5230154 -0.1896659 0.8309524 -0.5230134 -0.3698028 0.7679212 -0.005918681 -0.2588089 -0.9659105 0.1815491 -0.254502 -0.9498782 -0.005954623 -9.0347e-7 -0.9999824 0.1814171 2.85833e-6 -0.9834063 -0.005915403 0.2587777 -0.9659188 0.1815519 0.254487 -0.9498817 -0.005916595 0.4999867 -0.866013 0.1815048 0.4917004 -0.8516377 -0.005907773 0.7070935 -0.7070953 0.181418 0.6953778 -0.6953685 -0.005954742 0.8660147 -0.4999833 0.1814638 0.8516411 -0.4917096 -0.005918622 0.9659183 -0.2587794 0.1815511 0.9498781 -0.2545011 -0.005931079 0.9999825 -9.29052e-7 0.1814199 0.9834057 1.07358e-6 -0.005914866 0.9659172 0.2587839 0.181656 0.949859 0.2544977 -0.00595963 0.8660175 0.4999781 0.1814636 0.8516436 0.4917055 -0.005952298 0.7070933 0.7070952 0.1814262 0.6953725 0.6953716 -0.005919396 0.4999771 0.8660184 0.1814109 0.4917048 0.8516551 -0.005952775 0.2587946 0.9659141 0.1814513 0.2545199 0.9498921 -0.005941808 8.9829e-7 0.9999824 0.1814367 -4.11049e-6 0.9834026 -0.005955576 -0.25879 0.9659153 0.1816 -0.2545053 0.9498677 -0.005920231 -0.4999895 0.8660113 0.1813629 -0.4917144 0.8516599 -0.00595504 -0.7070879 0.7071007 0.1815302 -0.6953529 0.695364 -0.005954742 -0.8660206 0.4999728 0.181413 -0.8516551 0.4917041 -0.005961179 -0.965918 0.2587799 0.1815153 -0.949885 0.2545008 -0.005931138 -0.9999824 -9.38802e-7 0.1814149 -0.9834067 -1.27447e-6 -0.005922377 -0.9659189 -0.2587772 0.1815081 -0.9498839 -0.2545105 -0.005953311 -0.8660112 -0.4999895 0.1814161 -0.8516502 -0.4917114 -0.005956947 -0.7070971 -0.7070914 0.1815147 -0.6953663 -0.6953548 -0.005913555 -0.4999824 -0.8660154 0.1814122 -0.4917124 -0.8516505 0.3624531 0.240913 -0.900327 0.3624222 -2.54356e-6 -0.9320141 0.3624472 -0.2412286 -0.9002448 0.362443 -0.4659895 -0.8071488 0.3624499 -0.6590281 -0.6590236 0.3624248 -0.8071572 -0.4659889 0.3624595 -0.9002389 -0.2412323 0.3624522 -0.9320024 -8.90926e-7 0.3624305 -0.9002521 0.2412272 0.3624364 -0.8071539 0.4659856 0.3624624 -0.6590257 0.6590191 0.3624465 -0.4659838 0.8071504 0.3624355 -0.2412255 0.9002505 0.3624247 5.41564e-7 0.9320131 0.3624324 0.2412322 0.9002498 0.3624517 0.4659822 0.8071489 0.3624562 0.6590262 0.6590222 0.362432 0.8071527 0.4659911 0.3624569 0.9002416 0.2412264 0.3624563 0.9320008 3.05905e-6 0.3624283 0.9002522 -0.2412295 0.3624422 0.8071517 -0.4659848 0.3624522 0.659033 -0.6590174 0.3624457 0.465983 -0.8071513 0.3623285 0.6092858 -0.705329 0.3624576 0.3747353 -0.8533452 0.3624059 0.1913865 -0.9121586 0.3624463 0 -0.9320047 0.3624059 -0.1913865 -0.9121586 0.3624691 -0.3747416 -0.8533375 0.3623187 -0.6091912 -0.7054157 0.3624355 -0.7860648 -0.5007423 0.3624455 -0.880941 -0.3042636 0.3624131 -0.917364 -0.1646212 0.362468 -0.9281739 -0.08432227 0.3624662 -0.931997 -1.73938e-5 0.3624286 -0.9281914 0.08429878 0.3624616 -0.9173417 0.1646386 0.362395 -0.8809724 0.3042327 0.3624791 -0.7860183 0.5007836 0.3623027 -0.609256 0.7053681 0.3625491 -0.3747537 0.8532982 0.3624055 -0.1913843 0.9121592 0.3624464 0 0.9320047 0.3624055 0.1913843 0.9121592 0.3624838 0.374581 0.8534018 0.3623276 0.6092449 0.7053647 0.3624495 0.7860172 0.5008069 0.3624309 0.8809596 0.3042271 0.3624592 0.9173461 0.1646195 0.3624239 0.9281916 0.08431661 0.3625186 0.9319766 -2.08155e-5 0.3624326 0.928189 -0.08430725 0.3625028 0.9173269 -0.1646303 0.362375 0.8809849 -0.3042204 0.3624532 0.7860012 -0.5008293 -0.005942404 -0.2588146 -0.9659088 -0.005942404 -2.39323e-7 -0.9999824 -0.005942404 0.2588137 -0.965909 -0.005942404 0.4999933 -0.8660089 -0.005942344 0.7070944 -0.7070943 -0.005942344 0.86601 -0.4999915 -0.005942285 0.9659085 -0.2588157 -0.005942285 0.9999824 7.84982e-7 -0.005942285 0.9659084 0.258816 -0.005942285 0.8660117 0.4999885 -0.005942285 0.7070939 0.7070947 -0.005942285 0.4999907 0.8660104 -0.005942225 0.2588146 0.9659088 -0.005942225 2.39323e-7 0.9999824 -0.005942225 -0.2588137 0.9659091 -0.005942285 -0.4999901 0.8660108 -0.005942344 -0.7070938 0.7070949 -0.005942344 -0.8660115 0.499989 -0.005942344 -0.9659081 0.2588172 -0.005942344 -0.9999824 1.22055e-6 -0.005942404 -0.9659087 -0.2588151 -0.005942404 -0.8660103 -0.4999911 -0.005942404 -0.7070941 -0.7070945 -0.005942404 -0.4999941 -0.8660085 -0.1165003 0.1200175 -0.9859126 -0.1323574 0.4713211 -0.8719736 -0.1165446 0.4028671 -0.907808 -0.1305484 0.5160173 -0.8465716 -0.1253235 0.5307489 -0.8382121 -0.1312816 0.6443435 -0.7533834 -0.1380648 0.6862586 -0.714134 -0.1346292 0.7447783 -0.6535904 -0.1394705 0.8045332 -0.5772992 -0.1352434 0.831538 -0.5387521 -0.1330642 0.9007465 -0.4134607 -0.1349795 0.9126777 -0.385746 -0.1283151 0.950571 -0.2827547 -0.1242825 0.9758799 -0.1794782 -0.1210626 0.9816881 -0.14708 -0.1097703 0.9939416 -0.005537867 -0.1107681 0.9938464 -2.28988e-4 -0.1258799 0.9739478 -0.1886262 -0.1108143 0.9938412 1.5825e-5 -0.1290856 0.9702069 -0.2050254 -0.1276283 0.9752448 -0.180579 -0.1398834 0.9263643 -0.3496885 -0.143479 0.8885304 -0.4358069 -0.1477543 0.8485823 -0.5080127 -0.1493493 0.749168 -0.6453233 -0.1509661 0.7400375 -0.6554036 -0.1470333 0.5987207 -0.7873467 -0.1492844 0.6069609 -0.7805848 -0.1428973 0.4589824 -0.8768784 -0.1362258 0.3877095 -0.91166 -0.132053 0.297121 -0.9456644 -0.1410011 0.6560132 -0.7414617 -0.1427234 0.785478 -0.6022079 -0.1378188 0.904437 -0.4037325 0.339306 0.455161 0.8232253 0.2986989 0.5989204 0.7430164 0.2910151 0.7482857 0.5961364 0.2881199 0.8087235 0.5127899 0.2086423 0.8848294 0.4165879 0.2045808 0.9270232 0.3142846 0.1337988 0.9600548 0.2457496 0.1311192 0.9801861 0.1484693 0.04602915 0.9942296 0.09689629 0.04499918 0.9989334 0.01034617 -0.03962314 0.9992035 0.004745423 -0.03939718 0.9989027 -0.02532237 -0.1108254 0.9938399 3.06149e-5 -0.1107848 0.9938445 7.16001e-6 -0.110763 0.9938469 9.30391e-6 -0.03894639 0.9979349 -0.05107897 -0.0381636 0.9962818 -0.07724153 0.04630905 0.9927729 -0.110714 0.04812699 0.9847449 -0.1672168 0.1315233 0.9767065 -0.1695476 0.1341732 0.9575668 -0.2550752 0.2022106 0.9548323 -0.2177296 0.2049781 0.9228671 -0.3260375 0.2835634 0.9194706 -0.2723338 0.2854151 0.8687211 -0.4047986 0.2850905 0.8752787 0.3906542 0.2017505 0.9606857 0.1907355 0.1295015 0.9914528 0.01583373 0.04538887 0.9974448 -0.05517023 0.2835162 0.9286801 0.2391066 0.1998973 0.9796032 0.0204668 0.1300816 0.9878718 -0.08478277 0.2819321 0.959089 0.02574574 0.2005512 0.9735771 -0.1092103 0.2824967 0.9493737 -0.1374238 0.2878048 0.8171321 -0.4994633 0.291405 0.7388026 -0.6076627 0.2946998 0.672847 -0.6785492 0.2179845 0.7971079 -0.5631179 0.2479078 0.6856848 -0.6843817 0.1941803 0.7811693 -0.5933536 0.3392488 0.4553784 -0.8231288 0.2961613 0.5773938 -0.7608579 0.1461821 0.8816707 -0.448651 0.1352443 0.8623183 -0.4879716 0.05627334 0.9527806 -0.2984001 0.07483989 0.9240019 -0.3749926 0.01411736 0.9663357 -0.256897 -0.03416889 0.9895964 -0.1397553 -0.04682523 0.9898916 -0.1338737 -0.1108196 0.9938405 -1.93343e-6 -0.0356146 0.9919076 -0.1218649 -0.0372222 0.9945768 -0.0971167 0.05003875 0.9765238 -0.2095177 -0.1108128 0.9938414 -1.91536e-5 -0.1108136 0.9938412 -3.68618e-6 -0.1108582 0.9938363 -5.11985e-5 -0.110566 0.9938688 -1.30734e-5 -0.03911781 0.9982399 0.04457402 -0.1107839 0.9938445 1.86265e-7 -0.03825235 0.9965037 0.07427847 -0.1108274 0.9938397 -2.31713e-6 -0.03702747 0.9942942 0.1000413 -0.1108167 0.9938409 2.00532e-5 -0.03584939 0.9922401 0.1190567 -0.0323435 0.9869242 0.1579062 0.05997502 0.9402539 0.3351503 0.01412367 0.966337 0.2568918 0.07485848 0.9239636 0.3750833 -0.1109203 0.9938294 4.30548e-5 -0.1098811 0.9939299 0.00542432 -0.04682737 0.9898946 0.13385 0.1515185 0.852014 0.5011132 0.1353065 0.8622223 0.488124 0.1942119 0.7811339 0.5933901 0.2236771 0.748461 0.6243195 0.2478919 0.685786 0.6842859 0.2961604 0.5774512 0.7608149 0.2126314 0.8461827 0.4886335 0.1411948 0.9114422 0.3864419 0.1375305 0.9347212 0.3276913 0.05287176 0.9653673 0.2554813 0.05035573 0.975164 0.2156837 0.0478695 0.985788 0.1610299 0.2081413 0.8902091 -0.4052223 0.213274 0.8399618 -0.4989773 0.1370571 0.9379546 -0.3185227 0.1417886 0.9076451 -0.3950653 0.05333006 0.9637669 -0.2613607 -0.1258767 0.9739475 0.1886304 -0.1108237 0.99384 2.726e-6 -0.1290933 0.9702046 0.205032 -0.1276292 0.9752662 0.1804621 -0.1398125 0.9265304 0.3492763 -0.1435272 0.8885416 0.4357681 -0.1477534 0.8488268 0.5076043 -0.1493371 0.7491989 0.6452903 -0.1508409 0.7405839 0.6548149 -0.1470307 0.5987308 0.7873395 -0.1493145 0.6072152 0.7803812 -0.142931 0.4593872 0.8766608 -0.1362257 0.387664 0.9116793 -0.1320966 0.2972635 0.9456136 -0.1165056 0.120003 0.9859137 -0.1323636 0.4713066 0.8719806 -0.1165391 0.4028714 0.9078069 -0.1253295 0.5307279 0.8382246 -0.1312912 0.6443269 0.753396 -0.1409991 0.6560255 0.7414512 -0.1346375 0.7447737 0.6535938 -0.142723 0.7854557 0.6022372 -0.1352507 0.8315142 0.5387869 -0.1330682 0.9007427 0.4134677 -0.1378187 0.9044316 0.4037445 -0.1283162 0.9505671 0.2827669 -0.121059 0.9816862 0.1470949 -0.116505 0.2039836 -0.9720171 -0.1164774 0 -0.9931934 -0.1162289 0.04044961 -0.9923986 -0.1162289 -0.04044961 -0.9923985 -0.1165029 -0.119998 -0.9859147 -0.1165336 -0.204017 -0.9720067 -0.1165059 -0.3992097 -0.9094273 -0.116261 0.399255 -0.9094389 -0.1165376 -0.4028425 -0.9078199 -0.1165049 0.3992123 0.9094263 -0.1165055 0.203976 0.9720187 -0.1163797 0 0.9932048 -0.1164245 0.04017442 0.9923867 -0.1162281 -0.04045331 0.9923985 -0.1164947 -0.1199771 0.9859182 -0.1165137 -0.2039804 0.9720168 -0.1165375 -0.4028408 0.9078207 -0.1169776 -0.3990114 0.9094538 -0.1098487 -0.993933 0.005518257 -0.1108126 -0.9938414 2.22008e-4 -0.01781576 -0.9826237 0.1847522 -0.1108098 -0.9938417 8.2925e-6 -0.02168583 -0.9897426 0.1412065 -0.02313745 -0.992676 0.1185705 0.06420218 -0.9702357 0.2334969 0.06151551 -0.982841 0.173895 0.1337554 -0.9603187 0.2447396 0.1311208 -0.9802966 0.1477363 0.2148913 -0.9564431 0.1975813 0.2131891 -0.9767797 0.0212602 0.2949035 -0.9551607 0.02645993 0.2136618 -0.9702688 -0.1136977 0.2952968 -0.9448325 -0.1417442 0.215319 -0.9501181 -0.2256398 0.2963025 -0.9132256 -0.2796857 0.2980284 -0.8590629 -0.4161614 0.2999672 -0.8041858 -0.5131324 0.303008 -0.7248152 -0.6187319 0.3059535 -0.6574542 -0.6885829 0.2259799 -0.8281081 -0.5130013 0.2304421 -0.783522 -0.5770528 0.141497 -0.9092403 -0.3914853 0.1457687 -0.88423 -0.4437216 0.06721836 -0.9575017 -0.2804858 0.07032883 -0.9451153 -0.3190783 -0.02152049 -0.9894723 -0.143113 -0.01988571 -0.9863353 -0.1635459 -0.1108095 -0.9938418 5.38304e-6 -0.1107919 -0.9938437 -2.11524e-4 -0.1108231 -0.9938402 -9.67085e-6 -0.02453768 -0.9958271 0.08790034 0.05955201 -0.99273 0.1045988 0.1295307 -0.9914485 0.01586884 0.1300264 -0.9878804 -0.0847674 0.1315435 -0.9768235 -0.1688553 0.2180109 -0.9154408 -0.338289 -0.1107944 -0.9938434 1.6354e-5 -0.02551752 -0.9982876 0.05263769 0.05851495 -0.9982234 0.0112251 0.05885726 -0.9964663 -0.05992329 0.05988419 -0.9910198 -0.1195567 0.1341057 -0.9577087 -0.2545774 0.2211455 -0.8799862 -0.4203797 -0.1108703 -0.9938349 5.89816e-5 -0.02612173 -0.999643 0.005634069 -0.02597683 -0.9992096 -0.03009188 -0.02545106 -0.9978566 -0.06028699 0.06177061 -0.981554 -0.1809312 0.136984 -0.9381049 -0.318111 -0.1090245 -0.9940388 7.87452e-4 -0.1108079 -0.9938419 -4.59049e-6 -0.1110623 -0.9938135 4.46821e-5 -0.1108371 -0.9938387 5.39413e-6 -0.1107907 -0.9938437 -5.47618e-7 -0.1108048 -0.9938423 -1.78032e-5 -0.02439373 -0.9955042 -0.09152251 -0.02329283 -0.9930804 -0.1151036 -0.1098232 -0.993936 -0.005513846 -0.04688239 -0.9899031 -0.1337681 0.01404917 -0.9663676 -0.2567811 0.07480847 -0.9240416 -0.3749009 0.1352383 -0.8623527 -0.4879125 0.1941325 -0.7813067 -0.5931885 0.2478273 -0.685933 -0.684162 0.2961323 -0.5776171 -0.7606998 0.3392248 -0.4554874 -0.8230782 0.2960172 -0.9231895 0.2451428 0.2176278 -0.9201582 0.3254952 0.1374704 -0.9348556 0.327333 0.06696867 -0.9585674 0.2768825 0.2978366 -0.8663573 0.400897 0.2215906 -0.874174 0.4321082 0.1412345 -0.9113189 0.3867181 0.07419621 -0.9306203 0.3583866 0.01404041 -0.9663879 0.2567049 -0.04688274 -0.9899037 0.1337636 0.3002733 -0.7952351 0.526723 0.2256289 -0.8318775 0.5070222 0.1509572 -0.8551619 0.4958932 0.1352667 -0.8622892 0.4880167 0.07482957 -0.924023 0.3749429 0.302756 -0.7307044 0.6118906 0.2357838 -0.7320744 0.639119 0.1941447 -0.78132 0.5931668 0.3093024 -0.5805566 0.753184 0.339228 -0.4554401 0.8231031 0.2962036 -0.5773998 0.760837 0.2478896 -0.685843 0.6842297 0.06387704 -0.9718418 -0.2268111 -0.1266883 -0.967656 -0.2181558 -0.1108216 -0.9938403 -1.13953e-5 -0.1285269 -0.9649141 -0.228958 -0.1323494 -0.9594946 -0.2487042 -0.1452186 -0.867613 -0.475562 -0.1398419 -0.9265324 -0.3492593 -0.1477518 -0.848825 -0.5076076 -0.1276286 -0.975265 -0.1804696 -0.1493176 -0.7493159 -0.6451588 -0.1510295 -0.7405801 -0.6547757 -0.1493102 -0.6072028 -0.7803918 -0.1456839 -0.5625035 -0.8138588 -0.1429302 -0.4593484 -0.8766812 -0.1333236 -0.3462271 -0.9286289 -0.1321014 -0.2972775 -0.9456086 -0.129995 -0.4353654 -0.8908189 -0.1284856 -0.4822915 -0.866537 -0.1253188 -0.5307347 -0.8382219 -0.1312801 -0.6442947 -0.7534255 -0.1370054 -0.6578806 -0.7405557 -0.1346297 -0.7447544 -0.6536175 -0.1394438 -0.804628 -0.5771735 -0.1352273 -0.8314773 -0.5388498 -0.1330663 -0.9007348 -0.4134855 -0.1361873 -0.8964985 -0.4215965 -0.1283273 -0.9505523 -0.2828119 -0.1210686 -0.9816802 -0.1471278 -0.1391887 -0.8866893 -0.440918 -0.1426608 -0.785832 -0.6017608 -0.1399977 -0.6250725 -0.7679095 -0.1253131 -0.5307598 0.8382068 -0.1301053 -0.4360096 0.8904876 -0.1333326 -0.3469022 0.9283756 -0.1320574 -0.2971101 0.9456673 -0.142908 -0.4589889 0.8768731 -0.1456993 -0.5628201 0.813637 -0.1493088 -0.6069365 0.7805992 -0.1493163 -0.749288 0.6451916 -0.1510313 -0.7400323 0.6553944 -0.1477412 -0.8485825 0.5080162 -0.1452214 -0.8679756 0.4748992 -0.1398779 -0.9263634 0.3496929 -0.1323153 -0.9595924 0.2483449 -0.1276275 -0.9752374 0.1806192 -0.1108111 -0.9938415 1.37426e-5 -0.1285059 -0.9649915 0.2286433 -0.1210712 -0.9816747 0.1471615 -0.128311 -0.9505577 0.2828014 -0.1330578 -0.9007368 0.4134839 -0.1391583 -0.887002 0.4402984 -0.1352336 -0.8314824 0.5388405 -0.142658 -0.7858296 0.6017646 -0.1346219 -0.7447766 0.6535938 -0.1312798 -0.6442908 0.7534289 -0.1399368 -0.6253296 0.7677113 -0.9999953 -0.003071546 0 -0.9999998 -5.72943e-4 0 -1 -8.24591e-5 0 -0.9999994 0.001215696 0 -0.9999999 -5.10924e-4 0 -1 -7.71956e-5 0 -1 -2.07671e-4 0 -1 -3.99266e-4 0 -1 -7.2394e-5 0 -1 5.71825e-6 0 -1 -5.7183e-6 0 -1 3.09998e-5 0 -1 1.54626e-5 0 -1 1.94087e-4 0 -0.9999999 -5.38484e-4 0 -1 -2.1796e-5 0 -1 -1.45678e-4 0 -1 0 0 -1 -4.3247e-4 0 -0.9999954 0.003024876 0 -1 -2.23869e-5 0 -1 -2.85851e-5 0 -1 1.07105e-4 0 -1 4.143e-4 0 -1 -6.74888e-5 0 -1 -3.85461e-4 0 -1 -6.31432e-5 0 -0.9999983 -0.0018633 0 -1 -1.67252e-5 0 -1 -1.09553e-4 0 -1 1.96935e-4 0 -1 4.0564e-4 0 -1 1.45658e-4 0 -1 4.16235e-4 0 -0.9999981 -0.001961171 0 -0.999999 -0.00143814 0 1 0 0 1 0 0 1 -1.90894e-7 0 1 0 0 1 -2.67957e-7 -1.23217e-7 1 -2.65354e-7 -1.85759e-7 1 0 -1.20216e-7 1 0 0 1 0 0 1 0 0 1 -1.86986e-7 0 1 0 5.00449e-7 1 2.33702e-7 0 1 0 -4.26024e-7 1 0 -1.14821e-6 1 -3.03383e-7 0 1 3.79356e-7 0 1 -2.22029e-7 0 1 1.03732e-6 0 1 -8.06377e-7 0 1 0 0 1 1.88555e-7 0 1 -9.48103e-7 0</float_array>
          <technique_common>
            <accessor source="#Screwdriver-mesh-normals-array" count="2620" stride="3">
              <param name="X" type="float" />
              <param name="Y" type="float" />
              <param name="Z" type="float" />
            </accessor>
          </technique_common>
        </source>
        <source id="Screwdriver-mesh-map-0">
          <float_array id="Screwdriver-mesh-map-0-array" count="26160">0 0.01394695 0.01024395 0.01409298 0 0.02316898 0 0.02316898 0.01024395 0.01409298 0.01144099 0.02316898 0 0.02316898 0.01144099 0.02316898 0 0.03238999 0 0.03238999 0.01144099 0.02316898 0.01144099 0.03238999 0 0.03238999 0.01144099 0.03238999 0 0.04161196 0 0.04161196 0.01144099 0.03238999 0.01144099 0.04161196 0 0.04161196 0.01144099 0.04161196 0 0.050834 0 0.050834 0.01144099 0.04161196 0.01144099 0.050834 0 0.050834 0.01144099 0.050834 0 0.06005597 0 0.06005597 0.01144099 0.050834 0.01144099 0.06005597 0 0.06005597 0.01144099 0.06005597 0 0.069278 0 0.069278 0.01144099 0.06005597 0.01144099 0.069278 0 0.069278 0.01144099 0.069278 0 0.07849895 0 0.07849895 0.01144099 0.069278 0.01144099 0.07849895 0 0.07849895 0.01144099 0.07849895 0 0.08772099 0 0.08772099 0.01144099 0.07849895 0.01144099 0.08772099 0 0.08772099 0.01144099 0.08772099 0.01024395 0.09679698 0.01024395 0.09679698 0.01144099 0.08772099 0.02063494 0.09624797 0.02063494 0.09624797 0.01144099 0.08772099 0.02288198 0.08772099 0.02063494 0.09624797 0.02288198 0.08772099 0.030954 0.09495598 0.030954 0.09495598 0.02288198 0.08772099 0.03432297 0.08772099 0.030954 0.09495598 0.03432297 0.08772099 0.04092895 0.09204298 0.04092895 0.09204298 0.03432297 0.08772099 0.04576396 0.08772099 0.04092895 0.09204298 0.04576396 0.08772099 0.04652196 0.08862495 0.04652196 0.08862495 0.04576396 0.08772099 0.05162096 0.08249998 0.05162096 0.08249998 0.04576396 0.08772099 0.04576396 0.07849895 0.05162096 0.08249998 0.04576396 0.07849895 0.05564099 0.07149195 0.05564099 0.07149195 0.04576396 0.07849895 0.04576396 0.069278 0.05564099 0.07149195 0.04576396 0.069278 0.04576396 0.06005597 0.04576396 0.06005597 0.04576396 0.069278 0.03432297 0.069278 0.04576396 0.06005597 0.03432297 0.069278 0.03432297 0.06005597 0.03432297 0.06005597 0.03432297 0.069278 0.02288198 0.069278 0.03432297 0.06005597 0.02288198 0.069278 0.02288198 0.06005597 0.02288198 0.06005597 0.02288198 0.069278 0.01144099 0.069278 0.02288198 0.06005597 0.01144099 0.069278 0.01144099 0.06005597 0.01024395 0.01409298 0.02063494 0.01464098 0.01144099 0.02316898 0.01144099 0.02316898 0.02063494 0.01464098 0.02288198 0.02316898 0.01144099 0.02316898 0.02288198 0.02316898 0.01144099 0.03238999 0.01144099 0.03238999 0.02288198 0.02316898 0.02288198 0.03238999 0.01144099 0.03238999 0.02288198 0.03238999 0.01144099 0.04161196 0.01144099 0.04161196 0.02288198 0.03238999 0.02288198 0.04161196 0.01144099 0.04161196 0.02288198 0.04161196 0.01144099 0.050834 0.01144099 0.050834 0.02288198 0.04161196 0.02288198 0.050834 0.01144099 0.050834 0.02288198 0.050834 0.01144099 0.06005597 0.01144099 0.06005597 0.02288198 0.050834 0.02288198 0.06005597 0.02063494 0.01464098 0.030954 0.01593399 0.02288198 0.02316898 0.02288198 0.02316898 0.030954 0.01593399 0.03432297 0.02316898 0.02288198 0.02316898 0.03432297 0.02316898 0.02288198 0.03238999 0.02288198 0.03238999 0.03432297 0.02316898 0.03432297 0.03238999 0.02288198 0.03238999 0.03432297 0.03238999 0.02288198 0.04161196 0.02288198 0.04161196 0.03432297 0.03238999 0.03432297 0.04161196 0.02288198 0.04161196 0.03432297 0.04161196 0.02288198 0.050834 0.02288198 0.050834 0.03432297 0.04161196 0.03432297 0.050834 0.02288198 0.050834 0.03432297 0.050834 0.02288198 0.06005597 0.02288198 0.06005597 0.03432297 0.050834 0.03432297 0.06005597 0.030954 0.01593399 0.04092895 0.01884698 0.03432297 0.02316898 0.03432297 0.02316898 0.04092895 0.01884698 0.04576396 0.02316898 0.03432297 0.02316898 0.04576396 0.02316898 0.03432297 0.03238999 0.03432297 0.03238999 0.04576396 0.02316898 0.04576396 0.03238999 0.03432297 0.03238999 0.04576396 0.03238999 0.03432297 0.04161196 0.03432297 0.04161196 0.04576396 0.03238999 0.04576396 0.04161196 0.03432297 0.04161196 0.04576396 0.04161196 0.03432297 0.050834 0.03432297 0.050834 0.04576396 0.04161196 0.04576396 0.050834 0.03432297 0.050834 0.04576396 0.050834 0.03432297 0.06005597 0.03432297 0.06005597 0.04576396 0.050834 0.04576396 0.06005597 0.04092895 0.01884698 0.04652196 0.02226495 0.04576396 0.02316898 0.04576396 0.02316898 0.04652196 0.02226495 0.05162096 0.02838897 0.04576396 0.02316898 0.05162096 0.02838897 0.04576396 0.03238999 0.04576396 0.03238999 0.05162096 0.02838897 0.05564099 0.03939795 0.04576396 0.03238999 0.05564099 0.03939795 0.04576396 0.04161196 0.04576396 0.04161196 0.05564099 0.03939795 0.04576396 0.050834 0.05564099 0.03939795 0.05720496 0.05544495 0.04576396 0.050834 0.04576396 0.050834 0.05720496 0.05544495 0.04576396 0.06005597 0.05720496 0.05544495 0.05564099 0.07149195 0.04576396 0.06005597 0.01024395 0.09679698 0 0.09694296 0 0.08772099 0.01144099 0.069278 0.02288198 0.069278 0.01144099 0.07849895 0.01144099 0.07849895 0.02288198 0.069278 0.02288198 0.07849895 0.01144099 0.07849895 0.02288198 0.07849895 0.01144099 0.08772099 0.01144099 0.08772099 0.02288198 0.07849895 0.02288198 0.08772099 0.02288198 0.069278 0.03432297 0.069278 0.02288198 0.07849895 0.02288198 0.07849895 0.03432297 0.069278 0.03432297 0.07849895 0.02288198 0.07849895 0.03432297 0.07849895 0.02288198 0.08772099 0.02288198 0.08772099 0.03432297 0.07849895 0.03432297 0.08772099 0.03432297 0.069278 0.04576396 0.069278 0.03432297 0.07849895 0.03432297 0.07849895 0.04576396 0.069278 0.04576396 0.07849895 0.03432297 0.07849895 0.04576396 0.07849895 0.03432297 0.08772099 0.03432297 0.08772099 0.04576396 0.07849895 0.04576396 0.08772099 0 0.09680497 -0.008065998 0.096717 0 0.08759695 0 0.08759695 -0.008065998 0.096717 -0.01147395 0.08759695 0 0.08759695 -0.01147395 0.08759695 0 0.07838797 0 0.07838797 -0.01147395 0.08759695 -0.01147395 0.07838797 0 0.07838797 -0.01147395 0.07838797 0 0.06917899 0 0.06917899 -0.01147395 0.07838797 -0.01147395 0.06917899 0 0.06917899 -0.01147395 0.06917899 0 0.05997097 0 0.05997097 -0.01147395 0.06917899 -0.01147395 0.05997097 0 0.05997097 -0.01147395 0.05997097 0 0.05076199 0 0.05076199 -0.01147395 0.05997097 -0.01147395 0.05076199 0 0.05076199 -0.01147395 0.05076199 0 0.04155296 0 0.04155296 -0.01147395 0.05076199 -0.01147395 0.04155296 0 0.04155296 -0.01147395 0.04155296 0 0.03234398 0 0.03234398 -0.01147395 0.04155296 -0.01147395 0.03234398 0 0.03234398 -0.01147395 0.03234398 0 0.02313596 0 0.02313596 -0.01147395 0.03234398 -0.01147395 0.02313596 0 0.02313596 -0.01147395 0.02313596 -0.008065998 0.01401495 -0.008065998 0.01401495 -0.01147395 0.02313596 -0.016258 0.01432597 -0.016258 0.01432597 -0.01147395 0.02313596 -0.02294796 0.02313596 -0.016258 0.01432597 -0.02294796 0.02313596 -0.02445495 0.014979 -0.02445495 0.014979 -0.02294796 0.02313596 -0.03256195 0.01622897 -0.03256195 0.01622897 -0.02294796 0.02313596 -0.03442299 0.02313596 -0.03256195 0.01622897 -0.03442299 0.02313596 -0.04041999 0.018601 -0.04041999 0.018601 -0.03442299 0.02313596 -0.04589694 0.02313596 -0.04041999 0.018601 -0.04589694 0.02313596 -0.047876 0.023359 -0.047876 0.023359 -0.04589694 0.02313596 -0.04589694 0.03234398 -0.047876 0.023359 -0.04589694 0.03234398 -0.05448496 0.03433597 -0.05448496 0.03433597 -0.04589694 0.03234398 -0.04589694 0.04155296 -0.05448496 0.03433597 -0.04589694 0.04155296 -0.04589694 0.05076199 -0.04589694 0.05076199 -0.04589694 0.04155296 -0.03442299 0.04155296 -0.04589694 0.05076199 -0.03442299 0.04155296 -0.03442299 0.05076199 -0.03442299 0.05076199 -0.03442299 0.04155296 -0.02294796 0.04155296 -0.03442299 0.05076199 -0.02294796 0.04155296 -0.02294796 0.05076199 -0.02294796 0.05076199 -0.02294796 0.04155296 -0.01147395 0.04155296 -0.02294796 0.05076199 -0.01147395 0.04155296 -0.01147395 0.05076199 -0.008065998 0.096717 -0.016258 0.09640598 -0.01147395 0.08759695 -0.01147395 0.08759695 -0.016258 0.09640598 -0.02294796 0.08759695 -0.01147395 0.08759695 -0.02294796 0.08759695 -0.01147395 0.07838797 -0.01147395 0.07838797 -0.02294796 0.08759695 -0.02294796 0.07838797 -0.01147395 0.07838797 -0.02294796 0.07838797 -0.01147395 0.06917899 -0.01147395 0.06917899 -0.02294796 0.07838797 -0.02294796 0.06917899 -0.01147395 0.06917899 -0.02294796 0.06917899 -0.01147395 0.05997097 -0.01147395 0.05997097 -0.02294796 0.06917899 -0.02294796 0.05997097 -0.01147395 0.05997097 -0.02294796 0.05997097 -0.01147395 0.05076199 -0.01147395 0.05076199 -0.02294796 0.05997097 -0.02294796 0.05076199 -0.016258 0.09640598 -0.02445495 0.09575295 -0.02294796 0.08759695 -0.02294796 0.08759695 -0.02445495 0.09575295 -0.03256195 0.09450399 -0.02294796 0.08759695 -0.03256195 0.09450399 -0.03442299 0.08759695 -0.03442299 0.08759695 -0.03256195 0.09450399 -0.04041999 0.09213197 -0.03442299 0.08759695 -0.04041999 0.09213197 -0.04589694 0.08759695 -0.04589694 0.08759695 -0.04041999 0.09213197 -0.047876 0.08737295 -0.04589694 0.08759695 -0.047876 0.08737295 -0.04589694 0.07838797 -0.04589694 0.07838797 -0.047876 0.08737295 -0.05448496 0.076397 -0.04589694 0.07838797 -0.05448496 0.076397 -0.04589694 0.06917899 -0.04589694 0.06917899 -0.05448496 0.076397 -0.05737096 0.05536597 -0.04589694 0.06917899 -0.05737096 0.05536597 -0.04589694 0.05997097 -0.04589694 0.05997097 -0.05737096 0.05536597 -0.04589694 0.05076199 -0.04589694 0.05997097 -0.04589694 0.05076199 -0.03442299 0.05076199 -0.05737096 0.05536597 -0.05448496 0.03433597 -0.04589694 0.05076199 -0.008065998 0.01401495 0 0.01392698 0 0.02313596 -0.02294796 0.07838797 -0.02294796 0.08759695 -0.03442299 0.08759695 -0.03442299 0.08759695 -0.04589694 0.08759695 -0.03442299 0.07838797 -0.03442299 0.07838797 -0.04589694 0.08759695 -0.04589694 0.07838797 -0.03442299 0.07838797 -0.04589694 0.07838797 -0.03442299 0.06917899 -0.03442299 0.06917899 -0.04589694 0.07838797 -0.04589694 0.06917899 -0.03442299 0.06917899 -0.04589694 0.06917899 -0.03442299 0.05997097 -0.03442299 0.05997097 -0.04589694 0.06917899 -0.04589694 0.05997097 -0.03442299 0.05997097 -0.04589694 0.05997097 -0.03442299 0.05076199 -0.02294796 0.06917899 -0.02294796 0.07838797 -0.03442299 0.07838797 -0.03442299 0.07838797 -0.02294796 0.07838797 -0.03442299 0.08759695 -0.02294796 0.06917899 -0.03442299 0.07838797 -0.03442299 0.06917899 -0.02294796 0.05997097 -0.02294796 0.06917899 -0.03442299 0.06917899 -0.02294796 0.05997097 -0.03442299 0.06917899 -0.03442299 0.05997097 -0.03442299 0.05076199 -0.02294796 0.05076199 -0.03442299 0.05997097 -0.03442299 0.05997097 -0.02294796 0.05076199 -0.02294796 0.05997097 -0.01147395 0.04155296 -0.02294796 0.04155296 -0.01147395 0.03234398 -0.01147395 0.03234398 -0.02294796 0.04155296 -0.02294796 0.03234398 -0.01147395 0.03234398 -0.02294796 0.03234398 -0.01147395 0.02313596 -0.01147395 0.02313596 -0.02294796 0.03234398 -0.02294796 0.02313596 -0.02294796 0.04155296 -0.03442299 0.04155296 -0.02294796 0.03234398 -0.02294796 0.03234398 -0.03442299 0.04155296 -0.03442299 0.03234398 -0.02294796 0.03234398 -0.03442299 0.03234398 -0.02294796 0.02313596 -0.02294796 0.02313596 -0.03442299 0.03234398 -0.03442299 0.02313596 -0.03442299 0.04155296 -0.04589694 0.04155296 -0.03442299 0.03234398 -0.03442299 0.03234398 -0.04589694 0.04155296 -0.04589694 0.03234398 -0.03442299 0.03234398 -0.04589694 0.03234398 -0.03442299 0.02313596 -0.03442299 0.02313596 -0.04589694 0.03234398 -0.04589694 0.02313596 0.268241 -0.08699095 -0.268241 -0.08699095 0.268241 -0.09854197 0.268241 -0.09854197 -0.268241 -0.08699095 -0.268241 -0.09854197 0.268241 -0.09854197 -0.268241 -0.09854197 0.268241 -0.1100929 0.268241 -0.1100929 -0.268241 -0.09854197 -0.268241 -0.1100929 0.268241 -0.1100929 -0.268241 -0.1100929 0.268241 -0.121645 0.268241 -0.121645 -0.268241 -0.1100929 -0.268241 -0.121645 0.268241 -0.121645 -0.268241 -0.121645 0.268241 -0.1331959 0.268241 -0.1331959 -0.268241 -0.121645 -0.268241 -0.1331959 0.268241 -0.1331959 -0.268241 -0.1331959 0.268241 -0.144747 0.268241 -0.144747 -0.268241 -0.1331959 -0.268241 -0.144747 0.268241 -0.144747 -0.268241 -0.144747 0.268241 -0.156298 0.268241 -0.156298 -0.268241 -0.144747 -0.268241 -0.156298 0.268241 -0.156298 -0.268241 -0.156298 0.268241 -0.167849 0.268241 -0.167849 -0.268241 -0.156298 -0.268241 -0.167849 0.268241 -0.167849 -0.268241 -0.167849 0.268241 -0.1794 0.268241 -0.1794 -0.268241 -0.167849 -0.268241 -0.1794 0.268241 -0.1794 -0.268241 -0.1794 0.268241 -0.190951 0.268241 -0.190951 -0.268241 -0.1794 -0.268241 -0.190951 0.311746 0.10794 0.304898 0.100303 0.311746 0.079647 0.311746 0.079647 0.304898 0.100303 0.296301 0.09448099 0.311746 0.079647 0.296301 0.09448099 0.286555 0.09089601 0.286555 0.09089601 0.276406 0.08968496 0.311746 0.079647 0.311746 0.079647 0.276406 0.08968496 -0.260076 0.08968496 0.311746 0.079647 -0.260076 0.08968496 -0.311746 0.07743096 -0.311746 0.07743096 -0.260076 0.08968496 -0.268095 0.090442 -0.311746 0.07743096 -0.268095 0.090442 -0.275967 0.09268701 -0.275967 0.09268701 -0.283306 0.09638398 -0.311746 0.07743096 -0.311746 0.07743096 -0.283306 0.09638398 -0.289779 0.101402 -0.311746 0.07743096 -0.289779 0.101402 -0.295107 0.1075029 -0.311746 0.07743096 -0.295107 0.1075029 -0.311746 0.116147 -0.311746 0.116147 -0.295107 0.1075029 -0.299143 0.11453 -0.311746 0.116147 -0.299143 0.11453 -0.301803 0.122651 -0.301803 0.122651 -0.302678 0.130934 -0.311746 0.116147 -0.311746 0.116147 -0.302678 0.130934 -0.301803 0.139217 -0.311746 0.116147 -0.301803 0.139217 -0.311746 0.154862 -0.311746 0.154862 -0.301803 0.139217 -0.299143 0.147338 -0.311746 0.154862 -0.299143 0.147338 -0.295107 0.154366 -0.295107 0.154366 -0.289779 0.160467 -0.311746 0.154862 -0.311746 0.154862 -0.289779 0.160467 -0.283306 0.165485 -0.311746 0.154862 -0.283306 0.165485 -0.275967 0.169181 -0.311746 0.154862 -0.275967 0.169181 -0.311746 0.193578 -0.311746 0.193578 -0.275967 0.169181 -0.268095 0.171427 -0.311746 0.193578 -0.268095 0.171427 -0.260076 0.172183 -0.311746 0.193578 -0.260076 0.172183 0.311746 0.182245 0.311746 0.182245 -0.260076 0.172183 0.276406 0.172183 0.311746 0.182245 0.276406 0.172183 0.286555 0.170972 0.286555 0.170972 0.296301 0.167387 0.311746 0.182245 0.311746 0.182245 0.296301 0.167387 0.304898 0.161565 0.311746 0.182245 0.304898 0.161565 0.311746 0.153928 0.311746 0.182245 0.311746 0.210561 -0.311746 0.193578 -0.311746 0.193578 0.311746 0.210561 -0.260076 0.220575 -0.311746 0.193578 -0.260076 0.220575 -0.268077 0.221329 0.311746 0.238878 0.30491 0.231222 0.311746 0.210561 0.311746 0.210561 0.30491 0.231222 0.296315 0.2253839 0.311746 0.210561 0.296315 0.2253839 0.286563 0.221789 0.286563 0.221789 0.276406 0.220575 0.311746 0.210561 0.311746 0.210561 0.276406 0.220575 -0.260076 0.220575 -0.268077 0.221329 -0.275931 0.2235659 -0.311746 0.193578 -0.311746 0.193578 -0.275931 0.2235659 -0.311746 0.232293 -0.311746 0.232293 -0.275931 0.2235659 -0.283255 0.2272509 -0.311746 0.232293 -0.283255 0.2272509 -0.289716 0.232254 -0.289716 0.232254 -0.295035 0.238337 -0.311746 0.232293 -0.311746 0.232293 -0.295035 0.238337 -0.299065 0.245346 -0.311746 0.232293 -0.299065 0.245346 -0.301722 0.253447 -0.311746 0.232293 -0.301722 0.253447 -0.311746 0.271009 -0.311746 0.271009 -0.301722 0.253447 -0.302595 0.26171 -0.311746 0.271009 -0.302595 0.26171 -0.301722 0.269973 -0.301722 0.269973 -0.299065 0.278075 -0.311746 0.271009 -0.311746 0.271009 -0.299065 0.278075 -0.295035 0.285083 -0.311746 0.271009 -0.295035 0.285083 -0.289716 0.291166 -0.311746 0.271009 -0.289716 0.291166 -0.311746 0.309724 -0.311746 0.309724 -0.289716 0.291166 -0.283255 0.296169 -0.311746 0.309724 -0.283255 0.296169 -0.275931 0.299854 -0.275931 0.299854 -0.268077 0.302092 -0.311746 0.309724 -0.311746 0.309724 -0.268077 0.302092 -0.260076 0.302846 -0.311746 0.309724 -0.260076 0.302846 0.276406 0.302846 -0.311746 0.309724 0.276406 0.302846 0.311746 0.312894 0.311746 0.312894 0.276406 0.302846 0.286563 0.301631 0.311746 0.312894 0.286563 0.301631 0.296315 0.298036 0.296315 0.298036 0.30491 0.292198 0.311746 0.312894 0.311746 0.312894 0.30491 0.292198 0.311746 0.284543 0.311746 0.312894 0.311746 0.341245 -0.311746 0.309724 -0.311746 0.309724 0.311746 0.341245 -0.311746 0.34844 -0.311746 0.34844 0.311746 0.341245 -0.260076 0.351243 -0.311746 0.34844 -0.260076 0.351243 -0.268058 0.351994 0.311746 0.369596 0.304923 0.361922 0.311746 0.341245 0.311746 0.341245 0.304923 0.361922 0.29633 0.356067 0.311746 0.341245 0.29633 0.356067 0.286572 0.352461 0.286572 0.352461 0.276406 0.351243 0.311746 0.341245 0.311746 0.341245 0.276406 0.351243 -0.260076 0.351243 -0.268058 0.351994 -0.275895 0.354225 -0.311746 0.34844 -0.311746 0.34844 -0.275895 0.354225 -0.283203 0.357897 -0.311746 0.34844 -0.283203 0.357897 -0.289652 0.362884 -0.289652 0.362884 -0.294961 0.36895 -0.311746 0.34844 -0.311746 0.34844 -0.294961 0.36895 -0.298985 0.375939 -0.311746 0.34844 -0.298985 0.375939 -0.311746 0.387155 -0.311746 0.387155 -0.298985 0.375939 -0.301638 0.38402 -0.311746 0.387155 -0.301638 0.38402 -0.302511 0.392263 -0.302511 0.392263 -0.301638 0.400507 -0.311746 0.387155 -0.311746 0.387155 -0.301638 0.400507 -0.298985 0.408587 -0.311746 0.387155 -0.298985 0.408587 -0.311746 0.425871 -0.311746 0.425871 -0.298985 0.408587 -0.294961 0.415577 -0.311746 0.425871 -0.294961 0.415577 -0.289652 0.421642 -0.289652 0.421642 -0.283203 0.42663 -0.311746 0.425871 -0.311746 0.425871 -0.283203 0.42663 -0.275895 0.430302 -0.311746 0.425871 -0.275895 0.430302 -0.268058 0.432532 -0.311746 0.425871 -0.268058 0.432532 -0.311746 0.464586 -0.311746 0.464586 -0.268058 0.432532 -0.260076 0.433283 -0.311746 0.464586 -0.260076 0.433283 0.311746 0.443308 0.311746 0.443308 -0.260076 0.433283 0.276406 0.433283 0.311746 0.443308 0.276406 0.433283 0.286572 0.432065 0.286572 0.432065 0.29633 0.42846 0.311746 0.443308 0.311746 0.443308 0.29633 0.42846 0.304923 0.422605 0.311746 0.443308 0.304923 0.422605 0.311746 0.41493 0.311746 0.443308 0.311746 0.471685 -0.311746 0.464586 -0.311746 0.464586 0.311746 0.471685 -0.260076 0.481688 -0.311746 0.464586 -0.260076 0.481688 -0.26805 0.482438 0.311746 0.500062 0.304928 0.49238 0.311746 0.471685 0.311746 0.471685 0.304928 0.49238 0.296336 0.486518 0.311746 0.471685 0.296336 0.486518 0.286575 0.482908 0.286575 0.482908 0.276406 0.481688 0.311746 0.471685 0.311746 0.471685 0.276406 0.481688 -0.260076 0.481688 -0.26805 0.482438 -0.27588 0.484665 -0.311746 0.464586 -0.311746 0.464586 -0.27588 0.484665 -0.283181 0.488332 -0.311746 0.464586 -0.283181 0.488332 -0.289625 0.493313 -0.311746 0.464586 -0.289625 0.493313 -0.311746 0.503302 -0.311746 0.503302 -0.289625 0.493313 -0.29493 0.499371 -0.311746 0.503302 -0.29493 0.499371 -0.298951 0.506352 -0.298951 0.506352 -0.301603 0.514424 -0.311746 0.503302 -0.311746 0.503302 -0.301603 0.514424 -0.302475 0.52266 -0.311746 0.503302 -0.302475 0.52266 -0.311746 0.542017 -0.311746 0.542017 -0.302475 0.52266 -0.301603 0.530895 -0.311746 0.542017 -0.301603 0.530895 -0.298951 0.538967 -0.298951 -0.506352 -0.29493 -0.499371 -0.311746 -0.503302 -0.311746 -0.503302 -0.29493 -0.499371 -0.289625 -0.493313 -0.311746 -0.503302 -0.289625 -0.493313 -0.283181 -0.488332 -0.311746 -0.503302 -0.283181 -0.488332 -0.311746 -0.464586 -0.311746 -0.464586 -0.283181 -0.488332 -0.27588 -0.484665 -0.311746 -0.464586 -0.27588 -0.484665 -0.26805 -0.482438 -0.26805 -0.482438 -0.260076 -0.481688 -0.311746 -0.464586 -0.311746 -0.464586 -0.260076 -0.481688 0.311746 -0.471685 -0.311746 -0.464586 0.311746 -0.471685 0.311746 -0.443308 -0.260076 -0.481688 0.276406 -0.481688 0.311746 -0.471685 0.311746 -0.471685 0.276406 -0.481688 0.286575 -0.482908 0.311746 -0.471685 0.286575 -0.482908 0.296336 -0.486518 0.296336 -0.486518 0.304928 -0.49238 0.311746 -0.471685 0.311746 -0.471685 0.304928 -0.49238 0.311746 -0.500062 0.311746 -0.41493 0.304923 -0.422605 0.311746 -0.443308 0.311746 -0.443308 0.304923 -0.422605 0.29633 -0.42846 0.311746 -0.443308 0.29633 -0.42846 0.286572 -0.432065 0.286572 -0.432065 0.276406 -0.433283 0.311746 -0.443308 0.311746 -0.443308 0.276406 -0.433283 -0.260076 -0.433283 0.311746 -0.443308 -0.260076 -0.433283 -0.311746 -0.464586 -0.311746 -0.464586 -0.260076 -0.433283 -0.268058 -0.432532 -0.311746 -0.464586 -0.268058 -0.432532 -0.311746 -0.425871 -0.311746 -0.425871 -0.268058 -0.432532 -0.275895 -0.430302 -0.311746 -0.425871 -0.275895 -0.430302 -0.283203 -0.42663 -0.283203 -0.42663 -0.289652 -0.421642 -0.311746 -0.425871 -0.311746 -0.425871 -0.289652 -0.421642 -0.294961 -0.415577 -0.311746 -0.425871 -0.294961 -0.415577 -0.298985 -0.408587 -0.298985 -0.408587 -0.301638 -0.400507 -0.311746 -0.425871 -0.311746 -0.425871 -0.301638 -0.400507 -0.311746 -0.387155 -0.311746 -0.387155 -0.301638 -0.400507 -0.302511 -0.392263 -0.311746 -0.387155 -0.302511 -0.392263 -0.301638 -0.38402 -0.301638 -0.38402 -0.298985 -0.375939 -0.311746 -0.387155 -0.311746 -0.387155 -0.298985 -0.375939 -0.294961 -0.36895 -0.311746 -0.387155 -0.294961 -0.36895 -0.311746 -0.34844 -0.311746 -0.34844 -0.294961 -0.36895 -0.289652 -0.362884 -0.311746 -0.34844 -0.289652 -0.362884 -0.283203 -0.357897 -0.283203 -0.357897 -0.275895 -0.354225 -0.311746 -0.34844 -0.311746 -0.34844 -0.275895 -0.354225 -0.268058 -0.351994 -0.311746 -0.34844 -0.268058 -0.351994 -0.260076 -0.351243 -0.260076 -0.351243 0.276406 -0.351243 -0.311746 -0.34844 -0.311746 -0.34844 0.276406 -0.351243 0.311746 -0.341245 -0.311746 -0.34844 0.311746 -0.341245 -0.311746 -0.309724 -0.311746 -0.309724 0.311746 -0.341245 0.311746 -0.312894 -0.311746 -0.309724 0.311746 -0.312894 -0.260076 -0.302846 -0.260076 -0.302846 0.311746 -0.312894 0.276406 -0.302846 0.276406 -0.302846 0.311746 -0.312894 0.286563 -0.301631 0.286563 -0.301631 0.311746 -0.312894 0.296315 -0.298036 0.296315 -0.298036 0.311746 -0.312894 0.30491 -0.292198 0.30491 -0.292198 0.311746 -0.312894 0.311746 -0.284543 0.276406 -0.351243 0.286572 -0.352461 0.311746 -0.341245 0.311746 -0.341245 0.286572 -0.352461 0.29633 -0.356067 0.311746 -0.341245 0.29633 -0.356067 0.304923 -0.361922 0.304923 -0.361922 0.311746 -0.369596 0.311746 -0.341245 -0.260076 -0.302846 -0.268077 -0.302092 -0.311746 -0.309724 -0.311746 -0.309724 -0.268077 -0.302092 -0.275931 -0.299854 -0.311746 -0.309724 -0.275931 -0.299854 -0.283255 -0.296169 -0.283255 -0.296169 -0.289716 -0.291166 -0.311746 -0.309724 -0.311746 -0.309724 -0.289716 -0.291166 -0.295035 -0.285083 -0.311746 -0.309724 -0.295035 -0.285083 -0.311746 -0.271009 -0.311746 -0.271009 -0.295035 -0.285083 -0.299065 -0.278075 -0.311746 -0.271009 -0.299065 -0.278075 -0.301722 -0.269973 -0.301722 -0.269973 -0.302595 -0.26171 -0.311746 -0.271009 -0.311746 -0.271009 -0.302595 -0.26171 -0.301722 -0.253447 -0.311746 -0.271009 -0.301722 -0.253447 -0.311746 -0.232293 -0.311746 -0.232293 -0.301722 -0.253447 -0.299065 -0.245346 -0.311746 -0.232293 -0.299065 -0.245346 -0.295035 -0.238337 -0.295035 -0.238337 -0.289716 -0.232254 -0.311746 -0.232293 -0.311746 -0.232293 -0.289716 -0.232254 -0.283255 -0.2272509 -0.311746 -0.232293 -0.283255 -0.2272509 -0.275931 -0.2235659 -0.275931 -0.2235659 -0.268077 -0.221329 -0.311746 -0.232293 -0.311746 -0.232293 -0.268077 -0.221329 -0.311746 -0.193578 -0.311746 -0.193578 -0.268077 -0.221329 -0.260076 -0.220575 -0.311746 -0.193578 -0.260076 -0.220575 0.311746 -0.210561 0.311746 -0.210561 -0.260076 -0.220575 0.276406 -0.220575 0.311746 -0.210561 0.276406 -0.220575 0.286563 -0.221789 0.286563 -0.221789 0.296315 -0.2253839 0.311746 -0.210561 0.311746 -0.210561 0.296315 -0.2253839 0.30491 -0.231222 0.311746 -0.210561 0.30491 -0.231222 0.311746 -0.238878 0.311746 -0.210561 0.311746 -0.182245 -0.311746 -0.193578 -0.311746 -0.193578 0.311746 -0.182245 -0.260076 -0.172183 -0.311746 -0.193578 -0.260076 -0.172183 -0.268095 -0.171427 0.311746 -0.153928 0.304898 -0.161565 0.311746 -0.182245 0.311746 -0.182245 0.304898 -0.161565 0.296301 -0.167387 0.311746 -0.182245 0.296301 -0.167387 0.286555 -0.170972 0.286555 -0.170972 0.276406 -0.172183 0.311746 -0.182245 0.311746 -0.182245 0.276406 -0.172183 -0.260076 -0.172183 -0.268095 -0.171427 -0.275967 -0.169181 -0.311746 -0.193578 -0.311746 -0.193578 -0.275967 -0.169181 -0.283306 -0.165485 -0.311746 -0.193578 -0.283306 -0.165485 -0.311746 -0.154862 -0.311746 -0.154862 -0.283306 -0.165485 -0.289779 -0.160467 -0.311746 -0.154862 -0.289779 -0.160467 -0.295107 -0.154366 -0.295107 -0.154366 -0.299143 -0.147338 -0.311746 -0.154862 -0.311746 -0.154862 -0.299143 -0.147338 -0.301803 -0.139217 -0.311746 -0.154862 -0.301803 -0.139217 -0.302678 -0.130934 -0.311746 -0.154862 -0.302678 -0.130934 -0.311746 -0.116147 -0.311746 -0.116147 -0.302678 -0.130934 -0.301803 -0.122651 -0.311746 -0.116147 -0.301803 -0.122651 -0.299143 -0.11453 -0.299143 -0.11453 -0.295107 -0.1075029 -0.311746 -0.116147 -0.311746 -0.116147 -0.295107 -0.1075029 -0.289779 -0.101402 -0.311746 -0.116147 -0.289779 -0.101402 -0.283306 -0.09638398 -0.311746 -0.116147 -0.283306 -0.09638398 -0.311746 -0.07743096 -0.311746 -0.07743096 -0.283306 -0.09638398 -0.275967 -0.09268701 -0.311746 -0.07743096 -0.275967 -0.09268701 -0.268095 -0.090442 -0.268095 -0.090442 -0.260076 -0.08968496 -0.311746 -0.07743096 -0.311746 -0.07743096 -0.260076 -0.08968496 0.311746 -0.079647 -0.311746 -0.07743096 0.311746 -0.079647 0.311746 -0.05135297 -0.260076 -0.08968496 0.276406 -0.08968496 0.311746 -0.079647 0.311746 -0.079647 0.276406 -0.08968496 0.286555 -0.09089601 0.311746 -0.079647 0.286555 -0.09089601 0.296301 -0.09448099 0.296301 -0.09448099 0.304898 -0.100303 0.311746 -0.079647 0.311746 -0.079647 0.304898 -0.100303 0.311746 -0.10794 0.311746 -0.02305996 0.304893 -0.030689 0.311746 -0.05135297 0.311746 -0.05135297 0.304893 -0.030689 0.296295 -0.03650498 0.311746 -0.05135297 0.296295 -0.03650498 0.286551 -0.04008597 0.286551 -0.04008597 0.276406 -0.041296 0.311746 -0.05135297 0.311746 -0.05135297 0.276406 -0.041296 -0.260076 -0.041296 0.311746 -0.05135297 -0.260076 -0.041296 -0.311746 -0.07743096 -0.311746 -0.07743096 -0.260076 -0.041296 -0.311746 -0.03871595 -0.311746 -0.03871595 -0.260076 -0.041296 -0.268103 -0.04053795 -0.311746 -0.03871595 -0.268103 -0.04053795 -0.275982 -0.03828895 -0.275982 -0.03828895 -0.283326 -0.03458797 -0.311746 -0.03871595 -0.311746 -0.03871595 -0.283326 -0.03458797 -0.289805 -0.02956396 -0.311746 -0.03871595 -0.289805 -0.02956396 -0.295136 -0.02345597 -0.295136 -0.02345597 -0.299175 -0.01641994 -0.311746 -0.03871595 -0.311746 -0.03871595 -0.299175 -0.01641994 -0.311746 0 -0.311746 0 -0.299175 -0.01641994 -0.301836 -0.008290946 -0.311746 0 -0.301836 -0.008290946 -0.302711 0 -0.302711 0 -0.301836 0.008290946 -0.311746 0 -0.311746 0 -0.301836 0.008290946 -0.299175 0.01641994 -0.311746 0 -0.299175 0.01641994 -0.311746 0.03871595 -0.311746 0.03871595 -0.299175 0.01641994 -0.295136 0.02345597 -0.311746 0.03871595 -0.295136 0.02345597 -0.289805 0.02956396 -0.289805 0.02956396 -0.283326 0.03458797 -0.311746 0.03871595 -0.311746 0.03871595 -0.283326 0.03458797 -0.275982 0.03828895 -0.311746 0.03871595 -0.275982 0.03828895 -0.268103 0.04053795 -0.268103 0.04053795 -0.260076 0.041296 -0.311746 0.03871595 -0.311746 0.03871595 -0.260076 0.041296 -0.311746 0.07743096 -0.311746 0.07743096 -0.260076 0.041296 0.311746 0.05135297 -0.311746 0.07743096 0.311746 0.05135297 0.311746 0.079647 -0.260076 0.041296 0.276406 0.041296 0.311746 0.05135297 0.311746 0.05135297 0.276406 0.041296 0.286551 0.04008597 0.311746 0.05135297 0.286551 0.04008597 0.296295 0.03650498 0.296295 0.03650498 0.304893 0.030689 0.311746 0.05135297 0.311746 0.05135297 0.304893 0.030689 0.311746 0.02305996 0 0.01418495 0.01025199 0.01433897 0 0.02337998 0 0.02337998 0.01025199 0.01433897 0.01138198 0.02337998 0 0.02337998 0.01138198 0.02337998 0 0.03257495 0 0.03257495 0.01138198 0.02337998 0.01138198 0.03257495 0 0.03257495 0.01138198 0.03257495 0 0.04176896 0 0.04176896 0.01138198 0.03257495 0.01138198 0.04176896 0 0.04176896 0.01138198 0.04176896 0 0.05096399 0 0.05096399 0.01138198 0.04176896 0.01138198 0.05096399 0 0.05096399 0.01138198 0.05096399 0 0.06015896 0 0.06015896 0.01138198 0.05096399 0.01138198 0.06015896 0 0.06015896 0.01138198 0.06015896 0 0.06935298 0 0.06935298 0.01138198 0.06015896 0.01138198 0.06935298 0 0.06935298 0.01138198 0.06935298 0 0.07854795 0 0.07854795 0.01138198 0.06935298 0.01138198 0.07854795 0 0.07854795 0.01138198 0.07854795 0 0.08774298 0 0.08774298 0.01138198 0.07854795 0.01138198 0.08774298 0 0.08774298 0.01138198 0.08774298 0.01025199 0.09678298 0.01025199 0.09678298 0.01138198 0.08774298 0.02064996 0.09620898 0.02064996 0.09620898 0.01138198 0.08774298 0.02276295 0.08774298 0.02064996 0.09620898 0.02276295 0.08774298 0.03096997 0.09485995 0.03096997 0.09485995 0.02276295 0.08774298 0.03414499 0.08774298 0.03096997 0.09485995 0.03414499 0.08774298 0.04092895 0.091838 0.04092895 0.091838 0.03414499 0.08774298 0.04552596 0.08774298 0.04092895 0.091838 0.04552596 0.08774298 0.04644799 0.08835095 0.04644799 0.08835095 0.04552596 0.08774298 0.05146497 0.08216297 0.05146497 0.08216297 0.04552596 0.08774298 0.04552596 0.07854795 0.05146497 0.08216297 0.04552596 0.07854795 0.05539095 0.07122796 0.05539095 0.07122796 0.04552596 0.07854795 0.04552596 0.06935298 0.05539095 0.07122796 0.04552596 0.06935298 0.04552596 0.06015896 0.04552596 0.06015896 0.04552596 0.06935298 0.03414499 0.06935298 0.04552596 0.06015896 0.03414499 0.06935298 0.03414499 0.06015896 0.03414499 0.06015896 0.03414499 0.06935298 0.02276295 0.06935298 0.03414499 0.06015896 0.02276295 0.06935298 0.02276295 0.06015896 0.02276295 0.06015896 0.02276295 0.06935298 0.01138198 0.06935298 0.02276295 0.06015896 0.01138198 0.06935298 0.01138198 0.06015896 0.01025199 0.01433897 0.02064996 0.01491397 0.01138198 0.02337998 0.01138198 0.02337998 0.02064996 0.01491397 0.02276295 0.02337998 0.01138198 0.02337998 0.02276295 0.02337998 0.01138198 0.03257495 0.01138198 0.03257495 0.02276295 0.02337998 0.02276295 0.03257495 0.01138198 0.03257495 0.02276295 0.03257495 0.01138198 0.04176896 0.01138198 0.04176896 0.02276295 0.03257495 0.02276295 0.04176896 0.01138198 0.04176896 0.02276295 0.04176896 0.01138198 0.05096399 0.01138198 0.05096399 0.02276295 0.04176896 0.02276295 0.05096399 0.01138198 0.05096399 0.02276295 0.05096399 0.01138198 0.06015896 0.01138198 0.06015896 0.02276295 0.05096399 0.02276295 0.06015896 0.02064996 0.01491397 0.03096997 0.01626199 0.02276295 0.02337998 0.02276295 0.02337998 0.03096997 0.01626199 0.03414499 0.02337998 0.02276295 0.02337998 0.03414499 0.02337998 0.02276295 0.03257495 0.02276295 0.03257495 0.03414499 0.02337998 0.03414499 0.03257495 0.02276295 0.03257495 0.03414499 0.03257495 0.02276295 0.04176896 0.02276295 0.04176896 0.03414499 0.03257495 0.03414499 0.04176896 0.02276295 0.04176896 0.03414499 0.04176896 0.02276295 0.05096399 0.02276295 0.05096399 0.03414499 0.04176896 0.03414499 0.05096399 0.02276295 0.05096399 0.03414499 0.05096399 0.02276295 0.06015896 0.02276295 0.06015896 0.03414499 0.05096399 0.03414499 0.06015896 0.03096997 0.01626199 0.04092895 0.01928496 0.03414499 0.02337998 0.03414499 0.02337998 0.04092895 0.01928496 0.04552596 0.02337998 0.03414499 0.02337998 0.04552596 0.02337998 0.03414499 0.03257495 0.03414499 0.03257495 0.04552596 0.02337998 0.04552596 0.03257495 0.03414499 0.03257495 0.04552596 0.03257495 0.03414499 0.04176896 0.03414499 0.04176896 0.04552596 0.03257495 0.04552596 0.04176896 0.03414499 0.04176896 0.04552596 0.04176896 0.03414499 0.05096399 0.03414499 0.05096399 0.04552596 0.04176896 0.04552596 0.05096399 0.03414499 0.05096399 0.04552596 0.05096399 0.03414499 0.06015896 0.03414499 0.06015896 0.04552596 0.05096399 0.04552596 0.06015896 0.04092895 0.01928496 0.04644799 0.02277195 0.04552596 0.02337998 0.04552596 0.02337998 0.04644799 0.02277195 0.05146497 0.02895897 0.04552596 0.02337998 0.05146497 0.02895897 0.04552596 0.03257495 0.04552596 0.03257495 0.05146497 0.02895897 0.05539095 0.03989499 0.04552596 0.03257495 0.05539095 0.03989499 0.04552596 0.04176896 0.04552596 0.04176896 0.05539095 0.03989499 0.04552596 0.05096399 0.05539095 0.03989499 0.05690795 0.05556094 0.04552596 0.05096399 0.04552596 0.05096399 0.05690795 0.05556094 0.04552596 0.06015896 0.05690795 0.05556094 0.05539095 0.07122796 0.04552596 0.06015896 0.01025199 0.09678298 0 0.096937 0 0.08774298 0.01138198 0.06935298 0.02276295 0.06935298 0.01138198 0.07854795 0.01138198 0.07854795 0.02276295 0.06935298 0.02276295 0.07854795 0.01138198 0.07854795 0.02276295 0.07854795 0.01138198 0.08774298 0.01138198 0.08774298 0.02276295 0.07854795 0.02276295 0.08774298 0.02276295 0.06935298 0.03414499 0.06935298 0.02276295 0.07854795 0.02276295 0.07854795 0.03414499 0.06935298 0.03414499 0.07854795 0.02276295 0.07854795 0.03414499 0.07854795 0.02276295 0.08774298 0.02276295 0.08774298 0.03414499 0.07854795 0.03414499 0.08774298 0.03414499 0.06935298 0.04552596 0.06935298 0.03414499 0.07854795 0.03414499 0.07854795 0.04552596 0.06935298 0.04552596 0.07854795 0.03414499 0.07854795 0.04552596 0.07854795 0.03414499 0.08774298 0.03414499 0.08774298 0.04552596 0.07854795 0.04552596 0.08774298 0 0.096803 -0.008047997 0.09671097 0 0.08762097 0 0.08762097 -0.008047997 0.09671097 -0.01141399 0.08762097 0 0.08762097 -0.01141399 0.08762097 0 0.07844001 0 0.07844001 -0.01141399 0.08762097 -0.01141399 0.07844001 0 0.07844001 -0.01141399 0.07844001 0 0.06925797 0 0.06925797 -0.01141399 0.07844001 -0.01141399 0.06925797 0 0.06925797 -0.01141399 0.06925797 0 0.06007599 0 0.06007599 -0.01141399 0.06925797 -0.01141399 0.06007599 0 0.06007599 -0.01141399 0.06007599 0 0.05089396 0 0.05089396 -0.01141399 0.06007599 -0.01141399 0.05089396 0 0.05089396 -0.01141399 0.05089396 0 0.04171198 0 0.04171198 -0.01141399 0.05089396 -0.01141399 0.04171198 0 0.04171198 -0.01141399 0.04171198 0 0.03252995 0 0.03252995 -0.01141399 0.04171198 -0.01141399 0.03252995 0 0.03252995 -0.01141399 0.03252995 0 0.02334797 0 0.02334797 -0.01141399 0.03252995 -0.01141399 0.02334797 0 0.02334797 -0.01141399 0.02334797 -0.008047997 0.01425796 -0.008047997 0.01425796 -0.01141399 0.02334797 -0.01621997 0.01458197 -0.01621997 0.01458197 -0.01141399 0.02334797 -0.02282798 0.02334797 -0.01621997 0.01458197 -0.02282798 0.02334797 -0.02439498 0.01525998 -0.02439498 0.01525998 -0.02282798 0.02334797 -0.03247696 0.01654797 -0.03247696 0.01654797 -0.02282798 0.02334797 -0.03424197 0.02334797 -0.03247696 0.01654797 -0.03424197 0.02334797 -0.04030299 0.01897895 -0.04030299 0.01897895 -0.03424197 0.02334797 -0.04565697 0.02334797 -0.04030299 0.01897895 -0.04565697 0.02334797 -0.04771095 0.02381598 -0.04771095 0.02381598 -0.04565697 0.02334797 -0.04565697 0.03252995 -0.04771095 0.02381598 -0.04565697 0.03252995 -0.05424195 0.03481996 -0.05424195 0.03481996 -0.04565697 0.03252995 -0.04565697 0.04171198 -0.05424195 0.03481996 -0.04565697 0.04171198 -0.04565697 0.05089396 -0.04565697 0.05089396 -0.04565697 0.04171198 -0.03424197 0.04171198 -0.04565697 0.05089396 -0.03424197 0.04171198 -0.03424197 0.05089396 -0.03424197 0.05089396 -0.03424197 0.04171198 -0.02282798 0.04171198 -0.03424197 0.05089396 -0.02282798 0.04171198 -0.02282798 0.05089396 -0.02282798 0.05089396 -0.02282798 0.04171198 -0.01141399 0.04171198 -0.02282798 0.05089396 -0.01141399 0.04171198 -0.01141399 0.05089396 -0.008047997 0.09671097 -0.01621997 0.09638696 -0.01141399 0.08762097 -0.01141399 0.08762097 -0.01621997 0.09638696 -0.02282798 0.08762097 -0.01141399 0.08762097 -0.02282798 0.08762097 -0.01141399 0.07844001 -0.01141399 0.07844001 -0.02282798 0.08762097 -0.02282798 0.07844001 -0.01141399 0.07844001 -0.02282798 0.07844001 -0.01141399 0.06925797 -0.01141399 0.06925797 -0.02282798 0.07844001 -0.02282798 0.06925797 -0.01141399 0.06925797 -0.02282798 0.06925797 -0.01141399 0.06007599 -0.01141399 0.06007599 -0.02282798 0.06925797 -0.02282798 0.06007599 -0.01141399 0.06007599 -0.02282798 0.06007599 -0.01141399 0.05089396 -0.01141399 0.05089396 -0.02282798 0.06007599 -0.02282798 0.05089396 -0.01621997 0.09638696 -0.02439498 0.09570896 -0.02282798 0.08762097 -0.02282798 0.08762097 -0.02439498 0.09570896 -0.03247696 0.09442096 -0.02282798 0.08762097 -0.03247696 0.09442096 -0.03424197 0.08762097 -0.03424197 0.08762097 -0.03247696 0.09442096 -0.04030299 0.09198999 -0.03424197 0.08762097 -0.04030299 0.09198999 -0.04565697 0.08762097 -0.04565697 0.08762097 -0.04030299 0.09198999 -0.04771095 0.08715295 -0.04565697 0.08762097 -0.04771095 0.08715295 -0.04565697 0.07844001 -0.04565697 0.07844001 -0.04771095 0.08715295 -0.05424195 0.07614898 -0.04565697 0.07844001 -0.05424195 0.07614898 -0.04565697 0.06925797 -0.04565697 0.06925797 -0.05424195 0.07614898 -0.05707097 0.05548495 -0.04565697 0.06925797 -0.05707097 0.05548495 -0.04565697 0.06007599 -0.04565697 0.06007599 -0.05707097 0.05548495 -0.04565697 0.05089396 -0.04565697 0.06007599 -0.04565697 0.05089396 -0.03424197 0.05089396 -0.05707097 0.05548495 -0.05424195 0.03481996 -0.04565697 0.05089396 -0.008047997 0.01425796 0 0.01416599 0 0.02334797 -0.02282798 0.07844001 -0.02282798 0.08762097 -0.03424197 0.08762097 -0.03424197 0.08762097 -0.04565697 0.08762097 -0.03424197 0.07844001 -0.03424197 0.07844001 -0.04565697 0.08762097 -0.04565697 0.07844001 -0.03424197 0.07844001 -0.04565697 0.07844001 -0.03424197 0.06925797 -0.03424197 0.06925797 -0.04565697 0.07844001 -0.04565697 0.06925797 -0.03424197 0.06925797 -0.04565697 0.06925797 -0.03424197 0.06007599 -0.03424197 0.06007599 -0.04565697 0.06925797 -0.04565697 0.06007599 -0.03424197 0.06007599 -0.04565697 0.06007599 -0.03424197 0.05089396 -0.02282798 0.06925797 -0.02282798 0.07844001 -0.03424197 0.07844001 -0.03424197 0.07844001 -0.02282798 0.07844001 -0.03424197 0.08762097 -0.02282798 0.06925797 -0.03424197 0.07844001 -0.03424197 0.06925797 -0.02282798 0.06007599 -0.02282798 0.06925797 -0.03424197 0.06925797 -0.02282798 0.06007599 -0.03424197 0.06925797 -0.03424197 0.06007599 -0.03424197 0.05089396 -0.02282798 0.05089396 -0.03424197 0.06007599 -0.03424197 0.06007599 -0.02282798 0.05089396 -0.02282798 0.06007599 -0.01141399 0.04171198 -0.02282798 0.04171198 -0.01141399 0.03252995 -0.01141399 0.03252995 -0.02282798 0.04171198 -0.02282798 0.03252995 -0.01141399 0.03252995 -0.02282798 0.03252995 -0.01141399 0.02334797 -0.01141399 0.02334797 -0.02282798 0.03252995 -0.02282798 0.02334797 -0.02282798 0.04171198 -0.03424197 0.04171198 -0.02282798 0.03252995 -0.02282798 0.03252995 -0.03424197 0.04171198 -0.03424197 0.03252995 -0.02282798 0.03252995 -0.03424197 0.03252995 -0.02282798 0.02334797 -0.02282798 0.02334797 -0.03424197 0.03252995 -0.03424197 0.02334797 -0.03424197 0.04171198 -0.04565697 0.04171198 -0.03424197 0.03252995 -0.03424197 0.03252995 -0.04565697 0.04171198 -0.04565697 0.03252995 -0.03424197 0.03252995 -0.04565697 0.03252995 -0.03424197 0.02334797 -0.03424197 0.02334797 -0.04565697 0.03252995 -0.04565697 0.02334797 0.268241 -0.08724498 -0.268241 -0.08724498 0.268241 -0.098733 0.268241 -0.098733 -0.268241 -0.08724498 -0.268241 -0.098733 0.268241 -0.098733 -0.268241 -0.098733 0.268241 -0.110221 0.268241 -0.110221 -0.268241 -0.098733 -0.268241 -0.110221 0.268241 -0.110221 -0.268241 -0.110221 0.268241 -0.121709 0.268241 -0.121709 -0.268241 -0.110221 -0.268241 -0.121709 0.268241 -0.121709 -0.268241 -0.121709 0.268241 -0.133198 0.268241 -0.133198 -0.268241 -0.121709 -0.268241 -0.133198 0.268241 -0.133198 -0.268241 -0.133198 0.268241 -0.144686 0.268241 -0.144686 -0.268241 -0.133198 -0.268241 -0.144686 0.268241 -0.144686 -0.268241 -0.144686 0.268241 -0.156174 0.268241 -0.156174 -0.268241 -0.144686 -0.268241 -0.156174 0.268241 -0.156174 -0.268241 -0.156174 0.268241 -0.167662 0.268241 -0.167662 -0.268241 -0.156174 -0.268241 -0.167662 0.268241 -0.167662 -0.268241 -0.167662 0.268241 -0.17915 0.268241 -0.17915 -0.268241 -0.167662 -0.268241 -0.17915 0.268241 -0.17915 -0.268241 -0.17915 0.268241 -0.190638 0.268241 -0.190638 -0.268241 -0.17915 -0.268241 -0.190638 0 0.01447194 0.01026099 0.01463395 0 0.02363896 0 0.02363896 0.01026099 0.01463395 0.01132196 0.02363896 0 0.02363896 0.01132196 0.02363896 0 0.03280597 0 0.03280597 0.01132196 0.02363896 0.01132196 0.03280597 0 0.03280597 0.01132196 0.03280597 0 0.04197394 0 0.04197394 0.01132196 0.03280597 0.01132196 0.04197394 0 0.04197394 0.01132196 0.04197394 0 0.05114096 0 0.05114096 0.01132196 0.04197394 0.01132196 0.05114096 0 0.05114096 0.01132196 0.05114096 0 0.06030797 0 0.06030797 0.01132196 0.05114096 0.01132196 0.06030797 0 0.06030797 0.01132196 0.06030797 0 0.06947499 0 0.06947499 0.01132196 0.06030797 0.01132196 0.06947499 0 0.06947499 0.01132196 0.06947499 0 0.07864296 0 0.07864296 0.01132196 0.06947499 0.01132196 0.07864296 0 0.07864296 0.01132196 0.07864296 0 0.08780997 0 0.08780997 0.01132196 0.07864296 0.01132196 0.08780997 0 0.08780997 0.01132196 0.08780997 0.01026099 0.09681499 0.01026099 0.09681499 0.01132196 0.08780997 0.02066695 0.09621399 0.02066695 0.09621399 0.01132196 0.08780997 0.02264398 0.08780997 0.02066695 0.09621399 0.02264398 0.08780997 0.03098696 0.09480899 0.03098696 0.09480899 0.02264398 0.08780997 0.033966 0.08780997 0.03098696 0.09480899 0.033966 0.08780997 0.04092895 0.09167599 0.04092895 0.09167599 0.033966 0.08780997 0.04528898 0.08780997 0.04092895 0.09167599 0.04528898 0.08780997 0.04637199 0.08812099 0.04637199 0.08812099 0.04528898 0.08780997 0.05130696 0.08187699 0.05130696 0.08187699 0.04528898 0.08780997 0.04528898 0.07864296 0.05130696 0.08187699 0.04528898 0.07864296 0.05514097 0.07102096 0.05514097 0.07102096 0.04528898 0.07864296 0.04528898 0.06947499 0.05514097 0.07102096 0.04528898 0.06947499 0.04528898 0.06030797 0.04528898 0.06030797 0.04528898 0.06947499 0.033966 0.06947499 0.04528898 0.06030797 0.033966 0.06947499 0.033966 0.06030797 0.033966 0.06030797 0.033966 0.06947499 0.02264398 0.06947499 0.033966 0.06030797 0.02264398 0.06947499 0.02264398 0.06030797 0.02264398 0.06030797 0.02264398 0.06947499 0.01132196 0.06947499 0.02264398 0.06030797 0.01132196 0.06947499 0.01132196 0.06030797 0.01026099 0.01463395 0.02066695 0.01523494 0.01132196 0.02363896 0.01132196 0.02363896 0.02066695 0.01523494 0.02264398 0.02363896 0.01132196 0.02363896 0.02264398 0.02363896 0.01132196 0.03280597 0.01132196 0.03280597 0.02264398 0.02363896 0.02264398 0.03280597 0.01132196 0.03280597 0.02264398 0.03280597 0.01132196 0.04197394 0.01132196 0.04197394 0.02264398 0.03280597 0.02264398 0.04197394 0.01132196 0.04197394 0.02264398 0.04197394 0.01132196 0.05114096 0.01132196 0.05114096 0.02264398 0.04197394 0.02264398 0.05114096 0.01132196 0.05114096 0.02264398 0.05114096 0.01132196 0.06030797 0.01132196 0.06030797 0.02264398 0.05114096 0.02264398 0.06030797 0.02066695 0.01523494 0.03098696 0.01663994 0.02264398 0.02363896 0.02264398 0.02363896 0.03098696 0.01663994 0.033966 0.02363896 0.02264398 0.02363896 0.033966 0.02363896 0.02264398 0.03280597 0.02264398 0.03280597 0.033966 0.02363896 0.033966 0.03280597 0.02264398 0.03280597 0.033966 0.03280597 0.02264398 0.04197394 0.02264398 0.04197394 0.033966 0.03280597 0.033966 0.04197394 0.02264398 0.04197394 0.033966 0.04197394 0.02264398 0.05114096 0.02264398 0.05114096 0.033966 0.04197394 0.033966 0.05114096 0.02264398 0.05114096 0.033966 0.05114096 0.02264398 0.06030797 0.02264398 0.06030797 0.033966 0.05114096 0.033966 0.06030797 0.03098696 0.01663994 0.04092895 0.019773 0.033966 0.02363896 0.033966 0.02363896 0.04092895 0.019773 0.04528898 0.02363896 0.033966 0.02363896 0.04528898 0.02363896 0.033966 0.03280597 0.033966 0.03280597 0.04528898 0.02363896 0.04528898 0.03280597 0.033966 0.03280597 0.04528898 0.03280597 0.033966 0.04197394 0.033966 0.04197394 0.04528898 0.03280597 0.04528898 0.04197394 0.033966 0.04197394 0.04528898 0.04197394 0.033966 0.05114096 0.033966 0.05114096 0.04528898 0.04197394 0.04528898 0.05114096 0.033966 0.05114096 0.04528898 0.05114096 0.033966 0.06030797 0.033966 0.06030797 0.04528898 0.05114096 0.04528898 0.06030797 0.04092895 0.019773 0.04637199 0.023328 0.04528898 0.02363896 0.04528898 0.02363896 0.04637199 0.023328 0.05130696 0.02957195 0.04528898 0.02363896 0.05130696 0.02957195 0.04528898 0.03280597 0.04528898 0.03280597 0.05130696 0.02957195 0.05514097 0.04042798 0.04528898 0.03280597 0.05514097 0.04042798 0.04528898 0.04197394 0.04528898 0.04197394 0.05514097 0.04042798 0.04528898 0.05114096 0.05514097 0.04042798 0.056611 0.05572497 0.04528898 0.05114096 0.04528898 0.05114096 0.056611 0.05572497 0.04528898 0.06030797 0.056611 0.05572497 0.05514097 0.07102096 0.04528898 0.06030797 0.01026099 0.09681499 0 0.09697699 0 0.08780997 0.01132196 0.06947499 0.02264398 0.06947499 0.01132196 0.07864296 0.01132196 0.07864296 0.02264398 0.06947499 0.02264398 0.07864296 0.01132196 0.07864296 0.02264398 0.07864296 0.01132196 0.08780997 0.01132196 0.08780997 0.02264398 0.07864296 0.02264398 0.08780997 0.02264398 0.06947499 0.033966 0.06947499 0.02264398 0.07864296 0.02264398 0.07864296 0.033966 0.06947499 0.033966 0.07864296 0.02264398 0.07864296 0.033966 0.07864296 0.02264398 0.08780997 0.02264398 0.08780997 0.033966 0.07864296 0.033966 0.08780997 0.033966 0.06947499 0.04528898 0.06947499 0.033966 0.07864296 0.033966 0.07864296 0.04528898 0.06947499 0.04528898 0.07864296 0.033966 0.07864296 0.04528898 0.07864296 0.033966 0.08780997 0.033966 0.08780997 0.04528898 0.07864296 0.04528898 0.08780997 0 0.09684699 -0.00802797 0.09674996 0 0.08769196 0 0.08769196 -0.00802797 0.09674996 -0.01135396 0.08769196 0 0.08769196 -0.01135396 0.08769196 0 0.07853698 0 0.07853698 -0.01135396 0.08769196 -0.01135396 0.07853698 0 0.07853698 -0.01135396 0.07853698 0 0.06938195 0 0.06938195 -0.01135396 0.07853698 -0.01135396 0.06938195 0 0.06938195 -0.01135396 0.06938195 0 0.06022697 0 0.06022697 -0.01135396 0.06938195 -0.01135396 0.06022697 0 0.06022697 -0.01135396 0.06022697 0 0.051072 0 0.051072 -0.01135396 0.06022697 -0.01135396 0.051072 0 0.051072 -0.01135396 0.051072 0 0.04191696 0 0.04191696 -0.01135396 0.051072 -0.01135396 0.04191696 0 0.04191696 -0.01135396 0.04191696 0 0.03276199 0 0.03276199 -0.01135396 0.04191696 -0.01135396 0.03276199 0 0.03276199 -0.01135396 0.03276199 0 0.02360796 0 0.02360796 -0.01135396 0.03276199 -0.01135396 0.02360796 0 0.02360796 -0.01135396 0.02360796 -0.00802797 0.01454895 -0.00802797 0.01454895 -0.01135396 0.02360796 -0.01618099 0.01488697 -0.01618099 0.01488697 -0.01135396 0.02360796 -0.02270799 0.02360796 -0.01618099 0.01488697 -0.02270799 0.02360796 -0.02433496 0.01558798 -0.02433496 0.01558798 -0.02270799 0.02360796 -0.03239095 0.01691496 -0.03239095 0.01691496 -0.02270799 0.02360796 -0.03406196 0.02360796 -0.03239095 0.01691496 -0.03406196 0.02360796 -0.04018294 0.01940399 -0.04018294 0.01940399 -0.03406196 0.02360796 -0.04541599 0.02360796 -0.04018294 0.01940399 -0.04541599 0.02360796 -0.04754197 0.02431595 -0.04754197 0.02431595 -0.04541599 0.02360796 -0.04541599 0.03276199 -0.04754197 0.02431595 -0.04541599 0.03276199 -0.05399799 0.03534096 -0.05399799 0.03534096 -0.04541599 0.03276199 -0.04541599 0.04191696 -0.05399799 0.03534096 -0.04541599 0.04191696 -0.04541599 0.051072 -0.04541599 0.051072 -0.04541599 0.04191696 -0.03406196 0.04191696 -0.04541599 0.051072 -0.03406196 0.04191696 -0.03406196 0.051072 -0.03406196 0.051072 -0.03406196 0.04191696 -0.02270799 0.04191696 -0.03406196 0.051072 -0.02270799 0.04191696 -0.02270799 0.051072 -0.02270799 0.051072 -0.02270799 0.04191696 -0.01135396 0.04191696 -0.02270799 0.051072 -0.01135396 0.04191696 -0.01135396 0.051072 -0.00802797 0.09674996 -0.01618099 0.09641295 -0.01135396 0.08769196 -0.01135396 0.08769196 -0.01618099 0.09641295 -0.02270799 0.08769196 -0.01135396 0.08769196 -0.02270799 0.08769196 -0.01135396 0.07853698 -0.01135396 0.07853698 -0.02270799 0.08769196 -0.02270799 0.07853698 -0.01135396 0.07853698 -0.02270799 0.07853698 -0.01135396 0.06938195 -0.01135396 0.06938195 -0.02270799 0.07853698 -0.02270799 0.06938195 -0.01135396 0.06938195 -0.02270799 0.06938195 -0.01135396 0.06022697 -0.01135396 0.06022697 -0.02270799 0.06938195 -0.02270799 0.06022697 -0.01135396 0.06022697 -0.02270799 0.06022697 -0.01135396 0.051072 -0.01135396 0.051072 -0.02270799 0.06022697 -0.02270799 0.051072 -0.01618099 0.09641295 -0.02433496 0.09571099 -0.02270799 0.08769196 -0.02270799 0.08769196 -0.02433496 0.09571099 -0.03239095 0.09438395 -0.02270799 0.08769196 -0.03239095 0.09438395 -0.03406196 0.08769196 -0.03406196 0.08769196 -0.03239095 0.09438395 -0.04018294 0.09189599 -0.03406196 0.08769196 -0.04018294 0.09189599 -0.04541599 0.08769196 -0.04541599 0.08769196 -0.04018294 0.09189599 -0.04754197 0.08698296 -0.04541599 0.08769196 -0.04754197 0.08698296 -0.04541599 0.07853698 -0.04541599 0.07853698 -0.04754197 0.08698296 -0.05399799 0.07595896 -0.04541599 0.07853698 -0.05399799 0.07595896 -0.04541599 0.06938195 -0.04541599 0.06938195 -0.05399799 0.07595896 -0.05676996 0.05564999 -0.04541599 0.06938195 -0.05676996 0.05564999 -0.04541599 0.06022697 -0.04541599 0.06022697 -0.05676996 0.05564999 -0.04541599 0.051072 -0.04541599 0.06022697 -0.04541599 0.051072 -0.03406196 0.051072 -0.05676996 0.05564999 -0.05399799 0.03534096 -0.04541599 0.051072 -0.00802797 0.01454895 0 0.01445299 0 0.02360796 -0.02270799 0.07853698 -0.02270799 0.08769196 -0.03406196 0.08769196 -0.03406196 0.08769196 -0.04541599 0.08769196 -0.03406196 0.07853698 -0.03406196 0.07853698 -0.04541599 0.08769196 -0.04541599 0.07853698 -0.03406196 0.07853698 -0.04541599 0.07853698 -0.03406196 0.06938195 -0.03406196 0.06938195 -0.04541599 0.07853698 -0.04541599 0.06938195 -0.03406196 0.06938195 -0.04541599 0.06938195 -0.03406196 0.06022697 -0.03406196 0.06022697 -0.04541599 0.06938195 -0.04541599 0.06022697 -0.03406196 0.06022697 -0.04541599 0.06022697 -0.03406196 0.051072 -0.02270799 0.06938195 -0.02270799 0.07853698 -0.03406196 0.07853698 -0.03406196 0.07853698 -0.02270799 0.07853698 -0.03406196 0.08769196 -0.02270799 0.06938195 -0.03406196 0.07853698 -0.03406196 0.06938195 -0.02270799 0.06022697 -0.02270799 0.06938195 -0.03406196 0.06938195 -0.02270799 0.06022697 -0.03406196 0.06938195 -0.03406196 0.06022697 -0.03406196 0.051072 -0.02270799 0.051072 -0.03406196 0.06022697 -0.03406196 0.06022697 -0.02270799 0.051072 -0.02270799 0.06022697 -0.01135396 0.04191696 -0.02270799 0.04191696 -0.01135396 0.03276199 -0.01135396 0.03276199 -0.02270799 0.04191696 -0.02270799 0.03276199 -0.01135396 0.03276199 -0.02270799 0.03276199 -0.01135396 0.02360796 -0.01135396 0.02360796 -0.02270799 0.03276199 -0.02270799 0.02360796 -0.02270799 0.04191696 -0.03406196 0.04191696 -0.02270799 0.03276199 -0.02270799 0.03276199 -0.03406196 0.04191696 -0.03406196 0.03276199 -0.02270799 0.03276199 -0.03406196 0.03276199 -0.02270799 0.02360796 -0.02270799 0.02360796 -0.03406196 0.03276199 -0.03406196 0.02360796 -0.03406196 0.04191696 -0.04541599 0.04191696 -0.03406196 0.03276199 -0.03406196 0.03276199 -0.04541599 0.04191696 -0.04541599 0.03276199 -0.03406196 0.03276199 -0.04541599 0.03276199 -0.03406196 0.02360796 -0.03406196 0.02360796 -0.04541599 0.03276199 -0.04541599 0.02360796 0.268241 -0.08755797 -0.268241 -0.08755797 0.268241 -0.09898298 0.268241 -0.09898298 -0.268241 -0.08755797 -0.268241 -0.09898298 0.268241 -0.09898298 -0.268241 -0.09898298 0.268241 -0.110408 0.268241 -0.110408 -0.268241 -0.09898298 -0.268241 -0.110408 0.268241 -0.110408 -0.268241 -0.110408 0.268241 -0.121834 0.268241 -0.121834 -0.268241 -0.110408 -0.268241 -0.121834 0.268241 -0.121834 -0.268241 -0.121834 0.268241 -0.1332589 0.268241 -0.1332589 -0.268241 -0.121834 -0.268241 -0.1332589 0.268241 -0.1332589 -0.268241 -0.1332589 0.268241 -0.144684 0.268241 -0.144684 -0.268241 -0.1332589 -0.268241 -0.144684 0.268241 -0.144684 -0.268241 -0.144684 0.268241 -0.156109 0.268241 -0.156109 -0.268241 -0.144684 -0.268241 -0.156109 0.268241 -0.156109 -0.268241 -0.156109 0.268241 -0.1675339 0.268241 -0.1675339 -0.268241 -0.156109 -0.268241 -0.1675339 0.268241 -0.1675339 -0.268241 -0.1675339 0.268241 -0.17896 0.268241 -0.17896 -0.268241 -0.1675339 -0.268241 -0.17896 0.268241 -0.17896 -0.268241 -0.17896 0.268241 -0.190385 0.268241 -0.190385 -0.268241 -0.17896 -0.268241 -0.190385 0 0.01463896 0.01026499 0.01480394 0 0.02379399 0 0.02379399 0.01026499 0.01480394 0.011298 0.02379399 0 0.02379399 0.011298 0.02379399 0 0.03294998 0 0.03294998 0.011298 0.02379399 0.011298 0.03294998 0 0.03294998 0.011298 0.03294998 0 0.04210597 0 0.04210597 0.011298 0.03294998 0.011298 0.04210597 0 0.04210597 0.011298 0.04210597 0 0.05126196 0 0.05126196 0.011298 0.04210597 0.011298 0.05126196 0 0.05126196 0.011298 0.05126196 0 0.06041699 0 0.06041699 0.011298 0.05126196 0.011298 0.06041699 0 0.06041699 0.011298 0.06041699 0 0.06957298 0 0.06957298 0.011298 0.06041699 0.011298 0.06957298 0 0.06957298 0.011298 0.06957298 0 0.07872897 0 0.07872897 0.011298 0.06957298 0.011298 0.07872897 0 0.07872897 0.011298 0.07872897 0 0.08788496 0 0.08788496 0.011298 0.07872897 0.011298 0.08788496 0 0.08788496 0.011298 0.08788496 0.01026499 0.09687495 0.01026499 0.09687495 0.011298 0.08788496 0.02067399 0.09626299 0.02067399 0.09626299 0.011298 0.08788496 0.02259498 0.08788496 0.02067399 0.09626299 0.02259498 0.08788496 0.03099399 0.09483397 0.03099399 0.09483397 0.02259498 0.08788496 0.03389298 0.08788496 0.03099399 0.09483397 0.03389298 0.08788496 0.04092895 0.09165495 0.04092895 0.09165495 0.03389298 0.08788496 0.04518997 0.08788496 0.04092895 0.09165495 0.04518997 0.08788496 0.04633998 0.08807295 0.04633998 0.08807295 0.04518997 0.08788496 0.05124098 0.081806 0.05124098 0.081806 0.04518997 0.08788496 0.04518997 0.07872897 0.05124098 0.081806 0.04518997 0.07872897 0.05503696 0.07098597 0.05503696 0.07098597 0.04518997 0.07872897 0.04518997 0.06957298 0.05503696 0.07098597 0.04518997 0.06957298 0.04518997 0.06041699 0.04518997 0.06041699 0.04518997 0.06957298 0.03389298 0.06957298 0.04518997 0.06041699 0.03389298 0.06957298 0.03389298 0.06041699 0.03389298 0.06041699 0.03389298 0.06957298 0.02259498 0.06957298 0.03389298 0.06041699 0.02259498 0.06957298 0.02259498 0.06041699 0.02259498 0.06041699 0.02259498 0.06957298 0.011298 0.06957298 0.02259498 0.06041699 0.011298 0.06957298 0.011298 0.06041699 0.01026499 0.01480394 0.02067399 0.01541596 0.011298 0.02379399 0.011298 0.02379399 0.02067399 0.01541596 0.02259498 0.02379399 0.011298 0.02379399 0.02259498 0.02379399 0.011298 0.03294998 0.011298 0.03294998 0.02259498 0.02379399 0.02259498 0.03294998 0.011298 0.03294998 0.02259498 0.03294998 0.011298 0.04210597 0.011298 0.04210597 0.02259498 0.03294998 0.02259498 0.04210597 0.011298 0.04210597 0.02259498 0.04210597 0.011298 0.05126196 0.011298 0.05126196 0.02259498 0.04210597 0.02259498 0.05126196 0.011298 0.05126196 0.02259498 0.05126196 0.011298 0.06041699 0.011298 0.06041699 0.02259498 0.05126196 0.02259498 0.06041699 0.02067399 0.01541596 0.03099399 0.01684498 0.02259498 0.02379399 0.02259498 0.02379399 0.03099399 0.01684498 0.03389298 0.02379399 0.02259498 0.02379399 0.03389298 0.02379399 0.02259498 0.03294998 0.02259498 0.03294998 0.03389298 0.02379399 0.03389298 0.03294998 0.02259498 0.03294998 0.03389298 0.03294998 0.02259498 0.04210597 0.02259498 0.04210597 0.03389298 0.03294998 0.03389298 0.04210597 0.02259498 0.04210597 0.03389298 0.04210597 0.02259498 0.05126196 0.02259498 0.05126196 0.03389298 0.04210597 0.03389298 0.05126196 0.02259498 0.05126196 0.03389298 0.05126196 0.02259498 0.06041699 0.02259498 0.06041699 0.03389298 0.05126196 0.03389298 0.06041699 0.03099399 0.01684498 0.04092895 0.020024 0.03389298 0.02379399 0.03389298 0.02379399 0.04092895 0.020024 0.04518997 0.02379399 0.03389298 0.02379399 0.04518997 0.02379399 0.03389298 0.03294998 0.03389298 0.03294998 0.04518997 0.02379399 0.04518997 0.03294998 0.03389298 0.03294998 0.04518997 0.03294998 0.03389298 0.04210597 0.03389298 0.04210597 0.04518997 0.03294998 0.04518997 0.04210597 0.03389298 0.04210597 0.04518997 0.04210597 0.03389298 0.05126196 0.03389298 0.05126196 0.04518997 0.04210597 0.04518997 0.05126196 0.03389298 0.05126196 0.04518997 0.05126196 0.03389298 0.06041699 0.03389298 0.06041699 0.04518997 0.05126196 0.04518997 0.06041699 0.04092895 0.020024 0.04633998 0.023606 0.04518997 0.02379399 0.04518997 0.02379399 0.04633998 0.023606 0.05124098 0.02987295 0.04518997 0.02379399 0.05124098 0.02987295 0.04518997 0.03294998 0.04518997 0.03294998 0.05124098 0.02987295 0.05503696 0.04069298 0.04518997 0.03294998 0.05503696 0.04069298 0.04518997 0.04210597 0.04518997 0.04210597 0.05503696 0.04069298 0.04518997 0.05126196 0.05503696 0.04069298 0.05648797 0.055839 0.04518997 0.05126196 0.04518997 0.05126196 0.05648797 0.055839 0.04518997 0.06041699 0.05648797 0.055839 0.05503696 0.07098597 0.04518997 0.06041699 0.01026499 0.09687495 0 0.09703999 0 0.08788496 0.011298 0.06957298 0.02259498 0.06957298 0.011298 0.07872897 0.011298 0.07872897 0.02259498 0.06957298 0.02259498 0.07872897 0.011298 0.07872897 0.02259498 0.07872897 0.011298 0.08788496 0.011298 0.08788496 0.02259498 0.07872897 0.02259498 0.08788496 0.02259498 0.06957298 0.03389298 0.06957298 0.02259498 0.07872897 0.02259498 0.07872897 0.03389298 0.06957298 0.03389298 0.07872897 0.02259498 0.07872897 0.03389298 0.07872897 0.02259498 0.08788496 0.02259498 0.08788496 0.03389298 0.07872897 0.03389298 0.08788496 0.03389298 0.06957298 0.04518997 0.06957298 0.03389298 0.07872897 0.03389298 0.07872897 0.04518997 0.06957298 0.04518997 0.07872897 0.03389298 0.07872897 0.04518997 0.07872897 0.03389298 0.08788496 0.03389298 0.08788496 0.04518997 0.07872897 0.04518997 0.08788496 0 0.09691196 -0.008019983 0.09681296 0 0.08776795 0 0.08776795 -0.008019983 0.09681296 -0.01132899 0.08776795 0 0.08776795 -0.01132899 0.08776795 0 0.07862496 0 0.07862496 -0.01132899 0.08776795 -0.01132899 0.07862496 0 0.07862496 -0.01132899 0.07862496 0 0.06948095 0 0.06948095 -0.01132899 0.07862496 -0.01132899 0.06948095 0 0.06948095 -0.01132899 0.06948095 0 0.06033694 0 0.06033694 -0.01132899 0.06948095 -0.01132899 0.06033694 0 0.06033694 -0.01132899 0.06033694 0 0.05119395 0 0.05119395 -0.01132899 0.06033694 -0.01132899 0.05119395 0 0.05119395 -0.01132899 0.05119395 0 0.04205 0 0.04205 -0.01132899 0.05119395 -0.01132899 0.04205 0 0.04205 -0.01132899 0.04205 0 0.03290599 0 0.03290599 -0.01132899 0.04205 -0.01132899 0.03290599 0 0.03290599 -0.01132899 0.03290599 0 0.023763 0 0.023763 -0.01132899 0.03290599 -0.01132899 0.023763 0 0.023763 -0.01132899 0.023763 -0.008019983 0.01471799 -0.008019983 0.01471799 -0.01132899 0.023763 -0.016164 0.01505994 -0.016164 0.01505994 -0.01132899 0.023763 -0.02265799 0.023763 -0.016164 0.01505994 -0.02265799 0.023763 -0.02430897 0.01577198 -0.02430897 0.01577198 -0.02265799 0.023763 -0.03235399 0.01711499 -0.03235399 0.01711499 -0.02265799 0.023763 -0.03398698 0.023763 -0.03235399 0.01711499 -0.03398698 0.023763 -0.04013299 0.01962697 -0.04013299 0.01962697 -0.03398698 0.023763 -0.04531598 0.023763 -0.04013299 0.01962697 -0.04531598 0.023763 -0.047472 0.02456998 -0.047472 0.02456998 -0.04531598 0.023763 -0.04531598 0.03290599 -0.047472 0.02456998 -0.04531598 0.03290599 -0.05389595 0.03560096 -0.05389595 0.03560096 -0.04531598 0.03290599 -0.04531598 0.04205 -0.05389595 0.03560096 -0.04531598 0.04205 -0.04531598 0.05119395 -0.04531598 0.05119395 -0.04531598 0.04205 -0.03398698 0.04205 -0.04531598 0.05119395 -0.03398698 0.04205 -0.03398698 0.05119395 -0.03398698 0.05119395 -0.03398698 0.04205 -0.02265799 0.04205 -0.03398698 0.05119395 -0.02265799 0.04205 -0.02265799 0.05119395 -0.02265799 0.05119395 -0.02265799 0.04205 -0.01132899 0.04205 -0.02265799 0.05119395 -0.01132899 0.04205 -0.01132899 0.05119395 -0.008019983 0.09681296 -0.016164 0.09647095 -0.01132899 0.08776795 -0.01132899 0.08776795 -0.016164 0.09647095 -0.02265799 0.08776795 -0.01132899 0.08776795 -0.02265799 0.08776795 -0.01132899 0.07862496 -0.01132899 0.07862496 -0.02265799 0.08776795 -0.02265799 0.07862496 -0.01132899 0.07862496 -0.02265799 0.07862496 -0.01132899 0.06948095 -0.01132899 0.06948095 -0.02265799 0.07862496 -0.02265799 0.06948095 -0.01132899 0.06948095 -0.02265799 0.06948095 -0.01132899 0.06033694 -0.01132899 0.06033694 -0.02265799 0.06948095 -0.02265799 0.06033694 -0.01132899 0.06033694 -0.02265799 0.06033694 -0.01132899 0.05119395 -0.01132899 0.05119395 -0.02265799 0.06033694 -0.02265799 0.05119395 -0.016164 0.09647095 -0.02430897 0.09575897 -0.02265799 0.08776795 -0.02265799 0.08776795 -0.02430897 0.09575897 -0.03235399 0.09441596 -0.02265799 0.08776795 -0.03235399 0.09441596 -0.03398698 0.08776795 -0.03398698 0.08776795 -0.03235399 0.09441596 -0.04013299 0.09190398 -0.03398698 0.08776795 -0.04013299 0.09190398 -0.04531598 0.08776795 -0.04531598 0.08776795 -0.04013299 0.09190398 -0.047472 0.08696097 -0.04531598 0.08776795 -0.047472 0.08696097 -0.04531598 0.07862496 -0.04531598 0.07862496 -0.047472 0.08696097 -0.05389595 0.07592999 -0.04531598 0.07862496 -0.05389595 0.07592999 -0.04531598 0.06948095 -0.04531598 0.06948095 -0.05389595 0.07592999 -0.05664598 0.05576497 -0.04531598 0.06948095 -0.05664598 0.05576497 -0.04531598 0.06033694 -0.04531598 0.06033694 -0.05664598 0.05576497 -0.04531598 0.05119395 -0.04531598 0.06033694 -0.04531598 0.05119395 -0.03398698 0.05119395 -0.05664598 0.05576497 -0.05389595 0.03560096 -0.04531598 0.05119395 -0.008019983 0.01471799 0 0.01461899 0 0.023763 -0.02265799 0.07862496 -0.02265799 0.08776795 -0.03398698 0.08776795 -0.03398698 0.08776795 -0.04531598 0.08776795 -0.03398698 0.07862496 -0.03398698 0.07862496 -0.04531598 0.08776795 -0.04531598 0.07862496 -0.03398698 0.07862496 -0.04531598 0.07862496 -0.03398698 0.06948095 -0.03398698 0.06948095 -0.04531598 0.07862496 -0.04531598 0.06948095 -0.03398698 0.06948095 -0.04531598 0.06948095 -0.03398698 0.06033694 -0.03398698 0.06033694 -0.04531598 0.06948095 -0.04531598 0.06033694 -0.03398698 0.06033694 -0.04531598 0.06033694 -0.03398698 0.05119395 -0.02265799 0.06948095 -0.02265799 0.07862496 -0.03398698 0.07862496 -0.03398698 0.07862496 -0.02265799 0.07862496 -0.03398698 0.08776795 -0.02265799 0.06948095 -0.03398698 0.07862496 -0.03398698 0.06948095 -0.02265799 0.06033694 -0.02265799 0.06948095 -0.03398698 0.06948095 -0.02265799 0.06033694 -0.03398698 0.06948095 -0.03398698 0.06033694 -0.03398698 0.05119395 -0.02265799 0.05119395 -0.03398698 0.06033694 -0.03398698 0.06033694 -0.02265799 0.05119395 -0.02265799 0.06033694 -0.01132899 0.04205 -0.02265799 0.04205 -0.01132899 0.03290599 -0.01132899 0.03290599 -0.02265799 0.04205 -0.02265799 0.03290599 -0.01132899 0.03290599 -0.02265799 0.03290599 -0.01132899 0.023763 -0.01132899 0.023763 -0.02265799 0.03290599 -0.02265799 0.023763 -0.02265799 0.04205 -0.03398698 0.04205 -0.02265799 0.03290599 -0.02265799 0.03290599 -0.03398698 0.04205 -0.03398698 0.03290599 -0.02265799 0.03290599 -0.03398698 0.03290599 -0.02265799 0.023763 -0.02265799 0.023763 -0.03398698 0.03290599 -0.03398698 0.023763 -0.03398698 0.04205 -0.04531598 0.04205 -0.03398698 0.03290599 -0.03398698 0.03290599 -0.04531598 0.04205 -0.04531598 0.03290599 -0.03398698 0.03290599 -0.04531598 0.03290599 -0.03398698 0.023763 -0.03398698 0.023763 -0.04531598 0.03290599 -0.04531598 0.023763 0.268241 -0.08774697 -0.268241 -0.08774697 0.268241 -0.099146 0.268241 -0.099146 -0.268241 -0.08774697 -0.268241 -0.099146 0.268241 -0.099146 -0.268241 -0.099146 0.268241 -0.110545 0.268241 -0.110545 -0.268241 -0.099146 -0.268241 -0.110545 0.268241 -0.110545 -0.268241 -0.110545 0.268241 -0.121944 0.268241 -0.121944 -0.268241 -0.110545 -0.268241 -0.121944 0.268241 -0.121944 -0.268241 -0.121944 0.268241 -0.133343 0.268241 -0.133343 -0.268241 -0.121944 -0.268241 -0.133343 0.268241 -0.133343 -0.268241 -0.133343 0.268241 -0.144742 0.268241 -0.144742 -0.268241 -0.133343 -0.268241 -0.144742 0.268241 -0.144742 -0.268241 -0.144742 0.268241 -0.1561419 0.268241 -0.1561419 -0.268241 -0.144742 -0.268241 -0.1561419 0.268241 -0.1561419 -0.268241 -0.1561419 0.268241 -0.167541 0.268241 -0.167541 -0.268241 -0.1561419 -0.268241 -0.167541 0.268241 -0.167541 -0.268241 -0.167541 0.268241 -0.1789399 0.268241 -0.1789399 -0.268241 -0.167541 -0.268241 -0.1789399 0.268241 -0.1789399 -0.268241 -0.1789399 0.268241 -0.190339 0.268241 -0.190339 -0.268241 -0.1789399 -0.268241 -0.190339 0 0.01458698 0.01026099 0.01474899 0 0.023754 0 0.023754 0.01026099 0.01474899 0.01132196 0.023754 0 0.023754 0.01132196 0.023754 0 0.03292095 0 0.03292095 0.01132196 0.023754 0.01132196 0.03292095 0 0.03292095 0.01132196 0.03292095 0 0.04208797 0 0.04208797 0.01132196 0.03292095 0.01132196 0.04208797 0 0.04208797 0.01132196 0.04208797 0 0.051256 0 0.051256 0.01132196 0.04208797 0.01132196 0.051256 0 0.051256 0.01132196 0.051256 0 0.06042295 0 0.06042295 0.01132196 0.051256 0.01132196 0.06042295 0 0.06042295 0.01132196 0.06042295 0 0.06958997 0 0.06958997 0.01132196 0.06042295 0.01132196 0.06958997 0 0.06958997 0.01132196 0.06958997 0 0.07875698 0 0.07875698 0.01132196 0.06958997 0.01132196 0.07875698 0 0.07875698 0.01132196 0.07875698 0 0.087924 0 0.087924 0.01132196 0.07875698 0.01132196 0.087924 0 0.087924 0.01132196 0.087924 0.01026099 0.09692996 0.01026099 0.09692996 0.01132196 0.087924 0.02066695 0.09632796 0.02066695 0.09632796 0.01132196 0.087924 0.02264398 0.087924 0.02066695 0.09632796 0.02264398 0.087924 0.03098696 0.09492295 0.03098696 0.09492295 0.02264398 0.087924 0.033966 0.087924 0.03098696 0.09492295 0.033966 0.087924 0.04092895 0.09178996 0.04092895 0.09178996 0.033966 0.087924 0.04528898 0.087924 0.04092895 0.09178996 0.04528898 0.087924 0.04637199 0.08823597 0.04637199 0.08823597 0.04528898 0.087924 0.05130696 0.08199095 0.05130696 0.08199095 0.04528898 0.087924 0.04528898 0.07875698 0.05130696 0.08199095 0.04528898 0.07875698 0.05514097 0.07113599 0.05514097 0.07113599 0.04528898 0.07875698 0.04528898 0.06958997 0.05514097 0.07113599 0.04528898 0.06958997 0.04528898 0.06042295 0.04528898 0.06042295 0.04528898 0.06958997 0.033966 0.06958997 0.04528898 0.06042295 0.033966 0.06958997 0.033966 0.06042295 0.033966 0.06042295 0.033966 0.06958997 0.02264398 0.06958997 0.033966 0.06042295 0.02264398 0.06958997 0.02264398 0.06042295 0.02264398 0.06042295 0.02264398 0.06958997 0.01132196 0.06958997 0.02264398 0.06042295 0.01132196 0.06958997 0.01132196 0.06042295 0.01026099 0.01474899 0.02066695 0.01534998 0.01132196 0.023754 0.01132196 0.023754 0.02066695 0.01534998 0.02264398 0.023754 0.01132196 0.023754 0.02264398 0.023754 0.01132196 0.03292095 0.01132196 0.03292095 0.02264398 0.023754 0.02264398 0.03292095 0.01132196 0.03292095 0.02264398 0.03292095 0.01132196 0.04208797 0.01132196 0.04208797 0.02264398 0.03292095 0.02264398 0.04208797 0.01132196 0.04208797 0.02264398 0.04208797 0.01132196 0.051256 0.01132196 0.051256 0.02264398 0.04208797 0.02264398 0.051256 0.01132196 0.051256 0.02264398 0.051256 0.01132196 0.06042295 0.01132196 0.06042295 0.02264398 0.051256 0.02264398 0.06042295 0.02066695 0.01534998 0.03098696 0.01675498 0.02264398 0.023754 0.02264398 0.023754 0.03098696 0.01675498 0.033966 0.023754 0.02264398 0.023754 0.033966 0.023754 0.02264398 0.03292095 0.02264398 0.03292095 0.033966 0.023754 0.033966 0.03292095 0.02264398 0.03292095 0.033966 0.03292095 0.02264398 0.04208797 0.02264398 0.04208797 0.033966 0.03292095 0.033966 0.04208797 0.02264398 0.04208797 0.033966 0.04208797 0.02264398 0.051256 0.02264398 0.051256 0.033966 0.04208797 0.033966 0.051256 0.02264398 0.051256 0.033966 0.051256 0.02264398 0.06042295 0.02264398 0.06042295 0.033966 0.051256 0.033966 0.06042295 0.03098696 0.01675498 0.04092895 0.01988798 0.033966 0.023754 0.033966 0.023754 0.04092895 0.01988798 0.04528898 0.023754 0.033966 0.023754 0.04528898 0.023754 0.033966 0.03292095 0.033966 0.03292095 0.04528898 0.023754 0.04528898 0.03292095 0.033966 0.03292095 0.04528898 0.03292095 0.033966 0.04208797 0.033966 0.04208797 0.04528898 0.03292095 0.04528898 0.04208797 0.033966 0.04208797 0.04528898 0.04208797 0.033966 0.051256 0.033966 0.051256 0.04528898 0.04208797 0.04528898 0.051256 0.033966 0.051256 0.04528898 0.051256 0.033966 0.06042295 0.033966 0.06042295 0.04528898 0.051256 0.04528898 0.06042295 0.04092895 0.01988798 0.04637199 0.02344298 0.04528898 0.023754 0.04528898 0.023754 0.04637199 0.02344298 0.05130696 0.02968698 0.04528898 0.023754 0.05130696 0.02968698 0.04528898 0.03292095 0.04528898 0.03292095 0.05130696 0.02968698 0.05514097 0.04054194 0.04528898 0.03292095 0.05514097 0.04054194 0.04528898 0.04208797 0.04528898 0.04208797 0.05514097 0.04054194 0.04528898 0.051256 0.05514097 0.04054194 0.056611 0.055839 0.04528898 0.051256 0.04528898 0.051256 0.056611 0.055839 0.04528898 0.06042295 0.056611 0.055839 0.05514097 0.07113599 0.04528898 0.06042295 0.01026099 0.09692996 0 0.09709197 0 0.087924 0.01132196 0.06958997 0.02264398 0.06958997 0.01132196 0.07875698 0.01132196 0.07875698 0.02264398 0.06958997 0.02264398 0.07875698 0.01132196 0.07875698 0.02264398 0.07875698 0.01132196 0.087924 0.01132196 0.087924 0.02264398 0.07875698 0.02264398 0.087924 0.02264398 0.06958997 0.033966 0.06958997 0.02264398 0.07875698 0.02264398 0.07875698 0.033966 0.06958997 0.033966 0.07875698 0.02264398 0.07875698 0.033966 0.07875698 0.02264398 0.087924 0.02264398 0.087924 0.033966 0.07875698 0.033966 0.087924 0.033966 0.06958997 0.04528898 0.06958997 0.033966 0.07875698 0.033966 0.07875698 0.04528898 0.06958997 0.04528898 0.07875698 0.033966 0.07875698 0.04528898 0.07875698 0.033966 0.087924 0.033966 0.087924 0.04528898 0.07875698 0.04528898 0.087924 0 0.09696096 -0.00802797 0.09686499 0 0.08780598 0 0.08780598 -0.00802797 0.09686499 -0.01135396 0.08780598 0 0.08780598 -0.01135396 0.08780598 0 0.07865196 0 0.07865196 -0.01135396 0.08780598 -0.01135396 0.07865196 0 0.07865196 -0.01135396 0.07865196 0 0.06949698 0 0.06949698 -0.01135396 0.07865196 -0.01135396 0.06949698 0 0.06949698 -0.01135396 0.06949698 0 0.06034195 0 0.06034195 -0.01135396 0.06949698 -0.01135396 0.06034195 0 0.06034195 -0.01135396 0.06034195 0 0.05118697 0 0.05118697 -0.01135396 0.06034195 -0.01135396 0.05118697 0 0.05118697 -0.01135396 0.05118697 0 0.042032 0 0.042032 -0.01135396 0.05118697 -0.01135396 0.042032 0 0.042032 -0.01135396 0.042032 0 0.03287696 0 0.03287696 -0.01135396 0.042032 -0.01135396 0.03287696 0 0.03287696 -0.01135396 0.03287696 0 0.02372199 0 0.02372199 -0.01135396 0.03287696 -0.01135396 0.02372199 0 0.02372199 -0.01135396 0.02372199 -0.00802797 0.01466399 -0.00802797 0.01466399 -0.01135396 0.02372199 -0.01618099 0.01500099 -0.01618099 0.01500099 -0.01135396 0.02372199 -0.02270799 0.02372199 -0.01618099 0.01500099 -0.02270799 0.02372199 -0.02433496 0.01570296 -0.02433496 0.01570296 -0.02270799 0.02372199 -0.03239095 0.01703 -0.03239095 0.01703 -0.02270799 0.02372199 -0.03406196 0.02372199 -0.03239095 0.01703 -0.03406196 0.02372199 -0.04018294 0.01951795 -0.04018294 0.01951795 -0.03406196 0.02372199 -0.04541599 0.02372199 -0.04018294 0.01951795 -0.04541599 0.02372199 -0.04754197 0.02443099 -0.04754197 0.02443099 -0.04541599 0.02372199 -0.04541599 0.03287696 -0.04754197 0.02443099 -0.04541599 0.03287696 -0.05399799 0.03545498 -0.05399799 0.03545498 -0.04541599 0.03287696 -0.04541599 0.042032 -0.05399799 0.03545498 -0.04541599 0.042032 -0.04541599 0.05118697 -0.04541599 0.05118697 -0.04541599 0.042032 -0.03406196 0.042032 -0.04541599 0.05118697 -0.03406196 0.042032 -0.03406196 0.05118697 -0.03406196 0.05118697 -0.03406196 0.042032 -0.02270799 0.042032 -0.03406196 0.05118697 -0.02270799 0.042032 -0.02270799 0.05118697 -0.02270799 0.05118697 -0.02270799 0.042032 -0.01135396 0.042032 -0.02270799 0.05118697 -0.01135396 0.042032 -0.01135396 0.05118697 -0.00802797 0.09686499 -0.01618099 0.09652698 -0.01135396 0.08780598 -0.01135396 0.08780598 -0.01618099 0.09652698 -0.02270799 0.08780598 -0.01135396 0.08780598 -0.02270799 0.08780598 -0.01135396 0.07865196 -0.01135396 0.07865196 -0.02270799 0.08780598 -0.02270799 0.07865196 -0.01135396 0.07865196 -0.02270799 0.07865196 -0.01135396 0.06949698 -0.01135396 0.06949698 -0.02270799 0.07865196 -0.02270799 0.06949698 -0.01135396 0.06949698 -0.02270799 0.06949698 -0.01135396 0.06034195 -0.01135396 0.06034195 -0.02270799 0.06949698 -0.02270799 0.06034195 -0.01135396 0.06034195 -0.02270799 0.06034195 -0.01135396 0.05118697 -0.01135396 0.05118697 -0.02270799 0.06034195 -0.02270799 0.05118697 -0.01618099 0.09652698 -0.02433496 0.09582597 -0.02270799 0.08780598 -0.02270799 0.08780598 -0.02433496 0.09582597 -0.03239095 0.09449899 -0.02270799 0.08780598 -0.03239095 0.09449899 -0.03406196 0.08780598 -0.03406196 0.08780598 -0.03239095 0.09449899 -0.04018294 0.09200996 -0.03406196 0.08780598 -0.04018294 0.09200996 -0.04541599 0.08780598 -0.04541599 0.08780598 -0.04018294 0.09200996 -0.04754197 0.087098 -0.04541599 0.08780598 -0.04754197 0.087098 -0.04541599 0.07865196 -0.04541599 0.07865196 -0.04754197 0.087098 -0.05399799 0.07607299 -0.04541599 0.07865196 -0.05399799 0.07607299 -0.04541599 0.06949698 -0.04541599 0.06949698 -0.05399799 0.07607299 -0.05676996 0.05576395 -0.04541599 0.06949698 -0.05676996 0.05576395 -0.04541599 0.06034195 -0.04541599 0.06034195 -0.05676996 0.05576395 -0.04541599 0.05118697 -0.04541599 0.06034195 -0.04541599 0.05118697 -0.03406196 0.05118697 -0.05676996 0.05576395 -0.05399799 0.03545498 -0.04541599 0.05118697 -0.00802797 0.01466399 0 0.01456695 0 0.02372199 -0.02270799 0.07865196 -0.02270799 0.08780598 -0.03406196 0.08780598 -0.03406196 0.08780598 -0.04541599 0.08780598 -0.03406196 0.07865196 -0.03406196 0.07865196 -0.04541599 0.08780598 -0.04541599 0.07865196 -0.03406196 0.07865196 -0.04541599 0.07865196 -0.03406196 0.06949698 -0.03406196 0.06949698 -0.04541599 0.07865196 -0.04541599 0.06949698 -0.03406196 0.06949698 -0.04541599 0.06949698 -0.03406196 0.06034195 -0.03406196 0.06034195 -0.04541599 0.06949698 -0.04541599 0.06034195 -0.03406196 0.06034195 -0.04541599 0.06034195 -0.03406196 0.05118697 -0.02270799 0.06949698 -0.02270799 0.07865196 -0.03406196 0.07865196 -0.03406196 0.07865196 -0.02270799 0.07865196 -0.03406196 0.08780598 -0.02270799 0.06949698 -0.03406196 0.07865196 -0.03406196 0.06949698 -0.02270799 0.06034195 -0.02270799 0.06949698 -0.03406196 0.06949698 -0.02270799 0.06034195 -0.03406196 0.06949698 -0.03406196 0.06034195 -0.03406196 0.05118697 -0.02270799 0.05118697 -0.03406196 0.06034195 -0.03406196 0.06034195 -0.02270799 0.05118697 -0.02270799 0.06034195 -0.01135396 0.042032 -0.02270799 0.042032 -0.01135396 0.03287696 -0.01135396 0.03287696 -0.02270799 0.042032 -0.02270799 0.03287696 -0.01135396 0.03287696 -0.02270799 0.03287696 -0.01135396 0.02372199 -0.01135396 0.02372199 -0.02270799 0.03287696 -0.02270799 0.02372199 -0.02270799 0.042032 -0.03406196 0.042032 -0.02270799 0.03287696 -0.02270799 0.03287696 -0.03406196 0.042032 -0.03406196 0.03287696 -0.02270799 0.03287696 -0.03406196 0.03287696 -0.02270799 0.02372199 -0.02270799 0.02372199 -0.03406196 0.03287696 -0.03406196 0.02372199 -0.03406196 0.042032 -0.04541599 0.042032 -0.03406196 0.03287696 -0.03406196 0.03287696 -0.04541599 0.042032 -0.04541599 0.03287696 -0.03406196 0.03287696 -0.04541599 0.03287696 -0.03406196 0.02372199 -0.03406196 0.02372199 -0.04541599 0.03287696 -0.04541599 0.02372199 0.268241 -0.08770096 -0.268241 -0.08770096 0.268241 -0.09912598 0.268241 -0.09912598 -0.268241 -0.08770096 -0.268241 -0.09912598 0.268241 -0.09912598 -0.268241 -0.09912598 0.268241 -0.1105509 0.268241 -0.1105509 -0.268241 -0.09912598 -0.268241 -0.1105509 0.268241 -0.1105509 -0.268241 -0.1105509 0.268241 -0.121976 0.268241 -0.121976 -0.268241 -0.1105509 -0.268241 -0.121976 0.268241 -0.121976 -0.268241 -0.121976 0.268241 -0.133402 0.268241 -0.133402 -0.268241 -0.121976 -0.268241 -0.133402 0.268241 -0.133402 -0.268241 -0.133402 0.268241 -0.144827 0.268241 -0.144827 -0.268241 -0.133402 -0.268241 -0.144827 0.268241 -0.144827 -0.268241 -0.144827 0.268241 -0.156252 0.268241 -0.156252 -0.268241 -0.144827 -0.268241 -0.156252 0.268241 -0.156252 -0.268241 -0.156252 0.268241 -0.167677 0.268241 -0.167677 -0.268241 -0.156252 -0.268241 -0.167677 0.268241 -0.167677 -0.268241 -0.167677 0.268241 -0.179102 0.268241 -0.179102 -0.268241 -0.167677 -0.268241 -0.179102 0.268241 -0.179102 -0.268241 -0.179102 0.268241 -0.190528 0.268241 -0.190528 -0.268241 -0.179102 -0.268241 -0.190528 0 0.01434695 0.01025199 0.01450097 0 0.02354198 0 0.02354198 0.01025199 0.01450097 0.01138198 0.02354198 0 0.02354198 0.01138198 0.02354198 0 0.03273695 0 0.03273695 0.01138198 0.02354198 0.01138198 0.03273695 0 0.03273695 0.01138198 0.03273695 0 0.04193097 0 0.04193097 0.01138198 0.03273695 0.01138198 0.04193097 0 0.04193097 0.01138198 0.04193097 0 0.051126 0 0.051126 0.01138198 0.04193097 0.01138198 0.051126 0 0.051126 0.01138198 0.051126 0 0.06032097 0 0.06032097 0.01138198 0.051126 0.01138198 0.06032097 0 0.06032097 0.01138198 0.06032097 0 0.06951498 0 0.06951498 0.01138198 0.06032097 0.01138198 0.06951498 0 0.06951498 0.01138198 0.06951498 0 0.07870995 0 0.07870995 0.01138198 0.06951498 0.01138198 0.07870995 0 0.07870995 0.01138198 0.07870995 0 0.08790498 0 0.08790498 0.01138198 0.07870995 0.01138198 0.08790498 0 0.08790498 0.01138198 0.08790498 0.01025199 0.09694498 0.01025199 0.09694498 0.01138198 0.08790498 0.02064996 0.09637099 0.02064996 0.09637099 0.01138198 0.08790498 0.02276295 0.08790498 0.02064996 0.09637099 0.02276295 0.08790498 0.03096997 0.09502196 0.03096997 0.09502196 0.02276295 0.08790498 0.03414499 0.08790498 0.03096997 0.09502196 0.03414499 0.08790498 0.04092895 0.092 0.04092895 0.092 0.03414499 0.08790498 0.04552596 0.08790498 0.04092895 0.092 0.04552596 0.08790498 0.04644799 0.088512 0.04644799 0.088512 0.04552596 0.08790498 0.05146497 0.08232498 0.05146497 0.08232498 0.04552596 0.08790498 0.04552596 0.07870995 0.05146497 0.08232498 0.04552596 0.07870995 0.05539095 0.07138997 0.05539095 0.07138997 0.04552596 0.07870995 0.04552596 0.06951498 0.05539095 0.07138997 0.04552596 0.06951498 0.04552596 0.06032097 0.04552596 0.06032097 0.04552596 0.06951498 0.03414499 0.06951498 0.04552596 0.06032097 0.03414499 0.06951498 0.03414499 0.06032097 0.03414499 0.06032097 0.03414499 0.06951498 0.02276295 0.06951498 0.03414499 0.06032097 0.02276295 0.06951498 0.02276295 0.06032097 0.02276295 0.06032097 0.02276295 0.06951498 0.01138198 0.06951498 0.02276295 0.06032097 0.01138198 0.06951498 0.01138198 0.06032097 0.01025199 0.01450097 0.02064996 0.01507598 0.01138198 0.02354198 0.01138198 0.02354198 0.02064996 0.01507598 0.02276295 0.02354198 0.01138198 0.02354198 0.02276295 0.02354198 0.01138198 0.03273695 0.01138198 0.03273695 0.02276295 0.02354198 0.02276295 0.03273695 0.01138198 0.03273695 0.02276295 0.03273695 0.01138198 0.04193097 0.01138198 0.04193097 0.02276295 0.03273695 0.02276295 0.04193097 0.01138198 0.04193097 0.02276295 0.04193097 0.01138198 0.051126 0.01138198 0.051126 0.02276295 0.04193097 0.02276295 0.051126 0.01138198 0.051126 0.02276295 0.051126 0.01138198 0.06032097 0.01138198 0.06032097 0.02276295 0.051126 0.02276295 0.06032097 0.02064996 0.01507598 0.03096997 0.016424 0.02276295 0.02354198 0.02276295 0.02354198 0.03096997 0.016424 0.03414499 0.02354198 0.02276295 0.02354198 0.03414499 0.02354198 0.02276295 0.03273695 0.02276295 0.03273695 0.03414499 0.02354198 0.03414499 0.03273695 0.02276295 0.03273695 0.03414499 0.03273695 0.02276295 0.04193097 0.02276295 0.04193097 0.03414499 0.03273695 0.03414499 0.04193097 0.02276295 0.04193097 0.03414499 0.04193097 0.02276295 0.051126 0.02276295 0.051126 0.03414499 0.04193097 0.03414499 0.051126 0.02276295 0.051126 0.03414499 0.051126 0.02276295 0.06032097 0.02276295 0.06032097 0.03414499 0.051126 0.03414499 0.06032097 0.03096997 0.016424 0.04092895 0.01944595 0.03414499 0.02354198 0.03414499 0.02354198 0.04092895 0.01944595 0.04552596 0.02354198 0.03414499 0.02354198 0.04552596 0.02354198 0.03414499 0.03273695 0.03414499 0.03273695 0.04552596 0.02354198 0.04552596 0.03273695 0.03414499 0.03273695 0.04552596 0.03273695 0.03414499 0.04193097 0.03414499 0.04193097 0.04552596 0.03273695 0.04552596 0.04193097 0.03414499 0.04193097 0.04552596 0.04193097 0.03414499 0.051126 0.03414499 0.051126 0.04552596 0.04193097 0.04552596 0.051126 0.03414499 0.051126 0.04552596 0.051126 0.03414499 0.06032097 0.03414499 0.06032097 0.04552596 0.051126 0.04552596 0.06032097 0.04092895 0.01944595 0.04644799 0.02293395 0.04552596 0.02354198 0.04552596 0.02354198 0.04644799 0.02293395 0.05146497 0.02912098 0.04552596 0.02354198 0.05146497 0.02912098 0.04552596 0.03273695 0.04552596 0.03273695 0.05146497 0.02912098 0.05539095 0.04005599 0.04552596 0.03273695 0.05539095 0.04005599 0.04552596 0.04193097 0.04552596 0.04193097 0.05539095 0.04005599 0.04552596 0.051126 0.05539095 0.04005599 0.05690795 0.05572295 0.04552596 0.051126 0.04552596 0.051126 0.05690795 0.05572295 0.04552596 0.06032097 0.05690795 0.05572295 0.05539095 0.07138997 0.04552596 0.06032097 0.01025199 0.09694498 0 0.097099 0 0.08790498 0.01138198 0.06951498 0.02276295 0.06951498 0.01138198 0.07870995 0.01138198 0.07870995 0.02276295 0.06951498 0.02276295 0.07870995 0.01138198 0.07870995 0.02276295 0.07870995 0.01138198 0.08790498 0.01138198 0.08790498 0.02276295 0.07870995 0.02276295 0.08790498 0.02276295 0.06951498 0.03414499 0.06951498 0.02276295 0.07870995 0.02276295 0.07870995 0.03414499 0.06951498 0.03414499 0.07870995 0.02276295 0.07870995 0.03414499 0.07870995 0.02276295 0.08790498 0.02276295 0.08790498 0.03414499 0.07870995 0.03414499 0.08790498 0.03414499 0.06951498 0.04552596 0.06951498 0.03414499 0.07870995 0.03414499 0.07870995 0.04552596 0.06951498 0.04552596 0.07870995 0.03414499 0.07870995 0.04552596 0.07870995 0.03414499 0.08790498 0.03414499 0.08790498 0.04552596 0.07870995 0.04552596 0.08790498 0 0.09696495 -0.008047997 0.09687298 0 0.08778297 0 0.08778297 -0.008047997 0.09687298 -0.01141399 0.08778297 0 0.08778297 -0.01141399 0.08778297 0 0.078601 0 0.078601 -0.01141399 0.08778297 -0.01141399 0.078601 0 0.078601 -0.01141399 0.078601 0 0.06941896 0 0.06941896 -0.01141399 0.078601 -0.01141399 0.06941896 0 0.06941896 -0.01141399 0.06941896 0 0.06023699 0 0.06023699 -0.01141399 0.06941896 -0.01141399 0.06023699 0 0.06023699 -0.01141399 0.06023699 0 0.05105495 0 0.05105495 -0.01141399 0.06023699 -0.01141399 0.05105495 0 0.05105495 -0.01141399 0.05105495 0 0.04187297 0 0.04187297 -0.01141399 0.05105495 -0.01141399 0.04187297 0 0.04187297 -0.01141399 0.04187297 0 0.032691 0 0.032691 -0.01141399 0.04187297 -0.01141399 0.032691 0 0.032691 -0.01141399 0.032691 0 0.02350896 0 0.02350896 -0.01141399 0.032691 -0.01141399 0.02350896 0 0.02350896 -0.01141399 0.02350896 -0.008047997 0.01441997 -0.008047997 0.01441997 -0.01141399 0.02350896 -0.01621997 0.01474398 -0.01621997 0.01474398 -0.01141399 0.02350896 -0.02282798 0.02350896 -0.01621997 0.01474398 -0.02282798 0.02350896 -0.02439498 0.01542097 -0.02439498 0.01542097 -0.02282798 0.02350896 -0.03247696 0.01670998 -0.03247696 0.01670998 -0.02282798 0.02350896 -0.03424197 0.02350896 -0.03247696 0.01670998 -0.03424197 0.02350896 -0.04030299 0.01914095 -0.04030299 0.01914095 -0.03424197 0.02350896 -0.04565697 0.02350896 -0.04030299 0.01914095 -0.04565697 0.02350896 -0.04771095 0.02397799 -0.04771095 0.02397799 -0.04565697 0.02350896 -0.04565697 0.032691 -0.04771095 0.02397799 -0.04565697 0.032691 -0.05424195 0.03498196 -0.05424195 0.03498196 -0.04565697 0.032691 -0.04565697 0.04187297 -0.05424195 0.03498196 -0.04565697 0.04187297 -0.04565697 0.05105495 -0.04565697 0.05105495 -0.04565697 0.04187297 -0.03424197 0.04187297 -0.04565697 0.05105495 -0.03424197 0.04187297 -0.03424197 0.05105495 -0.03424197 0.05105495 -0.03424197 0.04187297 -0.02282798 0.04187297 -0.03424197 0.05105495 -0.02282798 0.04187297 -0.02282798 0.05105495 -0.02282798 0.05105495 -0.02282798 0.04187297 -0.01141399 0.04187297 -0.02282798 0.05105495 -0.01141399 0.04187297 -0.01141399 0.05105495 -0.008047997 0.09687298 -0.01621997 0.09654796 -0.01141399 0.08778297 -0.01141399 0.08778297 -0.01621997 0.09654796 -0.02282798 0.08778297 -0.01141399 0.08778297 -0.02282798 0.08778297 -0.01141399 0.078601 -0.01141399 0.078601 -0.02282798 0.08778297 -0.02282798 0.078601 -0.01141399 0.078601 -0.02282798 0.078601 -0.01141399 0.06941896 -0.01141399 0.06941896 -0.02282798 0.078601 -0.02282798 0.06941896 -0.01141399 0.06941896 -0.02282798 0.06941896 -0.01141399 0.06023699 -0.01141399 0.06023699 -0.02282798 0.06941896 -0.02282798 0.06023699 -0.01141399 0.06023699 -0.02282798 0.06023699 -0.01141399 0.05105495 -0.01141399 0.05105495 -0.02282798 0.06023699 -0.02282798 0.05105495 -0.01621997 0.09654796 -0.02439498 0.09587097 -0.02282798 0.08778297 -0.02282798 0.08778297 -0.02439498 0.09587097 -0.03247696 0.09458297 -0.02282798 0.08778297 -0.03247696 0.09458297 -0.03424197 0.08778297 -0.03424197 0.08778297 -0.03247696 0.09458297 -0.04030299 0.09215199 -0.03424197 0.08778297 -0.04030299 0.09215199 -0.04565697 0.08778297 -0.04565697 0.08778297 -0.04030299 0.09215199 -0.04771095 0.08731496 -0.04565697 0.08778297 -0.04771095 0.08731496 -0.04565697 0.078601 -0.04565697 0.078601 -0.04771095 0.08731496 -0.05424195 0.07631099 -0.04565697 0.078601 -0.05424195 0.07631099 -0.04565697 0.06941896 -0.04565697 0.06941896 -0.05424195 0.07631099 -0.05707097 0.055646 -0.04565697 0.06941896 -0.05707097 0.055646 -0.04565697 0.06023699 -0.04565697 0.06023699 -0.05707097 0.055646 -0.04565697 0.05105495 -0.04565697 0.06023699 -0.04565697 0.05105495 -0.03424197 0.05105495 -0.05707097 0.055646 -0.05424195 0.03498196 -0.04565697 0.05105495 -0.008047997 0.01441997 0 0.01432698 0 0.02350896 -0.02282798 0.078601 -0.02282798 0.08778297 -0.03424197 0.08778297 -0.03424197 0.08778297 -0.04565697 0.08778297 -0.03424197 0.078601 -0.03424197 0.078601 -0.04565697 0.08778297 -0.04565697 0.078601 -0.03424197 0.078601 -0.04565697 0.078601 -0.03424197 0.06941896 -0.03424197 0.06941896 -0.04565697 0.078601 -0.04565697 0.06941896 -0.03424197 0.06941896 -0.04565697 0.06941896 -0.03424197 0.06023699 -0.03424197 0.06023699 -0.04565697 0.06941896 -0.04565697 0.06023699 -0.03424197 0.06023699 -0.04565697 0.06023699 -0.03424197 0.05105495 -0.02282798 0.06941896 -0.02282798 0.078601 -0.03424197 0.078601 -0.03424197 0.078601 -0.02282798 0.078601 -0.03424197 0.08778297 -0.02282798 0.06941896 -0.03424197 0.078601 -0.03424197 0.06941896 -0.02282798 0.06023699 -0.02282798 0.06941896 -0.03424197 0.06941896 -0.02282798 0.06023699 -0.03424197 0.06941896 -0.03424197 0.06023699 -0.03424197 0.05105495 -0.02282798 0.05105495 -0.03424197 0.06023699 -0.03424197 0.06023699 -0.02282798 0.05105495 -0.02282798 0.06023699 -0.01141399 0.04187297 -0.02282798 0.04187297 -0.01141399 0.032691 -0.01141399 0.032691 -0.02282798 0.04187297 -0.02282798 0.032691 -0.01141399 0.032691 -0.02282798 0.032691 -0.01141399 0.02350896 -0.01141399 0.02350896 -0.02282798 0.032691 -0.02282798 0.02350896 -0.02282798 0.04187297 -0.03424197 0.04187297 -0.02282798 0.032691 -0.02282798 0.032691 -0.03424197 0.04187297 -0.03424197 0.032691 -0.02282798 0.032691 -0.03424197 0.032691 -0.02282798 0.02350896 -0.02282798 0.02350896 -0.03424197 0.032691 -0.03424197 0.02350896 -0.03424197 0.04187297 -0.04565697 0.04187297 -0.03424197 0.032691 -0.03424197 0.032691 -0.04565697 0.04187297 -0.04565697 0.032691 -0.03424197 0.032691 -0.04565697 0.032691 -0.03424197 0.02350896 -0.03424197 0.02350896 -0.04565697 0.032691 -0.04565697 0.02350896 0.268241 -0.08744698 -0.268241 -0.08744698 0.268241 -0.098935 0.268241 -0.098935 -0.268241 -0.08744698 -0.268241 -0.098935 0.268241 -0.098935 -0.268241 -0.098935 0.268241 -0.110424 0.268241 -0.110424 -0.268241 -0.098935 -0.268241 -0.110424 0.268241 -0.110424 -0.268241 -0.110424 0.268241 -0.121912 0.268241 -0.121912 -0.268241 -0.110424 -0.268241 -0.121912 0.268241 -0.121912 -0.268241 -0.121912 0.268241 -0.1334 0.268241 -0.1334 -0.268241 -0.121912 -0.268241 -0.1334 0.268241 -0.1334 -0.268241 -0.1334 0.268241 -0.144888 0.268241 -0.144888 -0.268241 -0.1334 -0.268241 -0.144888 0.268241 -0.144888 -0.268241 -0.144888 0.268241 -0.156376 0.268241 -0.156376 -0.268241 -0.144888 -0.268241 -0.156376 0.268241 -0.156376 -0.268241 -0.156376 0.268241 -0.167864 0.268241 -0.167864 -0.268241 -0.156376 -0.268241 -0.167864 0.268241 -0.167864 -0.268241 -0.167864 0.268241 -0.1793529 0.268241 -0.1793529 -0.268241 -0.167864 -0.268241 -0.1793529 0.268241 -0.1793529 -0.268241 -0.1793529 0.268241 -0.190841 0.268241 -0.190841 -0.268241 -0.1793529 -0.268241 -0.190841 0 0.01406097 0.01024395 0.01420694 0 0.023283 0 0.023283 0.01024395 0.01420694 0.01144099 0.023283 0 0.023283 0.01144099 0.023283 0 0.03250497 0 0.03250497 0.01144099 0.023283 0.01144099 0.03250497 0 0.03250497 0.01144099 0.03250497 0 0.04172694 0 0.04172694 0.01144099 0.03250497 0.01144099 0.04172694 0 0.04172694 0.01144099 0.04172694 0 0.05094796 0 0.05094796 0.01144099 0.04172694 0.01144099 0.05094796 0 0.05094796 0.01144099 0.05094796 0 0.06016999 0 0.06016999 0.01144099 0.05094796 0.01144099 0.06016999 0 0.06016999 0.01144099 0.06016999 0 0.06939196 0 0.06939196 0.01144099 0.06016999 0.01144099 0.06939196 0 0.06939196 0.01144099 0.06939196 0 0.07861399 0 0.07861399 0.01144099 0.06939196 0.01144099 0.07861399 0 0.07861399 0.01144099 0.07861399 0 0.08783596 0 0.08783596 0.01144099 0.07861399 0.01144099 0.08783596 0 0.08783596 0.01144099 0.08783596 0.01024395 0.09691095 0.01024395 0.09691095 0.01144099 0.08783596 0.02063494 0.096363 0.02063494 0.096363 0.01144099 0.08783596 0.02288198 0.08783596 0.02063494 0.096363 0.02288198 0.08783596 0.030954 0.09507 0.030954 0.09507 0.02288198 0.08783596 0.03432297 0.08783596 0.030954 0.09507 0.03432297 0.08783596 0.04092895 0.092157 0.04092895 0.092157 0.03432297 0.08783596 0.04576396 0.08783596 0.04092895 0.092157 0.04576396 0.08783596 0.04652196 0.08873897 0.04652196 0.08873897 0.04576396 0.08783596 0.05162096 0.08261495 0.05162096 0.08261495 0.04576396 0.08783596 0.04576396 0.07861399 0.05162096 0.08261495 0.04576396 0.07861399 0.05564099 0.07160598 0.05564099 0.07160598 0.04576396 0.07861399 0.04576396 0.06939196 0.05564099 0.07160598 0.04576396 0.06939196 0.04576396 0.06016999 0.04576396 0.06016999 0.04576396 0.06939196 0.03432297 0.06939196 0.04576396 0.06016999 0.03432297 0.06939196 0.03432297 0.06016999 0.03432297 0.06016999 0.03432297 0.06939196 0.02288198 0.06939196 0.03432297 0.06016999 0.02288198 0.06939196 0.02288198 0.06016999 0.02288198 0.06016999 0.02288198 0.06939196 0.01144099 0.06939196 0.02288198 0.06016999 0.01144099 0.06939196 0.01144099 0.06016999 0.01024395 0.01420694 0.02063494 0.01475596 0.01144099 0.023283 0.01144099 0.023283 0.02063494 0.01475596 0.02288198 0.023283 0.01144099 0.023283 0.02288198 0.023283 0.01144099 0.03250497 0.01144099 0.03250497 0.02288198 0.023283 0.02288198 0.03250497 0.01144099 0.03250497 0.02288198 0.03250497 0.01144099 0.04172694 0.01144099 0.04172694 0.02288198 0.03250497 0.02288198 0.04172694 0.01144099 0.04172694 0.02288198 0.04172694 0.01144099 0.05094796 0.01144099 0.05094796 0.02288198 0.04172694 0.02288198 0.05094796 0.01144099 0.05094796 0.02288198 0.05094796 0.01144099 0.06016999 0.01144099 0.06016999 0.02288198 0.05094796 0.02288198 0.06016999 0.02063494 0.01475596 0.030954 0.01604795 0.02288198 0.023283 0.02288198 0.023283 0.030954 0.01604795 0.03432297 0.023283 0.02288198 0.023283 0.03432297 0.023283 0.02288198 0.03250497 0.02288198 0.03250497 0.03432297 0.023283 0.03432297 0.03250497 0.02288198 0.03250497 0.03432297 0.03250497 0.02288198 0.04172694 0.02288198 0.04172694 0.03432297 0.03250497 0.03432297 0.04172694 0.02288198 0.04172694 0.03432297 0.04172694 0.02288198 0.05094796 0.02288198 0.05094796 0.03432297 0.04172694 0.03432297 0.05094796 0.02288198 0.05094796 0.03432297 0.05094796 0.02288198 0.06016999 0.02288198 0.06016999 0.03432297 0.05094796 0.03432297 0.06016999 0.030954 0.01604795 0.04092895 0.01896095 0.03432297 0.023283 0.03432297 0.023283 0.04092895 0.01896095 0.04576396 0.023283 0.03432297 0.023283 0.04576396 0.023283 0.03432297 0.03250497 0.03432297 0.03250497 0.04576396 0.023283 0.04576396 0.03250497 0.03432297 0.03250497 0.04576396 0.03250497 0.03432297 0.04172694 0.03432297 0.04172694 0.04576396 0.03250497 0.04576396 0.04172694 0.03432297 0.04172694 0.04576396 0.04172694 0.03432297 0.05094796 0.03432297 0.05094796 0.04576396 0.04172694 0.04576396 0.05094796 0.03432297 0.05094796 0.04576396 0.05094796 0.03432297 0.06016999 0.03432297 0.06016999 0.04576396 0.05094796 0.04576396 0.06016999 0.04092895 0.01896095 0.04652196 0.02237898 0.04576396 0.023283 0.04576396 0.023283 0.04652196 0.02237898 0.05162096 0.02850395 0.04576396 0.023283 0.05162096 0.02850395 0.04576396 0.03250497 0.04576396 0.03250497 0.05162096 0.02850395 0.05564099 0.03951197 0.04576396 0.03250497 0.05564099 0.03951197 0.04576396 0.04172694 0.04576396 0.04172694 0.05564099 0.03951197 0.04576396 0.05094796 0.05564099 0.03951197 0.05720496 0.05555897 0.04576396 0.05094796 0.04576396 0.05094796 0.05720496 0.05555897 0.04576396 0.06016999 0.05720496 0.05555897 0.05564099 0.07160598 0.04576396 0.06016999 0.01024395 0.09691095 0 0.09705698 0 0.08783596 0.01144099 0.06939196 0.02288198 0.06939196 0.01144099 0.07861399 0.01144099 0.07861399 0.02288198 0.06939196 0.02288198 0.07861399 0.01144099 0.07861399 0.02288198 0.07861399 0.01144099 0.08783596 0.01144099 0.08783596 0.02288198 0.07861399 0.02288198 0.08783596 0.02288198 0.06939196 0.03432297 0.06939196 0.02288198 0.07861399 0.02288198 0.07861399 0.03432297 0.06939196 0.03432297 0.07861399 0.02288198 0.07861399 0.03432297 0.07861399 0.02288198 0.08783596 0.02288198 0.08783596 0.03432297 0.07861399 0.03432297 0.08783596 0.03432297 0.06939196 0.04576396 0.06939196 0.03432297 0.07861399 0.03432297 0.07861399 0.04576396 0.06939196 0.04576396 0.07861399 0.03432297 0.07861399 0.04576396 0.07861399 0.03432297 0.08783596 0.03432297 0.08783596 0.04576396 0.07861399 0.04576396 0.08783596 0 0.09691995 -0.008065998 0.09683096 0 0.08771097 0 0.08771097 -0.008065998 0.09683096 -0.01147395 0.08771097 0 0.08771097 -0.01147395 0.08771097 0 0.07850199 0 0.07850199 -0.01147395 0.08771097 -0.01147395 0.07850199 0 0.07850199 -0.01147395 0.07850199 0 0.06929296 0 0.06929296 -0.01147395 0.07850199 -0.01147395 0.06929296 0 0.06929296 -0.01147395 0.06929296 0 0.06008499 0 0.06008499 -0.01147395 0.06929296 -0.01147395 0.06008499 0 0.06008499 -0.01147395 0.06008499 0 0.05087596 0 0.05087596 -0.01147395 0.06008499 -0.01147395 0.05087596 0 0.05087596 -0.01147395 0.05087596 0 0.04166698 0 0.04166698 -0.01147395 0.05087596 -0.01147395 0.04166698 0 0.04166698 -0.01147395 0.04166698 0 0.03245896 0 0.03245896 -0.01147395 0.04166698 -0.01147395 0.03245896 0 0.03245896 -0.01147395 0.03245896 0 0.02324998 0 0.02324998 -0.01147395 0.03245896 -0.01147395 0.02324998 0 0.02324998 -0.01147395 0.02324998 -0.008065998 0.01412999 -0.008065998 0.01412999 -0.01147395 0.02324998 -0.016258 0.01444095 -0.016258 0.01444095 -0.01147395 0.02324998 -0.02294796 0.02324998 -0.016258 0.01444095 -0.02294796 0.02324998 -0.02445495 0.01509398 -0.02445495 0.01509398 -0.02294796 0.02324998 -0.03256195 0.01634299 -0.03256195 0.01634299 -0.02294796 0.02324998 -0.03442299 0.02324998 -0.03256195 0.01634299 -0.03442299 0.02324998 -0.04041999 0.01871496 -0.04041999 0.01871496 -0.03442299 0.02324998 -0.04589694 0.02324998 -0.04041999 0.01871496 -0.04589694 0.02324998 -0.047876 0.02347397 -0.047876 0.02347397 -0.04589694 0.02324998 -0.04589694 0.03245896 -0.047876 0.02347397 -0.04589694 0.03245896 -0.05448496 0.03444999 -0.05448496 0.03444999 -0.04589694 0.03245896 -0.04589694 0.04166698 -0.05448496 0.03444999 -0.04589694 0.04166698 -0.04589694 0.05087596 -0.04589694 0.05087596 -0.04589694 0.04166698 -0.03442299 0.04166698 -0.04589694 0.05087596 -0.03442299 0.04166698 -0.03442299 0.05087596 -0.03442299 0.05087596 -0.03442299 0.04166698 -0.02294796 0.04166698 -0.03442299 0.05087596 -0.02294796 0.04166698 -0.02294796 0.05087596 -0.02294796 0.05087596 -0.02294796 0.04166698 -0.01147395 0.04166698 -0.02294796 0.05087596 -0.01147395 0.04166698 -0.01147395 0.05087596 -0.008065998 0.09683096 -0.016258 0.09652 -0.01147395 0.08771097 -0.01147395 0.08771097 -0.016258 0.09652 -0.02294796 0.08771097 -0.01147395 0.08771097 -0.02294796 0.08771097 -0.01147395 0.07850199 -0.01147395 0.07850199 -0.02294796 0.08771097 -0.02294796 0.07850199 -0.01147395 0.07850199 -0.02294796 0.07850199 -0.01147395 0.06929296 -0.01147395 0.06929296 -0.02294796 0.07850199 -0.02294796 0.06929296 -0.01147395 0.06929296 -0.02294796 0.06929296 -0.01147395 0.06008499 -0.01147395 0.06008499 -0.02294796 0.06929296 -0.02294796 0.06008499 -0.01147395 0.06008499 -0.02294796 0.06008499 -0.01147395 0.05087596 -0.01147395 0.05087596 -0.02294796 0.06008499 -0.02294796 0.05087596 -0.016258 0.09652 -0.02445495 0.09586697 -0.02294796 0.08771097 -0.02294796 0.08771097 -0.02445495 0.09586697 -0.03256195 0.09461796 -0.02294796 0.08771097 -0.03256195 0.09461796 -0.03442299 0.08771097 -0.03442299 0.08771097 -0.03256195 0.09461796 -0.04041999 0.09224599 -0.03442299 0.08771097 -0.04041999 0.09224599 -0.04589694 0.08771097 -0.04589694 0.08771097 -0.04041999 0.09224599 -0.047876 0.08748698 -0.04589694 0.08771097 -0.047876 0.08748698 -0.04589694 0.07850199 -0.04589694 0.07850199 -0.047876 0.08748698 -0.05448496 0.07651096 -0.04589694 0.07850199 -0.05448496 0.07651096 -0.04589694 0.06929296 -0.04589694 0.06929296 -0.05448496 0.07651096 -0.05737096 0.05548 -0.04589694 0.06929296 -0.05737096 0.05548 -0.04589694 0.06008499 -0.04589694 0.06008499 -0.05737096 0.05548 -0.04589694 0.05087596 -0.04589694 0.06008499 -0.04589694 0.05087596 -0.03442299 0.05087596 -0.05737096 0.05548 -0.05448496 0.03444999 -0.04589694 0.05087596 -0.008065998 0.01412999 0 0.01404094 0 0.02324998 -0.02294796 0.07850199 -0.02294796 0.08771097 -0.03442299 0.08771097 -0.03442299 0.08771097 -0.04589694 0.08771097 -0.03442299 0.07850199 -0.03442299 0.07850199 -0.04589694 0.08771097 -0.04589694 0.07850199 -0.03442299 0.07850199 -0.04589694 0.07850199 -0.03442299 0.06929296 -0.03442299 0.06929296 -0.04589694 0.07850199 -0.04589694 0.06929296 -0.03442299 0.06929296 -0.04589694 0.06929296 -0.03442299 0.06008499 -0.03442299 0.06008499 -0.04589694 0.06929296 -0.04589694 0.06008499 -0.03442299 0.06008499 -0.04589694 0.06008499 -0.03442299 0.05087596 -0.02294796 0.06929296 -0.02294796 0.07850199 -0.03442299 0.07850199 -0.03442299 0.07850199 -0.02294796 0.07850199 -0.03442299 0.08771097 -0.02294796 0.06929296 -0.03442299 0.07850199 -0.03442299 0.06929296 -0.02294796 0.06008499 -0.02294796 0.06929296 -0.03442299 0.06929296 -0.02294796 0.06008499 -0.03442299 0.06929296 -0.03442299 0.06008499 -0.03442299 0.05087596 -0.02294796 0.05087596 -0.03442299 0.06008499 -0.03442299 0.06008499 -0.02294796 0.05087596 -0.02294796 0.06008499 -0.01147395 0.04166698 -0.02294796 0.04166698 -0.01147395 0.03245896 -0.01147395 0.03245896 -0.02294796 0.04166698 -0.02294796 0.03245896 -0.01147395 0.03245896 -0.02294796 0.03245896 -0.01147395 0.02324998 -0.01147395 0.02324998 -0.02294796 0.03245896 -0.02294796 0.02324998 -0.02294796 0.04166698 -0.03442299 0.04166698 -0.02294796 0.03245896 -0.02294796 0.03245896 -0.03442299 0.04166698 -0.03442299 0.03245896 -0.02294796 0.03245896 -0.03442299 0.03245896 -0.02294796 0.02324998 -0.02294796 0.02324998 -0.03442299 0.03245896 -0.03442299 0.02324998 -0.03442299 0.04166698 -0.04589694 0.04166698 -0.03442299 0.03245896 -0.03442299 0.03245896 -0.04589694 0.04166698 -0.04589694 0.03245896 -0.03442299 0.03245896 -0.04589694 0.03245896 -0.03442299 0.02324998 -0.03442299 0.02324998 -0.04589694 0.03245896 -0.04589694 0.02324998 0.268241 -0.087134 -0.268241 -0.087134 0.268241 -0.09868597 0.268241 -0.09868597 -0.268241 -0.087134 -0.268241 -0.09868597 0.268241 -0.09868597 -0.268241 -0.09868597 0.268241 -0.110237 0.268241 -0.110237 -0.268241 -0.09868597 -0.268241 -0.110237 0.268241 -0.110237 -0.268241 -0.110237 0.268241 -0.121788 0.268241 -0.121788 -0.268241 -0.110237 -0.268241 -0.121788 0.268241 -0.121788 -0.268241 -0.121788 0.268241 -0.133339 0.268241 -0.133339 -0.268241 -0.121788 -0.268241 -0.133339 0.268241 -0.133339 -0.268241 -0.133339 0.268241 -0.14489 0.268241 -0.14489 -0.268241 -0.133339 -0.268241 -0.14489 0.268241 -0.14489 -0.268241 -0.14489 0.268241 -0.156441 0.268241 -0.156441 -0.268241 -0.14489 -0.268241 -0.156441 0.268241 -0.156441 -0.268241 -0.156441 0.268241 -0.1679919 0.268241 -0.1679919 -0.268241 -0.156441 -0.268241 -0.1679919 0.268241 -0.1679919 -0.268241 -0.1679919 0.268241 -0.179543 0.268241 -0.179543 -0.268241 -0.1679919 -0.268241 -0.179543 0.268241 -0.179543 -0.268241 -0.179543 0.268241 -0.1910949 0.268241 -0.1910949 -0.268241 -0.179543 -0.268241 -0.1910949 0 0.09685295 -0.008073985 0.09676599 0 0.08763295 0 0.08763295 -0.008073985 0.09676599 -0.01149898 0.08763295 0 0.08763295 -0.01149898 0.08763295 0 0.078413 0 0.078413 -0.01149898 0.08763295 -0.01149898 0.078413 0 0.078413 -0.01149898 0.078413 0 0.06919395 0 0.06919395 -0.01149898 0.078413 -0.01149898 0.06919395 0 0.06919395 -0.01149898 0.06919395 0 0.05997395 0 0.05997395 -0.01149898 0.06919395 -0.01149898 0.05997395 0 0.05997395 -0.01149898 0.05997395 0 0.05075395 0 0.05075395 -0.01149898 0.05997395 -0.01149898 0.05075395 0 0.05075395 -0.01149898 0.05075395 0 0.04153496 0 0.04153496 -0.01149898 0.05075395 -0.01149898 0.04153496 0 0.04153496 -0.01149898 0.04153496 0 0.03231495 0 0.03231495 -0.01149898 0.04153496 -0.01149898 0.03231495 0 0.03231495 -0.01149898 0.03231495 0 0.02309495 0 0.02309495 -0.01149898 0.03231495 -0.01149898 0.02309495 0 0.02309495 -0.01149898 0.02309495 -0.008073985 0.01396197 -0.008073985 0.01396197 -0.01149898 0.02309495 -0.01627296 0.01426798 -0.01627296 0.01426798 -0.01149898 0.02309495 -0.02299797 0.02309495 -0.01627296 0.01426798 -0.02299797 0.02309495 -0.02447897 0.01491099 -0.02447897 0.01491099 -0.02299797 0.02309495 -0.032597 0.01614397 -0.032597 0.01614397 -0.02299797 0.02309495 -0.03449696 0.02309495 -0.032597 0.01614397 -0.03449696 0.02309495 -0.04046797 0.01849097 -0.04046797 0.01849097 -0.03449696 0.02309495 -0.04599696 0.02309495 -0.04046797 0.01849097 -0.04599696 0.02309495 -0.04794394 0.02321594 -0.04794394 0.02321594 -0.04599696 0.02309495 -0.04599696 0.03231495 -0.04794394 0.02321594 -0.04599696 0.03231495 -0.05458498 0.03417897 -0.05458498 0.03417897 -0.04599696 0.03231495 -0.04599696 0.04153496 -0.05458498 0.03417897 -0.04599696 0.04153496 -0.04599696 0.05075395 -0.04599696 0.05075395 -0.04599696 0.04153496 -0.03449696 0.04153496 -0.04599696 0.05075395 -0.03449696 0.04153496 -0.03449696 0.05075395 -0.03449696 0.05075395 -0.03449696 0.04153496 -0.02299797 0.04153496 -0.03449696 0.05075395 -0.02299797 0.04153496 -0.02299797 0.05075395 -0.02299797 0.05075395 -0.02299797 0.04153496 -0.01149898 0.04153496 -0.02299797 0.05075395 -0.01149898 0.04153496 -0.01149898 0.05075395 -0.008073985 0.09676599 -0.01627296 0.09646099 -0.01149898 0.08763295 -0.01149898 0.08763295 -0.01627296 0.09646099 -0.02299797 0.08763295 -0.01149898 0.08763295 -0.02299797 0.08763295 -0.01149898 0.078413 -0.01149898 0.078413 -0.02299797 0.08763295 -0.02299797 0.078413 -0.01149898 0.078413 -0.02299797 0.078413 -0.01149898 0.06919395 -0.01149898 0.06919395 -0.02299797 0.078413 -0.02299797 0.06919395 -0.01149898 0.06919395 -0.02299797 0.06919395 -0.01149898 0.05997395 -0.01149898 0.05997395 -0.02299797 0.06919395 -0.02299797 0.05997395 -0.01149898 0.05997395 -0.02299797 0.05997395 -0.01149898 0.05075395 -0.01149898 0.05075395 -0.02299797 0.05997395 -0.02299797 0.05075395 -0.01627296 0.09646099 -0.02447897 0.09581798 -0.02299797 0.08763295 -0.02299797 0.08763295 -0.02447897 0.09581798 -0.032597 0.094585 -0.02299797 0.08763295 -0.032597 0.094585 -0.03449696 0.08763295 -0.03449696 0.08763295 -0.032597 0.094585 -0.04046797 0.09223699 -0.03449696 0.08763295 -0.04046797 0.09223699 -0.04599696 0.08763295 -0.04599696 0.08763295 -0.04046797 0.09223699 -0.04794394 0.08751195 -0.04599696 0.08763295 -0.04794394 0.08751195 -0.04599696 0.078413 -0.04599696 0.078413 -0.04794394 0.08751195 -0.05458498 0.07654899 -0.04599696 0.078413 -0.05458498 0.07654899 -0.04599696 0.06919395 -0.04599696 0.06919395 -0.05458498 0.07654899 -0.05749595 0.05536395 -0.04599696 0.06919395 -0.05749595 0.05536395 -0.04599696 0.05997395 -0.04599696 0.05997395 -0.05749595 0.05536395 -0.04599696 0.05075395 -0.04599696 0.05997395 -0.04599696 0.05075395 -0.03449696 0.05075395 -0.05749595 0.05536395 -0.05458498 0.03417897 -0.04599696 0.05075395 -0.008073985 0.01396197 0 0.01387596 0 0.02309495 -0.02299797 0.078413 -0.02299797 0.08763295 -0.03449696 0.08763295 -0.03449696 0.08763295 -0.04599696 0.08763295 -0.03449696 0.078413 -0.03449696 0.078413 -0.04599696 0.08763295 -0.04599696 0.078413 -0.03449696 0.078413 -0.04599696 0.078413 -0.03449696 0.06919395 -0.03449696 0.06919395 -0.04599696 0.078413 -0.04599696 0.06919395 -0.03449696 0.06919395 -0.04599696 0.06919395 -0.03449696 0.05997395 -0.03449696 0.05997395 -0.04599696 0.06919395 -0.04599696 0.05997395 -0.03449696 0.05997395 -0.04599696 0.05997395 -0.03449696 0.05075395 -0.02299797 0.06919395 -0.02299797 0.078413 -0.03449696 0.078413 -0.03449696 0.078413 -0.02299797 0.078413 -0.03449696 0.08763295 -0.02299797 0.06919395 -0.03449696 0.078413 -0.03449696 0.06919395 -0.02299797 0.05997395 -0.02299797 0.06919395 -0.03449696 0.06919395 -0.02299797 0.05997395 -0.03449696 0.06919395 -0.03449696 0.05997395 -0.03449696 0.05075395 -0.02299797 0.05075395 -0.03449696 0.05997395 -0.03449696 0.05997395 -0.02299797 0.05075395 -0.02299797 0.05997395 -0.01149898 0.04153496 -0.02299797 0.04153496 -0.01149898 0.03231495 -0.01149898 0.03231495 -0.02299797 0.04153496 -0.02299797 0.03231495 -0.01149898 0.03231495 -0.02299797 0.03231495 -0.01149898 0.02309495 -0.01149898 0.02309495 -0.02299797 0.03231495 -0.02299797 0.02309495 -0.02299797 0.04153496 -0.03449696 0.04153496 -0.02299797 0.03231495 -0.02299797 0.03231495 -0.03449696 0.04153496 -0.03449696 0.03231495 -0.02299797 0.03231495 -0.03449696 0.03231495 -0.02299797 0.02309495 -0.02299797 0.02309495 -0.03449696 0.03231495 -0.03449696 0.02309495 -0.03449696 0.04153496 -0.04599696 0.04153496 -0.03449696 0.03231495 -0.03449696 0.03231495 -0.04599696 0.04153496 -0.04599696 0.03231495 -0.03449696 0.03231495 -0.04599696 0.03231495 -0.03449696 0.02309495 -0.03449696 0.02309495 -0.04599696 0.03231495 -0.04599696 0.02309495 0 0.01389598 0.01023995 0.01403898 0 0.02312898 0 0.02312898 0.01023995 0.01403898 0.01146596 0.02312898 0 0.02312898 0.01146596 0.02312898 0 0.03236198 0 0.03236198 0.01146596 0.02312898 0.01146596 0.03236198 0 0.03236198 0.01146596 0.03236198 0 0.04159396 0 0.04159396 0.01146596 0.03236198 0.01146596 0.04159396 0 0.04159396 0.01146596 0.04159396 0 0.05082696 0 0.05082696 0.01146596 0.04159396 0.01146596 0.05082696 0 0.05082696 0.01146596 0.05082696 0 0.06005996 0 0.06005996 0.01146596 0.05082696 0.01146596 0.06005996 0 0.06005996 0.01146596 0.06005996 0 0.06929296 0 0.06929296 0.01146596 0.06005996 0.01146596 0.06929296 0 0.06929296 0.01146596 0.06929296 0 0.07852596 0 0.07852596 0.01146596 0.06929296 0.01146596 0.07852596 0 0.07852596 0.01146596 0.07852596 0 0.08775895 0 0.08775895 0.01146596 0.07852596 0.01146596 0.08775895 0 0.08775895 0.01146596 0.08775895 0.01023995 0.09684896 0.01023995 0.09684896 0.01146596 0.08775895 0.02062898 0.09631097 0.02062898 0.09631097 0.01146596 0.08775895 0.02293097 0.08775895 0.02062898 0.09631097 0.02293097 0.08775895 0.03094798 0.09504199 0.03094798 0.09504199 0.02293097 0.08775895 0.03439694 0.08775895 0.03094798 0.09504199 0.03439694 0.08775895 0.04092895 0.09217399 0.04092895 0.09217399 0.03439694 0.08775895 0.04586195 0.08775895 0.04092895 0.09217399 0.04586195 0.08775895 0.04655295 0.08878499 0.04655295 0.08878499 0.04586195 0.08775895 0.05168497 0.08268797 0.05168497 0.08268797 0.04586195 0.08775895 0.04586195 0.07852596 0.05168497 0.08268797 0.04586195 0.07852596 0.05574297 0.07165098 0.05574297 0.07165098 0.04586195 0.07852596 0.04586195 0.06929296 0.05574297 0.07165098 0.04586195 0.06929296 0.04586195 0.06005996 0.04586195 0.06005996 0.04586195 0.06929296 0.03439694 0.06929296 0.04586195 0.06005996 0.03439694 0.06929296 0.03439694 0.06005996 0.03439694 0.06005996 0.03439694 0.06929296 0.02293097 0.06929296 0.03439694 0.06005996 0.02293097 0.06929296 0.02293097 0.06005996 0.02293097 0.06005996 0.02293097 0.06929296 0.01146596 0.06929296 0.02293097 0.06005996 0.01146596 0.06929296 0.01146596 0.06005996 0.01023995 0.01403898 0.02062898 0.01457595 0.01146596 0.02312898 0.01146596 0.02312898 0.02062898 0.01457595 0.02293097 0.02312898 0.01146596 0.02312898 0.02293097 0.02312898 0.01146596 0.03236198 0.01146596 0.03236198 0.02293097 0.02312898 0.02293097 0.03236198 0.01146596 0.03236198 0.02293097 0.03236198 0.01146596 0.04159396 0.01146596 0.04159396 0.02293097 0.03236198 0.02293097 0.04159396 0.01146596 0.04159396 0.02293097 0.04159396 0.01146596 0.05082696 0.01146596 0.05082696 0.02293097 0.04159396 0.02293097 0.05082696 0.01146596 0.05082696 0.02293097 0.05082696 0.01146596 0.06005996 0.01146596 0.06005996 0.02293097 0.05082696 0.02293097 0.06005996 0.02062898 0.01457595 0.03094798 0.01584595 0.02293097 0.02312898 0.02293097 0.02312898 0.03094798 0.01584595 0.03439694 0.02312898 0.02293097 0.02312898 0.03439694 0.02312898 0.02293097 0.03236198 0.02293097 0.03236198 0.03439694 0.02312898 0.03439694 0.03236198 0.02293097 0.03236198 0.03439694 0.03236198 0.02293097 0.04159396 0.02293097 0.04159396 0.03439694 0.03236198 0.03439694 0.04159396 0.02293097 0.04159396 0.03439694 0.04159396 0.02293097 0.05082696 0.02293097 0.05082696 0.03439694 0.04159396 0.03439694 0.05082696 0.02293097 0.05082696 0.03439694 0.05082696 0.02293097 0.06005996 0.02293097 0.06005996 0.03439694 0.05082696 0.03439694 0.06005996 0.03094798 0.01584595 0.04092895 0.01871395 0.03439694 0.02312898 0.03439694 0.02312898 0.04092895 0.01871395 0.04586195 0.02312898 0.03439694 0.02312898 0.04586195 0.02312898 0.03439694 0.03236198 0.03439694 0.03236198 0.04586195 0.02312898 0.04586195 0.03236198 0.03439694 0.03236198 0.04586195 0.03236198 0.03439694 0.04159396 0.03439694 0.04159396 0.04586195 0.03236198 0.04586195 0.04159396 0.03439694 0.04159396 0.04586195 0.04159396 0.03439694 0.05082696 0.03439694 0.05082696 0.04586195 0.04159396 0.04586195 0.05082696 0.03439694 0.05082696 0.04586195 0.05082696 0.03439694 0.06005996 0.03439694 0.06005996 0.04586195 0.05082696 0.04586195 0.06005996 0.04092895 0.01871395 0.04655295 0.02210199 0.04586195 0.02312898 0.04586195 0.02312898 0.04655295 0.02210199 0.05168497 0.02819997 0.04586195 0.02312898 0.05168497 0.02819997 0.04586195 0.03236198 0.04586195 0.03236198 0.05168497 0.02819997 0.05574297 0.03923594 0.04586195 0.03236198 0.05574297 0.03923594 0.04586195 0.04159396 0.04586195 0.04159396 0.05574297 0.03923594 0.04586195 0.05082696 0.05574297 0.03923594 0.05732798 0.055444 0.04586195 0.05082696 0.04586195 0.05082696 0.05732798 0.055444 0.04586195 0.06005996 0.05732798 0.055444 0.05574297 0.07165098 0.04586195 0.06005996 0.01023995 0.09684896 0 0.09699195 0 0.08775895 0.01146596 0.06929296 0.02293097 0.06929296 0.01146596 0.07852596 0.01146596 0.07852596 0.02293097 0.06929296 0.02293097 0.07852596 0.01146596 0.07852596 0.02293097 0.07852596 0.01146596 0.08775895 0.01146596 0.08775895 0.02293097 0.07852596 0.02293097 0.08775895 0.02293097 0.06929296 0.03439694 0.06929296 0.02293097 0.07852596 0.02293097 0.07852596 0.03439694 0.06929296 0.03439694 0.07852596 0.02293097 0.07852596 0.03439694 0.07852596 0.02293097 0.08775895 0.02293097 0.08775895 0.03439694 0.07852596 0.03439694 0.08775895 0.03439694 0.06929296 0.04586195 0.06929296 0.03439694 0.07852596 0.03439694 0.07852596 0.04586195 0.06929296 0.04586195 0.07852596 0.03439694 0.07852596 0.04586195 0.07852596 0.03439694 0.08775895 0.03439694 0.08775895 0.04586195 0.07852596 0.04586195 0.08775895 0.268241 -0.08694499 -0.268241 -0.08694499 0.268241 -0.09852296 0.268241 -0.09852296 -0.268241 -0.08694499 -0.268241 -0.09852296 0.268241 -0.09852296 -0.268241 -0.09852296 0.268241 -0.1101 0.268241 -0.1101 -0.268241 -0.09852296 -0.268241 -0.1101 0.268241 -0.1101 -0.268241 -0.1101 0.268241 -0.121677 0.268241 -0.121677 -0.268241 -0.1101 -0.268241 -0.121677 0.268241 -0.121677 -0.268241 -0.121677 0.268241 -0.133254 0.268241 -0.133254 -0.268241 -0.121677 -0.268241 -0.133254 0.268241 -0.133254 -0.268241 -0.133254 0.268241 -0.144831 0.268241 -0.144831 -0.268241 -0.133254 -0.268241 -0.144831 0.268241 -0.144831 -0.268241 -0.144831 0.268241 -0.156409 0.268241 -0.156409 -0.268241 -0.144831 -0.268241 -0.156409 0.268241 -0.156409 -0.268241 -0.156409 0.268241 -0.167986 0.268241 -0.167986 -0.268241 -0.156409 -0.268241 -0.167986 0.268241 -0.167986 -0.268241 -0.167986 0.268241 -0.179563 0.268241 -0.179563 -0.268241 -0.167986 -0.268241 -0.179563 0.268241 -0.179563 -0.268241 -0.179563 0.268241 -0.1911399 0.268241 -0.1911399 -0.268241 -0.179563 -0.268241 -0.1911399 0.05315595 -0.02240198 0.05315595 0 -0.05315595 0 -0.05315595 0 0.05315595 0 0.05315595 0.02240198 -0.05315595 0 0.05315595 0.02240198 -0.05315595 0.02426898 -0.05315595 0.02426898 0.05315595 0.02240198 0.05315595 0.04480397 -0.05315595 0.02426898 0.05315595 0.04480397 -0.05315595 0.04853695 -0.05315595 0.04853695 0.05315595 0.04480397 0.05315595 0.06720495 -0.05315595 0.04853695 0.05315595 0.06720495 -0.05315595 0.072806 -0.05315595 0.072806 0.05315595 0.06720495 0.05315595 0.089607 -0.05315595 0.072806 0.05315595 0.089607 -0.05315595 0.09707397 -0.05315595 0.09707397 0.05315595 0.089607 0.05315595 0.112009 -0.05315595 0.09707397 0.05315595 0.112009 -0.05315595 0.121343 -0.05315595 0.121343 0.05315595 0.112009 0.05315595 0.134411 -0.05315595 0.121343 0.05315595 0.134411 -0.05315595 0.145612 -0.05315595 0.145612 0.05315595 0.134411 0.05315595 0.156812 -0.05315595 0.145612 0.05315595 0.156812 -0.05315595 0.16988 -0.05315595 0.16988 0.05315595 0.156812 0.05315595 0.179214 -0.05315595 0.16988 0.05315595 0.179214 -0.05315595 0.194149 -0.05315595 0.194149 0.05315595 0.179214 0.05315595 0.201616 -0.05315595 0.194149 0.05315595 0.201616 -0.05315595 0.218417 -0.05315595 0.218417 0.05315595 0.201616 0.05315595 0.224018 -0.05315595 0.218417 0.05315595 0.224018 -0.05315595 0.242686 -0.05315595 0.242686 0.05315595 0.224018 0.05315595 0.24642 -0.05315595 0.242686 0.05315595 0.24642 -0.05315595 0.266954 -0.05315595 0.266954 0.05315595 0.24642 0.05315595 0.268821 -0.05315595 0.266954 0.05315595 0.268821 -0.05315595 0.291223 -0.05315595 0.291223 0.05315595 0.268821 0.05315595 0.291223 -0.05315595 -0.291223 0.05315595 -0.291223 0.05315595 -0.268821 -0.05315595 -0.291223 0.05315595 -0.268821 -0.05315595 -0.266954 -0.05315595 -0.266954 0.05315595 -0.268821 0.05315595 -0.24642 -0.05315595 -0.266954 0.05315595 -0.24642 -0.05315595 -0.242686 -0.05315595 -0.242686 0.05315595 -0.24642 0.05315595 -0.224018 -0.05315595 -0.242686 0.05315595 -0.224018 -0.05315595 -0.218417 -0.05315595 -0.218417 0.05315595 -0.224018 0.05315595 -0.201616 -0.05315595 -0.218417 0.05315595 -0.201616 -0.05315595 -0.194149 -0.05315595 -0.194149 0.05315595 -0.201616 0.05315595 -0.179214 -0.05315595 -0.194149 0.05315595 -0.179214 -0.05315595 -0.16988 -0.05315595 -0.16988 0.05315595 -0.179214 0.05315595 -0.156812 -0.05315595 -0.16988 0.05315595 -0.156812 -0.05315595 -0.145612 -0.05315595 -0.145612 0.05315595 -0.156812 0.05315595 -0.134411 -0.05315595 -0.145612 0.05315595 -0.134411 -0.05315595 -0.121343 -0.05315595 -0.121343 0.05315595 -0.134411 0.05315595 -0.112009 -0.05315595 -0.121343 0.05315595 -0.112009 -0.05315595 -0.09707397 -0.05315595 -0.09707397 0.05315595 -0.112009 0.05315595 -0.089607 -0.05315595 -0.09707397 0.05315595 -0.089607 -0.05315595 -0.072806 -0.05315595 -0.072806 0.05315595 -0.089607 0.05315595 -0.06720495 -0.05315595 -0.072806 0.05315595 -0.06720495 -0.05315595 -0.04853695 -0.05315595 -0.04853695 0.05315595 -0.06720495 0.05315595 -0.04480397 -0.05315595 -0.04853695 0.05315595 -0.04480397 -0.05315595 -0.02426898 -0.05315595 -0.02426898 0.05315595 -0.04480397 0.05315595 -0.02240198 -0.05315595 -0.02426898 0.05315595 -0.02240198 -0.05315595 0 0 0.03954398 -0.01023495 0.03819698 0.01023495 0.03819698 0.01023495 0.03819698 -0.01023495 0.03819698 0.01977199 0.03424596 0.01977199 0.03424596 -0.01023495 0.03819698 -0.01977199 0.03424596 0.01977199 0.03424596 -0.01977199 0.03424596 0.02796196 0.02796196 0.02796196 0.02796196 -0.01977199 0.03424596 -0.02796196 0.02796196 0.02796196 0.02796196 -0.02796196 0.02796196 0.03424596 0.01977199 0.03424596 0.01977199 -0.02796196 0.02796196 -0.03424596 0.01977199 0.03424596 0.01977199 -0.03424596 0.01977199 0.03819698 0.01023495 0.03819698 0.01023495 -0.03424596 0.01977199 -0.03819698 0.01023495 0.03819698 0.01023495 -0.03819698 0.01023495 0.03954398 0 0.03954398 0 -0.03819698 0.01023495 -0.03954398 0 0.03954398 0 -0.03954398 0 0.03819698 -0.01023495 0.03819698 -0.01023495 -0.03954398 0 -0.03819698 -0.01023495 0.03819698 -0.01023495 -0.03819698 -0.01023495 0.03424596 -0.01977199 0.03424596 -0.01977199 -0.03819698 -0.01023495 -0.03424596 -0.01977199 0.03424596 -0.01977199 -0.03424596 -0.01977199 0.02796196 -0.02796196 0.02796196 -0.02796196 -0.03424596 -0.01977199 -0.02796196 -0.02796196 0.02796196 -0.02796196 -0.02796196 -0.02796196 0.01977199 -0.03424596 0.01977199 -0.03424596 -0.02796196 -0.02796196 -0.01977199 -0.03424596 0.01977199 -0.03424596 -0.01977199 -0.03424596 0.01023495 -0.03819698 0.01023495 -0.03819698 -0.01977199 -0.03424596 -0.01023495 -0.03819698 0.01023495 -0.03819698 -0.01023495 -0.03819698 0 -0.03954398 0.003069996 0.289377 0.037036 0.286891 0 0.293063 0 0.293063 0.037036 0.286891 0.037036 0.314214 0 0.293063 0.037036 0.314214 0 0.313047 0 0.313047 0.037036 0.314214 0 0.333031 0 0.333031 0.037036 0.314214 0.037036 0.341537 0 0.333031 0.037036 0.341537 0 0.353015 0 0.353015 0.037036 0.341537 0.003032982 0.356676 0.003032982 0.356676 0.037036 0.341537 0.005231976 0.360672 0.005231976 0.360672 0.037036 0.341537 0.037036 0.36886 0.005231976 0.360672 0.037036 0.36886 0.006639957 0.364933 0.006639957 0.364933 0.037036 0.36886 0.007135987 0.369129 0.007135987 -0.368592 0.037036 -0.36886 0.006639957 -0.364396 0.006639957 -0.364396 0.037036 -0.36886 0.005231976 -0.360135 0.005231976 -0.360135 0.037036 -0.36886 0.003032982 -0.356139 0.003032982 -0.356139 0.037036 -0.36886 0.037036 -0.341537 0.003032982 -0.356139 0.037036 -0.341537 0 -0.352478 0 -0.352478 0.037036 -0.341537 0 -0.33247 0 -0.33247 0.037036 -0.341537 0.037036 -0.314214 0 -0.33247 0.037036 -0.314214 0 -0.312461 0 -0.312461 0.037036 -0.314214 0 -0.292453 0 -0.292453 0.037036 -0.314214 0.037036 -0.286891 0 -0.292453 0.037036 -0.286891 0.002993941 -0.288819 0.002993941 -0.288819 0.037036 -0.286891 0.005168974 -0.284848 0.005168974 -0.284848 0.037036 -0.286891 0.006560981 -0.280619 0.006560981 -0.280619 0.037036 -0.286891 0.007050991 -0.276456 0.007050991 -0.276456 0.037036 -0.286891 0.006560981 -0.272292 0.006560981 -0.272292 0.037036 -0.286891 0.037036 -0.259568 0.006560981 -0.272292 0.037036 -0.259568 0.005168974 -0.268063 0.005168974 -0.268063 0.037036 -0.259568 0.002993941 -0.264093 0.002993941 -0.264093 0.037036 -0.259568 0 -0.260459 0 -0.260459 0.037036 -0.259568 0 -0.240432 0 -0.240432 0.037036 -0.259568 0.037036 -0.232245 0 -0.240432 0.037036 -0.232245 0 -0.220405 0 -0.220405 0.037036 -0.232245 0.037036 -0.204922 0 -0.220405 0.037036 -0.204922 0 -0.200378 0 -0.200378 0.037036 -0.204922 0.002977967 -0.196755 0.002977967 -0.196755 0.037036 -0.204922 0.005142986 -0.192796 0.005142986 -0.192796 0.037036 -0.204922 0.00652796 -0.18858 0.00652796 -0.18858 0.037036 -0.204922 0.037036 -0.177599 0.00652796 -0.18858 0.037036 -0.177599 0.007015943 -0.18443 0.007015943 -0.18443 0.037036 -0.177599 0.00652796 -0.18028 0.00652796 -0.18028 0.037036 -0.177599 0.005142986 -0.176065 0.005142986 -0.176065 0.037036 -0.177599 0.002977967 -0.172105 0.002977967 -0.172105 0.037036 -0.177599 0 -0.168482 0 -0.168482 0.037036 -0.177599 0.037036 -0.150276 0 -0.168482 0.037036 -0.150276 0 -0.148455 0 -0.148455 0.037036 -0.150276 0 -0.128428 0 -0.128428 0.037036 -0.150276 0.037036 -0.1229529 0 -0.128428 0.037036 -0.1229529 0 -0.108401 0 -0.108401 0.037036 -0.1229529 0.002993941 -0.104767 0.002993941 -0.104767 0.037036 -0.1229529 0.037036 -0.09562999 0.002993941 -0.104767 0.037036 -0.09562999 0.005168974 -0.1007969 0.005168974 -0.1007969 0.037036 -0.09562999 0.006560981 -0.09656798 0.006560981 -0.09656798 0.037036 -0.09562999 0.007050991 -0.09240496 0.007050991 -0.09240496 0.037036 -0.09562999 0.006560981 -0.08824098 0.006560981 -0.08824098 0.037036 -0.09562999 0.005168974 -0.08401197 0.005168974 -0.08401197 0.037036 -0.09562999 0.037036 -0.06830698 0.005168974 -0.08401197 0.037036 -0.06830698 0.002993941 -0.080042 0.002993941 -0.080042 0.037036 -0.06830698 0 -0.07640796 0 -0.07640796 0.037036 -0.06830698 0 -0.05639898 0 -0.05639898 0.037036 -0.06830698 0.037036 -0.04098397 0 -0.05639898 0.037036 -0.04098397 0 -0.03639096 0 -0.03639096 0.037036 -0.04098397 0.037036 -0.01366096 0 -0.03639096 0.037036 -0.01366096 0 -0.01638197 0 -0.01638197 0.037036 -0.01366096 0.003032982 -0.012721 0.003032982 -0.012721 0.037036 -0.01366096 0.005231976 -0.008724987 0.005231976 -0.008724987 0.037036 -0.01366096 0.006639957 -0.00446397 0.006639957 -0.00446397 0.037036 -0.01366096 0.007135987 -2.68e-4 0.007135987 -2.68e-4 0.037036 -0.01366096 0.037036 0.01366096 0.007135987 -2.68e-4 0.037036 0.01366096 0.006639957 0.003927946 0.006639957 0.003927946 0.037036 0.01366096 0.005231976 0.008187949 0.005231976 0.008187949 0.037036 0.01366096 0.003032982 0.01218497 0.003032982 0.01218497 0.037036 0.01366096 0 0.015845 0 0.015845 0.037036 0.01366096 0 0.03582894 0 0.03582894 0.037036 0.01366096 0.037036 0.04098397 0 0.03582894 0.037036 0.04098397 0 0.05581295 0 0.05581295 0.037036 0.04098397 0.037036 0.06830698 0 0.05581295 0.037036 0.06830698 0 0.07579696 0 0.07579696 0.037036 0.06830698 0.003069996 0.07948398 0.003069996 0.07948398 0.037036 0.06830698 0.005292952 0.08350598 0.005292952 0.08350598 0.037036 0.06830698 0.006716966 0.08779698 0.006716966 0.08779698 0.037036 0.06830698 0.037036 0.09562999 0.006716966 0.08779698 0.037036 0.09562999 0.007217943 0.09202498 0.007217943 0.09202498 0.037036 0.09562999 0.006716966 0.09625297 0.006716966 0.09625297 0.037036 0.09562999 0.005292952 0.100545 0.005292952 0.100545 0.037036 0.09562999 0.003069996 0.104566 0.003069996 0.104566 0.037036 0.09562999 0 0.108253 0 0.108253 0.037036 0.09562999 0.037036 0.1229529 0 0.108253 0.037036 0.1229529 0 0.128221 0 0.128221 0.037036 0.1229529 0.037036 0.150276 0 0.128221 0.037036 0.150276 0 0.1481879 0 0.1481879 0.037036 0.150276 0 0.168156 0 0.168156 0.037036 0.150276 0.003084957 0.171853 0.003084957 0.171853 0.037036 0.150276 0.037036 0.177599 0.003084957 0.171853 0.037036 0.177599 0.005317986 0.175885 0.005317986 0.175885 0.037036 0.177599 0.006747961 0.18019 0.006747961 0.18019 0.037036 0.177599 0.007251977 0.18443 0.007251977 0.18443 0.037036 0.177599 0.006747961 0.1886709 0.006747961 0.1886709 0.037036 0.177599 0.037036 0.204922 0.006747961 0.1886709 0.037036 0.204922 0.005317986 0.192975 0.005317986 0.192975 0.037036 0.204922 0.003084957 0.197007 0.003084957 0.197007 0.037036 0.204922 0 0.200705 0 0.200705 0.037036 0.204922 0 0.220672 0 0.220672 0.037036 0.204922 0.037036 0.232245 0 0.220672 0.037036 0.232245 0 0.24064 0 0.24064 0.037036 0.232245 0.037036 0.259568 0 0.24064 0.037036 0.259568 0 0.260607 0 0.260607 0.037036 0.259568 0.003069996 0.264294 0.003069996 0.264294 0.037036 0.259568 0.005292952 0.268316 0.005292952 0.268316 0.037036 0.259568 0.006716966 0.272608 0.006716966 0.272608 0.037036 0.259568 0.037036 0.286891 0.006716966 0.272608 0.037036 0.286891 0.007217943 0.276835 0.007217943 0.276835 0.037036 0.286891 0.006716966 0.281063 0.006716966 0.281063 0.037036 0.286891 0.005292952 0.285355 0.005292952 0.285355 0.037036 0.286891 0.003069996 0.289377 0.222218 -0.36886 0.259255 -0.36886 0.222218 -0.341537 0.222218 -0.341537 0.259255 -0.341537 0.222218 -0.314214 0.222218 -0.314214 0.259255 -0.314214 0.222218 -0.286891 0.222218 -0.286891 0.259255 -0.286891 0.222218 -0.259568 0.222218 -0.259568 0.259255 -0.259568 0.222218 -0.232245 0.222218 -0.232245 0.259255 -0.232245 0.222218 -0.204922 0.222218 -0.204922 0.259255 -0.204922 0.222218 -0.177599 0.222218 -0.177599 0.259255 -0.177599 0.222218 -0.150276 0.222218 -0.150276 0.259255 -0.150276 0.222218 -0.1229529 0.222218 -0.09562999 0.259255 -0.09562999 0.222218 -0.06830698 0.222218 -0.06830698 0.259255 -0.06830698 0.222218 -0.04098397 0.222218 -0.04098397 0.259255 -0.04098397 0.222218 -0.01366096 0.222218 -0.01366096 0.259255 -0.01366096 0.222218 0.01366096 0.222218 0.01366096 0.259255 0.01366096 0.222218 0.04098397 0.222218 0.04098397 0.259255 0.04098397 0.222218 0.06830698 0.222218 0.06830698 0.259255 0.06830698 0.222218 0.09562999 0.222218 0.09562999 0.259255 0.09562999 0.222218 0.1229529 0.222218 0.150276 0.259255 0.150276 0.222218 0.177599 0.222218 0.177599 0.259255 0.177599 0.222218 0.204922 0.222218 0.204922 0.259255 0.204922 0.222218 0.232245 0.222218 0.232245 0.259255 0.232245 0.222218 0.259568 0.222218 0.259568 0.259255 0.259568 0.222218 0.286891 0.222218 0.286891 0.259255 0.286891 0.222218 0.314214 0.222218 0.314214 0.259255 0.314214 0.222218 0.341537 0.222218 0.341537 0.259255 0.341537 0.222218 0.36886 0.037036 -0.36886 0.07407295 -0.36886 0.037036 -0.341537 0.037036 -0.341537 0.07407295 -0.36886 0.07407295 -0.341537 0.037036 -0.341537 0.07407295 -0.341537 0.037036 -0.314214 0.037036 -0.314214 0.07407295 -0.341537 0.07407295 -0.314214 0.037036 -0.314214 0.07407295 -0.314214 0.037036 -0.286891 0.037036 -0.286891 0.07407295 -0.314214 0.07407295 -0.286891 0.037036 -0.286891 0.07407295 -0.286891 0.037036 -0.259568 0.037036 -0.259568 0.07407295 -0.286891 0.07407295 -0.259568 0.037036 -0.259568 0.07407295 -0.259568 0.037036 -0.232245 0.037036 -0.232245 0.07407295 -0.259568 0.07407295 -0.232245 0.037036 -0.232245 0.07407295 -0.232245 0.037036 -0.204922 0.037036 -0.204922 0.07407295 -0.232245 0.07407295 -0.204922 0.037036 -0.204922 0.07407295 -0.204922 0.037036 -0.177599 0.037036 -0.177599 0.07407295 -0.204922 0.07407295 -0.177599 0.037036 -0.177599 0.07407295 -0.177599 0.037036 -0.150276 0.037036 -0.150276 0.07407295 -0.177599 0.07407295 -0.150276 0.037036 -0.150276 0.07407295 -0.150276 0.037036 -0.1229529 0.037036 -0.1229529 0.07407295 -0.150276 0.07407295 -0.1229529 0.037036 -0.1229529 0.07407295 -0.1229529 0.037036 -0.09562999 0.037036 -0.09562999 0.07407295 -0.1229529 0.07407295 -0.09562999 0.037036 -0.09562999 0.07407295 -0.09562999 0.037036 -0.06830698 0.037036 -0.06830698 0.07407295 -0.09562999 0.07407295 -0.06830698 0.037036 -0.06830698 0.07407295 -0.06830698 0.037036 -0.04098397 0.037036 -0.04098397 0.07407295 -0.06830698 0.07407295 -0.04098397 0.037036 -0.04098397 0.07407295 -0.04098397 0.037036 -0.01366096 0.037036 -0.01366096 0.07407295 -0.04098397 0.07407295 -0.01366096 0.037036 -0.01366096 0.07407295 -0.01366096 0.037036 0.01366096 0.037036 0.01366096 0.07407295 -0.01366096 0.07407295 0.01366096 0.037036 0.01366096 0.07407295 0.01366096 0.037036 0.04098397 0.037036 0.04098397 0.07407295 0.01366096 0.07407295 0.04098397 0.037036 0.04098397 0.07407295 0.04098397 0.037036 0.06830698 0.037036 0.06830698 0.07407295 0.04098397 0.07407295 0.06830698 0.037036 0.06830698 0.07407295 0.06830698 0.037036 0.09562999 0.037036 0.09562999 0.07407295 0.06830698 0.07407295 0.09562999 0.037036 0.09562999 0.07407295 0.09562999 0.037036 0.1229529 0.037036 0.1229529 0.07407295 0.09562999 0.07407295 0.1229529 0.037036 0.1229529 0.07407295 0.1229529 0.037036 0.150276 0.037036 0.150276 0.07407295 0.1229529 0.07407295 0.150276 0.037036 0.150276 0.07407295 0.150276 0.037036 0.177599 0.037036 0.177599 0.07407295 0.150276 0.07407295 0.177599 0.037036 0.177599 0.07407295 0.177599 0.037036 0.204922 0.037036 0.204922 0.07407295 0.177599 0.07407295 0.204922 0.037036 0.204922 0.07407295 0.204922 0.037036 0.232245 0.037036 0.232245 0.07407295 0.204922 0.07407295 0.232245 0.037036 0.232245 0.07407295 0.232245 0.037036 0.259568 0.037036 0.259568 0.07407295 0.232245 0.07407295 0.259568 0.037036 0.259568 0.07407295 0.259568 0.037036 0.286891 0.037036 0.286891 0.07407295 0.259568 0.07407295 0.286891 0.037036 0.286891 0.07407295 0.286891 0.037036 0.314214 0.037036 0.314214 0.07407295 0.286891 0.07407295 0.314214 0.037036 0.314214 0.07407295 0.314214 0.037036 0.341537 0.037036 0.341537 0.07407295 0.314214 0.07407295 0.341537 0.037036 0.341537 0.07407295 0.341537 0.037036 0.36886 0.037036 0.36886 0.07407295 0.341537 0.07407295 0.36886 0.07407295 -0.36886 0.111109 -0.36886 0.07407295 -0.341537 0.07407295 -0.341537 0.111109 -0.36886 0.111109 -0.341537 0.07407295 -0.341537 0.111109 -0.341537 0.07407295 -0.314214 0.07407295 -0.314214 0.111109 -0.341537 0.111109 -0.314214 0.07407295 -0.314214 0.111109 -0.314214 0.07407295 -0.286891 0.07407295 -0.286891 0.111109 -0.314214 0.111109 -0.286891 0.07407295 -0.286891 0.111109 -0.286891 0.07407295 -0.259568 0.07407295 -0.259568 0.111109 -0.286891 0.111109 -0.259568 0.07407295 -0.259568 0.111109 -0.259568 0.07407295 -0.232245 0.07407295 -0.232245 0.111109 -0.259568 0.111109 -0.232245 0.07407295 -0.232245 0.111109 -0.232245 0.07407295 -0.204922 0.07407295 -0.204922 0.111109 -0.232245 0.111109 -0.204922 0.07407295 -0.204922 0.111109 -0.204922 0.07407295 -0.177599 0.07407295 -0.177599 0.111109 -0.204922 0.111109 -0.177599 0.07407295 -0.177599 0.111109 -0.177599 0.07407295 -0.150276 0.07407295 -0.150276 0.111109 -0.177599 0.111109 -0.150276 0.07407295 -0.150276 0.111109 -0.150276 0.07407295 -0.1229529 0.07407295 -0.1229529 0.111109 -0.150276 0.111109 -0.1229529 0.07407295 -0.1229529 0.111109 -0.1229529 0.07407295 -0.09562999 0.07407295 -0.09562999 0.111109 -0.1229529 0.111109 -0.09562999 0.07407295 -0.09562999 0.111109 -0.09562999 0.07407295 -0.06830698 0.07407295 -0.06830698 0.111109 -0.09562999 0.111109 -0.06830698 0.07407295 -0.06830698 0.111109 -0.06830698 0.07407295 -0.04098397 0.07407295 -0.04098397 0.111109 -0.06830698 0.111109 -0.04098397 0.07407295 -0.04098397 0.111109 -0.04098397 0.07407295 -0.01366096 0.07407295 -0.01366096 0.111109 -0.04098397 0.111109 -0.01366096 0.07407295 -0.01366096 0.111109 -0.01366096 0.07407295 0.01366096 0.07407295 0.01366096 0.111109 -0.01366096 0.111109 0.01366096 0.07407295 0.01366096 0.111109 0.01366096 0.07407295 0.04098397 0.07407295 0.04098397 0.111109 0.01366096 0.111109 0.04098397 0.07407295 0.04098397 0.111109 0.04098397 0.07407295 0.06830698 0.07407295 0.06830698 0.111109 0.04098397 0.111109 0.06830698 0.07407295 0.06830698 0.111109 0.06830698 0.07407295 0.09562999 0.07407295 0.09562999 0.111109 0.06830698 0.111109 0.09562999 0.07407295 0.09562999 0.111109 0.09562999 0.07407295 0.1229529 0.07407295 0.1229529 0.111109 0.09562999 0.111109 0.1229529 0.07407295 0.1229529 0.111109 0.1229529 0.07407295 0.150276 0.07407295 0.150276 0.111109 0.1229529 0.111109 0.150276 0.07407295 0.150276 0.111109 0.150276 0.07407295 0.177599 0.07407295 0.177599 0.111109 0.150276 0.111109 0.177599 0.07407295 0.177599 0.111109 0.177599 0.07407295 0.204922 0.07407295 0.204922 0.111109 0.177599 0.111109 0.204922 0.07407295 0.204922 0.111109 0.204922 0.07407295 0.232245 0.07407295 0.232245 0.111109 0.204922 0.111109 0.232245 0.07407295 0.232245 0.111109 0.232245 0.07407295 0.259568 0.07407295 0.259568 0.111109 0.232245 0.111109 0.259568 0.07407295 0.259568 0.111109 0.259568 0.07407295 0.286891 0.07407295 0.286891 0.111109 0.259568 0.111109 0.286891 0.07407295 0.286891 0.111109 0.286891 0.07407295 0.314214 0.07407295 0.314214 0.111109 0.286891 0.111109 0.314214 0.07407295 0.314214 0.111109 0.314214 0.07407295 0.341537 0.07407295 0.341537 0.111109 0.314214 0.111109 0.341537 0.07407295 0.341537 0.111109 0.341537 0.07407295 0.36886 0.07407295 0.36886 0.111109 0.341537 0.111109 0.36886 0.111109 -0.36886 0.148145 -0.36886 0.111109 -0.341537 0.111109 -0.341537 0.148145 -0.36886 0.148145 -0.341537 0.111109 -0.341537 0.148145 -0.341537 0.111109 -0.314214 0.111109 -0.314214 0.148145 -0.341537 0.148145 -0.314214 0.111109 -0.314214 0.148145 -0.314214 0.111109 -0.286891 0.111109 -0.286891 0.148145 -0.314214 0.148145 -0.286891 0.111109 -0.286891 0.148145 -0.286891 0.111109 -0.259568 0.111109 -0.259568 0.148145 -0.286891 0.148145 -0.259568 0.111109 -0.259568 0.148145 -0.259568 0.111109 -0.232245 0.111109 -0.232245 0.148145 -0.259568 0.148145 -0.232245 0.111109 -0.232245 0.148145 -0.232245 0.111109 -0.204922 0.111109 -0.204922 0.148145 -0.232245 0.148145 -0.204922 0.111109 -0.204922 0.148145 -0.204922 0.111109 -0.177599 0.111109 -0.177599 0.148145 -0.204922 0.148145 -0.177599 0.111109 -0.177599 0.148145 -0.177599 0.111109 -0.150276 0.111109 -0.150276 0.148145 -0.177599 0.148145 -0.150276 0.111109 -0.150276 0.148145 -0.150276 0.111109 -0.1229529 0.111109 -0.1229529 0.148145 -0.150276 0.148145 -0.1229529 0.111109 -0.1229529 0.148145 -0.1229529 0.111109 -0.09562999 0.111109 -0.09562999 0.148145 -0.1229529 0.148145 -0.09562999 0.111109 -0.09562999 0.148145 -0.09562999 0.111109 -0.06830698 0.111109 -0.06830698 0.148145 -0.09562999 0.148145 -0.06830698 0.111109 -0.06830698 0.148145 -0.06830698 0.111109 -0.04098397 0.111109 -0.04098397 0.148145 -0.06830698 0.148145 -0.04098397 0.111109 -0.04098397 0.148145 -0.04098397 0.111109 -0.01366096 0.111109 -0.01366096 0.148145 -0.04098397 0.148145 -0.01366096 0.111109 -0.01366096 0.148145 -0.01366096 0.111109 0.01366096 0.111109 0.01366096 0.148145 -0.01366096 0.148145 0.01366096 0.111109 0.01366096 0.148145 0.01366096 0.111109 0.04098397 0.111109 0.04098397 0.148145 0.01366096 0.148145 0.04098397 0.111109 0.04098397 0.148145 0.04098397 0.111109 0.06830698 0.111109 0.06830698 0.148145 0.04098397 0.148145 0.06830698 0.111109 0.06830698 0.148145 0.06830698 0.111109 0.09562999 0.111109 0.09562999 0.148145 0.06830698 0.148145 0.09562999 0.111109 0.09562999 0.148145 0.09562999 0.111109 0.1229529 0.111109 0.1229529 0.148145 0.09562999 0.148145 0.1229529 0.111109 0.1229529 0.148145 0.1229529 0.111109 0.150276 0.111109 0.150276 0.148145 0.1229529 0.148145 0.150276 0.111109 0.150276 0.148145 0.150276 0.111109 0.177599 0.111109 0.177599 0.148145 0.150276 0.148145 0.177599 0.111109 0.177599 0.148145 0.177599 0.111109 0.204922 0.111109 0.204922 0.148145 0.177599 0.148145 0.204922 0.111109 0.204922 0.148145 0.204922 0.111109 0.232245 0.111109 0.232245 0.148145 0.204922 0.148145 0.232245 0.111109 0.232245 0.148145 0.232245 0.111109 0.259568 0.111109 0.259568 0.148145 0.232245 0.148145 0.259568 0.111109 0.259568 0.148145 0.259568 0.111109 0.286891 0.111109 0.286891 0.148145 0.259568 0.148145 0.286891 0.111109 0.286891 0.148145 0.286891 0.111109 0.314214 0.111109 0.314214 0.148145 0.286891 0.148145 0.314214 0.111109 0.314214 0.148145 0.314214 0.111109 0.341537 0.111109 0.341537 0.148145 0.314214 0.148145 0.341537 0.111109 0.341537 0.148145 0.341537 0.111109 0.36886 0.111109 0.36886 0.148145 0.341537 0.148145 0.36886 0.148145 -0.36886 0.185182 -0.36886 0.148145 -0.341537 0.148145 -0.341537 0.185182 -0.36886 0.185182 -0.341537 0.148145 -0.341537 0.185182 -0.341537 0.148145 -0.314214 0.148145 -0.314214 0.185182 -0.341537 0.185182 -0.314214 0.148145 -0.314214 0.185182 -0.314214 0.148145 -0.286891 0.148145 -0.286891 0.185182 -0.314214 0.185182 -0.286891 0.148145 -0.286891 0.185182 -0.286891 0.148145 -0.259568 0.148145 -0.259568 0.185182 -0.286891 0.185182 -0.259568 0.148145 -0.259568 0.185182 -0.259568 0.148145 -0.232245 0.148145 -0.232245 0.185182 -0.259568 0.185182 -0.232245 0.148145 -0.232245 0.185182 -0.232245 0.148145 -0.204922 0.148145 -0.204922 0.185182 -0.232245 0.185182 -0.204922 0.148145 -0.204922 0.185182 -0.204922 0.148145 -0.177599 0.148145 -0.177599 0.185182 -0.204922 0.185182 -0.177599 0.148145 -0.177599 0.185182 -0.177599 0.148145 -0.150276 0.148145 -0.150276 0.185182 -0.177599 0.185182 -0.150276 0.148145 -0.150276 0.185182 -0.150276 0.148145 -0.1229529 0.148145 -0.1229529 0.185182 -0.150276 0.185182 -0.1229529 0.148145 -0.1229529 0.185182 -0.1229529 0.148145 -0.09562999 0.148145 -0.09562999 0.185182 -0.1229529 0.185182 -0.09562999 0.148145 -0.09562999 0.185182 -0.09562999 0.148145 -0.06830698 0.148145 -0.06830698 0.185182 -0.09562999 0.185182 -0.06830698 0.148145 -0.06830698 0.185182 -0.06830698 0.148145 -0.04098397 0.148145 -0.04098397 0.185182 -0.06830698 0.185182 -0.04098397 0.148145 -0.04098397 0.185182 -0.04098397 0.148145 -0.01366096 0.148145 -0.01366096 0.185182 -0.04098397 0.185182 -0.01366096 0.148145 -0.01366096 0.185182 -0.01366096 0.148145 0.01366096 0.148145 0.01366096 0.185182 -0.01366096 0.185182 0.01366096 0.148145 0.01366096 0.185182 0.01366096 0.148145 0.04098397 0.148145 0.04098397 0.185182 0.01366096 0.185182 0.04098397 0.148145 0.04098397 0.185182 0.04098397 0.148145 0.06830698 0.148145 0.06830698 0.185182 0.04098397 0.185182 0.06830698 0.148145 0.06830698 0.185182 0.06830698 0.148145 0.09562999 0.148145 0.09562999 0.185182 0.06830698 0.185182 0.09562999 0.148145 0.09562999 0.185182 0.09562999 0.148145 0.1229529 0.148145 0.1229529 0.185182 0.09562999 0.185182 0.1229529 0.148145 0.1229529 0.185182 0.1229529 0.148145 0.150276 0.148145 0.150276 0.185182 0.1229529 0.185182 0.150276 0.148145 0.150276 0.185182 0.150276 0.148145 0.177599 0.148145 0.177599 0.185182 0.150276 0.185182 0.177599 0.148145 0.177599 0.185182 0.177599 0.148145 0.204922 0.148145 0.204922 0.185182 0.177599 0.185182 0.204922 0.148145 0.204922 0.185182 0.204922 0.148145 0.232245 0.148145 0.232245 0.185182 0.204922 0.185182 0.232245 0.148145 0.232245 0.185182 0.232245 0.148145 0.259568 0.148145 0.259568 0.185182 0.232245 0.185182 0.259568 0.148145 0.259568 0.185182 0.259568 0.148145 0.286891 0.148145 0.286891 0.185182 0.259568 0.185182 0.286891 0.148145 0.286891 0.185182 0.286891 0.148145 0.314214 0.148145 0.314214 0.185182 0.286891 0.185182 0.314214 0.148145 0.314214 0.185182 0.314214 0.148145 0.341537 0.148145 0.341537 0.185182 0.314214 0.185182 0.341537 0.148145 0.341537 0.185182 0.341537 0.148145 0.36886 0.148145 0.36886 0.185182 0.341537 0.185182 0.36886 0.185182 -0.36886 0.222218 -0.36886 0.185182 -0.341537 0.185182 -0.341537 0.222218 -0.36886 0.222218 -0.341537 0.185182 -0.341537 0.222218 -0.341537 0.185182 -0.314214 0.185182 -0.314214 0.222218 -0.341537 0.222218 -0.314214 0.185182 -0.314214 0.222218 -0.314214 0.185182 -0.286891 0.185182 -0.286891 0.222218 -0.314214 0.222218 -0.286891 0.185182 -0.286891 0.222218 -0.286891 0.185182 -0.259568 0.185182 -0.259568 0.222218 -0.286891 0.222218 -0.259568 0.185182 -0.259568 0.222218 -0.259568 0.185182 -0.232245 0.185182 -0.232245 0.222218 -0.259568 0.222218 -0.232245 0.185182 -0.232245 0.222218 -0.232245 0.185182 -0.204922 0.185182 -0.204922 0.222218 -0.232245 0.222218 -0.204922 0.185182 -0.204922 0.222218 -0.204922 0.185182 -0.177599 0.185182 -0.177599 0.222218 -0.204922 0.222218 -0.177599 0.185182 -0.177599 0.222218 -0.177599 0.185182 -0.150276 0.185182 -0.150276 0.222218 -0.177599 0.222218 -0.150276 0.185182 -0.150276 0.222218 -0.150276 0.185182 -0.1229529 0.185182 -0.1229529 0.222218 -0.150276 0.222218 -0.1229529 0.185182 -0.1229529 0.222218 -0.1229529 0.185182 -0.09562999 0.185182 -0.09562999 0.222218 -0.1229529 0.222218 -0.09562999 0.185182 -0.09562999 0.222218 -0.09562999 0.185182 -0.06830698 0.185182 -0.06830698 0.222218 -0.09562999 0.222218 -0.06830698 0.185182 -0.06830698 0.222218 -0.06830698 0.185182 -0.04098397 0.185182 -0.04098397 0.222218 -0.06830698 0.222218 -0.04098397 0.185182 -0.04098397 0.222218 -0.04098397 0.185182 -0.01366096 0.185182 -0.01366096 0.222218 -0.04098397 0.222218 -0.01366096 0.185182 -0.01366096 0.222218 -0.01366096 0.185182 0.01366096 0.185182 0.01366096 0.222218 -0.01366096 0.222218 0.01366096 0.185182 0.01366096 0.222218 0.01366096 0.185182 0.04098397 0.185182 0.04098397 0.222218 0.01366096 0.222218 0.04098397 0.185182 0.04098397 0.222218 0.04098397 0.185182 0.06830698 0.185182 0.06830698 0.222218 0.04098397 0.222218 0.06830698 0.185182 0.06830698 0.222218 0.06830698 0.185182 0.09562999 0.185182 0.09562999 0.222218 0.06830698 0.222218 0.09562999 0.185182 0.09562999 0.222218 0.09562999 0.185182 0.1229529 0.185182 0.1229529 0.222218 0.09562999 0.222218 0.1229529 0.185182 0.1229529 0.222218 0.1229529 0.185182 0.150276 0.185182 0.150276 0.222218 0.1229529 0.222218 0.150276 0.185182 0.150276 0.222218 0.150276 0.185182 0.177599 0.185182 0.177599 0.222218 0.150276 0.222218 0.177599 0.185182 0.177599 0.222218 0.177599 0.185182 0.204922 0.185182 0.204922 0.222218 0.177599 0.222218 0.204922 0.185182 0.204922 0.222218 0.204922 0.185182 0.232245 0.185182 0.232245 0.222218 0.204922 0.222218 0.232245 0.185182 0.232245 0.222218 0.232245 0.185182 0.259568 0.185182 0.259568 0.222218 0.232245 0.222218 0.259568 0.185182 0.259568 0.222218 0.259568 0.185182 0.286891 0.185182 0.286891 0.222218 0.259568 0.222218 0.286891 0.185182 0.286891 0.222218 0.286891 0.185182 0.314214 0.185182 0.314214 0.222218 0.286891 0.222218 0.314214 0.185182 0.314214 0.222218 0.314214 0.185182 0.341537 0.185182 0.341537 0.222218 0.314214 0.222218 0.341537 0.185182 0.341537 0.222218 0.341537 0.185182 0.36886 0.185182 0.36886 0.222218 0.341537 0.222218 0.36886 0.222218 -0.1229529 0.259255 -0.1229529 0.222218 -0.09562999 0.222218 0.1229529 0.259255 0.1229529 0.222218 0.150276 0.02458798 -0.03459697 0.02458798 0 -0.02458798 0 -0.02458798 0 0.02458798 0 0.02458798 0.03459697 -0.02458798 0 0.02458798 0.03459697 -0.02458798 0.03892195 -0.02458798 0.03892195 0.02458798 0.03459697 0.02458798 0.06919395 -0.02458798 0.03892195 0.02458798 0.06919395 -0.02458798 0.07784396 -0.02458798 0.07784396 0.02458798 0.06919395 0.02458798 0.103792 -0.02458798 0.07784396 0.02458798 0.103792 -0.02458798 0.116766 -0.02458798 0.116766 0.02458798 0.103792 0.02458798 0.138389 -0.02458798 0.116766 0.02458798 0.138389 -0.02458798 0.155688 -0.02458798 0.155688 0.02458798 0.138389 0.02458798 0.172986 -0.02458798 0.155688 0.02458798 0.172986 -0.02458798 0.194609 -0.02458798 0.194609 0.02458798 0.172986 0.02458798 0.207583 -0.02458798 0.194609 0.02458798 0.207583 -0.02458798 0.2335309 -0.02458798 0.2335309 0.02458798 0.207583 0.02458798 0.242181 -0.02458798 0.2335309 0.02458798 0.242181 -0.02458798 0.272453 -0.02458798 0.272453 0.02458798 0.242181 0.02458798 0.276778 -0.02458798 0.272453 0.02458798 0.276778 -0.02458798 0.311375 -0.02458798 0.311375 0.02458798 0.276778 0.02458798 0.311375 -0.02458798 0.311375 0.02458798 0.311375 0.02458798 0.345972 -0.02458798 0.311375 0.02458798 0.345972 -0.02458798 0.350297 -0.02458798 0.350297 0.02458798 0.345972 0.02458798 0.38057 -0.02458798 0.350297 0.02458798 0.38057 -0.02458798 0.389219 -0.02458798 0.389219 0.02458798 0.38057 0.02458798 0.415167 -0.02458798 0.389219 0.02458798 0.415167 -0.02458798 0.428141 -0.02458798 0.428141 0.02458798 0.415167 0.02458798 0.449764 -0.02458798 0.428141 0.02458798 0.449764 -0.02458798 0.467063 -0.02458798 -0.467063 0.02458798 -0.484361 0.02458798 -0.449764 -0.02458798 -0.467063 0.02458798 -0.449764 -0.02458798 -0.428141 -0.02458798 -0.428141 0.02458798 -0.449764 0.02458798 -0.415167 -0.02458798 -0.428141 0.02458798 -0.415167 -0.02458798 -0.389219 -0.02458798 -0.389219 0.02458798 -0.415167 0.02458798 -0.38057 -0.02458798 -0.389219 0.02458798 -0.38057 -0.02458798 -0.350297 -0.02458798 -0.350297 0.02458798 -0.38057 0.02458798 -0.345972 -0.02458798 -0.350297 0.02458798 -0.345972 -0.02458798 -0.311375 -0.02458798 -0.311375 0.02458798 -0.345972 0.02458798 -0.311375 -0.02458798 -0.311375 0.02458798 -0.311375 0.02458798 -0.276778 -0.02458798 -0.311375 0.02458798 -0.276778 -0.02458798 -0.272453 -0.02458798 -0.272453 0.02458798 -0.276778 0.02458798 -0.242181 -0.02458798 -0.272453 0.02458798 -0.242181 -0.02458798 -0.2335309 -0.02458798 -0.2335309 0.02458798 -0.242181 0.02458798 -0.207583 -0.02458798 -0.2335309 0.02458798 -0.207583 -0.02458798 -0.194609 -0.02458798 -0.194609 0.02458798 -0.207583 0.02458798 -0.172986 -0.02458798 -0.194609 0.02458798 -0.172986 -0.02458798 -0.155688 -0.02458798 -0.155688 0.02458798 -0.172986 0.02458798 -0.138389 -0.02458798 -0.155688 0.02458798 -0.138389 -0.02458798 -0.116766 -0.02458798 -0.116766 0.02458798 -0.138389 0.02458798 -0.103792 -0.02458798 -0.116766 0.02458798 -0.103792 -0.02458798 -0.07784396 -0.02458798 -0.07784396 0.02458798 -0.103792 0.02458798 -0.06919395 -0.02458798 -0.07784396 0.02458798 -0.06919395 -0.02458798 -0.03892195 -0.02458798 -0.03892195 0.02458798 -0.06919395 0.02458798 -0.03459697 -0.02458798 -0.03892195 0.02458798 -0.03459697 -0.02458798 0 -0.101657 0.218623 -0.113175 0.1998839 -0.101657 0.187391 -0.101657 0.187391 -0.113175 0.1998839 -0.113175 0.174898 -0.101657 0.187391 -0.113175 0.174898 -0.101657 0.156159 -0.101657 0.156159 -0.113175 0.174898 -0.113175 0.149913 -0.101657 0.156159 -0.113175 0.149913 -0.101657 0.124927 -0.101657 0.124927 -0.113175 0.149913 -0.113175 0.124927 -0.101657 0.124927 -0.113175 0.124927 -0.113175 0.09994196 -0.113175 0.09994196 -0.113175 0.124927 -0.124693 0.124927 -0.113175 0.09994196 -0.124693 0.124927 -0.124693 0.09994196 -0.124693 0.09994196 -0.124693 0.124927 -0.136211 0.124927 -0.124693 0.09994196 -0.136211 0.124927 -0.136211 0.09994196 -0.136211 0.09994196 -0.136211 0.124927 -0.147729 0.124927 -0.136211 0.09994196 -0.147729 0.124927 -0.147729 0.09369498 -0.113175 0.1998839 -0.101657 0.218623 -0.113175 0.224869 -0.113175 0.224869 -0.101657 0.218623 -0.101657 0.249854 -0.113175 0.224869 -0.101657 0.249854 -0.113175 0.249854 -0.113175 0.249854 -0.101657 0.249854 -0.113175 0.27484 -0.113175 0.249854 -0.113175 0.27484 -0.124693 0.27484 -0.124693 0.27484 -0.113175 0.27484 -0.124693 0.299825 -0.124693 0.27484 -0.124693 0.299825 -0.136211 0.299825 -0.136211 0.299825 -0.124693 0.299825 -0.136211 0.324811 -0.136211 0.299825 -0.136211 0.324811 -0.147729 0.312318 -0.147729 0.312318 -0.136211 0.324811 -0.147729 0.34355 -0.147729 0.34355 -0.136211 0.324811 -0.136211 0.349796 -0.147729 0.34355 -0.136211 0.349796 -0.147729 0.374782 -0.147729 0.374782 -0.136211 0.349796 -0.136211 0.374782 -0.147729 -0.374782 -0.136211 -0.374782 -0.136211 -0.349796 -0.136211 -0.349796 -0.136211 -0.374782 -0.124693 -0.374782 -0.136211 -0.349796 -0.124693 -0.374782 -0.124693 -0.349796 -0.124693 -0.349796 -0.124693 -0.374782 -0.113175 -0.374782 -0.124693 -0.349796 -0.113175 -0.374782 -0.113175 -0.349796 -0.113175 -0.349796 -0.113175 -0.374782 -0.101657 -0.374782 -0.113175 -0.349796 -0.101657 -0.374782 -0.101657 -0.34355 -0.101657 0.249854 -0.101657 0.281086 -0.113175 0.27484 -0.113175 0.27484 -0.101657 0.281086 -0.113175 0.299825 -0.113175 0.27484 -0.113175 0.299825 -0.124693 0.299825 -0.124693 0.299825 -0.113175 0.299825 -0.124693 0.324811 -0.124693 0.299825 -0.124693 0.324811 -0.136211 0.324811 -0.136211 0.324811 -0.124693 0.324811 -0.136211 0.349796 -0.101657 0.281086 -0.101657 0.312318 -0.113175 0.299825 -0.113175 0.299825 -0.101657 0.312318 -0.113175 0.324811 -0.113175 0.299825 -0.113175 0.324811 -0.124693 0.324811 -0.124693 0.324811 -0.113175 0.324811 -0.124693 0.349796 -0.124693 0.324811 -0.124693 0.349796 -0.136211 0.349796 -0.136211 0.349796 -0.124693 0.349796 -0.136211 0.374782 -0.101657 0.312318 -0.101657 0.34355 -0.113175 0.324811 -0.113175 0.324811 -0.101657 0.34355 -0.113175 0.349796 -0.113175 0.324811 -0.113175 0.349796 -0.124693 0.349796 -0.124693 0.349796 -0.113175 0.349796 -0.124693 0.374782 -0.124693 0.349796 -0.124693 0.374782 -0.136211 0.374782 -0.101657 0.34355 -0.101657 0.374782 -0.113175 0.349796 -0.113175 0.349796 -0.101657 0.374782 -0.113175 0.374782 -0.113175 0.349796 -0.113175 0.374782 -0.124693 0.374782 -0.113175 -0.349796 -0.101657 -0.34355 -0.113175 -0.324811 -0.113175 -0.324811 -0.101657 -0.34355 -0.101657 -0.312318 -0.113175 -0.324811 -0.101657 -0.312318 -0.113175 -0.299825 -0.113175 -0.299825 -0.101657 -0.312318 -0.101657 -0.281086 -0.113175 -0.299825 -0.101657 -0.281086 -0.113175 -0.27484 -0.113175 -0.27484 -0.101657 -0.281086 -0.101657 -0.249854 -0.113175 -0.27484 -0.101657 -0.249854 -0.113175 -0.249854 -0.113175 -0.249854 -0.101657 -0.249854 -0.113175 -0.224869 -0.113175 -0.249854 -0.113175 -0.224869 -0.124693 -0.224869 -0.124693 -0.224869 -0.113175 -0.224869 -0.124693 -0.1998839 -0.124693 -0.224869 -0.124693 -0.1998839 -0.136211 -0.1998839 -0.136211 -0.1998839 -0.124693 -0.1998839 -0.136211 -0.174898 -0.136211 -0.1998839 -0.136211 -0.174898 -0.147729 -0.187391 -0.147729 -0.187391 -0.136211 -0.174898 -0.147729 -0.156159 -0.147729 -0.156159 -0.136211 -0.174898 -0.136211 -0.149913 -0.147729 -0.156159 -0.136211 -0.149913 -0.147729 -0.124927 -0.147729 -0.124927 -0.136211 -0.149913 -0.136211 -0.124927 -0.147729 -0.124927 -0.136211 -0.124927 -0.136211 -0.09994196 -0.136211 -0.09994196 -0.136211 -0.124927 -0.124693 -0.124927 -0.136211 -0.09994196 -0.124693 -0.124927 -0.124693 -0.09994196 -0.124693 -0.09994196 -0.124693 -0.124927 -0.113175 -0.124927 -0.124693 -0.09994196 -0.113175 -0.124927 -0.113175 -0.09994196 -0.113175 -0.09994196 -0.113175 -0.124927 -0.101657 -0.124927 -0.113175 -0.09994196 -0.101657 -0.124927 -0.101657 -0.09369498 -0.101657 -0.249854 -0.101657 -0.218623 -0.113175 -0.224869 -0.113175 -0.224869 -0.101657 -0.218623 -0.113175 -0.1998839 -0.113175 -0.224869 -0.113175 -0.1998839 -0.124693 -0.1998839 -0.124693 -0.1998839 -0.113175 -0.1998839 -0.124693 -0.174898 -0.124693 -0.1998839 -0.124693 -0.174898 -0.136211 -0.174898 -0.136211 -0.174898 -0.124693 -0.174898 -0.136211 -0.149913 -0.101657 -0.218623 -0.101657 -0.187391 -0.113175 -0.1998839 -0.113175 -0.1998839 -0.101657 -0.187391 -0.113175 -0.174898 -0.113175 -0.1998839 -0.113175 -0.174898 -0.124693 -0.174898 -0.124693 -0.174898 -0.113175 -0.174898 -0.124693 -0.149913 -0.124693 -0.174898 -0.124693 -0.149913 -0.136211 -0.149913 -0.136211 -0.149913 -0.124693 -0.149913 -0.136211 -0.124927 -0.101657 -0.187391 -0.101657 -0.156159 -0.113175 -0.174898 -0.113175 -0.174898 -0.101657 -0.156159 -0.113175 -0.149913 -0.113175 -0.174898 -0.113175 -0.149913 -0.124693 -0.149913 -0.124693 -0.149913 -0.113175 -0.149913 -0.124693 -0.124927 -0.124693 -0.149913 -0.124693 -0.124927 -0.136211 -0.124927 -0.101657 -0.156159 -0.101657 -0.124927 -0.113175 -0.149913 -0.113175 -0.149913 -0.101657 -0.124927 -0.113175 -0.124927 -0.113175 -0.149913 -0.113175 -0.124927 -0.124693 -0.124927 -0.113175 -0.09994196 -0.101657 -0.09369498 -0.113175 -0.07495599 -0.113175 -0.07495599 -0.101657 -0.09369498 -0.101657 -0.06246399 -0.113175 -0.07495599 -0.101657 -0.06246399 -0.113175 -0.04997098 -0.113175 -0.04997098 -0.101657 -0.06246399 -0.101657 -0.03123199 -0.113175 -0.04997098 -0.101657 -0.03123199 -0.113175 -0.02498495 -0.113175 -0.02498495 -0.101657 -0.03123199 -0.101657 0 -0.113175 -0.02498495 -0.101657 0 -0.113175 0 -0.113175 0 -0.101657 0 -0.113175 0.02498495 -0.113175 0 -0.113175 0.02498495 -0.124693 0.02498495 -0.124693 0.02498495 -0.113175 0.02498495 -0.124693 0.04997098 -0.124693 0.02498495 -0.124693 0.04997098 -0.136211 0.04997098 -0.136211 0.04997098 -0.124693 0.04997098 -0.136211 0.07495599 -0.136211 0.04997098 -0.136211 0.07495599 -0.147729 0.06246399 -0.147729 0.06246399 -0.136211 0.07495599 -0.147729 0.09369498 -0.147729 0.09369498 -0.136211 0.07495599 -0.136211 0.09994196 -0.101657 0 -0.101657 0.03123199 -0.113175 0.02498495 -0.113175 0.02498495 -0.101657 0.03123199 -0.113175 0.04997098 -0.113175 0.02498495 -0.113175 0.04997098 -0.124693 0.04997098 -0.124693 0.04997098 -0.113175 0.04997098 -0.124693 0.07495599 -0.124693 0.04997098 -0.124693 0.07495599 -0.136211 0.07495599 -0.136211 0.07495599 -0.124693 0.07495599 -0.136211 0.09994196 -0.101657 0.03123199 -0.101657 0.06246399 -0.113175 0.04997098 -0.113175 0.04997098 -0.101657 0.06246399 -0.113175 0.07495599 -0.113175 0.04997098 -0.113175 0.07495599 -0.124693 0.07495599 -0.124693 0.07495599 -0.113175 0.07495599 -0.124693 0.09994196 -0.124693 0.07495599 -0.124693 0.09994196 -0.136211 0.09994196 -0.101657 0.06246399 -0.101657 0.09369498 -0.113175 0.07495599 -0.113175 0.07495599 -0.101657 0.09369498 -0.113175 0.09994196 -0.113175 0.07495599 -0.113175 0.09994196 -0.124693 0.09994196 -0.101657 0.09369498 -0.101657 0.124927 -0.113175 0.09994196 -0.147729 0.156159 -0.136211 0.174898 -0.147729 0.187391 -0.147729 0.187391 -0.136211 0.174898 -0.136211 0.1998839 -0.147729 0.187391 -0.136211 0.1998839 -0.147729 0.218623 -0.147729 0.218623 -0.136211 0.1998839 -0.136211 0.224869 -0.147729 0.218623 -0.136211 0.224869 -0.147729 0.249854 -0.147729 0.249854 -0.136211 0.224869 -0.136211 0.249854 -0.147729 0.249854 -0.136211 0.249854 -0.136211 0.27484 -0.136211 0.27484 -0.136211 0.249854 -0.124693 0.249854 -0.136211 0.27484 -0.124693 0.249854 -0.124693 0.27484 -0.124693 0.27484 -0.124693 0.249854 -0.113175 0.249854 -0.136211 0.174898 -0.147729 0.156159 -0.136211 0.149913 -0.136211 0.149913 -0.147729 0.156159 -0.147729 0.124927 -0.136211 0.149913 -0.147729 0.124927 -0.136211 0.124927 -0.147729 0.06246399 -0.147729 0.03123199 -0.136211 0.04997098 -0.136211 0.04997098 -0.147729 0.03123199 -0.136211 0.02498495 -0.136211 0.04997098 -0.136211 0.02498495 -0.124693 0.02498495 -0.124693 0.02498495 -0.136211 0.02498495 -0.124693 0 -0.124693 0.02498495 -0.124693 0 -0.113175 0 -0.113175 0 -0.124693 0 -0.113175 -0.02498495 -0.147729 0.03123199 -0.147729 0 -0.136211 0.02498495 -0.136211 0.02498495 -0.147729 0 -0.136211 0 -0.136211 0.02498495 -0.136211 0 -0.124693 0 -0.124693 0 -0.136211 0 -0.124693 -0.02498495 -0.124693 0 -0.124693 -0.02498495 -0.113175 -0.02498495 -0.113175 -0.02498495 -0.124693 -0.02498495 -0.113175 -0.04997098 -0.136211 0 -0.147729 0 -0.136211 -0.02498495 -0.136211 -0.02498495 -0.147729 0 -0.147729 -0.03123199 -0.136211 -0.02498495 -0.147729 -0.03123199 -0.136211 -0.04997098 -0.136211 -0.04997098 -0.147729 -0.03123199 -0.147729 -0.06246399 -0.136211 -0.04997098 -0.147729 -0.06246399 -0.136211 -0.07495599 -0.136211 -0.07495599 -0.147729 -0.06246399 -0.147729 -0.09369498 -0.136211 -0.07495599 -0.147729 -0.09369498 -0.136211 -0.09994196 -0.136211 -0.09994196 -0.147729 -0.09369498 -0.147729 -0.124927 -0.147729 -0.187391 -0.147729 -0.218623 -0.136211 -0.1998839 -0.136211 -0.1998839 -0.147729 -0.218623 -0.136211 -0.224869 -0.136211 -0.1998839 -0.136211 -0.224869 -0.124693 -0.224869 -0.124693 -0.224869 -0.136211 -0.224869 -0.124693 -0.249854 -0.124693 -0.224869 -0.124693 -0.249854 -0.113175 -0.249854 -0.113175 -0.249854 -0.124693 -0.249854 -0.113175 -0.27484 -0.147729 -0.218623 -0.147729 -0.249854 -0.136211 -0.224869 -0.136211 -0.224869 -0.147729 -0.249854 -0.136211 -0.249854 -0.136211 -0.224869 -0.136211 -0.249854 -0.124693 -0.249854 -0.124693 -0.249854 -0.136211 -0.249854 -0.124693 -0.27484 -0.124693 -0.249854 -0.124693 -0.27484 -0.113175 -0.27484 -0.113175 -0.27484 -0.124693 -0.27484 -0.113175 -0.299825 -0.136211 -0.249854 -0.147729 -0.249854 -0.136211 -0.27484 -0.136211 -0.27484 -0.147729 -0.249854 -0.147729 -0.281086 -0.136211 -0.27484 -0.147729 -0.281086 -0.136211 -0.299825 -0.136211 -0.299825 -0.147729 -0.281086 -0.147729 -0.312318 -0.136211 -0.299825 -0.147729 -0.312318 -0.136211 -0.324811 -0.136211 -0.324811 -0.147729 -0.312318 -0.147729 -0.34355 -0.136211 -0.324811 -0.147729 -0.34355 -0.136211 -0.349796 -0.136211 -0.349796 -0.147729 -0.34355 -0.147729 -0.374782 -0.147729 0.312318 -0.147729 0.281086 -0.136211 0.299825 -0.136211 0.299825 -0.147729 0.281086 -0.136211 0.27484 -0.136211 0.299825 -0.136211 0.27484 -0.124693 0.27484 -0.147729 0.281086 -0.147729 0.249854 -0.136211 0.27484 -0.113175 0.1998839 -0.124693 0.1998839 -0.113175 0.174898 -0.113175 0.174898 -0.124693 0.1998839 -0.124693 0.174898 -0.113175 0.174898 -0.124693 0.174898 -0.113175 0.149913 -0.113175 0.149913 -0.124693 0.174898 -0.124693 0.149913 -0.113175 0.149913 -0.124693 0.149913 -0.113175 0.124927 -0.113175 0.124927 -0.124693 0.149913 -0.124693 0.124927 -0.124693 0.1998839 -0.136211 0.1998839 -0.124693 0.174898 -0.124693 0.174898 -0.136211 0.1998839 -0.136211 0.174898 -0.124693 0.174898 -0.136211 0.174898 -0.124693 0.149913 -0.124693 0.149913 -0.136211 0.174898 -0.136211 0.149913 -0.124693 0.149913 -0.136211 0.149913 -0.124693 0.124927 -0.124693 0.124927 -0.136211 0.149913 -0.136211 0.124927 -0.124693 0.1998839 -0.113175 0.1998839 -0.124693 0.224869 -0.124693 0.224869 -0.113175 0.1998839 -0.113175 0.224869 -0.124693 0.224869 -0.113175 0.224869 -0.124693 0.249854 -0.124693 0.249854 -0.113175 0.224869 -0.113175 0.249854 -0.136211 0.1998839 -0.124693 0.1998839 -0.136211 0.224869 -0.136211 0.224869 -0.124693 0.1998839 -0.124693 0.224869 -0.136211 0.224869 -0.124693 0.224869 -0.136211 0.249854 -0.136211 0.249854 -0.124693 0.224869 -0.124693 0.249854 -0.136211 -0.324811 -0.136211 -0.349796 -0.124693 -0.349796 -0.124693 -0.349796 -0.113175 -0.349796 -0.124693 -0.324811 -0.124693 -0.324811 -0.113175 -0.349796 -0.113175 -0.324811 -0.124693 -0.324811 -0.113175 -0.324811 -0.124693 -0.299825 -0.124693 -0.299825 -0.113175 -0.324811 -0.113175 -0.299825 -0.124693 -0.299825 -0.113175 -0.299825 -0.124693 -0.27484 -0.136211 -0.299825 -0.136211 -0.324811 -0.124693 -0.324811 -0.124693 -0.324811 -0.136211 -0.324811 -0.124693 -0.349796 -0.136211 -0.299825 -0.124693 -0.324811 -0.124693 -0.299825 -0.136211 -0.27484 -0.136211 -0.299825 -0.124693 -0.299825 -0.136211 -0.27484 -0.124693 -0.299825 -0.124693 -0.27484 -0.136211 -0.249854 -0.136211 -0.27484 -0.124693 -0.27484 -0.136211 -0.07495599 -0.136211 -0.09994196 -0.124693 -0.09994196 -0.124693 -0.09994196 -0.113175 -0.09994196 -0.124693 -0.07495599 -0.124693 -0.07495599 -0.113175 -0.09994196 -0.113175 -0.07495599 -0.124693 -0.07495599 -0.113175 -0.07495599 -0.124693 -0.04997098 -0.124693 -0.04997098 -0.113175 -0.07495599 -0.113175 -0.04997098 -0.124693 -0.04997098 -0.113175 -0.04997098 -0.124693 -0.02498495 -0.136211 -0.04997098 -0.136211 -0.07495599 -0.124693 -0.07495599 -0.124693 -0.07495599 -0.136211 -0.07495599 -0.124693 -0.09994196 -0.136211 -0.04997098 -0.124693 -0.07495599 -0.124693 -0.04997098 -0.136211 -0.02498495 -0.136211 -0.04997098 -0.124693 -0.04997098 -0.136211 -0.02498495 -0.124693 -0.04997098 -0.124693 -0.02498495 -0.136211 0 -0.136211 -0.02498495 -0.124693 -0.02498495 0.09640198 0.240022 0.08763396 0.212827 0.09640198 0.205733 0.09640198 0.205733 0.08763396 0.212827 0.08763396 0.18445 0.09640198 0.205733 0.08763396 0.18445 0.09640198 0.1714439 0.09640198 0.1714439 0.08763396 0.18445 0.08763396 0.156073 0.09640198 0.1714439 0.08763396 0.156073 0.09640198 0.1371549 0.09640198 0.1371549 0.08763396 0.156073 0.08763396 0.127696 0.09640198 0.1371549 0.08763396 0.127696 0.09640198 0.102866 0.09640198 0.102866 0.08763396 0.127696 0.08763396 0.09931898 0.09640198 0.102866 0.08763396 0.09931898 0.09640198 0.068578 0.09640198 0.068578 0.08763396 0.09931898 0.08763396 0.07094198 0.09640198 0.068578 0.08763396 0.07094198 0.08763396 0.04256498 0.08763396 0.04256498 0.08763396 0.07094198 0.078866 0.07094198 0.08763396 0.04256498 0.078866 0.07094198 0.078866 0.04256498 0.078866 0.04256498 0.078866 0.07094198 0.07009798 0.07094198 0.078866 0.04256498 0.07009798 0.07094198 0.07009798 0.04256498 0.07009798 0.04256498 0.07009798 0.07094198 0.06132996 0.07094198 0.07009798 0.04256498 0.06132996 0.07094198 0.06132996 0.04256498 0.06132996 0.04256498 0.06132996 0.07094198 0.05256199 0.04747694 0.06132996 0.04256498 0.05256199 0.04747694 0.05256199 0.01582598 0.09640198 0.274311 0.08763396 0.269581 0.09640198 0.240022 0.09640198 0.240022 0.08763396 0.269581 0.08763396 0.241204 0.09640198 0.240022 0.08763396 0.241204 0.08763396 0.212827 0.08763396 0.212827 0.08763396 0.241204 0.078866 0.241204 0.08763396 0.212827 0.078866 0.241204 0.078866 0.212827 0.078866 0.212827 0.078866 0.241204 0.07009798 0.241204 0.078866 0.212827 0.07009798 0.241204 0.07009798 0.212827 0.07009798 0.212827 0.07009798 0.241204 0.06132996 0.241204 0.07009798 0.212827 0.06132996 0.241204 0.06132996 0.212827 0.06132996 0.212827 0.06132996 0.241204 0.05256199 0.237384 0.06132996 0.212827 0.05256199 0.237384 0.05256199 0.205733 0.08763396 0.269581 0.09640198 0.274311 0.08763396 0.297958 0.08763396 0.297958 0.09640198 0.274311 0.09640198 0.308599 0.08763396 0.297958 0.09640198 0.308599 0.08763396 0.326335 0.08763396 0.326335 0.09640198 0.308599 0.09640198 0.342888 0.08763396 0.326335 0.09640198 0.342888 0.08763396 0.354712 0.08763396 0.354712 0.09640198 0.342888 0.09640198 0.377177 0.08763396 0.354712 0.09640198 0.377177 0.08763396 0.383089 0.08763396 0.383089 0.09640198 0.377177 0.09640198 0.411466 0.08763396 0.383089 0.09640198 0.411466 0.08763396 0.411466 0.08763396 -0.411466 0.09640198 -0.411466 0.08763396 -0.383089 0.08763396 -0.411466 0.08763396 -0.383089 0.078866 -0.383089 0.078866 -0.383089 0.08763396 -0.383089 0.078866 -0.354712 0.078866 -0.383089 0.078866 -0.354712 0.07009798 -0.354712 0.07009798 -0.354712 0.078866 -0.354712 0.07009798 -0.326335 0.07009798 -0.354712 0.07009798 -0.326335 0.06132996 -0.326335 0.06132996 -0.326335 0.07009798 -0.326335 0.06132996 -0.297958 0.06132996 -0.326335 0.06132996 -0.297958 0.05256199 -0.300687 0.05256199 -0.300687 0.06132996 -0.297958 0.06132996 -0.269581 0.05256199 -0.300687 0.06132996 -0.269581 0.05256199 -0.269035 0.05256199 -0.269035 0.06132996 -0.269581 0.06132996 -0.241204 0.05256199 -0.269035 0.06132996 -0.241204 0.05256199 -0.237384 0.05256199 -0.237384 0.06132996 -0.241204 0.06132996 -0.212827 0.05256199 -0.237384 0.06132996 -0.212827 0.05256199 -0.205733 0.05256199 -0.205733 0.06132996 -0.212827 0.06132996 -0.18445 0.05256199 -0.205733 0.06132996 -0.18445 0.05256199 -0.174082 0.05256199 -0.174082 0.06132996 -0.18445 0.06132996 -0.156073 0.05256199 -0.174082 0.06132996 -0.156073 0.05256199 -0.14243 0.05256199 -0.14243 0.06132996 -0.156073 0.06132996 -0.127696 0.05256199 -0.14243 0.06132996 -0.127696 0.05256199 -0.110779 0.05256199 -0.110779 0.06132996 -0.127696 0.06132996 -0.09931898 0.05256199 -0.110779 0.06132996 -0.09931898 0.05256199 -0.07912796 0.05256199 -0.07912796 0.06132996 -0.09931898 0.06132996 -0.07094198 0.05256199 -0.07912796 0.06132996 -0.07094198 0.05256199 -0.04747694 0.05256199 -0.04747694 0.06132996 -0.07094198 0.06132996 -0.04256498 0.05256199 -0.04747694 0.06132996 -0.04256498 0.05256199 -0.01582598 0.05256199 -0.01582598 0.06132996 -0.04256498 0.06132996 -0.01418799 0.05256199 -0.01582598 0.06132996 -0.01418799 0.06132996 0.01418799 0.06132996 0.01418799 0.06132996 -0.01418799 0.07009798 -0.01418799 0.06132996 0.01418799 0.07009798 -0.01418799 0.07009798 0.01418799 0.07009798 0.01418799 0.07009798 -0.01418799 0.078866 -0.01418799 0.07009798 0.01418799 0.078866 -0.01418799 0.078866 0.01418799 0.078866 0.01418799 0.078866 -0.01418799 0.08763396 -0.01418799 0.078866 0.01418799 0.08763396 -0.01418799 0.08763396 0.01418799 0.08763396 0.01418799 0.08763396 -0.01418799 0.09640198 0 0.08763396 0.01418799 0.09640198 0 0.09640198 0.034289 0.09640198 -0.411466 0.09640198 -0.377177 0.08763396 -0.383089 0.08763396 -0.383089 0.09640198 -0.377177 0.08763396 -0.354712 0.08763396 -0.383089 0.08763396 -0.354712 0.078866 -0.354712 0.078866 -0.354712 0.08763396 -0.354712 0.078866 -0.326335 0.078866 -0.354712 0.078866 -0.326335 0.07009798 -0.326335 0.07009798 -0.326335 0.078866 -0.326335 0.07009798 -0.297958 0.07009798 -0.326335 0.07009798 -0.297958 0.06132996 -0.297958 0.06132996 -0.297958 0.07009798 -0.297958 0.06132996 -0.269581 0.09640198 -0.377177 0.09640198 -0.342888 0.08763396 -0.354712 0.08763396 -0.354712 0.09640198 -0.342888 0.08763396 -0.326335 0.08763396 -0.354712 0.08763396 -0.326335 0.078866 -0.326335 0.078866 -0.326335 0.08763396 -0.326335 0.078866 -0.297958 0.078866 -0.326335 0.078866 -0.297958 0.07009798 -0.297958 0.07009798 -0.297958 0.078866 -0.297958 0.07009798 -0.269581 0.07009798 -0.297958 0.07009798 -0.269581 0.06132996 -0.269581 0.06132996 -0.269581 0.07009798 -0.269581 0.06132996 -0.241204 0.09640198 -0.342888 0.09640198 -0.308599 0.08763396 -0.326335 0.08763396 -0.326335 0.09640198 -0.308599 0.08763396 -0.297958 0.08763396 -0.326335 0.08763396 -0.297958 0.078866 -0.297958 0.078866 -0.297958 0.08763396 -0.297958 0.078866 -0.269581 0.078866 -0.297958 0.078866 -0.269581 0.07009798 -0.269581 0.07009798 -0.269581 0.078866 -0.269581 0.07009798 -0.241204 0.07009798 -0.269581 0.07009798 -0.241204 0.06132996 -0.241204 0.06132996 -0.241204 0.07009798 -0.241204 0.06132996 -0.212827 0.09640198 -0.308599 0.09640198 -0.274311 0.08763396 -0.297958 0.08763396 -0.297958 0.09640198 -0.274311 0.08763396 -0.269581 0.08763396 -0.297958 0.08763396 -0.269581 0.078866 -0.269581 0.078866 -0.269581 0.08763396 -0.269581 0.078866 -0.241204 0.078866 -0.269581 0.078866 -0.241204 0.07009798 -0.241204 0.07009798 -0.241204 0.078866 -0.241204 0.07009798 -0.212827 0.07009798 -0.241204 0.07009798 -0.212827 0.06132996 -0.212827 0.06132996 -0.212827 0.07009798 -0.212827 0.06132996 -0.18445 0.09640198 -0.274311 0.09640198 -0.240022 0.08763396 -0.269581 0.08763396 -0.269581 0.09640198 -0.240022 0.08763396 -0.241204 0.08763396 -0.269581 0.08763396 -0.241204 0.078866 -0.241204 0.078866 -0.241204 0.08763396 -0.241204 0.078866 -0.212827 0.078866 -0.241204 0.078866 -0.212827 0.07009798 -0.212827 0.07009798 -0.212827 0.078866 -0.212827 0.07009798 -0.18445 0.07009798 -0.212827 0.07009798 -0.18445 0.06132996 -0.18445 0.06132996 -0.18445 0.07009798 -0.18445 0.06132996 -0.156073 0.08763396 -0.241204 0.09640198 -0.240022 0.08763396 -0.212827 0.08763396 -0.212827 0.09640198 -0.240022 0.09640198 -0.205733 0.08763396 -0.212827 0.09640198 -0.205733 0.08763396 -0.18445 0.08763396 -0.18445 0.09640198 -0.205733 0.09640198 -0.1714439 0.08763396 -0.18445 0.09640198 -0.1714439 0.08763396 -0.156073 0.08763396 -0.156073 0.09640198 -0.1714439 0.09640198 -0.1371549 0.08763396 -0.156073 0.09640198 -0.1371549 0.08763396 -0.127696 0.08763396 -0.127696 0.09640198 -0.1371549 0.09640198 -0.102866 0.08763396 -0.127696 0.09640198 -0.102866 0.08763396 -0.09931898 0.08763396 -0.09931898 0.09640198 -0.102866 0.09640198 -0.068578 0.08763396 -0.09931898 0.09640198 -0.068578 0.08763396 -0.07094198 0.08763396 -0.07094198 0.09640198 -0.068578 0.08763396 -0.04256498 0.08763396 -0.07094198 0.08763396 -0.04256498 0.078866 -0.04256498 0.078866 -0.04256498 0.08763396 -0.04256498 0.078866 -0.01418799 0.078866 -0.04256498 0.078866 -0.01418799 0.07009798 -0.01418799 0.09640198 -0.068578 0.09640198 -0.034289 0.08763396 -0.04256498 0.08763396 -0.04256498 0.09640198 -0.034289 0.08763396 -0.01418799 0.08763396 -0.04256498 0.08763396 -0.01418799 0.078866 -0.01418799 0.09640198 -0.034289 0.09640198 0 0.08763396 -0.01418799 0.08763396 0.01418799 0.09640198 0.034289 0.08763396 0.04256498 0.08763396 0.04256498 0.09640198 0.034289 0.09640198 0.068578 0.06132996 0.212827 0.05256199 0.205733 0.06132996 0.18445 0.06132996 0.18445 0.05256199 0.205733 0.05256199 0.174082 0.06132996 0.18445 0.05256199 0.174082 0.06132996 0.156073 0.06132996 0.156073 0.05256199 0.174082 0.05256199 0.14243 0.06132996 0.156073 0.05256199 0.14243 0.06132996 0.127696 0.06132996 0.127696 0.05256199 0.14243 0.05256199 0.110779 0.06132996 0.127696 0.05256199 0.110779 0.06132996 0.09931898 0.06132996 0.09931898 0.05256199 0.110779 0.05256199 0.07912796 0.06132996 0.09931898 0.05256199 0.07912796 0.06132996 0.07094198 0.06132996 0.07094198 0.05256199 0.07912796 0.05256199 0.04747694 0.06132996 0.04256498 0.05256199 0.01582598 0.06132996 0.01418799 0.06132996 0.01418799 0.05256199 0.01582598 0.05256199 -0.01582598 0.05256199 -0.300687 0.05256199 -0.332338 0.06132996 -0.326335 0.06132996 -0.326335 0.05256199 -0.332338 0.06132996 -0.354712 0.06132996 -0.326335 0.06132996 -0.354712 0.07009798 -0.354712 0.07009798 -0.354712 0.06132996 -0.354712 0.07009798 -0.383089 0.07009798 -0.354712 0.07009798 -0.383089 0.078866 -0.383089 0.078866 -0.383089 0.07009798 -0.383089 0.078866 -0.411466 0.078866 -0.383089 0.078866 -0.411466 0.08763396 -0.411466 0.08763396 0.411466 0.078866 0.411466 0.08763396 0.383089 0.05256199 -0.332338 0.05256199 -0.363989 0.06132996 -0.354712 0.06132996 -0.354712 0.05256199 -0.363989 0.06132996 -0.383089 0.06132996 -0.354712 0.06132996 -0.383089 0.07009798 -0.383089 0.07009798 -0.383089 0.06132996 -0.383089 0.07009798 -0.411466 0.07009798 -0.383089 0.07009798 -0.411466 0.078866 -0.411466 0.078866 0.411466 0.07009798 0.411466 0.078866 0.383089 0.078866 0.411466 0.078866 0.383089 0.08763396 0.383089 0.08763396 0.383089 0.078866 0.383089 0.08763396 0.354712 0.05256199 -0.363989 0.05256199 -0.39564 0.06132996 -0.383089 0.06132996 -0.383089 0.05256199 -0.39564 0.06132996 -0.411466 0.06132996 -0.383089 0.06132996 -0.411466 0.07009798 -0.411466 0.07009798 0.411466 0.06132996 0.411466 0.07009798 0.383089 0.07009798 0.411466 0.07009798 0.383089 0.078866 0.383089 0.078866 0.383089 0.07009798 0.383089 0.078866 0.354712 0.078866 0.383089 0.078866 0.354712 0.08763396 0.354712 0.08763396 0.354712 0.078866 0.354712 0.08763396 0.326335 0.05256199 0.427291 0.05256199 0.39564 0.06132996 0.411466 0.06132996 0.411466 0.05256199 0.39564 0.06132996 0.383089 0.06132996 0.411466 0.06132996 0.383089 0.07009798 0.383089 0.07009798 0.383089 0.06132996 0.383089 0.07009798 0.354712 0.07009798 0.383089 0.07009798 0.354712 0.078866 0.354712 0.078866 0.354712 0.07009798 0.354712 0.078866 0.326335 0.078866 0.354712 0.078866 0.326335 0.08763396 0.326335 0.08763396 0.326335 0.078866 0.326335 0.08763396 0.297958 0.05256199 0.39564 0.05256199 0.363989 0.06132996 0.383089 0.06132996 0.383089 0.05256199 0.363989 0.06132996 0.354712 0.06132996 0.383089 0.06132996 0.354712 0.07009798 0.354712 0.07009798 0.354712 0.06132996 0.354712 0.07009798 0.326335 0.07009798 0.354712 0.07009798 0.326335 0.078866 0.326335 0.078866 0.326335 0.07009798 0.326335 0.078866 0.297958 0.078866 0.326335 0.078866 0.297958 0.08763396 0.297958 0.08763396 0.297958 0.078866 0.297958 0.08763396 0.269581 0.05256199 0.363989 0.05256199 0.332338 0.06132996 0.354712 0.06132996 0.354712 0.05256199 0.332338 0.06132996 0.326335 0.06132996 0.354712 0.06132996 0.326335 0.07009798 0.326335 0.07009798 0.326335 0.06132996 0.326335 0.07009798 0.297958 0.07009798 0.326335 0.07009798 0.297958 0.078866 0.297958 0.078866 0.297958 0.07009798 0.297958 0.078866 0.269581 0.078866 0.297958 0.078866 0.269581 0.08763396 0.269581 0.08763396 0.269581 0.078866 0.269581 0.08763396 0.241204 0.05256199 0.332338 0.05256199 0.300687 0.06132996 0.326335 0.06132996 0.326335 0.05256199 0.300687 0.06132996 0.297958 0.06132996 0.326335 0.06132996 0.297958 0.07009798 0.297958 0.07009798 0.297958 0.06132996 0.297958 0.07009798 0.269581 0.07009798 0.297958 0.07009798 0.269581 0.078866 0.269581 0.078866 0.269581 0.07009798 0.269581 0.078866 0.241204 0.078866 0.269581 0.078866 0.241204 0.08763396 0.241204 0.05256199 0.300687 0.05256199 0.269035 0.06132996 0.297958 0.06132996 0.297958 0.05256199 0.269035 0.06132996 0.269581 0.06132996 0.297958 0.06132996 0.269581 0.07009798 0.269581 0.07009798 0.269581 0.06132996 0.269581 0.07009798 0.241204 0.07009798 0.269581 0.07009798 0.241204 0.078866 0.241204 0.06132996 0.269581 0.05256199 0.269035 0.06132996 0.241204 0.06132996 0.241204 0.05256199 0.269035 0.05256199 0.237384 0.08763396 0.212827 0.078866 0.212827 0.08763396 0.18445 0.08763396 0.18445 0.078866 0.212827 0.078866 0.18445 0.08763396 0.18445 0.078866 0.18445 0.08763396 0.156073 0.08763396 0.156073 0.078866 0.18445 0.078866 0.156073 0.08763396 0.156073 0.078866 0.156073 0.08763396 0.127696 0.08763396 0.127696 0.078866 0.156073 0.078866 0.127696 0.08763396 0.127696 0.078866 0.127696 0.08763396 0.09931898 0.08763396 0.09931898 0.078866 0.127696 0.078866 0.09931898 0.08763396 0.09931898 0.078866 0.09931898 0.08763396 0.07094198 0.08763396 0.07094198 0.078866 0.09931898 0.078866 0.07094198 0.078866 0.212827 0.07009798 0.212827 0.078866 0.18445 0.078866 0.18445 0.07009798 0.212827 0.07009798 0.18445 0.078866 0.18445 0.07009798 0.18445 0.078866 0.156073 0.078866 0.156073 0.07009798 0.18445 0.07009798 0.156073 0.078866 0.156073 0.07009798 0.156073 0.078866 0.127696 0.078866 0.127696 0.07009798 0.156073 0.07009798 0.127696 0.078866 0.127696 0.07009798 0.127696 0.078866 0.09931898 0.078866 0.09931898 0.07009798 0.127696 0.07009798 0.09931898 0.078866 0.09931898 0.07009798 0.09931898 0.078866 0.07094198 0.078866 0.07094198 0.07009798 0.09931898 0.07009798 0.07094198 0.07009798 0.212827 0.06132996 0.212827 0.07009798 0.18445 0.07009798 0.18445 0.06132996 0.212827 0.06132996 0.18445 0.07009798 0.18445 0.06132996 0.18445 0.07009798 0.156073 0.07009798 0.156073 0.06132996 0.18445 0.06132996 0.156073 0.07009798 0.156073 0.06132996 0.156073 0.07009798 0.127696 0.07009798 0.127696 0.06132996 0.156073 0.06132996 0.127696 0.07009798 0.127696 0.06132996 0.127696 0.07009798 0.09931898 0.07009798 0.09931898 0.06132996 0.127696 0.06132996 0.09931898 0.07009798 0.09931898 0.06132996 0.09931898 0.07009798 0.07094198 0.07009798 0.07094198 0.06132996 0.09931898 0.06132996 0.07094198 0.06132996 0.269581 0.06132996 0.241204 0.07009798 0.241204 0.08763396 -0.241204 0.08763396 -0.212827 0.078866 -0.212827 0.078866 -0.212827 0.08763396 -0.212827 0.078866 -0.18445 0.078866 -0.212827 0.078866 -0.18445 0.07009798 -0.18445 0.07009798 -0.18445 0.078866 -0.18445 0.07009798 -0.156073 0.07009798 -0.18445 0.07009798 -0.156073 0.06132996 -0.156073 0.06132996 -0.156073 0.07009798 -0.156073 0.06132996 -0.127696 0.08763396 -0.212827 0.08763396 -0.18445 0.078866 -0.18445 0.078866 -0.18445 0.08763396 -0.18445 0.078866 -0.156073 0.078866 -0.18445 0.078866 -0.156073 0.07009798 -0.156073 0.07009798 -0.156073 0.078866 -0.156073 0.07009798 -0.127696 0.07009798 -0.156073 0.07009798 -0.127696 0.06132996 -0.127696 0.06132996 -0.127696 0.07009798 -0.127696 0.06132996 -0.09931898 0.08763396 -0.18445 0.08763396 -0.156073 0.078866 -0.156073 0.078866 -0.156073 0.08763396 -0.156073 0.078866 -0.127696 0.078866 -0.156073 0.078866 -0.127696 0.07009798 -0.127696 0.07009798 -0.127696 0.078866 -0.127696 0.07009798 -0.09931898 0.07009798 -0.127696 0.07009798 -0.09931898 0.06132996 -0.09931898 0.06132996 -0.09931898 0.07009798 -0.09931898 0.06132996 -0.07094198 0.08763396 -0.156073 0.08763396 -0.127696 0.078866 -0.127696 0.078866 -0.127696 0.08763396 -0.127696 0.078866 -0.09931898 0.078866 -0.127696 0.078866 -0.09931898 0.07009798 -0.09931898 0.07009798 -0.09931898 0.078866 -0.09931898 0.07009798 -0.07094198 0.07009798 -0.09931898 0.07009798 -0.07094198 0.06132996 -0.07094198 0.06132996 -0.07094198 0.07009798 -0.07094198 0.06132996 -0.04256498 0.08763396 -0.127696 0.08763396 -0.09931898 0.078866 -0.09931898 0.078866 -0.09931898 0.08763396 -0.09931898 0.078866 -0.07094198 0.078866 -0.09931898 0.078866 -0.07094198 0.07009798 -0.07094198 0.07009798 -0.07094198 0.078866 -0.07094198 0.07009798 -0.04256498 0.07009798 -0.07094198 0.07009798 -0.04256498 0.06132996 -0.04256498 0.06132996 -0.04256498 0.07009798 -0.04256498 0.06132996 -0.01418799 0.08763396 -0.07094198 0.078866 -0.04256498 0.078866 -0.07094198 0.078866 -0.07094198 0.078866 -0.04256498 0.07009798 -0.04256498 0.06132996 -0.01418799 0.07009798 -0.04256498 0.07009798 -0.01418799 0.07009798 -0.01418799 0.07009798 -0.04256498 0.078866 -0.04256498 0.08763396 -0.09931898 0.08763396 -0.07094198 0.078866 -0.07094198 0.08763396 0.04256498 0.078866 0.04256498 0.08763396 0.01418799 0.08763396 0.01418799 0.078866 0.04256498 0.078866 0.01418799 0.06132996 0.04256498 0.06132996 0.01418799 0.07009798 0.01418799 0.078866 0.04256498 0.07009798 0.04256498 0.078866 0.01418799 0.078866 0.01418799 0.07009798 0.04256498 0.07009798 0.01418799 0.07009798 0.04256498 0.06132996 0.04256498 0.07009798 0.01418799 0.04116499 0.307957 0.03427898 0.305024 0.04116499 0.266896 0.04116499 0.266896 0.03427898 0.305024 0.03427898 0.266896 0.04116499 0.266896 0.03427898 0.266896 0.03427898 0.228768 0.03427898 0.228768 0.03427898 0.266896 0.02739197 0.266896 0.03427898 0.228768 0.02739197 0.266896 0.02739197 0.228768 0.02739197 0.228768 0.02739197 0.266896 0.02050495 0.266896 0.02739197 0.228768 0.02050495 0.266896 0.02050495 0.228768 0.02050495 0.228768 0.02050495 0.266896 0.01361799 0.266896 0.02050495 0.228768 0.01361799 0.266896 0.01361799 0.228768 0.01361799 0.228768 0.01361799 0.266896 0.006730973 0.266896 0.01361799 0.228768 0.006730973 0.266896 0.006730973 0.228768 0.006730973 0.228768 0.006730973 0.266896 -1.56e-4 0.266896 0.006730973 0.228768 -1.56e-4 0.266896 -1.56e-4 0.228768 0.03427898 0.305024 0.04116499 0.307957 0.03427898 0.343152 0.03427898 0.343152 0.04116499 0.307957 0.04116499 0.349018 0.03427898 0.343152 0.04116499 0.349018 0.03427898 0.38128 0.03427898 0.38128 0.04116499 0.349018 0.04116499 0.390078 0.03427898 0.38128 0.04116499 0.390078 0.03427898 0.419408 0.03427898 0.419408 0.04116499 0.390078 0.04116499 0.431139 0.03427898 0.419408 0.04116499 0.431139 0.03427898 0.457536 0.03427898 0.457536 0.04116499 0.431139 0.04116499 0.4722 0.03427898 0.457536 0.04116499 0.4722 0.03427898 0.495664 0.03427898 0.495664 0.04116499 0.4722 0.04116499 0.513261 0.03427898 0.495664 0.04116499 0.513261 0.03427898 0.533791 0.03427898 -0.533791 0.04116499 -0.554322 0.04116499 -0.513261 0.03427898 -0.533791 0.04116499 -0.513261 0.03427898 -0.495664 0.03427898 -0.495664 0.04116499 -0.513261 0.04116499 -0.4722 0.03427898 -0.495664 0.04116499 -0.4722 0.03427898 -0.457536 0.03427898 -0.457536 0.04116499 -0.4722 0.04116499 -0.431139 0.03427898 -0.457536 0.04116499 -0.431139 0.03427898 -0.419408 0.03427898 -0.419408 0.04116499 -0.431139 0.04116499 -0.390078 0.03427898 -0.419408 0.04116499 -0.390078 0.03427898 -0.38128 0.03427898 -0.38128 0.04116499 -0.390078 0.04116499 -0.349018 0.03427898 -0.38128 0.04116499 -0.349018 0.03427898 -0.343152 0.03427898 -0.343152 0.04116499 -0.349018 0.04116499 -0.307957 0.03427898 -0.343152 0.04116499 -0.307957 0.03427898 -0.305024 0.03427898 -0.305024 0.04116499 -0.307957 0.04116499 -0.266896 0.03427898 -0.305024 0.04116499 -0.266896 0.03427898 -0.266896 0.03427898 -0.266896 0.04116499 -0.266896 0.03427898 -0.228768 0.03427898 -0.266896 0.03427898 -0.228768 0.02739197 -0.228768 0.02739197 -0.228768 0.03427898 -0.228768 0.02739197 -0.19064 0.02739197 -0.228768 0.02739197 -0.19064 0.02050495 -0.19064 0.02050495 -0.19064 0.02739197 -0.19064 0.02050495 -0.152512 0.02050495 -0.19064 0.02050495 -0.152512 0.01361799 -0.152512 0.01361799 -0.152512 0.02050495 -0.152512 0.01361799 -0.114384 0.01361799 -0.152512 0.01361799 -0.114384 0.006730973 -0.114384 0.006730973 -0.114384 0.01361799 -0.114384 0.006730973 -0.07625597 0.006730973 -0.114384 0.006730973 -0.07625597 -1.56e-4 -0.07625597 -1.56e-4 -0.07625597 0.006730973 -0.07625597 -1.56e-4 -0.03812795 -1.56e-4 -0.03812795 0.006730973 -0.07625597 0.006730973 -0.03812795 -1.56e-4 -0.03812795 0.006730973 -0.03812795 -1.56e-4 0 -1.56e-4 0 0.006730973 -0.03812795 0.006730973 0 -1.56e-4 0 0.006730973 0 -1.56e-4 0.03812795 -1.56e-4 0.03812795 0.006730973 0 0.006730973 0.03812795 -1.56e-4 0.03812795 0.006730973 0.03812795 -1.56e-4 0.07625597 -1.56e-4 0.07625597 0.006730973 0.03812795 0.006730973 0.07625597 -1.56e-4 0.07625597 0.006730973 0.07625597 -1.56e-4 0.114384 -1.56e-4 0.114384 0.006730973 0.07625597 0.006730973 0.114384 -1.56e-4 0.114384 0.006730973 0.114384 -1.56e-4 0.152512 -1.56e-4 0.152512 0.006730973 0.114384 0.006730973 0.152512 -1.56e-4 0.152512 0.006730973 0.152512 -1.56e-4 0.19064 -1.56e-4 0.19064 0.006730973 0.152512 0.006730973 0.19064 -1.56e-4 0.19064 0.006730973 0.19064 -1.56e-4 0.228768 -1.56e-4 0.228768 0.006730973 0.19064 0.006730973 0.228768 0.04116499 -0.266896 0.04116499 -0.225835 0.03427898 -0.228768 0.03427898 -0.228768 0.04116499 -0.225835 0.03427898 -0.19064 0.03427898 -0.228768 0.03427898 -0.19064 0.02739197 -0.19064 0.02739197 -0.19064 0.03427898 -0.19064 0.02739197 -0.152512 0.02739197 -0.19064 0.02739197 -0.152512 0.02050495 -0.152512 0.02050495 -0.152512 0.02739197 -0.152512 0.02050495 -0.114384 0.02050495 -0.152512 0.02050495 -0.114384 0.01361799 -0.114384 0.01361799 -0.114384 0.02050495 -0.114384 0.01361799 -0.07625597 0.01361799 -0.114384 0.01361799 -0.07625597 0.006730973 -0.07625597 0.006730973 -0.07625597 0.01361799 -0.07625597 0.006730973 -0.03812795 0.04116499 -0.225835 0.04116499 -0.184774 0.03427898 -0.19064 0.03427898 -0.19064 0.04116499 -0.184774 0.03427898 -0.152512 0.03427898 -0.19064 0.03427898 -0.152512 0.02739197 -0.152512 0.02739197 -0.152512 0.03427898 -0.152512 0.02739197 -0.114384 0.02739197 -0.152512 0.02739197 -0.114384 0.02050495 -0.114384 0.02050495 -0.114384 0.02739197 -0.114384 0.02050495 -0.07625597 0.02050495 -0.114384 0.02050495 -0.07625597 0.01361799 -0.07625597 0.01361799 -0.07625597 0.02050495 -0.07625597 0.01361799 -0.03812795 0.01361799 -0.07625597 0.01361799 -0.03812795 0.006730973 -0.03812795 0.006730973 -0.03812795 0.01361799 -0.03812795 0.006730973 0 0.04116499 -0.184774 0.04116499 -0.1437129 0.03427898 -0.152512 0.03427898 -0.152512 0.04116499 -0.1437129 0.03427898 -0.114384 0.03427898 -0.152512 0.03427898 -0.114384 0.02739197 -0.114384 0.02739197 -0.114384 0.03427898 -0.114384 0.02739197 -0.07625597 0.02739197 -0.114384 0.02739197 -0.07625597 0.02050495 -0.07625597 0.02050495 -0.07625597 0.02739197 -0.07625597 0.02050495 -0.03812795 0.02050495 -0.07625597 0.02050495 -0.03812795 0.01361799 -0.03812795 0.01361799 -0.03812795 0.02050495 -0.03812795 0.01361799 0 0.01361799 -0.03812795 0.01361799 0 0.006730973 0 0.006730973 0 0.01361799 0 0.006730973 0.03812795 0.04116499 -0.1437129 0.04116499 -0.102652 0.03427898 -0.114384 0.03427898 -0.114384 0.04116499 -0.102652 0.03427898 -0.07625597 0.03427898 -0.114384 0.03427898 -0.07625597 0.02739197 -0.07625597 0.02739197 -0.07625597 0.03427898 -0.07625597 0.02739197 -0.03812795 0.02739197 -0.07625597 0.02739197 -0.03812795 0.02050495 -0.03812795 0.02050495 -0.03812795 0.02739197 -0.03812795 0.02050495 0 0.02050495 -0.03812795 0.02050495 0 0.01361799 0 0.01361799 0 0.02050495 0 0.01361799 0.03812795 0.01361799 0 0.01361799 0.03812795 0.006730973 0.03812795 0.006730973 0.03812795 0.01361799 0.03812795 0.006730973 0.07625597 0.04116499 -0.102652 0.04116499 -0.06159096 0.03427898 -0.07625597 0.03427898 -0.07625597 0.04116499 -0.06159096 0.03427898 -0.03812795 0.03427898 -0.07625597 0.03427898 -0.03812795 0.02739197 -0.03812795 0.02739197 -0.03812795 0.03427898 -0.03812795 0.02739197 0 0.02739197 -0.03812795 0.02739197 0 0.02050495 0 0.02050495 0 0.02739197 0 0.02050495 0.03812795 0.02050495 0 0.02050495 0.03812795 0.01361799 0.03812795 0.01361799 0.03812795 0.02050495 0.03812795 0.01361799 0.07625597 0.01361799 0.03812795 0.01361799 0.07625597 0.006730973 0.07625597 0.006730973 0.07625597 0.01361799 0.07625597 0.006730973 0.114384 0.04116499 -0.06159096 0.04116499 -0.02052998 0.03427898 -0.03812795 0.03427898 -0.03812795 0.04116499 -0.02052998 0.03427898 0 0.03427898 -0.03812795 0.03427898 0 0.02739197 0 0.02739197 0 0.03427898 0 0.02739197 0.03812795 0.02739197 0 0.02739197 0.03812795 0.02050495 0.03812795 0.02050495 0.03812795 0.02739197 0.03812795 0.02050495 0.07625597 0.02050495 0.03812795 0.02050495 0.07625597 0.01361799 0.07625597 0.01361799 0.07625597 0.02050495 0.07625597 0.01361799 0.114384 0.01361799 0.07625597 0.01361799 0.114384 0.006730973 0.114384 0.006730973 0.114384 0.01361799 0.114384 0.006730973 0.152512 0.04116499 -0.02052998 0.04116499 0.02052998 0.03427898 0 0.03427898 0 0.04116499 0.02052998 0.03427898 0.03812795 0.03427898 0 0.03427898 0.03812795 0.02739197 0.03812795 0.02739197 0.03812795 0.03427898 0.03812795 0.02739197 0.07625597 0.02739197 0.03812795 0.02739197 0.07625597 0.02050495 0.07625597 0.02050495 0.07625597 0.02739197 0.07625597 0.02050495 0.114384 0.02050495 0.07625597 0.02050495 0.114384 0.01361799 0.114384 0.01361799 0.114384 0.02050495 0.114384 0.01361799 0.152512 0.01361799 0.114384 0.01361799 0.152512 0.006730973 0.152512 0.006730973 0.152512 0.01361799 0.152512 0.006730973 0.19064 0.04116499 0.02052998 0.04116499 0.06159096 0.03427898 0.03812795 0.03427898 0.03812795 0.04116499 0.06159096 0.03427898 0.07625597 0.03427898 0.03812795 0.03427898 0.07625597 0.02739197 0.07625597 0.02739197 0.07625597 0.03427898 0.07625597 0.02739197 0.114384 0.02739197 0.07625597 0.02739197 0.114384 0.02050495 0.114384 0.02050495 0.114384 0.02739197 0.114384 0.02050495 0.152512 0.02050495 0.114384 0.02050495 0.152512 0.01361799 0.152512 0.01361799 0.152512 0.02050495 0.152512 0.01361799 0.19064 0.01361799 0.152512 0.01361799 0.19064 0.006730973 0.19064 0.006730973 0.19064 0.01361799 0.19064 0.006730973 0.228768 0.04116499 0.06159096 0.04116499 0.102652 0.03427898 0.07625597 0.03427898 0.07625597 0.04116499 0.102652 0.03427898 0.114384 0.03427898 0.07625597 0.03427898 0.114384 0.02739197 0.114384 0.02739197 0.114384 0.03427898 0.114384 0.02739197 0.152512 0.02739197 0.114384 0.02739197 0.152512 0.02050495 0.152512 0.02050495 0.152512 0.02739197 0.152512 0.02050495 0.19064 0.02050495 0.152512 0.02050495 0.19064 0.01361799 0.19064 0.01361799 0.19064 0.02050495 0.19064 0.01361799 0.228768 0.01361799 0.19064 0.01361799 0.228768 0.006730973 0.228768 0.04116499 0.102652 0.04116499 0.1437129 0.03427898 0.114384 0.03427898 0.114384 0.04116499 0.1437129 0.03427898 0.152512 0.03427898 0.114384 0.03427898 0.152512 0.02739197 0.152512 0.02739197 0.152512 0.03427898 0.152512 0.02739197 0.19064 0.02739197 0.152512 0.02739197 0.19064 0.02050495 0.19064 0.02050495 0.19064 0.02739197 0.19064 0.02050495 0.228768 0.02050495 0.19064 0.02050495 0.228768 0.01361799 0.228768 0.04116499 0.1437129 0.04116499 0.184774 0.03427898 0.152512 0.03427898 0.152512 0.04116499 0.184774 0.03427898 0.19064 0.03427898 0.152512 0.03427898 0.19064 0.02739197 0.19064 0.02739197 0.19064 0.03427898 0.19064 0.02739197 0.228768 0.02739197 0.19064 0.02739197 0.228768 0.02050495 0.228768 0.04116499 0.184774 0.04116499 0.225835 0.03427898 0.19064 0.03427898 0.19064 0.04116499 0.225835 0.03427898 0.228768 0.03427898 0.19064 0.03427898 0.228768 0.02739197 0.228768 0.04116499 0.225835 0.04116499 0.266896 0.03427898 0.228768 -1.56e-4 -0.07625597 -1.56e-4 -0.114384 0.006730973 -0.114384 0.006730973 -0.114384 -1.56e-4 -0.114384 0.006730973 -0.152512 0.006730973 -0.114384 0.006730973 -0.152512 0.01361799 -0.152512 0.01361799 -0.152512 0.006730973 -0.152512 0.01361799 -0.19064 0.01361799 -0.152512 0.01361799 -0.19064 0.02050495 -0.19064 0.02050495 -0.19064 0.01361799 -0.19064 0.02050495 -0.228768 0.02050495 -0.19064 0.02050495 -0.228768 0.02739197 -0.228768 0.02739197 -0.228768 0.02050495 -0.228768 0.02739197 -0.266896 0.02739197 -0.228768 0.02739197 -0.266896 0.03427898 -0.266896 0.03427898 -0.266896 0.02739197 -0.266896 0.03427898 -0.305024 -1.56e-4 -0.114384 -1.56e-4 -0.152512 0.006730973 -0.152512 0.006730973 -0.152512 -1.56e-4 -0.152512 0.006730973 -0.19064 0.006730973 -0.152512 0.006730973 -0.19064 0.01361799 -0.19064 0.01361799 -0.19064 0.006730973 -0.19064 0.01361799 -0.228768 0.01361799 -0.19064 0.01361799 -0.228768 0.02050495 -0.228768 0.02050495 -0.228768 0.01361799 -0.228768 0.02050495 -0.266896 0.02050495 -0.228768 0.02050495 -0.266896 0.02739197 -0.266896 0.02739197 -0.266896 0.02050495 -0.266896 0.02739197 -0.305024 0.02739197 -0.266896 0.02739197 -0.305024 0.03427898 -0.305024 0.03427898 -0.305024 0.02739197 -0.305024 0.03427898 -0.343152 -1.56e-4 -0.152512 -1.56e-4 -0.19064 0.006730973 -0.19064 0.006730973 -0.19064 -1.56e-4 -0.19064 0.006730973 -0.228768 0.006730973 -0.19064 0.006730973 -0.228768 0.01361799 -0.228768 0.01361799 -0.228768 0.006730973 -0.228768 0.01361799 -0.266896 0.01361799 -0.228768 0.01361799 -0.266896 0.02050495 -0.266896 0.02050495 -0.266896 0.01361799 -0.266896 0.02050495 -0.305024 0.02050495 -0.266896 0.02050495 -0.305024 0.02739197 -0.305024 0.02739197 -0.305024 0.02050495 -0.305024 0.02739197 -0.343152 0.02739197 -0.305024 0.02739197 -0.343152 0.03427898 -0.343152 0.03427898 -0.343152 0.02739197 -0.343152 0.03427898 -0.38128 -1.56e-4 -0.19064 -1.56e-4 -0.228768 0.006730973 -0.228768 0.006730973 -0.228768 -1.56e-4 -0.228768 0.006730973 -0.266896 0.006730973 -0.228768 0.006730973 -0.266896 0.01361799 -0.266896 0.01361799 -0.266896 0.006730973 -0.266896 0.01361799 -0.305024 0.01361799 -0.266896 0.01361799 -0.305024 0.02050495 -0.305024 0.02050495 -0.305024 0.01361799 -0.305024 0.02050495 -0.343152 0.02050495 -0.305024 0.02050495 -0.343152 0.02739197 -0.343152 0.02739197 -0.343152 0.02050495 -0.343152 0.02739197 -0.38128 0.02739197 -0.343152 0.02739197 -0.38128 0.03427898 -0.38128 0.03427898 -0.38128 0.02739197 -0.38128 0.03427898 -0.419408 -1.56e-4 -0.228768 -1.56e-4 -0.266896 0.006730973 -0.266896 0.006730973 -0.266896 -1.56e-4 -0.266896 0.006730973 -0.305024 0.006730973 -0.266896 0.006730973 -0.305024 0.01361799 -0.305024 0.01361799 -0.305024 0.006730973 -0.305024 0.01361799 -0.343152 0.01361799 -0.305024 0.01361799 -0.343152 0.02050495 -0.343152 0.02050495 -0.343152 0.01361799 -0.343152 0.02050495 -0.38128 0.02050495 -0.343152 0.02050495 -0.38128 0.02739197 -0.38128 0.02739197 -0.38128 0.02050495 -0.38128 0.02739197 -0.419408 0.02739197 -0.38128 0.02739197 -0.419408 0.03427898 -0.419408 0.03427898 -0.419408 0.02739197 -0.419408 0.03427898 -0.457536 -1.56e-4 -0.266896 -1.56e-4 -0.305024 0.006730973 -0.305024 0.006730973 -0.305024 -1.56e-4 -0.305024 0.006730973 -0.343152 0.006730973 -0.305024 0.006730973 -0.343152 0.01361799 -0.343152 0.01361799 -0.343152 0.006730973 -0.343152 0.01361799 -0.38128 0.01361799 -0.343152 0.01361799 -0.38128 0.02050495 -0.38128 0.02050495 -0.38128 0.01361799 -0.38128 0.02050495 -0.419408 0.02050495 -0.38128 0.02050495 -0.419408 0.02739197 -0.419408 0.02739197 -0.419408 0.02050495 -0.419408 0.02739197 -0.457536 0.02739197 -0.419408 0.02739197 -0.457536 0.03427898 -0.457536 0.03427898 -0.457536 0.02739197 -0.457536 0.03427898 -0.495664 -1.56e-4 -0.305024 -1.56e-4 -0.343152 0.006730973 -0.343152 0.006730973 -0.343152 -1.56e-4 -0.343152 0.006730973 -0.38128 0.006730973 -0.343152 0.006730973 -0.38128 0.01361799 -0.38128 0.01361799 -0.38128 0.006730973 -0.38128 0.01361799 -0.419408 0.01361799 -0.38128 0.01361799 -0.419408 0.02050495 -0.419408 0.02050495 -0.419408 0.01361799 -0.419408 0.02050495 -0.457536 0.02050495 -0.419408 0.02050495 -0.457536 0.02739197 -0.457536 0.02739197 -0.457536 0.02050495 -0.457536 0.02739197 -0.495664 0.02739197 -0.457536 0.02739197 -0.495664 0.03427898 -0.495664 0.03427898 -0.495664 0.02739197 -0.495664 0.03427898 -0.533791 -1.56e-4 -0.343152 -1.56e-4 -0.38128 0.006730973 -0.38128 0.006730973 -0.38128 -1.56e-4 -0.38128 0.006730973 -0.419408 0.006730973 -0.38128 0.006730973 -0.419408 0.01361799 -0.419408 0.01361799 -0.419408 0.006730973 -0.419408 0.01361799 -0.457536 0.01361799 -0.419408 0.01361799 -0.457536 0.02050495 -0.457536 0.02050495 -0.457536 0.01361799 -0.457536 0.02050495 -0.495664 0.02050495 -0.457536 0.02050495 -0.495664 0.02739197 -0.495664 0.02739197 -0.495664 0.02050495 -0.495664 0.02739197 -0.533791 0.02739197 -0.495664 0.02739197 -0.533791 0.03427898 -0.533791 0.03427898 0.533791 0.02739197 0.533791 0.03427898 0.495664 -1.56e-4 -0.38128 -1.56e-4 -0.419408 0.006730973 -0.419408 0.006730973 -0.419408 -1.56e-4 -0.419408 0.006730973 -0.457536 0.006730973 -0.419408 0.006730973 -0.457536 0.01361799 -0.457536 0.01361799 -0.457536 0.006730973 -0.457536 0.01361799 -0.495664 0.01361799 -0.457536 0.01361799 -0.495664 0.02050495 -0.495664 0.02050495 -0.495664 0.01361799 -0.495664 0.02050495 -0.533791 0.02050495 -0.495664 0.02050495 -0.533791 0.02739197 -0.533791 0.02739197 0.533791 0.02050495 0.533791 0.02739197 0.495664 0.02739197 0.533791 0.02739197 0.495664 0.03427898 0.495664 0.03427898 0.495664 0.02739197 0.495664 0.03427898 0.457536 -1.56e-4 -0.419408 -1.56e-4 -0.457536 0.006730973 -0.457536 0.006730973 -0.457536 -1.56e-4 -0.457536 0.006730973 -0.495664 0.006730973 -0.457536 0.006730973 -0.495664 0.01361799 -0.495664 0.01361799 -0.495664 0.006730973 -0.495664 0.01361799 -0.533791 0.01361799 -0.495664 0.01361799 -0.533791 0.02050495 -0.533791 0.02050495 0.533791 0.01361799 0.533791 0.02050495 0.495664 0.02050495 0.533791 0.02050495 0.495664 0.02739197 0.495664 0.02739197 0.495664 0.02050495 0.495664 0.02739197 0.457536 0.02739197 0.495664 0.02739197 0.457536 0.03427898 0.457536 0.03427898 0.457536 0.02739197 0.457536 0.03427898 0.419408 -1.56e-4 -0.457536 -1.56e-4 -0.495664 0.006730973 -0.495664 0.006730973 -0.495664 -1.56e-4 -0.495664 0.006730973 -0.533791 0.006730973 -0.495664 0.006730973 -0.533791 0.01361799 -0.533791 0.01361799 0.533791 0.006730973 0.533791 0.01361799 0.495664 0.01361799 0.533791 0.01361799 0.495664 0.02050495 0.495664 0.02050495 0.495664 0.01361799 0.495664 0.02050495 0.457536 0.02050495 0.495664 0.02050495 0.457536 0.02739197 0.457536 0.02739197 0.457536 0.02050495 0.457536 0.02739197 0.419408 0.02739197 0.457536 0.02739197 0.419408 0.03427898 0.419408 0.03427898 0.419408 0.02739197 0.419408 0.03427898 0.38128 -1.56e-4 -0.495664 -1.56e-4 -0.533791 0.006730973 -0.533791 0.006730973 0.533791 -1.56e-4 0.533791 0.006730973 0.495664 0.006730973 0.533791 0.006730973 0.495664 0.01361799 0.495664 0.01361799 0.495664 0.006730973 0.495664 0.01361799 0.457536 0.01361799 0.495664 0.01361799 0.457536 0.02050495 0.457536 0.02050495 0.457536 0.01361799 0.457536 0.02050495 0.419408 0.02050495 0.457536 0.02050495 0.419408 0.02739197 0.419408 0.02739197 0.419408 0.02050495 0.419408 0.02739197 0.38128 0.02739197 0.419408 0.02739197 0.38128 0.03427898 0.38128 0.03427898 0.38128 0.02739197 0.38128 0.03427898 0.343152 -1.56e-4 0.533791 -1.56e-4 0.495664 0.006730973 0.495664 0.006730973 0.495664 -1.56e-4 0.495664 0.006730973 0.457536 0.006730973 0.495664 0.006730973 0.457536 0.01361799 0.457536 0.01361799 0.457536 0.006730973 0.457536 0.01361799 0.419408 0.01361799 0.457536 0.01361799 0.419408 0.02050495 0.419408 0.02050495 0.419408 0.01361799 0.419408 0.02050495 0.38128 0.02050495 0.419408 0.02050495 0.38128 0.02739197 0.38128 0.02739197 0.38128 0.02050495 0.38128 0.02739197 0.343152 0.02739197 0.38128 0.02739197 0.343152 0.03427898 0.343152 0.03427898 0.343152 0.02739197 0.343152 0.03427898 0.305024 -1.56e-4 0.495664 -1.56e-4 0.457536 0.006730973 0.457536 0.006730973 0.457536 -1.56e-4 0.457536 0.006730973 0.419408 0.006730973 0.457536 0.006730973 0.419408 0.01361799 0.419408 0.01361799 0.419408 0.006730973 0.419408 0.01361799 0.38128 0.01361799 0.419408 0.01361799 0.38128 0.02050495 0.38128 0.02050495 0.38128 0.01361799 0.38128 0.02050495 0.343152 0.02050495 0.38128 0.02050495 0.343152 0.02739197 0.343152 0.02739197 0.343152 0.02050495 0.343152 0.02739197 0.305024 0.02739197 0.343152 0.02739197 0.305024 0.03427898 0.305024 0.03427898 0.305024 0.02739197 0.305024 0.03427898 0.266896 -1.56e-4 0.457536 -1.56e-4 0.419408 0.006730973 0.419408 0.006730973 0.419408 -1.56e-4 0.419408 0.006730973 0.38128 0.006730973 0.419408 0.006730973 0.38128 0.01361799 0.38128 0.01361799 0.38128 0.006730973 0.38128 0.01361799 0.343152 0.01361799 0.38128 0.01361799 0.343152 0.02050495 0.343152 0.02050495 0.343152 0.01361799 0.343152 0.02050495 0.305024 0.02050495 0.343152 0.02050495 0.305024 0.02739197 0.305024 0.02739197 0.305024 0.02050495 0.305024 0.02739197 0.266896 0.02739197 0.305024 0.02739197 0.266896 0.03427898 0.266896 -1.56e-4 0.419408 -1.56e-4 0.38128 0.006730973 0.38128 0.006730973 0.38128 -1.56e-4 0.38128 0.006730973 0.343152 0.006730973 0.38128 0.006730973 0.343152 0.01361799 0.343152 0.01361799 0.343152 0.006730973 0.343152 0.01361799 0.305024 0.01361799 0.343152 0.01361799 0.305024 0.02050495 0.305024 0.02050495 0.305024 0.01361799 0.305024 0.02050495 0.266896 0.02050495 0.305024 0.02050495 0.266896 0.02739197 0.266896 -1.56e-4 0.38128 -1.56e-4 0.343152 0.006730973 0.343152 0.006730973 0.343152 -1.56e-4 0.343152 0.006730973 0.305024 0.006730973 0.343152 0.006730973 0.305024 0.01361799 0.305024 0.01361799 0.305024 0.006730973 0.305024 0.01361799 0.266896 0.01361799 0.305024 0.01361799 0.266896 0.02050495 0.266896 -1.56e-4 0.343152 -1.56e-4 0.305024 0.006730973 0.305024 0.006730973 0.305024 -1.56e-4 0.305024 0.006730973 0.266896 0.006730973 0.305024 0.006730973 0.266896 0.01361799 0.266896 -1.56e-4 0.305024 -1.56e-4 0.266896 0.006730973 0.266896 0.04554295 0.03977495 -0.04554295 0.03977495 0.04554295 0 0.04554295 0 -0.04554295 0.03977495 -0.04554295 0 0.04554295 0 -0.04554295 0 0.04554295 -0.03977495 0.04554295 -0.03977495 -0.04554295 0 -0.04554295 -0.03977495 0.04554295 -0.03977495 -0.04554295 -0.03977495 0.04554295 -0.07954996 0.04554295 -0.07954996 -0.04554295 -0.03977495 -0.04554295 -0.07954996 0.04554295 -0.07954996 -0.04554295 -0.07954996 0.04554295 -0.119325 0.04554295 -0.119325 -0.04554295 -0.07954996 -0.04554295 -0.119325 0.04554295 -0.119325 -0.04554295 -0.119325 0.04554295 -0.159099 0.04554295 -0.159099 -0.04554295 -0.119325 -0.04554295 -0.159099 0.04554295 -0.159099 -0.04554295 -0.159099 0.04554295 -0.1988739 0.04554295 -0.1988739 -0.04554295 -0.159099 -0.04554295 -0.1988739 0.04554295 -0.1988739 -0.04554295 -0.1988739 0.04554295 -0.238649 0.04554295 -0.238649 -0.04554295 -0.1988739 -0.04554295 -0.238649 0.04554295 -0.238649 -0.04554295 -0.238649 0.04554295 -0.278424 0.04554295 -0.278424 -0.04554295 -0.238649 -0.04554295 -0.278424 0.04554295 -0.278424 -0.04554295 -0.278424 0.04554295 -0.318199 0.04554295 -0.318199 -0.04554295 -0.278424 -0.04554295 -0.318199 0.04554295 -0.318199 -0.04554295 -0.318199 0.04554295 -0.357974 0.04554295 -0.357974 -0.04554295 -0.318199 -0.04554295 -0.357974 0.04554295 -0.357974 -0.04554295 -0.357974 0.04554295 -0.397748 0.04554295 -0.397748 -0.04554295 -0.357974 -0.04554295 -0.397748 0.04554295 -0.397748 -0.04554295 -0.397748 0.04554295 -0.437523 0.04554295 -0.437523 -0.04554295 -0.397748 -0.04554295 -0.437523 0.04554295 -0.437523 -0.04554295 -0.437523 0.04554295 -0.477298 0.04554295 -0.477298 -0.04554295 -0.437523 -0.04554295 -0.477298 0.04554295 -0.477298 -0.04554295 -0.477298 0.04554295 -0.517073 0.04554295 -0.517073 -0.04554295 -0.477298 -0.04554295 -0.517073 0.04554295 -0.517073 -0.04554295 -0.517073 0.04554295 -0.556848 0.04554295 -0.556848 -0.04554295 -0.517073 -0.04554295 -0.556848 0.04554295 0.556848 -0.04554295 0.556848 0.04554295 0.517073 0.04554295 0.517073 -0.04554295 0.556848 -0.04554295 0.517073 0.04554295 0.517073 -0.04554295 0.517073 0.04554295 0.477298 0.04554295 0.477298 -0.04554295 0.517073 -0.04554295 0.477298 0.04554295 0.477298 -0.04554295 0.477298 0.04554295 0.437523 0.04554295 0.437523 -0.04554295 0.477298 -0.04554295 0.437523 0.04554295 0.437523 -0.04554295 0.437523 0.04554295 0.397748 0.04554295 0.397748 -0.04554295 0.437523 -0.04554295 0.397748 0.04554295 0.397748 -0.04554295 0.397748 0.04554295 0.357974 0.04554295 0.357974 -0.04554295 0.397748 -0.04554295 0.357974 0.04554295 0.357974 -0.04554295 0.357974 0.04554295 0.318199 0.04554295 0.318199 -0.04554295 0.357974 -0.04554295 0.318199 0.04554295 0.318199 -0.04554295 0.318199 0.04554295 0.278424 0.04554295 0.278424 -0.04554295 0.318199 -0.04554295 0.278424 0.04554295 0.278424 -0.04554295 0.278424 0.04554295 0.238649 0.04554295 0.238649 -0.04554295 0.278424 -0.04554295 0.238649 0.04554295 0.238649 -0.04554295 0.238649 0.04554295 0.1988739 0.04554295 0.1988739 -0.04554295 0.238649 -0.04554295 0.1988739 0.04554295 0.1988739 -0.04554295 0.1988739 0.04554295 0.159099 0.04554295 0.159099 -0.04554295 0.1988739 -0.04554295 0.159099 0.04554295 0.159099 -0.04554295 0.159099 0.04554295 0.119325 0.04554295 0.119325 -0.04554295 0.159099 -0.04554295 0.119325 0.04554295 0.119325 -0.04554295 0.119325 0.04554295 0.07954996 0.04554295 0.07954996 -0.04554295 0.119325 -0.04554295 0.07954996 0.04554295 0.07954996 -0.04554295 0.07954996 0.04554295 0.03977495 0.04554295 0.03977495 -0.04554295 0.07954996 -0.04554295 0.03977495 -0.001153945 0.300613 -0.009097993 0.300613 -0.001153945 0.263037 -0.001153945 0.263037 -0.009097993 0.300613 -0.009097993 0.263037 -0.001153945 0.263037 -0.009097993 0.263037 -0.001153945 0.2254599 -0.001153945 0.2254599 -0.009097993 0.263037 -0.009097993 0.2254599 -0.001153945 0.2254599 -0.009097993 0.2254599 -0.001153945 0.187883 -0.001153945 0.187883 -0.009097993 0.2254599 -0.009097993 0.187883 -0.001153945 0.187883 -0.009097993 0.187883 -0.001153945 0.1503069 -0.001153945 0.1503069 -0.009097993 0.187883 -0.009097993 0.1503069 -0.001153945 0.1503069 -0.009097993 0.1503069 -0.001153945 0.11273 -0.001153945 0.11273 -0.009097993 0.1503069 -0.009097993 0.11273 -0.001153945 0.11273 -0.009097993 0.11273 -0.001153945 0.07515299 -0.001153945 0.07515299 -0.009097993 0.11273 -0.009097993 0.07515299 -0.001153945 0.07515299 -0.009097993 0.07515299 -0.001153945 0.03757697 -0.001153945 0.03757697 -0.009097993 0.07515299 -0.009097993 0.03757697 -0.001153945 0.03757697 -0.009097993 0.03757697 -0.001153945 0 -0.001153945 0 -0.009097993 0.03757697 -0.009097993 0 -0.001153945 0 -0.009097993 0 -0.001153945 -0.03757697 -0.001153945 -0.03757697 -0.009097993 0 -0.009097993 -0.03757697 -0.001153945 -0.03757697 -0.009097993 -0.03757697 -0.001153945 -0.07515299 -0.001153945 -0.07515299 -0.009097993 -0.03757697 -0.009097993 -0.07515299 -0.001153945 -0.07515299 -0.009097993 -0.07515299 -0.001153945 -0.11273 -0.001153945 -0.11273 -0.009097993 -0.07515299 -0.009097993 -0.11273 -0.001153945 -0.11273 -0.009097993 -0.11273 -0.001153945 -0.1503069 -0.001153945 -0.1503069 -0.009097993 -0.11273 -0.009097993 -0.1503069 -0.001153945 -0.1503069 -0.009097993 -0.1503069 -0.001153945 -0.187883 -0.001153945 -0.187883 -0.009097993 -0.1503069 -0.009097993 -0.187883 -0.001153945 -0.187883 -0.009097993 -0.187883 -0.001153945 -0.2254599 -0.001153945 -0.2254599 -0.009097993 -0.187883 -0.009097993 -0.2254599 -0.001153945 -0.2254599 -0.009097993 -0.2254599 -0.001153945 -0.263037 -0.001153945 -0.263037 -0.009097993 -0.2254599 -0.009097993 -0.263037 -0.001153945 -0.263037 -0.009097993 -0.263037 -0.001153945 -0.300613 -0.001153945 -0.300613 -0.009097993 -0.263037 -0.009097993 -0.300613 -0.001153945 -0.300613 -0.009097993 -0.300613 -0.001153945 -0.33819 -0.001153945 -0.33819 -0.009097993 -0.300613 -0.009097993 -0.33819 -0.001153945 -0.33819 -0.009097993 -0.33819 -0.001153945 -0.375766 -0.001153945 -0.375766 -0.009097993 -0.33819 -0.009097993 -0.375766 -0.001153945 -0.375766 -0.009097993 -0.375766 -0.001153945 -0.413343 -0.001153945 -0.413343 -0.009097993 -0.375766 -0.009097993 -0.413343 -0.001153945 -0.413343 -0.009097993 -0.413343 -0.001153945 -0.45092 -0.001153945 -0.45092 -0.009097993 -0.413343 -0.009097993 -0.45092 -0.001153945 -0.45092 -0.009097993 -0.45092 -0.001153945 -0.488496 -0.001153945 -0.488496 -0.009097993 -0.45092 -0.009097993 -0.488496 -0.001153945 -0.488496 -0.009097993 -0.488496 -0.001153945 -0.526073 -0.001153945 -0.526073 -0.009097993 -0.488496 -0.009097993 -0.526073 -0.001153945 0.526073 -0.009097993 0.526073 -0.001153945 0.488496 -0.001153945 0.488496 -0.009097993 0.526073 -0.009097993 0.488496 -0.001153945 0.488496 -0.009097993 0.488496 -0.001153945 0.45092 -0.001153945 0.45092 -0.009097993 0.488496 -0.009097993 0.45092 -0.001153945 0.45092 -0.009097993 0.45092 -0.001153945 0.413343 -0.001153945 0.413343 -0.009097993 0.45092 -0.009097993 0.413343 -0.001153945 0.413343 -0.009097993 0.413343 -0.001153945 0.375766 -0.001153945 0.375766 -0.009097993 0.413343 -0.009097993 0.375766 -0.001153945 0.375766 -0.009097993 0.375766 -0.001153945 0.33819 -0.001153945 0.33819 -0.009097993 0.375766 -0.009097993 0.33819 -0.001153945 0.33819 -0.009097993 0.33819 -0.001153945 0.300613 -0.001153945 0.300613 -0.009097993 0.33819 -0.009097993 0.300613 -0.04881995 0.222569 -0.04087597 0.2254599 -0.04881995 0.263037 -0.04881995 0.263037 -0.04087597 0.2254599 -0.04087597 0.263037 -0.04881995 0.263037 -0.04087597 0.263037 -0.04087597 0.300613 -0.04087597 0.300613 -0.04087597 0.263037 -0.03293097 0.263037 -0.04087597 0.300613 -0.03293097 0.263037 -0.03293097 0.300613 -0.03293097 0.300613 -0.03293097 0.263037 -0.02498698 0.263037 -0.03293097 0.300613 -0.02498698 0.263037 -0.02498698 0.300613 -0.02498698 0.300613 -0.02498698 0.263037 -0.01704198 0.263037 -0.02498698 0.300613 -0.01704198 0.263037 -0.01704198 0.300613 -0.01704198 0.300613 -0.01704198 0.263037 -0.009097993 0.263037 -0.01704198 0.300613 -0.009097993 0.263037 -0.009097993 0.300613 -0.04087597 0.2254599 -0.04881995 0.222569 -0.04087597 0.187883 -0.04087597 0.187883 -0.04881995 0.222569 -0.04881995 0.182102 -0.04087597 0.187883 -0.04881995 0.182102 -0.04087597 0.1503069 -0.04087597 0.1503069 -0.04881995 0.182102 -0.04881995 0.141635 -0.04087597 0.1503069 -0.04881995 0.141635 -0.04087597 0.11273 -0.04087597 0.11273 -0.04881995 0.141635 -0.04881995 0.101168 -0.04087597 0.11273 -0.04881995 0.101168 -0.04087597 0.07515299 -0.04087597 0.07515299 -0.04881995 0.101168 -0.04881995 0.06070095 -0.04087597 0.07515299 -0.04881995 0.06070095 -0.04087597 0.03757697 -0.04087597 0.03757697 -0.04881995 0.06070095 -0.04881995 0.02023398 -0.04087597 0.03757697 -0.04881995 0.02023398 -0.04087597 0 -0.04087597 0 -0.04881995 0.02023398 -0.04881995 -0.02023398 -0.04087597 0 -0.04881995 -0.02023398 -0.04087597 -0.03757697 -0.04087597 -0.03757697 -0.04881995 -0.02023398 -0.04881995 -0.06070095 -0.04087597 -0.03757697 -0.04881995 -0.06070095 -0.04087597 -0.07515299 -0.04087597 -0.07515299 -0.04881995 -0.06070095 -0.04881995 -0.101168 -0.04087597 -0.07515299 -0.04881995 -0.101168 -0.04087597 -0.11273 -0.04087597 -0.11273 -0.04881995 -0.101168 -0.04881995 -0.141635 -0.04087597 -0.11273 -0.04881995 -0.141635 -0.04087597 -0.1503069 -0.04087597 -0.1503069 -0.04881995 -0.141635 -0.04881995 -0.182102 -0.04087597 -0.1503069 -0.04881995 -0.182102 -0.04087597 -0.187883 -0.04087597 -0.187883 -0.04881995 -0.182102 -0.04881995 -0.222569 -0.04087597 -0.187883 -0.04881995 -0.222569 -0.04087597 -0.2254599 -0.04087597 -0.2254599 -0.04881995 -0.222569 -0.04881995 -0.263037 -0.04087597 -0.2254599 -0.04881995 -0.263037 -0.04087597 -0.263037 -0.04087597 -0.263037 -0.04881995 -0.263037 -0.04087597 -0.300613 -0.04087597 -0.263037 -0.04087597 -0.300613 -0.03293097 -0.300613 -0.03293097 -0.300613 -0.04087597 -0.300613 -0.03293097 -0.33819 -0.03293097 -0.300613 -0.03293097 -0.33819 -0.02498698 -0.33819 -0.02498698 -0.33819 -0.03293097 -0.33819 -0.02498698 -0.375766 -0.02498698 -0.33819 -0.02498698 -0.375766 -0.01704198 -0.375766 -0.01704198 -0.375766 -0.02498698 -0.375766 -0.01704198 -0.413343 -0.01704198 -0.375766 -0.01704198 -0.413343 -0.009097993 -0.413343 -0.009097993 -0.413343 -0.01704198 -0.413343 -0.009097993 -0.45092 -0.04881995 -0.263037 -0.04881995 -0.303504 -0.04087597 -0.300613 -0.04087597 -0.300613 -0.04881995 -0.303504 -0.04087597 -0.33819 -0.04087597 -0.300613 -0.04087597 -0.33819 -0.03293097 -0.33819 -0.03293097 -0.33819 -0.04087597 -0.33819 -0.03293097 -0.375766 -0.03293097 -0.33819 -0.03293097 -0.375766 -0.02498698 -0.375766 -0.02498698 -0.375766 -0.03293097 -0.375766 -0.02498698 -0.413343 -0.02498698 -0.375766 -0.02498698 -0.413343 -0.01704198 -0.413343 -0.01704198 -0.413343 -0.02498698 -0.413343 -0.01704198 -0.45092 -0.01704198 -0.413343 -0.01704198 -0.45092 -0.009097993 -0.45092 -0.009097993 -0.45092 -0.01704198 -0.45092 -0.009097993 -0.488496 -0.04881995 -0.303504 -0.04881995 -0.343971 -0.04087597 -0.33819 -0.04087597 -0.33819 -0.04881995 -0.343971 -0.04087597 -0.375766 -0.04087597 -0.33819 -0.04087597 -0.375766 -0.03293097 -0.375766 -0.03293097 -0.375766 -0.04087597 -0.375766 -0.03293097 -0.413343 -0.03293097 -0.375766 -0.03293097 -0.413343 -0.02498698 -0.413343 -0.02498698 -0.413343 -0.03293097 -0.413343 -0.02498698 -0.45092 -0.02498698 -0.413343 -0.02498698 -0.45092 -0.01704198 -0.45092 -0.01704198 -0.45092 -0.02498698 -0.45092 -0.01704198 -0.488496 -0.01704198 -0.45092 -0.01704198 -0.488496 -0.009097993 -0.488496 -0.009097993 -0.488496 -0.01704198 -0.488496 -0.009097993 -0.526073 -0.04881995 -0.343971 -0.04881995 -0.384438 -0.04087597 -0.375766 -0.04087597 -0.375766 -0.04881995 -0.384438 -0.04087597 -0.413343 -0.04087597 -0.375766 -0.04087597 -0.413343 -0.03293097 -0.413343 -0.03293097 -0.413343 -0.04087597 -0.413343 -0.03293097 -0.45092 -0.03293097 -0.413343 -0.03293097 -0.45092 -0.02498698 -0.45092 -0.02498698 -0.45092 -0.03293097 -0.45092 -0.02498698 -0.488496 -0.02498698 -0.45092 -0.02498698 -0.488496 -0.01704198 -0.488496 -0.01704198 -0.488496 -0.02498698 -0.488496 -0.01704198 -0.526073 -0.01704198 -0.488496 -0.01704198 -0.526073 -0.009097993 -0.526073 -0.009097993 0.526073 -0.01704198 0.526073 -0.009097993 0.488496 -0.04881995 -0.384438 -0.04881995 -0.424905 -0.04087597 -0.413343 -0.04087597 -0.413343 -0.04881995 -0.424905 -0.04087597 -0.45092 -0.04087597 -0.413343 -0.04087597 -0.45092 -0.03293097 -0.45092 -0.03293097 -0.45092 -0.04087597 -0.45092 -0.03293097 -0.488496 -0.03293097 -0.45092 -0.03293097 -0.488496 -0.02498698 -0.488496 -0.02498698 -0.488496 -0.03293097 -0.488496 -0.02498698 -0.526073 -0.02498698 -0.488496 -0.02498698 -0.526073 -0.01704198 -0.526073 -0.01704198 0.526073 -0.02498698 0.526073 -0.01704198 0.488496 -0.01704198 0.526073 -0.01704198 0.488496 -0.009097993 0.488496 -0.009097993 0.488496 -0.01704198 0.488496 -0.009097993 0.45092 -0.04881995 -0.424905 -0.04881995 -0.465372 -0.04087597 -0.45092 -0.04087597 -0.45092 -0.04881995 -0.465372 -0.04087597 -0.488496 -0.04087597 -0.45092 -0.04087597 -0.488496 -0.03293097 -0.488496 -0.03293097 -0.488496 -0.04087597 -0.488496 -0.03293097 -0.526073 -0.03293097 -0.488496 -0.03293097 -0.526073 -0.02498698 -0.526073 -0.02498698 0.526073 -0.03293097 0.526073 -0.02498698 0.488496 -0.02498698 0.526073 -0.02498698 0.488496 -0.01704198 0.488496 -0.01704198 0.488496 -0.02498698 0.488496 -0.01704198 0.45092 -0.01704198 0.488496 -0.01704198 0.45092 -0.009097993 0.45092 -0.009097993 0.45092 -0.01704198 0.45092 -0.009097993 0.413343 -0.04881995 -0.465372 -0.04881995 -0.50584 -0.04087597 -0.488496 -0.04087597 -0.488496 -0.04881995 -0.50584 -0.04087597 -0.526073 -0.04087597 -0.488496 -0.04087597 -0.526073 -0.03293097 -0.526073 -0.03293097 0.526073 -0.04087597 0.526073 -0.03293097 0.488496 -0.03293097 0.526073 -0.03293097 0.488496 -0.02498698 0.488496 -0.02498698 0.488496 -0.03293097 0.488496 -0.02498698 0.45092 -0.02498698 0.488496 -0.02498698 0.45092 -0.01704198 0.45092 -0.01704198 0.45092 -0.02498698 0.45092 -0.01704198 0.413343 -0.01704198 0.45092 -0.01704198 0.413343 -0.009097993 0.413343 -0.009097993 0.413343 -0.01704198 0.413343 -0.009097993 0.375766 -0.04881995 0.546307 -0.04881995 0.50584 -0.04087597 0.526073 -0.04087597 0.526073 -0.04881995 0.50584 -0.04087597 0.488496 -0.04087597 0.526073 -0.04087597 0.488496 -0.03293097 0.488496 -0.03293097 0.488496 -0.04087597 0.488496 -0.03293097 0.45092 -0.03293097 0.488496 -0.03293097 0.45092 -0.02498698 0.45092 -0.02498698 0.45092 -0.03293097 0.45092 -0.02498698 0.413343 -0.02498698 0.45092 -0.02498698 0.413343 -0.01704198 0.413343 -0.01704198 0.413343 -0.02498698 0.413343 -0.01704198 0.375766 -0.01704198 0.413343 -0.01704198 0.375766 -0.009097993 0.375766 -0.009097993 0.375766 -0.01704198 0.375766 -0.009097993 0.33819 -0.04881995 0.50584 -0.04881995 0.465372 -0.04087597 0.488496 -0.04087597 0.488496 -0.04881995 0.465372 -0.04087597 0.45092 -0.04087597 0.488496 -0.04087597 0.45092 -0.03293097 0.45092 -0.03293097 0.45092 -0.04087597 0.45092 -0.03293097 0.413343 -0.03293097 0.45092 -0.03293097 0.413343 -0.02498698 0.413343 -0.02498698 0.413343 -0.03293097 0.413343 -0.02498698 0.375766 -0.02498698 0.413343 -0.02498698 0.375766 -0.01704198 0.375766 -0.01704198 0.375766 -0.02498698 0.375766 -0.01704198 0.33819 -0.01704198 0.375766 -0.01704198 0.33819 -0.009097993 0.33819 -0.009097993 0.33819 -0.01704198 0.33819 -0.009097993 0.300613 -0.04881995 0.465372 -0.04881995 0.424905 -0.04087597 0.45092 -0.04087597 0.45092 -0.04881995 0.424905 -0.04087597 0.413343 -0.04087597 0.45092 -0.04087597 0.413343 -0.03293097 0.413343 -0.03293097 0.413343 -0.04087597 0.413343 -0.03293097 0.375766 -0.03293097 0.413343 -0.03293097 0.375766 -0.02498698 0.375766 -0.02498698 0.375766 -0.03293097 0.375766 -0.02498698 0.33819 -0.02498698 0.375766 -0.02498698 0.33819 -0.01704198 0.33819 -0.01704198 0.33819 -0.02498698 0.33819 -0.01704198 0.300613 -0.01704198 0.33819 -0.01704198 0.300613 -0.009097993 0.300613 -0.04881995 0.424905 -0.04881995 0.384438 -0.04087597 0.413343 -0.04087597 0.413343 -0.04881995 0.384438 -0.04087597 0.375766 -0.04087597 0.413343 -0.04087597 0.375766 -0.03293097 0.375766 -0.03293097 0.375766 -0.04087597 0.375766 -0.03293097 0.33819 -0.03293097 0.375766 -0.03293097 0.33819 -0.02498698 0.33819 -0.02498698 0.33819 -0.03293097 0.33819 -0.02498698 0.300613 -0.02498698 0.33819 -0.02498698 0.300613 -0.01704198 0.300613 -0.04881995 0.384438 -0.04881995 0.343971 -0.04087597 0.375766 -0.04087597 0.375766 -0.04881995 0.343971 -0.04087597 0.33819 -0.04087597 0.375766 -0.04087597 0.33819 -0.03293097 0.33819 -0.03293097 0.33819 -0.04087597 0.33819 -0.03293097 0.300613 -0.03293097 0.33819 -0.03293097 0.300613 -0.02498698 0.300613 -0.04881995 0.343971 -0.04881995 0.303504 -0.04087597 0.33819 -0.04087597 0.33819 -0.04881995 0.303504 -0.04087597 0.300613 -0.04087597 0.33819 -0.04087597 0.300613 -0.03293097 0.300613 -0.04881995 0.303504 -0.04881995 0.263037 -0.04087597 0.300613 -0.03293097 0.263037 -0.04087597 0.263037 -0.03293097 0.2254599 -0.03293097 0.2254599 -0.04087597 0.263037 -0.04087597 0.2254599 -0.03293097 0.2254599 -0.04087597 0.2254599 -0.03293097 0.187883 -0.03293097 0.187883 -0.04087597 0.2254599 -0.04087597 0.187883 -0.03293097 0.187883 -0.04087597 0.187883 -0.03293097 0.1503069 -0.03293097 0.1503069 -0.04087597 0.187883 -0.04087597 0.1503069 -0.03293097 0.1503069 -0.04087597 0.1503069 -0.03293097 0.11273 -0.03293097 0.11273 -0.04087597 0.1503069 -0.04087597 0.11273 -0.03293097 0.11273 -0.04087597 0.11273 -0.03293097 0.07515299 -0.03293097 0.07515299 -0.04087597 0.11273 -0.04087597 0.07515299 -0.03293097 0.07515299 -0.04087597 0.07515299 -0.03293097 0.03757697 -0.03293097 0.03757697 -0.04087597 0.07515299 -0.04087597 0.03757697 -0.03293097 0.03757697 -0.04087597 0.03757697 -0.03293097 0 -0.03293097 0 -0.04087597 0.03757697 -0.04087597 0 -0.03293097 0 -0.04087597 0 -0.03293097 -0.03757697 -0.03293097 -0.03757697 -0.04087597 0 -0.04087597 -0.03757697 -0.03293097 -0.03757697 -0.04087597 -0.03757697 -0.03293097 -0.07515299 -0.03293097 -0.07515299 -0.04087597 -0.03757697 -0.04087597 -0.07515299 -0.03293097 -0.07515299 -0.04087597 -0.07515299 -0.03293097 -0.11273 -0.03293097 -0.11273 -0.04087597 -0.07515299 -0.04087597 -0.11273 -0.03293097 -0.11273 -0.04087597 -0.11273 -0.03293097 -0.1503069 -0.03293097 -0.1503069 -0.04087597 -0.11273 -0.04087597 -0.1503069 -0.03293097 -0.1503069 -0.04087597 -0.1503069 -0.03293097 -0.187883 -0.03293097 -0.187883 -0.04087597 -0.1503069 -0.04087597 -0.187883 -0.03293097 -0.187883 -0.04087597 -0.187883 -0.03293097 -0.2254599 -0.03293097 -0.2254599 -0.04087597 -0.187883 -0.04087597 -0.2254599 -0.03293097 -0.2254599 -0.04087597 -0.2254599 -0.03293097 -0.263037 -0.03293097 -0.263037 -0.04087597 -0.2254599 -0.04087597 -0.263037 -0.03293097 -0.263037 -0.04087597 -0.263037 -0.03293097 -0.300613 -0.02498698 0.263037 -0.03293097 0.263037 -0.02498698 0.2254599 -0.02498698 0.2254599 -0.03293097 0.263037 -0.03293097 0.2254599 -0.02498698 0.2254599 -0.03293097 0.2254599 -0.02498698 0.187883 -0.02498698 0.187883 -0.03293097 0.2254599 -0.03293097 0.187883 -0.02498698 0.187883 -0.03293097 0.187883 -0.02498698 0.1503069 -0.02498698 0.1503069 -0.03293097 0.187883 -0.03293097 0.1503069 -0.02498698 0.1503069 -0.03293097 0.1503069 -0.02498698 0.11273 -0.02498698 0.11273 -0.03293097 0.1503069 -0.03293097 0.11273 -0.02498698 0.11273 -0.03293097 0.11273 -0.02498698 0.07515299 -0.02498698 0.07515299 -0.03293097 0.11273 -0.03293097 0.07515299 -0.02498698 0.07515299 -0.03293097 0.07515299 -0.02498698 0.03757697 -0.02498698 0.03757697 -0.03293097 0.07515299 -0.03293097 0.03757697 -0.02498698 0.03757697 -0.03293097 0.03757697 -0.02498698 0 -0.02498698 0 -0.03293097 0.03757697 -0.03293097 0 -0.02498698 0 -0.03293097 0 -0.02498698 -0.03757697 -0.02498698 -0.03757697 -0.03293097 0 -0.03293097 -0.03757697 -0.02498698 -0.03757697 -0.03293097 -0.03757697 -0.02498698 -0.07515299 -0.02498698 -0.07515299 -0.03293097 -0.03757697 -0.03293097 -0.07515299 -0.02498698 -0.07515299 -0.03293097 -0.07515299 -0.02498698 -0.11273 -0.02498698 -0.11273 -0.03293097 -0.07515299 -0.03293097 -0.11273 -0.02498698 -0.11273 -0.03293097 -0.11273 -0.02498698 -0.1503069 -0.02498698 -0.1503069 -0.03293097 -0.11273 -0.03293097 -0.1503069 -0.02498698 -0.1503069 -0.03293097 -0.1503069 -0.02498698 -0.187883 -0.02498698 -0.187883 -0.03293097 -0.1503069 -0.03293097 -0.187883 -0.02498698 -0.187883 -0.03293097 -0.187883 -0.02498698 -0.2254599 -0.02498698 -0.2254599 -0.03293097 -0.187883 -0.03293097 -0.2254599 -0.02498698 -0.2254599 -0.03293097 -0.2254599 -0.02498698 -0.263037 -0.02498698 -0.263037 -0.03293097 -0.2254599 -0.03293097 -0.263037 -0.02498698 -0.263037 -0.03293097 -0.263037 -0.02498698 -0.300613 -0.02498698 -0.300613 -0.03293097 -0.263037 -0.03293097 -0.300613 -0.02498698 -0.300613 -0.03293097 -0.300613 -0.02498698 -0.33819 -0.009097993 0.2254599 -0.009097993 0.263037 -0.01704198 0.263037 -0.01704198 0.263037 -0.02498698 0.263037 -0.01704198 0.2254599 -0.01704198 0.2254599 -0.02498698 0.263037 -0.02498698 0.2254599 -0.01704198 0.2254599 -0.02498698 0.2254599 -0.01704198 0.187883 -0.01704198 0.187883 -0.02498698 0.2254599 -0.02498698 0.187883 -0.01704198 0.187883 -0.02498698 0.187883 -0.01704198 0.1503069 -0.01704198 0.1503069 -0.02498698 0.187883 -0.02498698 0.1503069 -0.01704198 0.1503069 -0.02498698 0.1503069 -0.01704198 0.11273 -0.01704198 0.11273 -0.02498698 0.1503069 -0.02498698 0.11273 -0.01704198 0.11273 -0.02498698 0.11273 -0.01704198 0.07515299 -0.01704198 0.07515299 -0.02498698 0.11273 -0.02498698 0.07515299 -0.01704198 0.07515299 -0.02498698 0.07515299 -0.01704198 0.03757697 -0.01704198 0.03757697 -0.02498698 0.07515299 -0.02498698 0.03757697 -0.01704198 0.03757697 -0.02498698 0.03757697 -0.01704198 0 -0.01704198 0 -0.02498698 0.03757697 -0.02498698 0 -0.01704198 0 -0.02498698 0 -0.01704198 -0.03757697 -0.01704198 -0.03757697 -0.02498698 0 -0.02498698 -0.03757697 -0.01704198 -0.03757697 -0.02498698 -0.03757697 -0.01704198 -0.07515299 -0.01704198 -0.07515299 -0.02498698 -0.03757697 -0.02498698 -0.07515299 -0.01704198 -0.07515299 -0.02498698 -0.07515299 -0.01704198 -0.11273 -0.01704198 -0.11273 -0.02498698 -0.07515299 -0.02498698 -0.11273 -0.01704198 -0.11273 -0.02498698 -0.11273 -0.01704198 -0.1503069 -0.01704198 -0.1503069 -0.02498698 -0.11273 -0.02498698 -0.1503069 -0.01704198 -0.1503069 -0.02498698 -0.1503069 -0.01704198 -0.187883 -0.01704198 -0.187883 -0.02498698 -0.1503069 -0.02498698 -0.187883 -0.01704198 -0.187883 -0.02498698 -0.187883 -0.01704198 -0.2254599 -0.01704198 -0.2254599 -0.02498698 -0.187883 -0.02498698 -0.2254599 -0.01704198 -0.2254599 -0.02498698 -0.2254599 -0.01704198 -0.263037 -0.01704198 -0.263037 -0.02498698 -0.2254599 -0.02498698 -0.263037 -0.01704198 -0.263037 -0.02498698 -0.263037 -0.01704198 -0.300613 -0.01704198 -0.300613 -0.02498698 -0.263037 -0.02498698 -0.300613 -0.01704198 -0.300613 -0.02498698 -0.300613 -0.01704198 -0.33819 -0.01704198 -0.33819 -0.02498698 -0.300613 -0.02498698 -0.33819 -0.01704198 -0.33819 -0.02498698 -0.33819 -0.01704198 -0.375766 -0.01704198 -0.375766 -0.009097993 -0.413343 -0.009097993 -0.375766 -0.01704198 -0.33819 -0.01704198 -0.375766 -0.009097993 -0.375766 -0.01704198 -0.33819 -0.009097993 -0.375766 -0.009097993 -0.33819 -0.01704198 -0.300613 -0.01704198 -0.33819 -0.009097993 -0.33819 -0.01704198 -0.300613 -0.009097993 -0.33819 -0.009097993 -0.300613 -0.01704198 -0.263037 -0.01704198 -0.300613 -0.009097993 -0.300613 -0.01704198 -0.263037 -0.009097993 -0.300613 -0.009097993 -0.263037 -0.01704198 -0.2254599 -0.01704198 -0.263037 -0.009097993 -0.263037 -0.01704198 -0.2254599 -0.009097993 -0.263037 -0.009097993 -0.2254599 -0.01704198 -0.187883 -0.01704198 -0.2254599 -0.009097993 -0.2254599 -0.01704198 -0.187883 -0.009097993 -0.2254599 -0.009097993 -0.187883 -0.01704198 -0.1503069 -0.01704198 -0.187883 -0.009097993 -0.187883 -0.01704198 -0.1503069 -0.009097993 -0.187883 -0.009097993 -0.1503069 -0.01704198 -0.11273 -0.01704198 -0.1503069 -0.009097993 -0.1503069 -0.01704198 -0.11273 -0.009097993 -0.1503069 -0.009097993 -0.11273 -0.01704198 -0.07515299 -0.01704198 -0.11273 -0.009097993 -0.11273 -0.01704198 -0.07515299 -0.009097993 -0.11273 -0.009097993 -0.07515299 -0.01704198 -0.03757697 -0.01704198 -0.07515299 -0.009097993 -0.07515299 -0.01704198 -0.03757697 -0.009097993 -0.07515299 -0.009097993 -0.03757697 -0.01704198 0 -0.01704198 -0.03757697 -0.009097993 -0.03757697 -0.01704198 0 -0.009097993 -0.03757697 -0.009097993 0 -0.01704198 0.03757697 -0.01704198 0 -0.009097993 0 -0.01704198 0.03757697 -0.009097993 0 -0.009097993 0.03757697 -0.01704198 0.07515299 -0.01704198 0.03757697 -0.009097993 0.03757697 -0.01704198 0.07515299 -0.009097993 0.03757697 -0.009097993 0.07515299 -0.01704198 0.11273 -0.01704198 0.07515299 -0.009097993 0.07515299 -0.01704198 0.11273 -0.009097993 0.07515299 -0.009097993 0.11273 -0.01704198 0.1503069 -0.01704198 0.11273 -0.009097993 0.11273 -0.01704198 0.1503069 -0.009097993 0.11273 -0.009097993 0.1503069 -0.01704198 0.187883 -0.01704198 0.1503069 -0.009097993 0.1503069 -0.01704198 0.187883 -0.009097993 0.1503069 -0.009097993 0.187883 -0.01704198 0.2254599 -0.01704198 0.187883 -0.009097993 0.187883 -0.01704198 0.2254599 -0.009097993 0.187883 -0.009097993 0.2254599 -0.01704198 0.263037 -0.01704198 0.2254599 -0.009097993 0.2254599 -0.03135699 0.06387996 -0.03324097 0.06387996 -0.03135699 0.05475497 -0.03135699 0.05475497 -0.03324097 0.06387996 -0.03324097 0.05475497 -0.03135699 0.05475497 -0.03324097 0.05475497 -0.03135699 0.04562896 -0.03135699 0.04562896 -0.03324097 0.05475497 -0.03324097 0.04562896 -0.03135699 0.04562896 -0.03324097 0.04562896 -0.03135699 0.03650295 -0.03135699 0.03650295 -0.03324097 0.04562896 -0.03324097 0.03650295 -0.03135699 0.03650295 -0.03324097 0.03650295 -0.03135699 0.02737694 -0.03135699 0.02737694 -0.03324097 0.03650295 -0.03324097 0.02737694 -0.03135699 0.02737694 -0.03324097 0.02737694 -0.03135699 0.01825195 -0.03135699 0.01825195 -0.03324097 0.02737694 -0.03324097 0.01825195 -0.03135699 0.01825195 -0.03324097 0.01825195 -0.03135699 0.009125947 -0.03135699 0.009125947 -0.03324097 0.01825195 -0.03324097 0.009125947 -0.03135699 0.009125947 -0.03324097 0.009125947 -0.03135699 0 -0.03135699 0 -0.03324097 0.009125947 -0.03324097 0 -0.03135699 0 -0.03324097 0 -0.03135699 -0.009125947 -0.03135699 -0.009125947 -0.03324097 0 -0.03324097 -0.009125947 -0.03135699 -0.009125947 -0.03324097 -0.009125947 -0.03135699 -0.01825195 -0.03135699 -0.01825195 -0.03324097 -0.009125947 -0.03324097 -0.01825195 -0.03135699 -0.01825195 -0.03324097 -0.01825195 -0.03135699 -0.02737694 -0.03135699 -0.02737694 -0.03324097 -0.01825195 -0.03324097 -0.02737694 -0.03135699 -0.02737694 -0.03324097 -0.02737694 -0.03135699 -0.03650295 -0.03135699 -0.03650295 -0.03324097 -0.02737694 -0.03324097 -0.03650295 -0.03135699 -0.03650295 -0.03324097 -0.03650295 -0.03135699 -0.04562896 -0.03135699 -0.04562896 -0.03324097 -0.03650295 -0.03324097 -0.04562896 -0.03135699 -0.04562896 -0.03324097 -0.04562896 -0.03135699 -0.05475497 -0.03135699 -0.05475497 -0.03324097 -0.04562896 -0.03324097 -0.05475497 -0.03135699 -0.05475497 -0.03324097 -0.05475497 -0.03135699 -0.06387996 -0.03135699 -0.06387996 -0.03324097 -0.05475497 -0.03324097 -0.06387996 -0.03135699 -0.06387996 -0.03324097 -0.06387996 -0.03135699 -0.07300597 -0.03135699 -0.07300597 -0.03324097 -0.06387996 -0.03324097 -0.07300597 -0.03135699 -0.07300597 -0.03324097 -0.07300597 -0.03135699 -0.08213198 -0.03135699 -0.08213198 -0.03324097 -0.07300597 -0.03324097 -0.08213198 -0.03135699 -0.08213198 -0.03324097 -0.08213198 -0.03135699 -0.09125798 -0.03135699 -0.09125798 -0.03324097 -0.08213198 -0.03324097 -0.09125798 -0.03135699 -0.09125798 -0.03324097 -0.09125798 -0.03135699 -0.1003839 -0.03135699 -0.1003839 -0.03324097 -0.09125798 -0.03324097 -0.1003839 -0.03135699 -0.1003839 -0.03324097 -0.1003839 -0.03135699 -0.109509 -0.03135699 -0.109509 -0.03324097 -0.1003839 -0.03324097 -0.109509 -0.03135699 0.109509 -0.03324097 0.109509 -0.03135699 0.1003839 -0.03135699 0.1003839 -0.03324097 0.109509 -0.03324097 0.1003839 -0.03135699 0.1003839 -0.03324097 0.1003839 -0.03135699 0.09125798 -0.03135699 0.09125798 -0.03324097 0.1003839 -0.03324097 0.09125798 -0.03135699 0.09125798 -0.03324097 0.09125798 -0.03135699 0.08213198 -0.03135699 0.08213198 -0.03324097 0.09125798 -0.03324097 0.08213198 -0.03135699 0.08213198 -0.03324097 0.08213198 -0.03135699 0.07300597 -0.03135699 0.07300597 -0.03324097 0.08213198 -0.03324097 0.07300597 -0.03135699 0.07300597 -0.03324097 0.07300597 -0.03135699 0.06387996 -0.03135699 0.06387996 -0.03324097 0.07300597 -0.03324097 0.06387996 -0.03512495 0.04562896 -0.03324097 0.04562896 -0.03512495 0.05475497 -0.03512495 0.05475497 -0.03324097 0.04562896 -0.03324097 0.05475497 -0.03512495 0.05475497 -0.03324097 0.05475497 -0.03512495 0.06387996 -0.03512495 0.06387996 -0.03324097 0.05475497 -0.03324097 0.06387996 -0.03512495 0.06387996 -0.03324097 0.06387996 -0.03512495 0.07300597 -0.03512495 0.07300597 -0.03324097 0.06387996 -0.03324097 0.07300597 -0.03512495 0.07300597 -0.03324097 0.07300597 -0.03512495 0.08213198 -0.03512495 0.08213198 -0.03324097 0.07300597 -0.03324097 0.08213198 -0.03512495 0.08213198 -0.03324097 0.08213198 -0.03512495 0.09125798 -0.03512495 0.09125798 -0.03324097 0.08213198 -0.03324097 0.09125798 -0.03512495 0.09125798 -0.03324097 0.09125798 -0.03512495 0.1003839 -0.03512495 0.1003839 -0.03324097 0.09125798 -0.03324097 0.1003839 -0.03512495 0.1003839 -0.03324097 0.1003839 -0.03512495 0.109509 -0.03512495 0.109509 -0.03324097 0.1003839 -0.03324097 0.109509 -0.03512495 -0.109509 -0.03324097 -0.109509 -0.03512495 -0.1003839 -0.03512495 -0.1003839 -0.03324097 -0.109509 -0.03324097 -0.1003839 -0.03512495 -0.1003839 -0.03324097 -0.1003839 -0.03512495 -0.09125798 -0.03512495 -0.09125798 -0.03324097 -0.1003839 -0.03324097 -0.09125798 -0.03512495 -0.09125798 -0.03324097 -0.09125798 -0.03512495 -0.08213198 -0.03512495 -0.08213198 -0.03324097 -0.09125798 -0.03324097 -0.08213198 -0.03512495 -0.08213198 -0.03324097 -0.08213198 -0.03512495 -0.07300597 -0.03512495 -0.07300597 -0.03324097 -0.08213198 -0.03324097 -0.07300597 -0.03512495 -0.07300597 -0.03324097 -0.07300597 -0.03512495 -0.06387996 -0.03512495 -0.06387996 -0.03324097 -0.07300597 -0.03324097 -0.06387996 -0.03512495 -0.06387996 -0.03324097 -0.06387996 -0.03512495 -0.05475497 -0.03512495 -0.05475497 -0.03324097 -0.06387996 -0.03324097 -0.05475497 -0.03512495 -0.05475497 -0.03324097 -0.05475497 -0.03512495 -0.04562896 -0.03512495 -0.04562896 -0.03324097 -0.05475497 -0.03324097 -0.04562896 -0.03512495 -0.04562896 -0.03324097 -0.04562896 -0.03512495 -0.03650295 -0.03512495 -0.03650295 -0.03324097 -0.04562896 -0.03324097 -0.03650295 -0.03512495 -0.03650295 -0.03324097 -0.03650295 -0.03512495 -0.02737694 -0.03512495 -0.02737694 -0.03324097 -0.03650295 -0.03324097 -0.02737694 -0.03512495 -0.02737694 -0.03324097 -0.02737694 -0.03512495 -0.01825195 -0.03512495 -0.01825195 -0.03324097 -0.02737694 -0.03324097 -0.01825195 -0.03512495 -0.01825195 -0.03324097 -0.01825195 -0.03512495 -0.009125947 -0.03512495 -0.009125947 -0.03324097 -0.01825195 -0.03324097 -0.009125947 -0.03512495 -0.009125947 -0.03324097 -0.009125947 -0.03512495 0 -0.03512495 0 -0.03324097 -0.009125947 -0.03324097 0 -0.03512495 0 -0.03324097 0 -0.03512495 0.009125947 -0.03512495 0.009125947 -0.03324097 0 -0.03324097 0.009125947 -0.03512495 0.009125947 -0.03324097 0.009125947 -0.03512495 0.01825195 -0.03512495 0.01825195 -0.03324097 0.009125947 -0.03324097 0.01825195 -0.03512495 0.01825195 -0.03324097 0.01825195 -0.03512495 0.02737694 -0.03512495 0.02737694 -0.03324097 0.01825195 -0.03324097 0.02737694 -0.03512495 0.02737694 -0.03324097 0.02737694 -0.03512495 0.03650295 -0.03512495 0.03650295 -0.03324097 0.02737694 -0.03324097 0.03650295 -0.03512495 0.03650295 -0.03324097 0.03650295 -0.03512495 0.04562896 -0.03512495 0.04562896 -0.03324097 0.03650295 -0.03324097 0.04562896 0.002441942 -0.03668498 0.043513 -0.026959 -0.04541999 -0.02129995 -0.04541999 -0.02129995 0.043513 -0.026959 0.043513 -0.01347994 -0.04541999 -0.02129995 0.043513 -0.01347994 -0.04541999 -0.01064997 -0.04541999 -0.01064997 0.043513 -0.01347994 0.043513 0 -0.04541999 -0.01064997 0.043513 0 -0.04541999 0 -0.04541999 0 0.043513 0 -0.04541999 0.01064997 -0.04541999 0.01064997 0.043513 0 0.043513 0.01347994 -0.04541999 0.01064997 0.043513 0.01347994 -0.04541999 0.02129995 -0.04541999 0.02129995 0.043513 0.01347994 0.043513 0.026959 -0.04541999 0.02129995 0.043513 0.026959 0.002440989 0.03668498 0.002440989 0.03668498 0.043513 0.026959 0.043513 0.04043895 0.002440989 0.03668498 0.043513 0.04043895 0.02441596 0.05166995 0.02441596 0.05166995 0.043513 0.04043895 0.043513 0.05391895 0.02441596 0.05166995 0.043513 0.05391895 0.03342598 0.06375598 0.03342598 0.06375598 0.043513 0.05391895 0.043513 0.06739896 0.03342598 0.06375598 0.043513 0.06739896 0.03649598 0.07173401 0.03649598 0.07173401 0.043513 0.06739896 0.03737497 0.07621097 0.03737497 0.07621097 0.043513 0.06739896 0.043513 0.08087795 0.03737497 0.07621097 0.043513 0.08087795 0.03768098 0.08087795 0.03768098 0.08087795 0.043513 0.08087795 0.03737497 0.085545 0.03737497 0.085545 0.043513 0.08087795 0.043513 0.09435796 0.03737497 0.085545 0.043513 0.09435796 0.03649598 0.09002196 0.03649598 0.09002196 0.043513 0.09435796 0.03342598 0.09799998 0.03342598 0.09799998 0.043513 0.09435796 0.043513 0.107838 0.03342598 0.09799998 0.043513 0.107838 0.02441596 0.110087 0.02441596 0.110087 0.043513 0.107838 0.043513 0.121317 0.02441596 0.110087 0.043513 0.121317 0.002440989 0.125072 0.002440989 0.125072 0.043513 0.121317 0.043513 0.134797 0.002440989 0.125072 0.043513 0.134797 -0.04541999 0.140456 -0.04541999 0.140456 0.043513 0.134797 0.043513 0.148277 -0.04541999 0.140456 0.043513 0.148277 -0.04541999 0.1511059 -0.04541999 0.1511059 0.043513 0.148277 0.043513 0.161756 -0.04541999 0.1511059 0.043513 0.161756 -0.04541999 0.161756 -0.04541999 -0.161756 0.043513 -0.161756 -0.04541999 -0.1511059 -0.04541999 -0.1511059 0.043513 -0.161756 0.043513 -0.148277 -0.04541999 -0.1511059 0.043513 -0.148277 -0.04541999 -0.140456 -0.04541999 -0.140456 0.043513 -0.148277 0.043513 -0.134797 -0.04541999 -0.140456 0.043513 -0.134797 0.002441942 -0.125071 0.002441942 -0.125071 0.043513 -0.134797 0.043513 -0.121317 0.002441942 -0.125071 0.043513 -0.121317 0.02441495 -0.110088 0.02441495 -0.110088 0.043513 -0.121317 0.043513 -0.107838 0.02441495 -0.110088 0.043513 -0.107838 0.03342598 -0.098001 0.03342598 -0.098001 0.043513 -0.107838 0.043513 -0.09435796 0.03342598 -0.098001 0.043513 -0.09435796 0.03649598 -0.09002196 0.03649598 -0.09002196 0.043513 -0.09435796 0.03737497 -0.085545 0.03737497 -0.085545 0.043513 -0.09435796 0.043513 -0.08087795 0.03737497 -0.085545 0.043513 -0.08087795 0.03768098 -0.08087795 0.03768098 -0.08087795 0.043513 -0.08087795 0.03737497 -0.07621097 0.03737497 -0.07621097 0.043513 -0.08087795 0.043513 -0.06739896 0.03737497 -0.07621097 0.043513 -0.06739896 0.03649598 -0.07173401 0.03649598 -0.07173401 0.043513 -0.06739896 0.03342598 -0.06375598 0.03342598 -0.06375598 0.043513 -0.06739896 0.043513 -0.05391895 0.03342598 -0.06375598 0.043513 -0.05391895 0.02441495 -0.051669 0.02441495 -0.051669 0.043513 -0.05391895 0.043513 -0.04043895 0.02441495 -0.051669 0.043513 -0.04043895 0.002441942 -0.03668498 0.002441942 -0.03668498 0.043513 -0.04043895 0.043513 -0.026959 0.409198 0.009716987 -0.407291 0.009716987 0.409198 0 0.409198 0 -0.407291 0.009716987 -0.407291 0 0.409198 0 -0.407291 0 0.409198 -0.009716987 0.409198 -0.009716987 -0.407291 0 -0.407291 -0.009716987 0.409198 -0.009716987 -0.407291 -0.009716987 0.409198 -0.01943498 0.409198 -0.01943498 -0.407291 -0.009716987 -0.407291 -0.01943498 0.409198 -0.01943498 -0.407291 -0.01943498 0.409198 -0.02915197 0.409198 -0.02915197 -0.407291 -0.01943498 -0.407291 -0.02915197 0.409198 -0.02915197 -0.407291 -0.02915197 0.409198 -0.03886997 0.409198 -0.03886997 -0.407291 -0.02915197 -0.407291 -0.03886997 0.409198 -0.03886997 -0.407291 -0.03886997 0.409198 -0.04858696 0.409198 -0.04858696 -0.407291 -0.03886997 -0.407291 -0.04858696 0.409198 -0.04858696 -0.407291 -0.04858696 0.409198 -0.05830496 0.409198 -0.05830496 -0.407291 -0.04858696 -0.407291 -0.05830496 0.409198 -0.05830496 -0.407291 -0.05830496 0.409198 -0.06802195 0.409198 -0.06802195 -0.407291 -0.05830496 -0.407291 -0.06802195 0.409198 -0.06802195 -0.407291 -0.06802195 0.409198 -0.07773995 0.409198 -0.07773995 -0.407291 -0.06802195 -0.407291 -0.07773995 0.409198 -0.07773995 -0.407291 -0.07773995 0.409198 -0.087457 0.409198 -0.087457 -0.407291 -0.07773995 -0.407291 -0.087457 0.409198 -0.087457 -0.407291 -0.087457 0.409198 -0.097175 0.409198 -0.097175 -0.407291 -0.087457 -0.407291 -0.097175 0.409198 -0.097175 -0.407291 -0.097175 0.409198 -0.106892 0.409198 -0.106892 -0.407291 -0.097175 -0.407291 -0.106892 0.409198 -0.106892 -0.407291 -0.106892 0.409198 -0.11661 0.409198 -0.11661 -0.407291 -0.106892 -0.407291 -0.11661 0.409198 0.11661 -0.407291 0.11661 0.409198 0.106892 0.409198 0.106892 -0.407291 0.11661 -0.407291 0.106892 0.409198 0.106892 -0.407291 0.106892 0.409198 0.097175 0.409198 0.097175 -0.407291 0.106892 -0.407291 0.097175 0.409198 0.097175 -0.407291 0.097175 0.409198 0.087457 0.409198 0.087457 -0.407291 0.097175 -0.407291 0.087457 0.409198 0.087457 -0.407291 0.087457 0.409198 0.07773995 0.409198 0.07773995 -0.407291 0.087457 -0.407291 0.07773995 0.409198 0.07773995 -0.407291 0.07773995 0.409198 0.06802195 0.409198 0.06802195 -0.407291 0.07773995 -0.407291 0.06802195 0.409198 0.06802195 -0.407291 0.06802195 0.409198 0.05830496 0.409198 0.05830496 -0.407291 0.06802195 -0.407291 0.05830496 0.409198 0.05830496 -0.407291 0.05830496 0.409198 0.04858696 0.409198 0.04858696 -0.407291 0.05830496 -0.407291 0.04858696 0.409198 0.04858696 -0.407291 0.04858696 0.409198 0.03886997 0.409198 0.03886997 -0.407291 0.04858696 -0.407291 0.03886997 0.409198 0.03886997 -0.407291 0.03886997 0.409198 0.02915197 0.409198 0.02915197 -0.407291 0.03886997 -0.407291 0.02915197 0.409198 0.02915197 -0.407291 0.02915197 0.409198 0.01943498 0.409198 0.01943498 -0.407291 0.02915197 -0.407291 0.01943498 0.409198 0.01943498 -0.407291 0.01943498 0.409198 0.009716987 0.409198 0.009716987 -0.407291 0.01943498 -0.407291 0.009716987 -0.003792941 0.003047943 -0.003119945 0.07618099 -0.003792941 0.194081 -0.003792941 0.194081 -0.003119945 0.07618099 -0.003119945 0.11829 -0.003792941 0.194081 -0.003119945 0.11829 -0.003313958 0.1940259 -0.003313958 0.1940259 -0.003119945 0.11829 -0.002837955 0.193957 -0.002837955 0.193957 -0.003119945 0.11829 -0.002446949 0.11829 -0.002837955 0.193957 -0.002446949 0.11829 -0.002363979 0.193877 -0.002363979 0.193877 -0.002446949 0.11829 -0.001895964 0.11829 -0.002363979 0.193877 -0.001895964 0.11829 -0.001890957 0.193786 -0.001890957 0.193786 -0.001895964 0.11829 -0.001420974 0.193687 -0.001420974 0.193687 -0.001895964 0.11829 -0.001222968 0.11829 -0.001420974 0.193687 -0.001222968 0.11829 -9.52e-4 0.1935819 -9.52e-4 0.1935819 -0.001222968 0.11829 -5.5e-4 0.11829 -9.52e-4 0.1935819 -5.5e-4 0.11829 -4.85e-4 0.193472 -4.85e-4 0.193472 -5.5e-4 0.11829 -1.8e-5 0.19336 -1.8e-5 0.19336 -5.5e-4 0.11829 0 0.193356 0 0.193356 -5.5e-4 0.11829 -5.5e-4 0.07618099 0 0.193356 -5.5e-4 0.07618099 0 0.003030955 0 0.003030955 -5.5e-4 0.07618099 -5.5e-4 0.01523596 0 0.003030955 -5.5e-4 0.01523596 -4.73e-4 0.003080964 -4.73e-4 0.003080964 -5.5e-4 0.01523596 -9.47e-4 0.003118991 -9.47e-4 0.003118991 -5.5e-4 0.01523596 -0.001222968 0.01523596 -9.47e-4 0.003118991 -0.001222968 0.01523596 -0.001420974 0.003142952 -0.001420974 0.003142952 -0.001222968 0.01523596 -0.001895964 0.01523596 -0.001420974 0.003142952 -0.001895964 0.01523596 -0.001896977 0.003152966 -0.001896977 0.003152966 -0.001895964 0.01523596 -0.002446949 0.01523596 -0.001896977 0.003152966 -0.002446949 0.01523596 -0.002371966 0.003147959 -0.002371966 0.003147959 -0.002446949 0.01523596 -0.002846956 0.003127992 -0.002846956 0.003127992 -0.002446949 0.01523596 -0.003119945 0.01523596 -0.002846956 0.003127992 -0.003119945 0.01523596 -0.003319978 0.003093957 -0.003319978 0.003093957 -0.003119945 0.01523596 -0.003792941 0.003047943 -0.003792941 0.003047943 -0.003119945 0.01523596 -0.003119945 0.07618099 -0.002446949 0.11829 -0.003119945 0.11829 -0.002446949 0.07618099 -0.002446949 0.07618099 -0.003119945 0.11829 -0.003119945 0.07618099 -0.002446949 0.07618099 -0.003119945 0.07618099 -0.002446949 0.01523596 -0.002446949 0.01523596 -0.003119945 0.07618099 -0.003119945 0.01523596 -0.001895964 0.11829 -0.002446949 0.11829 -0.001895964 0.07618099 -0.001895964 0.07618099 -0.002446949 0.11829 -0.002446949 0.07618099 -0.001895964 0.07618099 -0.002446949 0.07618099 -0.001895964 0.01523596 -0.001895964 0.01523596 -0.002446949 0.07618099 -0.002446949 0.01523596 -5.5e-4 0.07618099 -5.5e-4 0.11829 -0.001222968 0.11829 -0.001222968 0.11829 -0.001895964 0.11829 -0.001222968 0.07618099 -0.001222968 0.07618099 -0.001895964 0.11829 -0.001895964 0.07618099 -0.001222968 0.07618099 -0.001895964 0.07618099 -0.001222968 0.01523596 -0.001222968 0.01523596 -0.001895964 0.07618099 -0.001895964 0.01523596 -0.001222968 0.07618099 -0.001222968 0.01523596 -5.5e-4 0.01523596 -0.001222968 0.11829 -0.001222968 0.07618099 -5.5e-4 0.07618099 -5.5e-4 0.07618099 -0.001222968 0.07618099 -5.5e-4 0.01523596 -0.001342952 0.239343 -0.001445949 0.239395 -0.00119096 0.226487 -0.00119096 0.226487 -0.001445949 0.239395 -0.001445949 0.186615 -0.00119096 0.226487 -0.001445949 0.186615 -0.00119096 0.183372 -0.00119096 0.183372 -0.001445949 0.186615 -0.00119096 0.170203 -0.00119096 0.183372 -0.00119096 0.170203 -9.37e-4 0.170203 -9.37e-4 0.170203 -0.00119096 0.170203 -9.37e-4 0.157034 -9.37e-4 0.170203 -9.37e-4 0.157034 -7.23e-4 0.157034 -7.23e-4 0.157034 -9.37e-4 0.157034 -7.23e-4 0.146031 -7.23e-4 0.157034 -7.23e-4 0.146031 -4.68e-4 0.146031 -4.68e-4 0.146031 -7.23e-4 0.146031 -4.68e-4 0.135029 -4.68e-4 0.146031 -4.68e-4 0.135029 -2.14e-4 0.135029 -2.14e-4 0.135029 -4.68e-4 0.135029 -2.14e-4 0.1272799 -2.14e-4 0.135029 -2.14e-4 0.1272799 0 0.1305609 0 0.1305609 -2.14e-4 0.1272799 0 0.127287 0 0.127287 -2.14e-4 0.1272799 0 0.1207399 0 0.1207399 -2.14e-4 0.1272799 -2.14e-4 0.11956 0 0.1207399 -2.14e-4 0.11956 -2.14e-4 0.109372 -2.14e-4 0.109372 -2.14e-4 0.11956 -4.68e-4 0.11956 -2.14e-4 0.109372 -4.68e-4 0.11956 -4.68e-4 0.109372 -4.68e-4 0.109372 -4.68e-4 0.11956 -7.23e-4 0.11956 -4.68e-4 0.109372 -7.23e-4 0.11956 -7.23e-4 0.109372 -7.23e-4 0.109372 -7.23e-4 0.11956 -9.37e-4 0.11956 -7.23e-4 0.109372 -9.37e-4 0.11956 -9.37e-4 0.109372 -9.37e-4 0.109372 -9.37e-4 0.11956 -0.00119096 0.11956 -9.37e-4 0.109372 -0.00119096 0.11956 -0.00119096 0.109372 -0.00119096 0.109372 -0.00119096 0.11956 -0.001445949 0.120639 -0.00119096 0.109372 -0.001445949 0.120639 -0.001445949 0.107444 -0.001445949 0.186615 -0.001445949 0.160225 -0.00119096 0.170203 -0.00119096 0.170203 -0.001445949 0.160225 -0.00119096 0.157034 -0.00119096 0.170203 -0.00119096 0.157034 -9.37e-4 0.157034 -9.37e-4 0.157034 -0.00119096 0.157034 -9.37e-4 0.146031 -9.37e-4 0.157034 -9.37e-4 0.146031 -7.23e-4 0.146031 -7.23e-4 0.146031 -9.37e-4 0.146031 -7.23e-4 0.135029 -7.23e-4 0.146031 -7.23e-4 0.135029 -4.68e-4 0.135029 -4.68e-4 0.135029 -7.23e-4 0.135029 -4.68e-4 0.1272709 -4.68e-4 0.135029 -4.68e-4 0.1272709 -2.14e-4 0.1272799 -2.14e-4 0.1272799 -4.68e-4 0.1272709 -2.14e-4 0.11956 -0.001445949 0.160225 -0.001445949 0.147029 -0.00119096 0.157034 -0.00119096 0.157034 -0.001445949 0.147029 -0.00119096 0.146031 -0.00119096 0.157034 -0.00119096 0.146031 -9.37e-4 0.146031 -9.37e-4 0.146031 -0.00119096 0.146031 -9.37e-4 0.135029 -9.37e-4 0.146031 -9.37e-4 0.135029 -7.23e-4 0.135029 -7.23e-4 0.135029 -9.37e-4 0.135029 -7.23e-4 0.1272619 -7.23e-4 0.135029 -7.23e-4 0.1272619 -4.68e-4 0.1272709 -4.68e-4 0.1272709 -7.23e-4 0.1272619 -4.68e-4 0.11956 -4.68e-4 0.1272709 -4.68e-4 0.11956 -2.14e-4 0.11956 -0.001445949 0.147029 -0.001445949 0.140432 -0.00119096 0.146031 -0.00119096 0.146031 -0.001445949 0.140432 -0.00119096 0.135029 -0.00119096 0.146031 -0.00119096 0.135029 -9.37e-4 0.135029 -9.37e-4 0.135029 -0.00119096 0.135029 -9.37e-4 0.127254 -9.37e-4 0.135029 -9.37e-4 0.127254 -7.23e-4 0.1272619 -7.23e-4 0.1272619 -9.37e-4 0.127254 -7.23e-4 0.11956 -7.23e-4 0.1272619 -7.23e-4 0.11956 -4.68e-4 0.11956 -0.001445949 0.140432 -0.001445949 0.137133 -0.00119096 0.135029 -0.00119096 0.135029 -0.001445949 0.137133 -0.001445949 0.133834 -0.00119096 0.135029 -0.001445949 0.133834 -0.001445949 0.130535 -0.00119096 0.135029 -0.001445949 0.130535 -0.00119096 0.127245 -0.00119096 0.127245 -0.001445949 0.130535 -0.001445949 0.127237 -0.00119096 0.127245 -0.001445949 0.127237 -0.001445949 0.120639 -0.00119096 0.109372 -0.001445949 0.107444 -0.00119096 0.09918296 -0.00119096 0.09918296 -0.001445949 0.107444 -0.001445949 0.08105295 -0.00119096 0.09918296 -0.001445949 0.08105295 -0.00119096 0.082044 -0.00119096 0.082044 -0.001445949 0.08105295 -0.00119096 0.06490397 -0.00119096 0.082044 -0.00119096 0.06490397 -9.37e-4 0.06490397 -9.37e-4 0.06490397 -0.00119096 0.06490397 -0.001005947 0.02845299 -9.37e-4 0.06490397 -0.001005947 0.02845299 -8.38e-4 0.02853697 -0.001445949 0.08105295 -0.001445949 0.02827298 -0.00119096 0.06490397 -0.00119096 0.06490397 -0.001445949 0.02827298 -0.001342952 0.02832496 -0.00119096 0.06490397 -0.001342952 0.02832496 -0.001173973 0.028382 -0.001173973 0.028382 -0.001005947 0.02845299 -0.00119096 0.06490397 -9.37e-4 0.06490397 -8.38e-4 0.02853697 -7.23e-4 0.06490397 -7.23e-4 0.06490397 -8.38e-4 0.02853697 -6.71e-4 0.02863097 -7.23e-4 0.06490397 -6.71e-4 0.02863097 -4.68e-4 0.06490397 -4.68e-4 0.06490397 -6.71e-4 0.02863097 -5.04e-4 0.02873396 -4.68e-4 0.06490397 -5.04e-4 0.02873396 -3.38e-4 0.02884399 -4.68e-4 0.06490397 -3.38e-4 0.02884399 -2.14e-4 0.06490397 -2.14e-4 0.06490397 -3.38e-4 0.02884399 -1.72e-4 0.02895796 -2.14e-4 0.06490397 -1.72e-4 0.02895796 -7e-6 0.02907395 -7e-6 0.02907395 0 0.02907896 -2.14e-4 0.06490397 -2.14e-4 0.06490397 0 0.02907896 0 0.081456 -2.14e-4 0.06490397 0 0.081456 -2.14e-4 0.082044 -2.14e-4 0.082044 0 0.081456 -2.14e-4 0.09918296 -2.14e-4 0.082044 -2.14e-4 0.09918296 -4.68e-4 0.09918296 -4.68e-4 0.09918296 -2.14e-4 0.09918296 -4.68e-4 0.109372 -4.68e-4 0.09918296 -4.68e-4 0.109372 -7.23e-4 0.109372 0 0.081456 0 0.107645 -2.14e-4 0.09918296 -2.14e-4 0.09918296 0 0.107645 -2.14e-4 0.109372 -2.14e-4 0.09918296 -2.14e-4 0.109372 -4.68e-4 0.109372 0 0.107645 0 0.1207399 -2.14e-4 0.109372 0 0.1305609 0 0.133834 -2.14e-4 0.135029 -2.14e-4 0.135029 0 0.133834 0 0.137108 -2.14e-4 0.135029 0 0.137108 0 0.140381 -2.14e-4 0.135029 0 0.140381 -2.14e-4 0.146031 -2.14e-4 0.146031 0 0.140381 0 0.146929 -2.14e-4 0.146031 0 0.146929 -2.14e-4 0.157034 -2.14e-4 0.157034 0 0.146929 0 0.160023 -2.14e-4 0.157034 0 0.160023 -2.14e-4 0.170203 -2.14e-4 0.170203 0 0.160023 0 0.186212 -2.14e-4 0.170203 0 0.186212 -2.14e-4 0.183372 -2.14e-4 0.183372 0 0.186212 -2.14e-4 0.226487 -2.14e-4 0.183372 -2.14e-4 0.226487 -4.68e-4 0.226487 -4.68e-4 0.226487 -2.14e-4 0.226487 -3.38e-4 0.238825 -4.68e-4 0.226487 -3.38e-4 0.238825 -5.04e-4 0.238934 0 0.186212 0 0.238589 -2.14e-4 0.226487 -2.14e-4 0.226487 0 0.238589 -7e-6 0.2385939 -2.14e-4 0.226487 -7e-6 0.2385939 -1.72e-4 0.2387109 -1.72e-4 0.2387109 -3.38e-4 0.238825 -2.14e-4 0.226487 -4.68e-4 0.226487 -5.04e-4 0.238934 -7.23e-4 0.226487 -7.23e-4 0.226487 -5.04e-4 0.238934 -6.71e-4 0.239037 -7.23e-4 0.226487 -6.71e-4 0.239037 -8.38e-4 0.239131 -7.23e-4 0.226487 -8.38e-4 0.239131 -9.37e-4 0.226487 -9.37e-4 0.226487 -8.38e-4 0.239131 -0.001005947 0.239215 -9.37e-4 0.226487 -0.001005947 0.239215 -0.00119096 0.226487 -0.00119096 0.226487 -0.001005947 0.239215 -0.001173973 0.239286 -0.00119096 0.226487 -0.001173973 0.239286 -0.001342952 0.239343 -9.37e-4 0.226487 -0.00119096 0.226487 -9.37e-4 0.183372 -9.37e-4 0.183372 -0.00119096 0.226487 -0.00119096 0.183372 -9.37e-4 0.183372 -0.00119096 0.183372 -9.37e-4 0.170203 -7.23e-4 0.226487 -9.37e-4 0.226487 -7.23e-4 0.183372 -7.23e-4 0.183372 -9.37e-4 0.226487 -9.37e-4 0.183372 -7.23e-4 0.183372 -9.37e-4 0.183372 -7.23e-4 0.170203 -7.23e-4 0.170203 -9.37e-4 0.183372 -9.37e-4 0.170203 -7.23e-4 0.170203 -9.37e-4 0.170203 -7.23e-4 0.157034 -4.68e-4 0.226487 -7.23e-4 0.226487 -4.68e-4 0.183372 -4.68e-4 0.183372 -7.23e-4 0.226487 -7.23e-4 0.183372 -4.68e-4 0.183372 -7.23e-4 0.183372 -4.68e-4 0.170203 -4.68e-4 0.170203 -7.23e-4 0.183372 -7.23e-4 0.170203 -4.68e-4 0.170203 -7.23e-4 0.170203 -4.68e-4 0.157034 -4.68e-4 0.157034 -7.23e-4 0.170203 -7.23e-4 0.157034 -4.68e-4 0.157034 -7.23e-4 0.157034 -4.68e-4 0.146031 -2.14e-4 0.170203 -2.14e-4 0.183372 -4.68e-4 0.183372 -4.68e-4 0.183372 -2.14e-4 0.183372 -4.68e-4 0.226487 -2.14e-4 0.170203 -4.68e-4 0.183372 -4.68e-4 0.170203 -2.14e-4 0.170203 -4.68e-4 0.170203 -2.14e-4 0.157034 -2.14e-4 0.157034 -4.68e-4 0.170203 -4.68e-4 0.157034 -2.14e-4 0.157034 -4.68e-4 0.157034 -2.14e-4 0.146031 -2.14e-4 0.146031 -4.68e-4 0.157034 -4.68e-4 0.146031 -2.14e-4 0.146031 -4.68e-4 0.146031 -2.14e-4 0.135029 -0.00119096 0.135029 -0.00119096 0.127245 -9.37e-4 0.127254 -9.37e-4 0.127254 -0.00119096 0.127245 -9.37e-4 0.11956 -9.37e-4 0.127254 -9.37e-4 0.11956 -7.23e-4 0.11956 -0.00119096 0.11956 -9.37e-4 0.11956 -0.00119096 0.127245 -0.001445949 0.120639 -0.00119096 0.11956 -0.00119096 0.127245 -9.37e-4 0.109372 -0.00119096 0.109372 -9.37e-4 0.09918296 -9.37e-4 0.09918296 -0.00119096 0.109372 -0.00119096 0.09918296 -9.37e-4 0.09918296 -0.00119096 0.09918296 -9.37e-4 0.082044 -9.37e-4 0.082044 -0.00119096 0.09918296 -0.00119096 0.082044 -9.37e-4 0.082044 -0.00119096 0.082044 -9.37e-4 0.06490397 -7.23e-4 0.109372 -9.37e-4 0.109372 -7.23e-4 0.09918296 -7.23e-4 0.09918296 -9.37e-4 0.109372 -9.37e-4 0.09918296 -7.23e-4 0.09918296 -9.37e-4 0.09918296 -7.23e-4 0.082044 -7.23e-4 0.082044 -9.37e-4 0.09918296 -9.37e-4 0.082044 -7.23e-4 0.082044 -9.37e-4 0.082044 -7.23e-4 0.06490397 -7.23e-4 0.06490397 -9.37e-4 0.082044 -9.37e-4 0.06490397 -7.23e-4 0.109372 -7.23e-4 0.09918296 -4.68e-4 0.09918296 -4.68e-4 0.09918296 -7.23e-4 0.09918296 -4.68e-4 0.082044 -4.68e-4 0.09918296 -4.68e-4 0.082044 -2.14e-4 0.082044 -2.14e-4 0.082044 -4.68e-4 0.082044 -2.14e-4 0.06490397 -4.68e-4 0.082044 -7.23e-4 0.09918296 -7.23e-4 0.082044 -4.68e-4 0.06490397 -2.14e-4 0.06490397 -4.68e-4 0.082044 -7.23e-4 0.06490397 -4.68e-4 0.06490397 -7.23e-4 0.082044 -7.23e-4 0.082044 -4.68e-4 0.06490397 -4.68e-4 0.082044 -1.8e-5 0.13077 0 0.130775 -5.5e-4 0.24795 -5.5e-4 0.24795 0 0.130775 0 0.3211 -5.5e-4 0.24795 0 0.3211 -5.5e-4 0.308895 -5.5e-4 0.308895 0 0.3211 -4.73e-4 0.32105 -5.5e-4 0.308895 -4.73e-4 0.32105 -9.46e-4 0.321012 -5.5e-4 0.308895 -9.46e-4 0.321012 -0.001222968 0.308895 -0.001222968 0.308895 -9.46e-4 0.321012 -0.001419961 0.320988 -0.001222968 0.308895 -0.001419961 0.320988 -0.001895964 0.308895 -0.001895964 0.308895 -0.001419961 0.320988 -0.00189495 0.320978 -0.001895964 0.308895 -0.00189495 0.320978 -0.002446949 0.308895 -0.002446949 0.308895 -0.00189495 0.320978 -0.002370953 0.320983 -0.002446949 0.308895 -0.002370953 0.320983 -0.002845942 0.321003 -0.002446949 0.308895 -0.002845942 0.321003 -0.003119945 0.308895 -0.003119945 0.308895 -0.002845942 0.321003 -0.003319978 0.321036 -0.003119945 0.308895 -0.003319978 0.321036 -0.003792941 0.321083 -0.003119945 0.308895 -0.003792941 0.321083 -0.003119945 0.24795 -0.003119945 0.24795 -0.003792941 0.321083 -0.003792941 0.13005 -0.003119945 0.24795 -0.003792941 0.13005 -0.003313958 0.130105 -0.003313958 0.130105 -0.002837955 0.130173 -0.003119945 0.24795 -0.003119945 0.24795 -0.002837955 0.130173 -0.002446949 0.24795 -0.003119945 0.24795 -0.002446949 0.24795 -0.003119945 0.308895 -0.003119945 0.308895 -0.002446949 0.24795 -0.002446949 0.308895 -0.002837955 0.130173 -0.002363979 0.130254 -0.002446949 0.24795 -0.002446949 0.24795 -0.002363979 0.130254 -0.001895964 0.24795 -0.002446949 0.24795 -0.001895964 0.24795 -0.002446949 0.308895 -0.002446949 0.308895 -0.001895964 0.24795 -0.001895964 0.308895 -0.002363979 0.130254 -0.001890957 0.130345 -0.001895964 0.24795 -0.001895964 0.24795 -0.001890957 0.130345 -0.001420974 0.130443 -0.001895964 0.24795 -0.001420974 0.130443 -0.001222968 0.24795 -0.001222968 0.24795 -0.001420974 0.130443 -9.52e-4 0.130549 -0.001222968 0.24795 -9.52e-4 0.130549 -5.5e-4 0.24795 -5.5e-4 0.24795 -9.52e-4 0.130549 -4.85e-4 0.130659 -5.5e-4 0.24795 -4.85e-4 0.130659 -1.8e-5 0.13077 -0.001895964 0.308895 -0.001895964 0.24795 -0.001222968 0.24795 -5.5e-4 0.308895 -0.001222968 0.308895 -5.5e-4 0.24795 -5.5e-4 0.24795 -0.001222968 0.308895 -0.001222968 0.24795 -0.001222968 0.308895 -0.001895964 0.308895 -0.001222968 0.24795 0.09516698 -0.02360194 0.09518998 -0.01168996 -0.09518998 -0.006844997 -0.09518998 -0.006844997 0.09518998 -0.01168996 0.09518998 0 -0.09518998 -0.006844997 0.09518998 0 -0.09518998 -0.002281963 -0.09518998 -0.002281963 0.09518998 0 -0.09518998 0.002281963 -0.09518998 0.002281963 0.09518998 0 -0.09518998 0.006844997 -0.09518998 0.006844997 0.09518998 0 0.09518998 0.01168996 -0.09518998 0.006844997 0.09518998 0.01168996 0.09518998 0.02337896 0.09516698 -0.02360194 0.09518998 -0.02337896 0.09518998 -0.01168996 0.09518998 0.02337896 0.09516698 0.02360194 -0.09518998 0.006844997 0.09516698 -0.153942 -0.09518998 -0.170699 0.09518998 -0.154164 0.09518998 -0.154164 -0.09518998 -0.170699 0.09518998 -0.165854 0.09518998 -0.165854 -0.09518998 -0.170699 0.09518998 -0.1775439 0.09518998 -0.1775439 -0.09518998 -0.170699 -0.09518998 -0.175262 0.09518998 -0.1775439 -0.09518998 -0.175262 -0.09518998 -0.179825 -0.09518998 -0.179825 -0.09518998 -0.1843889 0.09518998 -0.1775439 0.09518998 -0.1775439 -0.09518998 -0.1843889 0.09518998 -0.189233 0.09518998 -0.189233 -0.09518998 -0.1843889 0.09516698 -0.2011449 0.09518998 -0.189233 0.09516698 -0.2011449 0.09518998 -0.200923 -0.001438975 0.238587 -0.001445949 0.238582 -0.00119096 0.223711 -0.00119096 0.223711 -0.001445949 0.238582 -0.001445949 0.1862069 -0.00119096 0.223711 -0.001445949 0.1862069 -0.00119096 0.183398 -0.00119096 0.183398 -0.001445949 0.1862069 -0.00119096 0.170143 -0.00119096 0.183398 -0.00119096 0.170143 -9.37e-4 0.170143 -9.37e-4 0.170143 -0.00119096 0.170143 -9.37e-4 0.1568869 -9.37e-4 0.170143 -9.37e-4 0.1568869 -7.23e-4 0.1568869 -7.23e-4 0.1568869 -9.37e-4 0.1568869 -7.23e-4 0.145955 -7.23e-4 0.1568869 -7.23e-4 0.145955 -4.68e-4 0.145955 -4.68e-4 0.145955 -7.23e-4 0.145955 -4.68e-4 0.135022 -4.68e-4 0.145955 -4.68e-4 0.135022 -2.14e-4 0.135022 -2.14e-4 0.135022 -4.68e-4 0.135022 -4.68e-4 0.12725 -2.14e-4 0.135022 -4.68e-4 0.12725 -2.14e-4 0.127241 -2.14e-4 0.127241 -4.68e-4 0.12725 -4.68e-4 0.119632 -2.14e-4 0.127241 -4.68e-4 0.119632 -2.14e-4 0.119632 -2.14e-4 0.119632 -4.68e-4 0.119632 -2.14e-4 0.10944 -2.14e-4 0.119632 -2.14e-4 0.10944 0 0.120636 0 0.120636 -2.14e-4 0.10944 0 0.107441 0 0.107441 -2.14e-4 0.10944 -2.14e-4 0.09924799 0 0.107441 -2.14e-4 0.09924799 0 0.081052 0 0.081052 -2.14e-4 0.09924799 -2.14e-4 0.08299195 0 0.081052 -2.14e-4 0.08299195 -2.14e-4 0.06673598 -2.14e-4 0.06673598 -2.14e-4 0.08299195 -4.68e-4 0.08299195 -2.14e-4 0.06673598 -4.68e-4 0.08299195 -4.68e-4 0.06673598 -4.68e-4 0.06673598 -4.68e-4 0.08299195 -7.23e-4 0.08299195 -4.68e-4 0.06673598 -7.23e-4 0.08299195 -7.23e-4 0.06673598 -7.23e-4 0.06673598 -7.23e-4 0.08299195 -9.37e-4 0.08299195 -7.23e-4 0.06673598 -9.37e-4 0.08299195 -9.37e-4 0.06673598 -9.37e-4 0.06673598 -9.37e-4 0.08299195 -0.00119096 0.08299195 -9.37e-4 0.06673598 -0.00119096 0.08299195 -0.00119096 0.06673598 -0.00119096 0.06673598 -0.00119096 0.08299195 -0.001445949 0.08145499 -0.00119096 0.06673598 -0.001445949 0.08145499 -0.001445949 0.02907896 -0.001445949 0.1862069 -0.001445949 0.160019 -0.00119096 0.170143 -0.00119096 0.170143 -0.001445949 0.160019 -0.00119096 0.1568869 -0.00119096 0.170143 -0.00119096 0.1568869 -9.37e-4 0.1568869 -9.37e-4 0.1568869 -0.00119096 0.1568869 -9.37e-4 0.145955 -9.37e-4 0.1568869 -9.37e-4 0.145955 -7.23e-4 0.145955 -7.23e-4 0.145955 -9.37e-4 0.145955 -7.23e-4 0.135022 -7.23e-4 0.145955 -7.23e-4 0.135022 -4.68e-4 0.135022 -4.68e-4 0.135022 -7.23e-4 0.135022 -7.23e-4 0.127259 -4.68e-4 0.135022 -7.23e-4 0.127259 -4.68e-4 0.12725 -4.68e-4 0.12725 -7.23e-4 0.127259 -7.23e-4 0.119632 -4.68e-4 0.12725 -7.23e-4 0.119632 -4.68e-4 0.119632 -4.68e-4 0.119632 -7.23e-4 0.119632 -4.68e-4 0.10944 -4.68e-4 0.119632 -4.68e-4 0.10944 -2.14e-4 0.10944 -2.14e-4 0.10944 -4.68e-4 0.10944 -2.14e-4 0.09924799 -0.001445949 0.160019 -0.001445949 0.146925 -0.00119096 0.1568869 -0.00119096 0.1568869 -0.001445949 0.146925 -0.00119096 0.145955 -0.00119096 0.1568869 -0.00119096 0.145955 -9.37e-4 0.145955 -9.37e-4 0.145955 -0.00119096 0.145955 -9.37e-4 0.135022 -9.37e-4 0.145955 -9.37e-4 0.135022 -7.23e-4 0.135022 -7.23e-4 0.135022 -9.37e-4 0.135022 -9.37e-4 0.127266 -7.23e-4 0.135022 -9.37e-4 0.127266 -7.23e-4 0.127259 -7.23e-4 0.127259 -9.37e-4 0.127266 -9.37e-4 0.119632 -7.23e-4 0.127259 -9.37e-4 0.119632 -7.23e-4 0.119632 -7.23e-4 0.119632 -9.37e-4 0.119632 -7.23e-4 0.10944 -7.23e-4 0.119632 -7.23e-4 0.10944 -4.68e-4 0.10944 -4.68e-4 0.10944 -7.23e-4 0.10944 -4.68e-4 0.09924799 -4.68e-4 0.10944 -4.68e-4 0.09924799 -2.14e-4 0.09924799 -2.14e-4 0.09924799 -4.68e-4 0.09924799 -2.14e-4 0.08299195 -0.001445949 0.146925 -0.001445949 0.1403779 -0.00119096 0.145955 -0.00119096 0.145955 -0.001445949 0.1403779 -0.00119096 0.135022 -0.00119096 0.145955 -0.00119096 0.135022 -9.37e-4 0.135022 -9.37e-4 0.135022 -0.00119096 0.135022 -0.00119096 0.127275 -9.37e-4 0.135022 -0.00119096 0.127275 -9.37e-4 0.127266 -9.37e-4 0.127266 -0.00119096 0.127275 -0.00119096 0.119632 -9.37e-4 0.127266 -0.00119096 0.119632 -9.37e-4 0.119632 -9.37e-4 0.119632 -0.00119096 0.119632 -9.37e-4 0.10944 -9.37e-4 0.119632 -9.37e-4 0.10944 -7.23e-4 0.10944 -7.23e-4 0.10944 -9.37e-4 0.10944 -7.23e-4 0.09924799 -7.23e-4 0.10944 -7.23e-4 0.09924799 -4.68e-4 0.09924799 -4.68e-4 0.09924799 -7.23e-4 0.09924799 -4.68e-4 0.08299195 -4.68e-4 0.09924799 -4.68e-4 0.08299195 -2.14e-4 0.08299195 -0.001445949 0.1403779 -0.001445949 0.137104 -0.00119096 0.135022 -0.00119096 0.135022 -0.001445949 0.137104 -0.001445949 0.133831 -0.00119096 0.135022 -0.001445949 0.133831 -0.001445949 0.130557 -0.00119096 0.135022 -0.001445949 0.130557 -0.00119096 0.127275 -0.00119096 0.127275 -0.001445949 0.130557 -0.001445949 0.127284 -0.00119096 0.127275 -0.001445949 0.127284 -0.001445949 0.120737 -0.001445949 0.107643 -0.00119096 0.10944 -0.001445949 0.120737 -0.001445949 0.120737 -0.00119096 0.10944 -0.00119096 0.119632 -0.001445949 0.120737 -0.00119096 0.119632 -0.00119096 0.127275 -0.00119096 0.10944 -0.001445949 0.107643 -0.00119096 0.09924799 -0.00119096 0.09924799 -0.001445949 0.107643 -0.001445949 0.08145499 -0.00119096 0.09924799 -0.001445949 0.08145499 -0.00119096 0.08299195 -0.001445949 0.02907896 -0.001438975 0.02907496 -0.00119096 0.06673598 -0.00119096 0.06673598 -0.001438975 0.02907496 -0.001273989 0.02895796 -0.00119096 0.06673598 -0.001273989 0.02895796 -0.00110799 0.02884399 -0.00119096 0.06673598 -0.00110799 0.02884399 -9.37e-4 0.06673598 -9.37e-4 0.06673598 -0.00110799 0.02884399 -9.42e-4 0.02873396 -9.37e-4 0.06673598 -9.42e-4 0.02873396 -7.75e-4 0.02863097 -9.37e-4 0.06673598 -7.75e-4 0.02863097 -7.23e-4 0.06673598 -7.23e-4 0.06673598 -7.75e-4 0.02863097 -6.08e-4 0.02853697 -7.23e-4 0.06673598 -6.08e-4 0.02853697 -4.68e-4 0.06673598 -4.68e-4 0.06673598 -6.08e-4 0.02853697 -4.4e-4 0.02845299 -4.68e-4 0.06673598 -4.4e-4 0.02845299 -2.72e-4 0.028382 -4.68e-4 0.06673598 -2.72e-4 0.028382 -2.14e-4 0.06673598 -2.14e-4 0.06673598 -2.72e-4 0.028382 -1.03e-4 0.02832597 -2.14e-4 0.06673598 -1.03e-4 0.02832597 0 0.02827298 0 0.02827298 0 0.081052 -2.14e-4 0.06673598 -2.14e-4 0.119632 0 0.120636 -2.14e-4 0.127241 -2.14e-4 0.127241 0 0.120636 0 0.127233 -2.14e-4 0.127241 0 0.127233 0 0.130532 -2.14e-4 0.127241 0 0.130532 -2.14e-4 0.135022 -2.14e-4 0.135022 0 0.130532 0 0.133831 -2.14e-4 0.135022 0 0.133831 0 0.137129 0 0.137129 0 0.140428 -2.14e-4 0.135022 -2.14e-4 0.135022 0 0.140428 -2.14e-4 0.145955 -2.14e-4 0.135022 -2.14e-4 0.145955 -4.68e-4 0.145955 -4.68e-4 0.145955 -2.14e-4 0.145955 -4.68e-4 0.1568869 -4.68e-4 0.145955 -4.68e-4 0.1568869 -7.23e-4 0.1568869 -7.23e-4 0.1568869 -4.68e-4 0.1568869 -7.23e-4 0.170143 -7.23e-4 0.1568869 -7.23e-4 0.170143 -9.37e-4 0.170143 -9.37e-4 0.170143 -7.23e-4 0.170143 -9.37e-4 0.183398 -9.37e-4 0.170143 -9.37e-4 0.183398 -0.00119096 0.183398 -0.00119096 0.183398 -9.37e-4 0.183398 -0.00119096 0.223711 0 0.140428 0 0.147026 -2.14e-4 0.145955 -2.14e-4 0.145955 0 0.147026 -2.14e-4 0.1568869 -2.14e-4 0.145955 -2.14e-4 0.1568869 -4.68e-4 0.1568869 -4.68e-4 0.1568869 -2.14e-4 0.1568869 -4.68e-4 0.170143 -4.68e-4 0.1568869 -4.68e-4 0.170143 -7.23e-4 0.170143 -7.23e-4 0.170143 -4.68e-4 0.170143 -7.23e-4 0.183398 -7.23e-4 0.170143 -7.23e-4 0.183398 -9.37e-4 0.183398 -9.37e-4 0.183398 -7.23e-4 0.183398 -9.37e-4 0.223711 -9.37e-4 0.183398 -9.37e-4 0.223711 -0.00119096 0.223711 -0.00119096 0.223711 -9.37e-4 0.223711 -0.00110799 0.238818 -0.00119096 0.223711 -0.00110799 0.238818 -0.001273989 0.238703 0 0.147026 0 0.16022 -2.14e-4 0.1568869 -2.14e-4 0.1568869 0 0.16022 -2.14e-4 0.170143 -2.14e-4 0.1568869 -2.14e-4 0.170143 -4.68e-4 0.170143 -4.68e-4 0.170143 -2.14e-4 0.170143 -4.68e-4 0.183398 -4.68e-4 0.170143 -4.68e-4 0.183398 -7.23e-4 0.183398 -7.23e-4 0.183398 -4.68e-4 0.183398 -7.23e-4 0.223711 -7.23e-4 0.183398 -7.23e-4 0.223711 -9.37e-4 0.223711 -9.37e-4 0.223711 -7.23e-4 0.223711 -7.75e-4 0.23903 -9.37e-4 0.223711 -7.75e-4 0.23903 -9.42e-4 0.238927 0 0.16022 0 0.18661 -2.14e-4 0.170143 -2.14e-4 0.170143 0 0.18661 -2.14e-4 0.183398 -2.14e-4 0.170143 -2.14e-4 0.183398 -4.68e-4 0.183398 -4.68e-4 0.183398 -2.14e-4 0.183398 -4.68e-4 0.223711 -4.68e-4 0.183398 -4.68e-4 0.223711 -7.23e-4 0.223711 -7.23e-4 0.223711 -4.68e-4 0.223711 -6.08e-4 0.239124 -7.23e-4 0.223711 -6.08e-4 0.239124 -7.75e-4 0.23903 -2.14e-4 0.183398 0 0.18661 -2.14e-4 0.223711 -2.14e-4 0.223711 0 0.18661 0 0.239388 -2.14e-4 0.223711 0 0.239388 -1.03e-4 0.239336 -1.03e-4 0.239336 -2.72e-4 0.239279 -2.14e-4 0.223711 -2.14e-4 0.223711 -2.72e-4 0.239279 -4.4e-4 0.239208 -2.14e-4 0.223711 -4.4e-4 0.239208 -4.68e-4 0.223711 -4.68e-4 0.223711 -4.4e-4 0.239208 -6.08e-4 0.239124 -9.42e-4 0.238927 -0.00110799 0.238818 -9.37e-4 0.223711 -0.001273989 0.238703 -0.001438975 0.238587 -0.00119096 0.223711 -2.14e-4 0.183398 -2.14e-4 0.223711 -4.68e-4 0.223711 -0.00119096 0.09924799 -9.37e-4 0.09924799 -0.00119096 0.10944 -0.00119096 0.10944 -9.37e-4 0.09924799 -9.37e-4 0.10944 -0.00119096 0.10944 -9.37e-4 0.10944 -0.00119096 0.119632 -9.37e-4 0.10944 -9.37e-4 0.09924799 -7.23e-4 0.09924799 -7.23e-4 0.09924799 -9.37e-4 0.09924799 -7.23e-4 0.08299195 -7.23e-4 0.09924799 -7.23e-4 0.08299195 -4.68e-4 0.08299195 -0.00119096 0.08299195 -9.37e-4 0.08299195 -0.00119096 0.09924799 -0.00119096 0.09924799 -9.37e-4 0.08299195 -9.37e-4 0.09924799 -9.37e-4 0.08299195 -7.23e-4 0.08299195 -9.37e-4 0.09924799 -0.003773987 0.193348 -0.003792941 0.1933439 -0.003119945 0.118576 -0.003119945 0.118576 -0.003792941 0.1933439 -0.003792941 0.003017961 -0.003119945 0.118576 -0.003792941 0.003017961 -0.003119945 0.07691299 -0.003119945 0.07691299 -0.003792941 0.003017961 -0.003119945 0.01538294 -0.003119945 0.07691299 -0.003119945 0.01538294 -0.002446949 0.01538294 -0.002446949 0.01538294 -0.003119945 0.01538294 -0.002846956 0.003105998 -0.002446949 0.01538294 -0.002846956 0.003105998 -0.002371966 0.003130972 -0.003792941 0.003017961 -0.003319978 0.003068983 -0.003119945 0.01538294 -0.003119945 0.01538294 -0.003319978 0.003068983 -0.002846956 0.003105998 -0.002446949 0.01538294 -0.002371966 0.003130972 -0.001895964 0.01538294 -0.001895964 0.01538294 -0.002371966 0.003130972 -0.00189799 0.003140985 -0.001895964 0.01538294 -0.00189799 0.003140985 -0.001420974 0.003134965 -0.001895964 0.01538294 -0.001420974 0.003134965 -0.001222968 0.01538294 -0.001222968 0.01538294 -0.001420974 0.003134965 -9.47e-4 0.003115952 -0.001222968 0.01538294 -9.47e-4 0.003115952 -5.5e-4 0.01538294 -5.5e-4 0.01538294 -9.47e-4 0.003115952 -4.73e-4 0.003081977 -5.5e-4 0.01538294 -4.73e-4 0.003081977 0 0.003035962 -5.5e-4 0.01538294 0 0.003035962 -5.5e-4 0.07691299 -5.5e-4 0.07691299 0 0.003035962 0 0.194068 -5.5e-4 0.07691299 0 0.194068 -5.5e-4 0.118576 -5.5e-4 0.118576 0 0.194068 -4.79e-4 0.194014 -5.5e-4 0.118576 -4.79e-4 0.194014 -9.54e-4 0.193945 -5.5e-4 0.118576 -9.54e-4 0.193945 -0.001222968 0.118576 -0.001222968 0.118576 -9.54e-4 0.193945 -0.001428961 0.193865 -0.001222968 0.118576 -0.001428961 0.193865 -0.001895964 0.118576 -0.001895964 0.118576 -0.001428961 0.193865 -0.00190097 0.193774 -0.001895964 0.118576 -0.00190097 0.193774 -0.002370953 0.193675 -0.001895964 0.118576 -0.002370953 0.193675 -0.002446949 0.118576 -0.002446949 0.118576 -0.002370953 0.193675 -0.002839982 0.19357 -0.002446949 0.118576 -0.002839982 0.19357 -0.003119945 0.118576 -0.003119945 0.118576 -0.002839982 0.19357 -0.003306984 0.19346 -0.003119945 0.118576 -0.003306984 0.19346 -0.003773987 0.193348 -0.002446949 0.118576 -0.003119945 0.118576 -0.002446949 0.07691299 -0.002446949 0.07691299 -0.003119945 0.118576 -0.003119945 0.07691299 -0.002446949 0.07691299 -0.003119945 0.07691299 -0.002446949 0.01538294 -0.001895964 0.118576 -0.002446949 0.118576 -0.001895964 0.07691299 -0.001895964 0.07691299 -0.002446949 0.118576 -0.002446949 0.07691299 -0.001895964 0.07691299 -0.002446949 0.07691299 -0.001895964 0.01538294 -0.001895964 0.01538294 -0.002446949 0.07691299 -0.002446949 0.01538294 -5.5e-4 0.07691299 -5.5e-4 0.118576 -0.001222968 0.118576 -0.001222968 0.118576 -0.001895964 0.118576 -0.001222968 0.07691299 -0.001222968 0.07691299 -0.001895964 0.118576 -0.001895964 0.07691299 -0.001222968 0.07691299 -0.001895964 0.07691299 -0.001222968 0.01538294 -0.001222968 0.01538294 -0.001895964 0.07691299 -0.001895964 0.01538294 -0.001222968 0.07691299 -0.001222968 0.01538294 -5.5e-4 0.01538294 -0.001222968 0.118576 -0.001222968 0.07691299 -5.5e-4 0.07691299 -5.5e-4 0.07691299 -0.001222968 0.07691299 -5.5e-4 0.01538294 -4.79e-4 0.130105 0 0.13005 -5.52e-4 0.247205 -5.52e-4 0.247205 0 0.13005 0 0.321083 -5.52e-4 0.247205 0 0.321083 -5.52e-4 0.308736 -5.52e-4 0.308736 0 0.321083 -4.73e-4 0.321036 -5.52e-4 0.308736 -4.73e-4 0.321036 -9.46e-4 0.321003 -5.52e-4 0.308736 -9.46e-4 0.321003 -0.001223981 0.308736 -0.001223981 0.308736 -9.46e-4 0.321003 -0.001419961 0.320983 -0.001223981 0.308736 -0.001419961 0.320983 -0.001895964 0.308736 -0.001895964 0.308736 -0.001419961 0.320983 -0.00189495 0.320978 -0.001895964 0.308736 -0.00189495 0.320978 -0.002371966 0.320988 -0.001895964 0.308736 -0.002371966 0.320988 -0.002448976 0.308736 -0.002448976 0.308736 -0.002371966 0.320988 -0.002845942 0.321012 -0.002448976 0.308736 -0.002845942 0.321012 -0.003120958 0.308736 -0.003120958 0.308736 -0.002845942 0.321012 -0.003319978 0.32105 -0.003120958 0.308736 -0.003319978 0.32105 -0.003792941 0.3211 -0.003120958 0.308736 -0.003792941 0.3211 -0.003120958 0.247205 -0.003120958 0.247205 -0.003792941 0.3211 -0.003792941 0.130775 -0.003120958 0.247205 -0.003792941 0.130775 -0.003773987 0.13077 -0.003773987 0.13077 -0.003306984 0.130659 -0.003120958 0.247205 -0.003120958 0.247205 -0.003306984 0.130659 -0.002839982 0.130549 -0.003120958 0.247205 -0.002839982 0.130549 -0.002370953 0.130443 -0.003120958 0.247205 -0.002370953 0.130443 -0.002448976 0.247205 -0.002448976 0.247205 -0.002370953 0.130443 -0.00190097 0.130345 -0.002448976 0.247205 -0.00190097 0.130345 -0.001895964 0.247205 -0.001895964 0.247205 -0.00190097 0.130345 -0.001428961 0.130254 -0.001895964 0.247205 -0.001428961 0.130254 -9.54e-4 0.130173 -0.001895964 0.247205 -9.54e-4 0.130173 -0.001223981 0.247205 -0.001223981 0.247205 -9.54e-4 0.130173 -4.79e-4 0.130105 -0.001223981 0.247205 -4.79e-4 0.130105 -5.52e-4 0.247205 -5.52e-4 0.308736 -0.001223981 0.308736 -5.52e-4 0.247205 -5.52e-4 0.247205 -0.001223981 0.308736 -0.001223981 0.247205 -0.001223981 0.308736 -0.001895964 0.308736 -0.001223981 0.247205 -0.001223981 0.247205 -0.001895964 0.308736 -0.001895964 0.247205 -0.003120958 0.308736 -0.003120958 0.247205 -0.002448976 0.247205 -0.001895964 0.308736 -0.002448976 0.308736 -0.001895964 0.247205 -0.001895964 0.247205 -0.002448976 0.308736 -0.002448976 0.247205 -0.002448976 0.308736 -0.003120958 0.308736 -0.002448976 0.247205 0.267496 0.04253798 0.077968 0.059421 0.267496 -0.04172199 0.267496 -0.04172199 0.077968 0.059421 0.077968 -0.058604 0.077968 -0.058604 0.077968 0.059421 0.033454 -0.035308 0.033454 -0.035308 0.077968 0.059421 0.033454 0.036125 0.033454 -0.035308 0.033454 0.036125 0.01303297 -0.02068597 0.01303297 -0.02068597 0.033454 0.036125 0.01303297 0.02150297 0.01303297 -0.02068597 0.01303297 0.02150297 0.004673957 -0.01133894 0.004673957 -0.01133894 0.01303297 0.02150297 0.004673957 0.01215595 0.004673957 -0.01133894 0.004673957 0.01215595 0.001831948 -0.00575 0.001831948 -0.00575 0.004673957 0.01215595 0.001019954 -0.002717971 0.001019954 -0.002717971 0.004673957 0.01215595 7.37e-4 4.08e-4 7.37e-4 4.08e-4 0.004673957 0.01215595 0.001019954 0.003534972 0.001019954 0.003534972 0.004673957 0.01215595 0.001831948 0.006566941 0.008058965 0.04266798 0.00791496 0.04318797 0.00810796 0.04212999 0.00810796 0.04212999 0.00791496 0.04318797 0.007678985 0.04367399 0.00810796 0.04212999 0.007678985 0.04367399 0.007359981 0.04410898 0.007359981 0.04410898 0.006966948 0.04447799 0.00810796 0.04212999 0.00810796 0.04212999 0.006966948 0.04447799 0.006513953 0.04477095 0.00810796 0.04212999 0.006513953 0.04477095 0.006014943 0.04497694 0.006014943 0.04497694 0.005487978 0.04508996 0.00810796 0.04212999 0.00810796 0.04212999 0.005487978 0.04508996 0.001832962 0.045385 0.00810796 0.04212999 0.001832962 0.045385 -0.001832962 0.045385 0.00810796 0.04212999 -0.001832962 0.045385 -0.00810796 0.04212999 -0.00810796 0.04212999 -0.001832962 0.045385 -0.005487978 0.04508996 -0.00810796 0.04212999 -0.005487978 0.04508996 -0.006015956 0.04497694 -0.006015956 0.04497694 -0.006514966 0.04477 -0.00810796 0.04212999 -0.00810796 0.04212999 -0.006514966 0.04477 -0.006967961 0.04447799 -0.00810796 0.04212999 -0.006967961 0.04447799 -0.007360994 0.04410696 -0.007360994 0.04410696 -0.007679998 0.04367297 -0.00810796 0.04212999 -0.00810796 0.04212999 -0.007679998 0.04367297 -0.00791496 0.04318696 -0.00810796 0.04212999 -0.00791496 0.04318696 -0.008058965 0.04266798 0.00810796 0.04212999 -0.00810796 0.04212999 0.00810796 -0.04212999 0.00810796 -0.04212999 -0.00810796 0.04212999 -0.00810796 -0.04212999 0.00810796 -0.04212999 -0.00810796 -0.04212999 0.001832962 -0.045385 0.001832962 -0.045385 -0.00810796 -0.04212999 -0.001832962 -0.045385 -0.001832962 -0.045385 -0.00810796 -0.04212999 -0.005487978 -0.04508996 -0.005487978 -0.04508996 -0.00810796 -0.04212999 -0.006014943 -0.04497694 -0.006014943 -0.04497694 -0.00810796 -0.04212999 -0.006513953 -0.04477095 -0.006513953 -0.04477095 -0.00810796 -0.04212999 -0.006966948 -0.04447799 -0.006966948 -0.04447799 -0.00810796 -0.04212999 -0.007359981 -0.04410898 -0.007359981 -0.04410898 -0.00810796 -0.04212999 -0.007678985 -0.04367399 -0.007678985 -0.04367399 -0.00810796 -0.04212999 -0.00791496 -0.04318797 -0.00791496 -0.04318797 -0.00810796 -0.04212999 -0.008058965 -0.04266798 0.001832962 -0.045385 0.005487978 -0.04508996 0.00810796 -0.04212999 0.00810796 -0.04212999 0.005487978 -0.04508996 0.006015956 -0.04497694 0.00810796 -0.04212999 0.006015956 -0.04497694 0.006514966 -0.04477 0.006514966 -0.04477 0.006967961 -0.04447799 0.00810796 -0.04212999 0.00810796 -0.04212999 0.006967961 -0.04447799 0.007360994 -0.04410696 0.00810796 -0.04212999 0.007360994 -0.04410696 0.007679998 -0.04367297 0.007679998 -0.04367297 0.00791496 -0.04318696 0.00810796 -0.04212999 0.00810796 -0.04212999 0.00791496 -0.04318696 0.008058965 -0.04266798 -0.267496 0.04253798 -0.267496 -0.04172199 -0.077968 0.059421 -0.077968 0.059421 -0.267496 -0.04172199 -0.077968 -0.058604 -0.077968 0.059421 -0.077968 -0.058604 -0.03345298 -0.03530699 -0.077968 0.059421 -0.03345298 -0.03530699 -0.03345298 0.03612399 -0.03345298 0.03612399 -0.03345298 -0.03530699 -0.01303398 -0.02068698 -0.03345298 0.03612399 -0.01303398 -0.02068698 -0.01303398 0.02150398 -0.01303398 0.02150398 -0.01303398 -0.02068698 -0.004673957 -0.01133894 -0.01303398 0.02150398 -0.004673957 -0.01133894 -0.004673957 0.01215595 -0.004673957 0.01215595 -0.004673957 -0.01133894 -0.001831948 -0.00575 -0.004673957 0.01215595 -0.001831948 -0.00575 -0.001019954 -0.002717971 -0.001019954 -0.002717971 -7.37e-4 4.08e-4 -0.004673957 0.01215595 -0.004673957 0.01215595 -7.37e-4 4.08e-4 -0.001019954 0.003534972 -0.004673957 0.01215595 -0.001019954 0.003534972 -0.001831948 0.006566941 0.01023495 -0.001346945 0 0 0.01023495 -0.07773995 0.01023495 -0.07773995 0 0 -0.01023495 -0.001346945 0.01023495 -0.07773995 -0.01023495 -0.001346945 -0.01977199 -0.005297958 -0.01977199 -0.005297958 -0.02796196 -0.01158195 0.01023495 -0.07773995 0.01023495 -0.07773995 -0.02796196 -0.01158195 -0.03424596 -0.01977199 0.01023495 -0.07773995 -0.03424596 -0.01977199 -0.03819698 -0.02930897 -0.03819698 -0.02930897 -0.03954398 -0.03954398 0.01023495 -0.07773995 0.01023495 -0.07773995 -0.03954398 -0.03954398 -0.03819698 -0.04977899 0.01023495 -0.07773995 -0.03819698 -0.04977899 -0.03424596 -0.05931597 -0.03424596 -0.05931597 -0.02796196 -0.06750595 0.01023495 -0.07773995 0.01023495 -0.07773995 -0.02796196 -0.06750595 -0.01977199 -0.07378995 0.01023495 -0.07773995 -0.01977199 -0.07378995 0 -0.07908797 0 -0.07908797 -0.01977199 -0.07378995 -0.01023495 -0.07773995 0.01023495 -0.07773995 0.01977199 -0.07378995 0.01023495 -0.001346945 0.01023495 -0.001346945 0.01977199 -0.07378995 0.01977199 -0.005297958 0.01977199 -0.005297958 0.01977199 -0.07378995 0.02796196 -0.06750595 0.01977199 -0.005297958 0.02796196 -0.06750595 0.02796196 -0.01158195 0.02796196 -0.01158195 0.02796196 -0.06750595 0.03424596 -0.05931597 0.02796196 -0.01158195 0.03424596 -0.05931597 0.03424596 -0.01977199 0.03424596 -0.01977199 0.03424596 -0.05931597 0.03819698 -0.04977899 0.03424596 -0.01977199 0.03819698 -0.04977899 0.03819698 -0.02930897 0.03819698 -0.02930897 0.03819698 -0.04977899 0.03954398 -0.03954398</float_array>
          <technique_common>
            <accessor source="#Screwdriver-mesh-map-0-array" count="13080" stride="2">
              <param name="S" type="float" />
              <param name="T" type="float" />
            </accessor>
          </technique_common>
        </source>
        <vertices id="Screwdriver-mesh-vertices">
          <input semantic="POSITION" source="#Screwdriver-mesh-positions" />
        </vertices>
        <triangles material="Paint_-_Enamel_Glossy__Dark_Grey_-material" count="3564">
          <input semantic="VERTEX" source="#Screwdriver-mesh-vertices" offset="0" />
          <input semantic="NORMAL" source="#Screwdriver-mesh-normals" offset="1" />
          <input semantic="TEXCOORD" source="#Screwdriver-mesh-map-0" offset="2" set="0" />
          <p>0 0 0 1 1 1 2 2 2 2 2 3 1 1 4 3 3 5 2 2 6 3 3 7 4 4 8 4 4 9 3 3 10 5 5 11 4 4 12 5 5 13 6 6 14 6 6 15 5 5 16 7 7 17 6 6 18 7 7 19 8 8 20 8 8 21 7 7 22 9 9 23 8 8 24 9 9 25 10 10 26 10 10 27 9 9 28 11 11 29 10 10 30 11 11 31 12 12 32 12 12 33 11 11 34 13 13 35 12 12 36 13 13 37 14 14 38 14 14 39 13 13 40 15 15 41 14 14 42 15 15 43 16 16 44 16 16 45 15 15 46 17 17 47 16 16 48 17 17 49 18 18 50 18 18 51 17 17 52 19 19 53 19 19 54 17 17 55 20 20 56 19 19 57 20 20 58 21 21 59 21 21 60 20 20 61 22 22 62 21 21 63 22 22 64 23 23 65 23 23 66 22 22 67 24 24 68 23 23 69 24 24 70 25 25 71 25 25 72 24 24 73 26 26 74 26 26 75 24 24 76 27 27 77 26 26 78 27 27 79 28 28 80 28 28 81 27 27 82 29 29 83 28 28 84 29 29 85 30 30 86 30 30 87 29 29 88 31 31 89 30 30 90 31 31 91 32 32 92 32 32 93 31 31 94 33 33 95 32 32 96 33 33 97 34 34 98 34 34 99 33 33 100 13 13 101 34 34 102 13 13 103 11 11 104 1 1 105 35 35 106 3 3 107 3 3 108 35 35 109 36 36 110 3 3 111 36 36 112 5 5 113 5 5 114 36 36 115 37 37 116 5 5 117 37 37 118 7 7 119 7 7 120 37 37 121 38 38 122 7 7 123 38 38 124 9 9 125 9 9 126 38 38 127 39 39 128 9 9 129 39 39 130 11 11 131 11 11 132 39 39 133 34 34 134 35 35 135 40 40 136 36 36 137 36 36 138 40 40 139 41 41 140 36 36 141 41 41 142 37 37 143 37 37 144 41 41 145 42 42 146 37 37 147 42 42 148 38 38 149 38 38 150 42 42 151 43 43 152 38 38 153 43 43 154 39 39 155 39 39 156 43 43 157 44 44 158 39 39 159 44 44 160 34 34 161 34 34 162 44 44 163 32 32 164 40 40 165 45 45 166 41 41 167 41 41 168 45 45 169 46 46 170 41 41 171 46 46 172 42 42 173 42 42 174 46 46 175 47 47 176 42 42 177 47 47 178 43 43 179 43 43 180 47 47 181 48 48 182 43 43 183 48 48 184 44 44 185 44 44 186 48 48 187 49 49 188 44 44 189 49 49 190 32 32 191 32 32 192 49 49 193 30 30 194 45 45 195 50 50 196 46 46 197 46 46 198 50 50 199 51 51 200 46 46 201 51 51 202 47 47 203 47 47 204 51 51 205 52 52 206 47 47 207 52 52 208 48 48 209 48 48 210 52 52 211 49 49 212 52 52 213 53 53 214 49 49 215 49 49 216 53 53 217 30 30 218 53 53 219 28 28 220 30 30 221 18 18 222 54 54 223 16 16 224 13 13 225 33 33 226 15 15 227 15 15 228 33 33 229 55 55 230 15 15 231 55 55 232 17 17 233 17 17 234 55 55 235 20 20 236 33 33 237 31 31 238 55 55 239 55 55 240 31 31 241 56 56 242 55 55 243 56 56 244 20 20 245 20 20 246 56 56 247 22 22 248 31 31 249 29 29 250 56 56 251 56 56 252 29 29 253 27 27 254 56 56 255 27 27 256 22 22 257 22 22 258 27 27 259 24 24 260 57 57 261 58 58 262 59 59 263 59 59 264 58 58 265 60 60 266 59 59 267 60 60 268 61 61 269 61 61 270 60 60 271 62 62 272 61 61 273 62 62 274 63 63 275 63 63 276 62 62 277 64 64 278 63 63 279 64 64 280 65 65 281 65 65 282 64 64 283 66 66 284 65 65 285 66 66 286 67 67 287 67 67 288 66 66 289 68 68 290 67 67 291 68 68 292 69 69 293 69 69 294 68 68 295 70 70 296 69 69 297 70 70 298 71 71 299 71 71 300 70 70 301 72 72 302 71 71 303 72 72 304 73 73 305 73 73 306 72 72 307 74 74 308 73 73 309 74 74 310 75 75 311 75 75 312 74 74 313 76 76 314 76 76 315 74 74 316 77 77 317 76 76 318 77 77 319 78 78 320 78 78 321 77 77 322 79 79 323 79 79 324 77 77 325 80 80 326 79 79 327 80 80 328 81 81 329 81 81 330 80 80 331 82 82 332 81 81 333 82 82 334 83 83 335 83 83 336 82 82 337 84 84 338 83 83 339 84 84 340 85 85 341 85 85 342 84 84 343 86 86 344 85 85 345 86 86 346 87 87 347 87 87 348 86 86 349 88 88 350 87 87 351 88 88 352 89 89 353 89 89 354 88 88 355 90 90 356 89 89 357 90 90 358 91 91 359 91 91 360 90 90 361 70 70 362 91 91 363 70 70 364 68 68 365 58 58 366 92 92 367 60 60 368 60 60 369 92 92 370 93 93 371 60 60 372 93 93 373 62 62 374 62 62 375 93 93 376 94 94 377 62 62 378 94 94 379 64 64 380 64 64 381 94 94 382 95 95 383 64 64 384 95 95 385 66 66 386 66 66 387 95 95 388 96 96 389 66 66 390 96 96 391 68 68 392 68 68 393 96 96 394 91 91 395 92 92 396 97 97 397 93 93 398 93 93 399 97 97 400 98 98 401 93 93 402 98 98 403 99 99 404 99 99 405 98 98 406 100 100 407 99 99 408 100 100 409 101 101 410 101 101 411 100 100 412 102 102 413 101 101 414 102 102 415 103 103 416 103 103 417 102 102 418 104 104 419 103 103 420 104 104 421 105 105 422 105 105 423 104 104 424 106 106 425 105 105 426 106 106 427 107 107 428 107 107 429 106 106 430 87 87 431 107 107 432 87 87 433 89 89 434 106 106 435 85 85 436 87 87 437 75 75 438 108 108 439 73 73 440 94 94 441 93 93 442 99 99 443 99 99 444 101 101 445 109 109 446 109 109 447 101 101 448 103 103 449 109 109 450 103 103 451 110 110 452 110 110 453 103 103 454 105 105 455 110 110 456 105 105 457 111 111 458 111 111 459 105 105 460 107 107 461 111 111 462 107 107 463 89 89 464 95 95 465 94 94 466 109 109 467 109 109 468 94 94 469 99 99 470 95 95 471 109 109 472 110 110 473 96 96 474 95 95 475 110 110 476 96 96 477 110 110 478 111 111 479 89 89 480 91 91 481 111 111 482 111 111 483 91 91 484 96 96 485 70 70 486 90 90 487 72 72 488 72 72 489 90 90 490 112 112 491 72 72 492 112 112 493 74 74 494 74 74 495 112 112 496 77 77 497 90 90 498 88 88 499 112 112 500 112 112 501 88 88 502 113 113 503 112 112 504 113 113 505 77 77 506 77 77 507 113 113 508 80 80 509 88 88 510 86 86 511 113 113 512 113 113 513 86 86 514 84 84 515 113 113 516 84 84 517 80 80 518 80 80 519 84 84 520 82 82 521 108 108 522 0 0 523 73 73 524 73 73 525 0 0 526 2 2 527 73 73 528 2 2 529 71 71 530 71 71 531 2 2 532 4 4 533 71 71 534 4 4 535 69 69 536 69 69 537 4 4 538 6 6 539 69 69 540 6 6 541 67 67 542 67 67 543 6 6 544 8 8 545 67 67 546 8 8 547 65 65 548 65 65 549 8 8 550 10 10 551 65 65 552 10 10 553 63 63 554 63 63 555 10 10 556 12 12 557 63 63 558 12 12 559 61 61 560 61 61 561 12 12 562 14 14 563 61 61 564 14 14 565 59 59 566 59 59 567 14 14 568 16 16 569 59 59 570 16 16 571 57 57 572 57 57 573 16 16 574 54 54 575 45 114 576 40 115 577 114 116 578 114 116 579 40 115 580 35 117 581 114 116 582 35 117 583 1 118 584 1 118 585 0 119 586 114 116 587 114 116 588 0 119 589 108 120 590 114 116 591 108 120 592 115 121 593 115 121 594 108 120 595 75 122 596 115 121 597 75 122 598 76 123 599 76 123 600 78 124 601 115 121 602 115 121 603 78 124 604 79 125 605 115 121 606 79 125 607 81 126 608 115 121 609 81 126 610 116 127 611 116 127 612 81 126 613 83 128 614 116 127 615 83 128 616 85 129 617 85 129 618 106 130 619 116 127 620 116 127 621 106 130 622 104 131 623 116 127 624 104 131 625 117 132 626 117 132 627 104 131 628 102 133 629 117 132 630 102 133 631 100 134 632 100 134 633 98 135 634 117 132 635 117 132 636 98 135 637 97 136 638 117 132 639 97 136 640 92 137 641 117 132 642 92 137 643 118 138 644 118 138 645 92 137 646 58 139 647 118 138 648 58 139 649 57 140 650 118 138 651 57 140 652 119 141 653 119 141 654 57 140 655 54 142 656 119 141 657 54 142 658 18 143 659 18 143 660 19 144 661 119 141 662 119 141 663 19 144 664 21 145 665 119 141 666 21 145 667 23 146 668 119 141 669 120 147 670 118 138 671 118 138 672 120 147 673 121 148 674 118 138 675 121 148 676 122 149 677 123 150 678 124 151 679 120 147 680 120 147 681 124 151 682 125 152 683 120 147 684 125 152 685 126 153 686 126 153 687 127 154 688 120 147 689 120 147 690 127 154 691 121 148 692 122 149 693 128 155 694 118 138 695 118 138 696 128 155 697 129 156 698 129 156 699 128 155 700 130 157 701 129 156 702 130 157 703 131 158 704 131 158 705 132 159 706 129 156 707 129 156 708 132 159 709 133 160 710 129 156 711 133 160 712 134 161 713 129 156 714 134 161 715 135 162 716 135 162 717 134 161 718 136 163 719 135 162 720 136 163 721 137 164 722 137 164 723 138 165 724 135 162 725 135 162 726 138 165 727 139 166 728 135 162 729 139 166 730 140 167 731 135 162 732 140 167 733 141 168 734 141 168 735 140 167 736 142 169 737 141 168 738 142 169 739 143 170 740 143 170 741 144 171 742 141 168 743 141 168 744 144 171 745 145 172 746 141 168 747 145 172 748 146 173 749 141 168 750 146 173 751 147 174 752 147 174 753 146 173 754 148 175 755 147 174 756 148 175 757 149 176 758 149 176 759 150 177 760 147 174 761 147 174 762 150 177 763 151 178 764 147 174 765 152 179 766 141 168 767 141 168 768 152 179 769 153 180 770 153 180 771 152 179 772 154 181 773 153 180 774 154 181 775 155 182 776 156 183 777 157 184 778 152 179 779 152 179 780 157 184 781 158 185 782 152 179 783 158 185 784 159 186 785 159 186 786 160 187 787 152 179 788 152 179 789 160 187 790 154 181 791 155 182 792 161 188 793 153 180 794 153 180 795 161 188 796 162 189 797 153 180 798 162 189 799 163 190 800 163 190 801 164 191 802 153 180 803 153 180 804 164 191 805 165 192 806 153 180 807 165 192 808 166 193 809 166 193 810 165 192 811 167 194 812 166 193 813 167 194 814 168 195 815 168 195 816 169 196 817 166 193 818 166 193 819 169 196 820 170 197 821 166 193 822 170 197 823 171 198 824 171 198 825 170 197 826 172 199 827 171 198 828 172 199 829 173 200 830 173 200 831 174 201 832 171 198 833 171 198 834 174 201 835 175 202 836 171 198 837 175 202 838 176 203 839 171 198 840 176 203 841 177 204 842 177 204 843 176 203 844 178 205 845 177 204 846 178 205 847 179 206 848 179 206 849 178 205 850 180 207 851 179 206 852 180 207 853 181 208 854 181 208 855 182 209 856 179 206 857 179 206 858 182 209 859 183 210 860 179 206 861 183 210 862 184 211 863 179 206 864 185 212 865 177 204 866 177 204 867 185 212 868 186 213 869 177 204 870 186 213 871 187 214 872 188 215 873 189 216 874 185 212 875 185 212 876 189 216 877 190 217 878 185 212 879 190 217 880 191 218 881 191 218 882 192 219 883 185 212 884 185 212 885 192 219 886 186 213 887 187 214 888 193 220 889 177 204 890 177 204 891 193 220 892 194 221 893 177 204 894 194 221 895 195 222 896 177 204 897 195 222 898 196 223 899 196 223 900 195 222 901 197 224 902 196 223 903 197 224 904 198 225 905 198 225 906 199 226 907 196 223 908 196 223 909 199 226 910 200 227 911 196 223 912 200 227 913 201 228 914 201 228 915 200 227 916 202 229 917 201 228 918 202 229 919 203 230 920 203 230 921 204 231 922 201 228 923 201 228 924 204 231 925 205 232 926 201 228 927 205 232 928 206 233 929 201 228 930 206 233 931 207 234 932 207 234 933 206 233 934 208 235 935 207 234 936 208 235 937 209 236 938 209 236 939 210 237 940 207 234 941 207 234 942 210 237 943 211 238 944 207 234 945 211 238 946 212 239 947 210 237 948 213 240 949 211 238 950 211 238 951 213 240 952 214 241 953 211 238 954 214 241 955 215 242 956 215 242 957 216 243 958 211 238 959 211 238 960 216 243 961 217 244 962 218 245 963 219 246 964 212 239 965 212 239 966 219 246 967 220 247 968 212 239 969 220 247 970 221 248 971 221 248 972 222 249 973 212 239 974 212 239 975 222 249 976 223 250 977 212 239 978 223 250 979 207 234 980 207 234 981 223 250 982 224 251 983 207 234 984 224 251 985 225 252 986 225 252 987 224 251 988 226 253 989 225 252 990 226 253 991 227 254 992 227 254 993 228 255 994 225 252 995 225 252 996 228 255 997 229 256 998 225 252 999 229 256 1000 230 257 1001 230 257 1002 231 258 1003 225 252 1004 225 252 1005 231 258 1006 232 259 1007 232 259 1008 231 258 1009 233 260 1010 232 259 1011 233 260 1012 234 261 1013 234 261 1014 235 262 1015 232 259 1016 232 259 1017 235 262 1018 236 263 1019 232 259 1020 236 263 1021 237 264 1022 237 264 1023 236 263 1024 238 265 1025 237 264 1026 238 265 1027 239 266 1028 239 266 1029 240 267 1030 237 264 1031 237 264 1032 240 267 1033 241 268 1034 237 264 1035 241 268 1036 242 269 1037 242 269 1038 243 270 1039 237 264 1040 237 264 1041 243 270 1042 244 271 1043 237 264 1044 244 271 1045 245 272 1046 245 272 1047 244 271 1048 246 273 1049 245 272 1050 246 273 1051 247 274 1052 247 274 1053 246 273 1054 248 275 1055 248 275 1056 246 273 1057 249 276 1058 249 276 1059 246 273 1060 250 277 1061 250 277 1062 246 273 1063 251 278 1064 251 278 1065 246 273 1066 252 279 1067 243 270 1068 253 280 1069 244 271 1070 244 271 1071 253 280 1072 254 281 1073 244 271 1074 254 281 1075 255 282 1076 255 282 1077 256 283 1078 244 271 1079 247 274 1080 257 284 1081 245 272 1082 245 272 1083 257 284 1084 258 285 1085 245 272 1086 258 285 1087 259 286 1088 259 286 1089 260 287 1090 245 272 1091 245 272 1092 260 287 1093 261 288 1094 245 272 1095 261 288 1096 262 289 1097 262 289 1098 261 288 1099 263 290 1100 262 289 1101 263 290 1102 264 291 1103 264 291 1104 265 292 1105 262 289 1106 262 289 1107 265 292 1108 266 293 1109 262 289 1110 266 293 1111 267 294 1112 267 294 1113 266 293 1114 268 295 1115 267 294 1116 268 295 1117 269 296 1118 269 296 1119 270 297 1120 267 294 1121 267 294 1122 270 297 1123 271 298 1124 267 294 1125 271 298 1126 272 299 1127 272 299 1128 273 300 1129 267 294 1130 267 294 1131 273 300 1132 274 301 1133 274 301 1134 273 300 1135 275 302 1136 274 301 1137 275 302 1138 276 303 1139 276 303 1140 275 302 1141 277 304 1142 276 303 1143 277 304 1144 278 305 1145 278 305 1146 279 306 1147 276 303 1148 276 303 1149 279 306 1150 280 307 1151 276 303 1152 280 307 1153 281 308 1154 276 303 1155 282 309 1156 274 301 1157 274 301 1158 282 309 1159 283 310 1160 274 301 1161 283 310 1162 284 311 1163 285 312 1164 286 313 1165 282 309 1166 282 309 1167 286 313 1168 287 314 1169 282 309 1170 287 314 1171 288 315 1172 288 315 1173 289 316 1174 282 309 1175 282 309 1176 289 316 1177 283 310 1178 284 311 1179 290 317 1180 274 301 1181 274 301 1182 290 317 1183 291 318 1184 274 301 1185 291 318 1186 292 319 1187 292 319 1188 291 318 1189 293 320 1190 292 319 1191 293 320 1192 294 321 1193 294 321 1194 295 322 1195 292 319 1196 292 319 1197 295 322 1198 296 323 1199 292 319 1200 296 323 1201 297 324 1202 292 319 1203 297 324 1204 298 325 1205 298 325 1206 297 324 1207 299 326 1208 298 325 1209 299 326 1210 300 327 1211 300 327 1212 301 328 1213 298 325 1214 298 325 1215 301 328 1216 302 329 1217 298 325 1218 302 329 1219 303 330 1220 298 325 1221 303 330 1222 304 331 1223 304 331 1224 303 330 1225 305 332 1226 304 331 1227 305 332 1228 306 333 1229 306 333 1230 307 334 1231 304 331 1232 304 331 1233 307 334 1234 308 335 1235 304 331 1236 308 335 1237 309 336 1238 307 334 1239 310 337 1240 308 335 1241 308 335 1242 310 337 1243 311 338 1244 308 335 1245 311 338 1246 312 339 1247 312 339 1248 313 340 1249 308 335 1250 308 335 1251 313 340 1252 314 341 1253 315 342 1254 316 343 1255 309 336 1256 309 336 1257 316 343 1258 317 344 1259 309 336 1260 317 344 1261 318 345 1262 318 345 1263 319 346 1264 309 336 1265 309 336 1266 319 346 1267 320 347 1268 309 336 1269 320 347 1270 304 331 1271 304 331 1272 320 347 1273 321 348 1274 321 348 1275 320 347 1276 322 349 1277 321 348 1278 322 349 1279 323 350 1280 323 350 1281 324 351 1282 321 348 1283 321 348 1284 324 351 1285 325 352 1286 321 348 1287 325 352 1288 326 353 1289 326 353 1290 327 354 1291 321 348 1292 321 348 1293 327 354 1294 328 355 1295 328 355 1296 327 354 1297 329 356 1298 328 355 1299 329 356 1300 330 357 1301 330 357 1302 331 358 1303 328 355 1304 328 355 1305 331 358 1306 332 359 1307 328 355 1308 332 359 1309 333 360 1310 333 360 1311 332 359 1312 334 361 1313 333 360 1314 334 361 1315 335 362 1316 335 362 1317 336 363 1318 333 360 1319 333 360 1320 336 363 1321 337 364 1322 333 360 1323 337 364 1324 338 365 1325 338 365 1326 339 366 1327 333 360 1328 333 360 1329 339 366 1330 115 121 1331 115 121 1332 339 366 1333 340 367 1334 115 121 1335 340 367 1336 114 116 1337 339 366 1338 341 368 1339 340 367 1340 340 367 1341 341 368 1342 342 369 1343 340 367 1344 342 369 1345 343 370 1346 343 370 1347 344 371 1348 340 367 1349 340 367 1350 344 371 1351 345 372 1352 127 373 1353 126 374 1354 346 375 1355 346 375 1356 126 374 1357 347 376 1358 346 375 1359 347 376 1360 348 377 1361 348 377 1362 347 376 1363 349 378 1364 348 377 1365 349 378 1366 350 379 1367 350 379 1368 349 378 1369 351 380 1370 350 379 1371 351 380 1372 352 381 1373 352 381 1374 351 380 1375 353 382 1376 352 381 1377 353 382 1378 354 383 1379 354 383 1380 353 382 1381 355 384 1382 354 383 1383 355 384 1384 356 385 1385 356 385 1386 355 384 1387 357 386 1388 356 385 1389 357 386 1390 358 387 1391 358 387 1392 357 386 1393 359 388 1394 358 387 1395 359 388 1396 360 389 1397 360 389 1398 359 388 1399 361 390 1400 360 389 1401 361 390 1402 148 391 1403 148 391 1404 361 390 1405 149 392 1406 149 392 1407 361 390 1408 362 393 1409 149 392 1410 362 393 1411 150 394 1412 150 394 1413 362 393 1414 363 395 1415 150 394 1416 363 395 1417 151 396 1418 151 396 1419 363 395 1420 364 397 1421 151 396 1422 364 397 1423 365 398 1424 365 398 1425 364 397 1426 366 399 1427 366 399 1428 364 397 1429 367 400 1430 366 399 1431 367 400 1432 368 401 1433 368 401 1434 367 400 1435 369 402 1436 368 401 1437 369 402 1438 370 403 1439 370 403 1440 369 402 1441 371 404 1442 370 403 1443 371 404 1444 372 405 1445 372 405 1446 371 404 1447 373 406 1448 372 405 1449 373 406 1450 374 407 1451 374 407 1452 373 406 1453 357 386 1454 374 407 1455 357 386 1456 355 384 1457 126 374 1458 125 408 1459 347 376 1460 347 376 1461 125 408 1462 375 409 1463 347 376 1464 375 409 1465 349 378 1466 349 378 1467 375 409 1468 376 410 1469 349 378 1470 376 410 1471 351 380 1472 351 380 1473 376 410 1474 377 411 1475 351 380 1476 377 411 1477 353 382 1478 353 382 1479 377 411 1480 378 412 1481 353 382 1482 378 412 1483 355 384 1484 355 384 1485 378 412 1486 374 407 1487 125 408 1488 124 413 1489 375 409 1490 375 409 1491 124 413 1492 379 414 1493 375 409 1494 379 414 1495 376 410 1496 376 410 1497 379 414 1498 380 415 1499 376 410 1500 380 415 1501 377 411 1502 377 411 1503 380 415 1504 381 416 1505 377 411 1506 381 416 1507 378 412 1508 378 412 1509 381 416 1510 382 417 1511 378 412 1512 382 417 1513 374 407 1514 374 407 1515 382 417 1516 372 405 1517 124 413 1518 123 418 1519 379 414 1520 379 414 1521 123 418 1522 383 419 1523 379 414 1524 383 419 1525 380 415 1526 380 415 1527 383 419 1528 384 420 1529 380 415 1530 384 420 1531 381 416 1532 381 416 1533 384 420 1534 385 421 1535 381 416 1536 385 421 1537 382 417 1538 382 417 1539 385 421 1540 386 422 1541 382 417 1542 386 422 1543 372 405 1544 372 405 1545 386 422 1546 370 403 1547 123 418 1548 387 423 1549 383 419 1550 383 419 1551 387 423 1552 388 424 1553 383 419 1554 388 424 1555 384 420 1556 384 420 1557 388 424 1558 389 425 1559 384 420 1560 389 425 1561 385 421 1562 385 421 1563 389 425 1564 386 422 1565 389 425 1566 390 426 1567 386 422 1568 386 422 1569 390 426 1570 370 403 1571 390 426 1572 368 401 1573 370 403 1574 148 391 1575 146 427 1576 360 389 1577 357 386 1578 373 406 1579 359 388 1580 359 388 1581 373 406 1582 391 428 1583 359 388 1584 391 428 1585 361 390 1586 361 390 1587 391 428 1588 362 393 1589 373 406 1590 371 404 1591 391 428 1592 391 428 1593 371 404 1594 392 429 1595 391 428 1596 392 429 1597 362 393 1598 362 393 1599 392 429 1600 363 395 1601 371 404 1602 369 402 1603 392 429 1604 392 429 1605 369 402 1606 367 400 1607 392 429 1608 367 400 1609 363 395 1610 363 395 1611 367 400 1612 364 397 1613 145 430 1614 144 431 1615 393 432 1616 393 432 1617 144 431 1618 394 433 1619 393 432 1620 394 433 1621 395 434 1622 395 434 1623 394 433 1624 396 435 1625 395 434 1626 396 435 1627 397 436 1628 397 436 1629 396 435 1630 398 437 1631 397 436 1632 398 437 1633 399 438 1634 399 438 1635 398 437 1636 400 439 1637 399 438 1638 400 439 1639 401 440 1640 401 440 1641 400 439 1642 402 441 1643 401 440 1644 402 441 1645 403 442 1646 403 442 1647 402 441 1648 404 443 1649 403 442 1650 404 443 1651 405 444 1652 405 444 1653 404 443 1654 406 445 1655 405 444 1656 406 445 1657 407 446 1658 407 446 1659 406 445 1660 408 447 1661 407 446 1662 408 447 1663 122 448 1664 122 448 1665 408 447 1666 128 449 1667 128 449 1668 408 447 1669 409 450 1670 128 449 1671 409 450 1672 130 451 1673 130 451 1674 409 450 1675 131 452 1676 131 452 1677 409 450 1678 410 453 1679 131 452 1680 410 453 1681 132 454 1682 132 454 1683 410 453 1684 411 455 1685 132 454 1686 411 455 1687 133 456 1688 133 456 1689 411 455 1690 412 457 1691 133 456 1692 412 457 1693 134 458 1694 134 458 1695 412 457 1696 413 459 1697 134 458 1698 413 459 1699 414 460 1700 414 460 1701 413 459 1702 415 461 1703 414 460 1704 415 461 1705 416 462 1706 416 462 1707 415 461 1708 417 463 1709 416 462 1710 417 463 1711 418 464 1712 418 464 1713 417 463 1714 404 443 1715 418 464 1716 404 443 1717 402 441 1718 144 431 1719 143 465 1720 394 433 1721 394 433 1722 143 465 1723 419 466 1724 394 433 1725 419 466 1726 396 435 1727 396 435 1728 419 466 1729 420 467 1730 396 435 1731 420 467 1732 398 437 1733 398 437 1734 420 467 1735 421 468 1736 398 437 1737 421 468 1738 400 439 1739 400 439 1740 421 468 1741 422 469 1742 400 439 1743 422 469 1744 402 441 1745 402 441 1746 422 469 1747 418 464 1748 143 465 1749 142 470 1750 419 466 1751 419 466 1752 142 470 1753 140 471 1754 419 466 1755 140 471 1756 423 472 1757 423 472 1758 140 471 1759 139 473 1760 423 472 1761 139 473 1762 424 474 1763 424 474 1764 139 473 1765 138 475 1766 424 474 1767 138 475 1768 425 476 1769 425 476 1770 138 475 1771 137 477 1772 425 476 1773 137 477 1774 426 478 1775 426 478 1776 137 477 1777 136 479 1778 426 478 1779 136 479 1780 427 480 1781 427 480 1782 136 479 1783 414 460 1784 427 480 1785 414 460 1786 416 462 1787 136 479 1788 134 458 1789 414 460 1790 122 448 1791 121 481 1792 407 446 1793 420 467 1794 419 466 1795 423 472 1796 423 472 1797 424 474 1798 428 482 1799 428 482 1800 424 474 1801 425 476 1802 428 482 1803 425 476 1804 429 483 1805 429 483 1806 425 476 1807 426 478 1808 429 483 1809 426 478 1810 430 484 1811 430 484 1812 426 478 1813 427 480 1814 430 484 1815 427 480 1816 416 462 1817 421 468 1818 420 467 1819 428 482 1820 428 482 1821 420 467 1822 423 472 1823 421 468 1824 428 482 1825 429 483 1826 422 469 1827 421 468 1828 429 483 1829 422 469 1830 429 483 1831 430 484 1832 416 462 1833 418 464 1834 430 484 1835 430 484 1836 418 464 1837 422 469 1838 404 443 1839 417 463 1840 406 445 1841 406 445 1842 417 463 1843 431 485 1844 406 445 1845 431 485 1846 408 447 1847 408 447 1848 431 485 1849 409 450 1850 417 463 1851 415 461 1852 431 485 1853 431 485 1854 415 461 1855 432 486 1856 431 485 1857 432 486 1858 409 450 1859 409 450 1860 432 486 1861 410 453 1862 415 461 1863 413 459 1864 432 486 1865 432 486 1866 413 459 1867 412 457 1868 432 486 1869 412 457 1870 410 453 1871 410 453 1872 412 457 1873 411 455 1874 121 481 1875 127 373 1876 407 446 1877 407 446 1878 127 373 1879 346 375 1880 407 446 1881 346 375 1882 405 444 1883 405 444 1884 346 375 1885 348 377 1886 405 444 1887 348 377 1888 403 442 1889 403 442 1890 348 377 1891 350 379 1892 403 442 1893 350 379 1894 401 440 1895 401 440 1896 350 379 1897 352 381 1898 401 440 1899 352 381 1900 399 438 1901 399 438 1902 352 381 1903 354 383 1904 399 438 1905 354 383 1906 397 436 1907 397 436 1908 354 383 1909 356 385 1910 397 436 1911 356 385 1912 395 434 1913 395 434 1914 356 385 1915 358 387 1916 395 434 1917 358 387 1918 393 432 1919 393 432 1920 358 387 1921 360 389 1922 393 432 1923 360 389 1924 145 430 1925 145 430 1926 360 389 1927 146 427 1928 160 487 1929 159 488 1930 433 489 1931 433 489 1932 159 488 1933 434 490 1934 433 489 1935 434 490 1936 435 491 1937 435 491 1938 434 490 1939 436 492 1940 435 491 1941 436 492 1942 437 493 1943 437 493 1944 436 492 1945 438 494 1946 437 493 1947 438 494 1948 439 495 1949 439 495 1950 438 494 1951 440 496 1952 439 495 1953 440 496 1954 441 497 1955 441 497 1956 440 496 1957 442 498 1958 441 497 1959 442 498 1960 443 499 1961 443 499 1962 442 498 1963 444 500 1964 443 499 1965 444 500 1966 445 501 1967 445 501 1968 444 500 1969 446 502 1970 445 501 1971 446 502 1972 447 503 1973 447 503 1974 446 502 1975 448 504 1976 447 503 1977 448 504 1978 181 505 1979 181 505 1980 448 504 1981 182 506 1982 182 506 1983 448 504 1984 449 507 1985 182 506 1986 449 507 1987 183 508 1988 183 508 1989 449 507 1990 450 509 1991 183 508 1992 450 509 1993 184 510 1994 184 510 1995 450 509 1996 451 511 1997 184 510 1998 451 511 1999 452 512 2000 452 512 2001 451 511 2002 453 513 2003 453 513 2004 451 511 2005 454 514 2006 453 513 2007 454 514 2008 455 515 2009 455 515 2010 454 514 2011 456 516 2012 455 515 2013 456 516 2014 457 517 2015 457 517 2016 456 516 2017 458 518 2018 457 517 2019 458 518 2020 459 519 2021 459 519 2022 458 518 2023 460 520 2024 459 519 2025 460 520 2026 461 521 2027 461 521 2028 460 520 2029 444 500 2030 461 521 2031 444 500 2032 442 498 2033 159 488 2034 158 522 2035 434 490 2036 434 490 2037 158 522 2038 462 523 2039 434 490 2040 462 523 2041 436 492 2042 436 492 2043 462 523 2044 463 524 2045 436 492 2046 463 524 2047 438 494 2048 438 494 2049 463 524 2050 464 525 2051 438 494 2052 464 525 2053 440 496 2054 440 496 2055 464 525 2056 465 526 2057 440 496 2058 465 526 2059 442 498 2060 442 498 2061 465 526 2062 461 521 2063 158 522 2064 157 527 2065 462 523 2066 462 523 2067 157 527 2068 466 528 2069 462 523 2070 466 528 2071 463 524 2072 463 524 2073 466 528 2074 467 529 2075 463 524 2076 467 529 2077 464 525 2078 464 525 2079 467 529 2080 468 530 2081 464 525 2082 468 530 2083 465 526 2084 465 526 2085 468 530 2086 469 531 2087 465 526 2088 469 531 2089 461 521 2090 461 521 2091 469 531 2092 459 519 2093 157 527 2094 156 532 2095 466 528 2096 466 528 2097 156 532 2098 470 533 2099 466 528 2100 470 533 2101 467 529 2102 467 529 2103 470 533 2104 471 534 2105 467 529 2106 471 534 2107 468 530 2108 468 530 2109 471 534 2110 472 535 2111 468 530 2112 472 535 2113 469 531 2114 469 531 2115 472 535 2116 473 536 2117 469 531 2118 473 536 2119 459 519 2120 459 519 2121 473 536 2122 457 517 2123 156 532 2124 474 537 2125 470 533 2126 470 533 2127 474 537 2128 475 538 2129 470 533 2130 475 538 2131 471 534 2132 471 534 2133 475 538 2134 476 539 2135 471 534 2136 476 539 2137 472 535 2138 472 535 2139 476 539 2140 473 536 2141 476 539 2142 477 540 2143 473 536 2144 473 536 2145 477 540 2146 457 517 2147 477 540 2148 455 515 2149 457 517 2150 181 505 2151 180 541 2152 447 503 2153 444 500 2154 460 520 2155 446 502 2156 446 502 2157 460 520 2158 478 542 2159 446 502 2160 478 542 2161 448 504 2162 448 504 2163 478 542 2164 449 507 2165 460 520 2166 458 518 2167 478 542 2168 478 542 2169 458 518 2170 479 543 2171 478 542 2172 479 543 2173 449 507 2174 449 507 2175 479 543 2176 450 509 2177 458 518 2178 456 516 2179 479 543 2180 479 543 2181 456 516 2182 454 514 2183 479 543 2184 454 514 2185 450 509 2186 450 509 2187 454 514 2188 451 511 2189 178 544 2190 176 545 2191 480 546 2192 480 546 2193 176 545 2194 481 547 2195 480 546 2196 481 547 2197 482 548 2198 482 548 2199 481 547 2200 483 549 2201 482 548 2202 483 549 2203 484 550 2204 484 550 2205 483 549 2206 485 551 2207 484 550 2208 485 551 2209 486 552 2210 486 552 2211 485 551 2212 487 553 2213 486 552 2214 487 553 2215 488 554 2216 488 554 2217 487 553 2218 489 555 2219 488 554 2220 489 555 2221 490 556 2222 490 556 2223 489 555 2224 491 557 2225 490 556 2226 491 557 2227 492 558 2228 492 558 2229 491 557 2230 493 559 2231 492 558 2232 493 559 2233 494 560 2234 494 560 2235 493 559 2236 495 561 2237 494 560 2238 495 561 2239 155 562 2240 155 562 2241 495 561 2242 161 563 2243 161 563 2244 495 561 2245 496 564 2246 161 563 2247 496 564 2248 162 565 2249 162 565 2250 496 564 2251 163 566 2252 163 566 2253 496 564 2254 497 567 2255 163 566 2256 497 567 2257 164 568 2258 164 568 2259 497 567 2260 498 569 2261 164 568 2262 498 569 2263 165 570 2264 165 570 2265 498 569 2266 499 571 2267 165 570 2268 499 571 2269 167 572 2270 167 572 2271 499 571 2272 500 573 2273 167 572 2274 500 573 2275 501 574 2276 501 574 2277 500 573 2278 502 575 2279 501 574 2280 502 575 2281 503 576 2282 503 576 2283 502 575 2284 504 577 2285 503 576 2286 504 577 2287 505 578 2288 505 578 2289 504 577 2290 491 557 2291 505 578 2292 491 557 2293 489 555 2294 176 545 2295 175 579 2296 481 547 2297 481 547 2298 175 579 2299 506 580 2300 481 547 2301 506 580 2302 483 549 2303 483 549 2304 506 580 2305 507 581 2306 483 549 2307 507 581 2308 485 551 2309 485 551 2310 507 581 2311 508 582 2312 485 551 2313 508 582 2314 487 553 2315 487 553 2316 508 582 2317 509 583 2318 487 553 2319 509 583 2320 489 555 2321 489 555 2322 509 583 2323 505 578 2324 175 579 2325 174 584 2326 506 580 2327 506 580 2328 174 584 2329 173 585 2330 506 580 2331 173 585 2332 510 586 2333 510 586 2334 173 585 2335 172 587 2336 510 586 2337 172 587 2338 511 588 2339 511 588 2340 172 587 2341 170 589 2342 511 588 2343 170 589 2344 512 590 2345 512 590 2346 170 589 2347 169 591 2348 512 590 2349 169 591 2350 513 592 2351 513 592 2352 169 591 2353 168 593 2354 513 592 2355 168 593 2356 514 594 2357 514 594 2358 168 593 2359 501 574 2360 514 594 2361 501 574 2362 503 576 2363 168 593 2364 167 572 2365 501 574 2366 155 562 2367 154 595 2368 494 560 2369 507 581 2370 506 580 2371 510 586 2372 510 586 2373 511 588 2374 515 596 2375 515 596 2376 511 588 2377 512 590 2378 515 596 2379 512 590 2380 516 597 2381 516 597 2382 512 590 2383 513 592 2384 516 597 2385 513 592 2386 517 598 2387 517 598 2388 513 592 2389 514 594 2390 517 598 2391 514 594 2392 503 576 2393 508 582 2394 507 581 2395 515 596 2396 515 596 2397 507 581 2398 510 586 2399 508 582 2400 515 596 2401 516 597 2402 509 583 2403 508 582 2404 516 597 2405 509 583 2406 516 597 2407 517 598 2408 503 576 2409 505 578 2410 517 598 2411 517 598 2412 505 578 2413 509 583 2414 491 557 2415 504 577 2416 493 559 2417 493 559 2418 504 577 2419 518 599 2420 493 559 2421 518 599 2422 495 561 2423 495 561 2424 518 599 2425 496 564 2426 504 577 2427 502 575 2428 518 599 2429 518 599 2430 502 575 2431 519 600 2432 518 599 2433 519 600 2434 496 564 2435 496 564 2436 519 600 2437 497 567 2438 502 575 2439 500 573 2440 519 600 2441 519 600 2442 500 573 2443 499 571 2444 519 600 2445 499 571 2446 497 567 2447 497 567 2448 499 571 2449 498 569 2450 154 595 2451 160 487 2452 494 560 2453 494 560 2454 160 487 2455 433 489 2456 494 560 2457 433 489 2458 492 558 2459 492 558 2460 433 489 2461 435 491 2462 492 558 2463 435 491 2464 490 556 2465 490 556 2466 435 491 2467 437 493 2468 490 556 2469 437 493 2470 488 554 2471 488 554 2472 437 493 2473 439 495 2474 488 554 2475 439 495 2476 486 552 2477 486 552 2478 439 495 2479 441 497 2480 486 552 2481 441 497 2482 484 550 2483 484 550 2484 441 497 2485 443 499 2486 484 550 2487 443 499 2488 482 548 2489 482 548 2490 443 499 2491 445 501 2492 482 548 2493 445 501 2494 480 546 2495 480 546 2496 445 501 2497 447 503 2498 480 546 2499 447 503 2500 178 544 2501 178 544 2502 447 503 2503 180 541 2504 192 601 2505 191 602 2506 520 603 2507 520 603 2508 191 602 2509 521 604 2510 520 603 2511 521 604 2512 522 605 2513 522 605 2514 521 604 2515 523 606 2516 522 605 2517 523 606 2518 524 607 2519 524 607 2520 523 606 2521 525 608 2522 524 607 2523 525 608 2524 526 609 2525 526 609 2526 525 608 2527 527 610 2528 526 609 2529 527 610 2530 528 611 2531 528 611 2532 527 610 2533 529 612 2534 528 611 2535 529 612 2536 530 613 2537 530 613 2538 529 612 2539 531 614 2540 530 613 2541 531 614 2542 532 615 2543 532 615 2544 531 614 2545 533 616 2546 532 615 2547 533 616 2548 534 617 2549 534 617 2550 533 616 2551 535 618 2552 534 617 2553 535 618 2554 214 619 2555 214 619 2556 535 618 2557 215 620 2558 215 620 2559 535 618 2560 536 621 2561 215 620 2562 536 621 2563 216 622 2564 216 622 2565 536 621 2566 537 623 2567 216 622 2568 537 623 2569 217 624 2570 217 624 2571 537 623 2572 538 625 2573 217 624 2574 538 625 2575 539 626 2576 539 626 2577 538 625 2578 540 627 2579 540 627 2580 538 625 2581 541 628 2582 540 627 2583 541 628 2584 542 629 2585 542 629 2586 541 628 2587 543 630 2588 542 629 2589 543 630 2590 544 631 2591 544 631 2592 543 630 2593 545 632 2594 544 631 2595 545 632 2596 546 633 2597 546 633 2598 545 632 2599 547 634 2600 546 633 2601 547 634 2602 548 635 2603 548 635 2604 547 634 2605 531 614 2606 548 635 2607 531 614 2608 529 612 2609 191 602 2610 190 636 2611 521 604 2612 521 604 2613 190 636 2614 549 637 2615 521 604 2616 549 637 2617 523 606 2618 523 606 2619 549 637 2620 550 638 2621 523 606 2622 550 638 2623 525 608 2624 525 608 2625 550 638 2626 551 639 2627 525 608 2628 551 639 2629 527 610 2630 527 610 2631 551 639 2632 552 640 2633 527 610 2634 552 640 2635 529 612 2636 529 612 2637 552 640 2638 548 635 2639 190 636 2640 189 641 2641 549 637 2642 549 637 2643 189 641 2644 553 642 2645 549 637 2646 553 642 2647 550 638 2648 550 638 2649 553 642 2650 554 643 2651 550 638 2652 554 643 2653 551 639 2654 551 639 2655 554 643 2656 555 644 2657 551 639 2658 555 644 2659 552 640 2660 552 640 2661 555 644 2662 556 645 2663 552 640 2664 556 645 2665 548 635 2666 548 635 2667 556 645 2668 546 633 2669 189 641 2670 188 646 2671 553 642 2672 553 642 2673 188 646 2674 557 647 2675 553 642 2676 557 647 2677 554 643 2678 554 643 2679 557 647 2680 558 648 2681 554 643 2682 558 648 2683 555 644 2684 555 644 2685 558 648 2686 559 649 2687 555 644 2688 559 649 2689 556 645 2690 556 645 2691 559 649 2692 560 650 2693 556 645 2694 560 650 2695 546 633 2696 546 633 2697 560 650 2698 544 631 2699 188 646 2700 561 651 2701 557 647 2702 557 647 2703 561 651 2704 562 652 2705 557 647 2706 562 652 2707 558 648 2708 558 648 2709 562 652 2710 563 653 2711 558 648 2712 563 653 2713 559 649 2714 559 649 2715 563 653 2716 560 650 2717 563 653 2718 564 654 2719 560 650 2720 560 650 2721 564 654 2722 544 631 2723 564 654 2724 542 629 2725 544 631 2726 214 619 2727 213 655 2728 534 617 2729 531 614 2730 547 634 2731 533 616 2732 533 616 2733 547 634 2734 565 656 2735 533 616 2736 565 656 2737 535 618 2738 535 618 2739 565 656 2740 536 621 2741 547 634 2742 545 632 2743 565 656 2744 565 656 2745 545 632 2746 566 657 2747 565 656 2748 566 657 2749 536 621 2750 536 621 2751 566 657 2752 537 623 2753 545 632 2754 543 630 2755 566 657 2756 566 657 2757 543 630 2758 541 628 2759 566 657 2760 541 628 2761 537 623 2762 537 623 2763 541 628 2764 538 625 2765 210 658 2766 209 659 2767 567 660 2768 567 660 2769 209 659 2770 568 661 2771 567 660 2772 568 661 2773 569 662 2774 569 662 2775 568 661 2776 570 663 2777 569 662 2778 570 663 2779 571 664 2780 571 664 2781 570 663 2782 572 665 2783 571 664 2784 572 665 2785 573 666 2786 573 666 2787 572 665 2788 574 667 2789 573 666 2790 574 667 2791 575 668 2792 575 668 2793 574 667 2794 576 669 2795 575 668 2796 576 669 2797 577 670 2798 577 670 2799 576 669 2800 578 671 2801 577 670 2802 578 671 2803 579 672 2804 579 672 2805 578 671 2806 580 673 2807 579 672 2808 580 673 2809 581 674 2810 581 674 2811 580 673 2812 582 675 2813 581 674 2814 582 675 2815 187 676 2816 187 676 2817 582 675 2818 193 677 2819 193 677 2820 582 675 2821 583 678 2822 193 677 2823 583 678 2824 194 679 2825 194 679 2826 583 678 2827 195 680 2828 195 680 2829 583 678 2830 584 681 2831 195 680 2832 584 681 2833 197 682 2834 197 682 2835 584 681 2836 585 683 2837 197 682 2838 585 683 2839 198 684 2840 198 684 2841 585 683 2842 586 685 2843 198 684 2844 586 685 2845 199 686 2846 199 686 2847 586 685 2848 587 687 2849 199 686 2850 587 687 2851 588 688 2852 588 688 2853 587 687 2854 589 689 2855 588 688 2856 589 689 2857 590 690 2858 590 690 2859 589 689 2860 591 691 2861 590 690 2862 591 691 2863 592 692 2864 592 692 2865 591 691 2866 578 671 2867 592 692 2868 578 671 2869 576 669 2870 209 659 2871 208 693 2872 568 661 2873 568 661 2874 208 693 2875 593 694 2876 568 661 2877 593 694 2878 570 663 2879 570 663 2880 593 694 2881 594 695 2882 570 663 2883 594 695 2884 572 665 2885 572 665 2886 594 695 2887 595 696 2888 572 665 2889 595 696 2890 574 667 2891 574 667 2892 595 696 2893 596 697 2894 574 667 2895 596 697 2896 576 669 2897 576 669 2898 596 697 2899 592 692 2900 208 693 2901 206 698 2902 593 694 2903 593 694 2904 206 698 2905 205 699 2906 593 694 2907 205 699 2908 597 700 2909 597 700 2910 205 699 2911 204 701 2912 597 700 2913 204 701 2914 598 702 2915 598 702 2916 204 701 2917 203 703 2918 598 702 2919 203 703 2920 599 704 2921 599 704 2922 203 703 2923 202 705 2924 599 704 2925 202 705 2926 600 706 2927 600 706 2928 202 705 2929 200 707 2930 600 706 2931 200 707 2932 601 708 2933 601 708 2934 200 707 2935 588 688 2936 601 708 2937 588 688 2938 590 690 2939 200 707 2940 199 686 2941 588 688 2942 187 676 2943 186 709 2944 581 674 2945 594 695 2946 593 694 2947 597 700 2948 597 700 2949 598 702 2950 602 710 2951 602 710 2952 598 702 2953 599 704 2954 602 710 2955 599 704 2956 603 711 2957 603 711 2958 599 704 2959 600 706 2960 603 711 2961 600 706 2962 604 712 2963 604 712 2964 600 706 2965 601 708 2966 604 712 2967 601 708 2968 590 690 2969 595 696 2970 594 695 2971 602 710 2972 602 710 2973 594 695 2974 597 700 2975 595 696 2976 602 710 2977 603 711 2978 596 697 2979 595 696 2980 603 711 2981 596 697 2982 603 711 2983 604 712 2984 590 690 2985 592 692 2986 604 712 2987 604 712 2988 592 692 2989 596 697 2990 578 671 2991 591 691 2992 580 673 2993 580 673 2994 591 691 2995 605 713 2996 580 673 2997 605 713 2998 582 675 2999 582 675 3000 605 713 3001 583 678 3002 591 691 3003 589 689 3004 605 713 3005 605 713 3006 589 689 3007 606 714 3008 605 713 3009 606 714 3010 583 678 3011 583 678 3012 606 714 3013 584 681 3014 589 689 3015 587 687 3016 606 714 3017 606 714 3018 587 687 3019 586 685 3020 606 714 3021 586 685 3022 584 681 3023 584 681 3024 586 685 3025 585 683 3026 186 709 3027 192 601 3028 581 674 3029 581 674 3030 192 601 3031 520 603 3032 581 674 3033 520 603 3034 579 672 3035 579 672 3036 520 603 3037 522 605 3038 579 672 3039 522 605 3040 577 670 3041 577 670 3042 522 605 3043 524 607 3044 577 670 3045 524 607 3046 575 668 3047 575 668 3048 524 607 3049 526 609 3050 575 668 3051 526 609 3052 573 666 3053 573 666 3054 526 609 3055 528 611 3056 573 666 3057 528 611 3058 571 664 3059 571 664 3060 528 611 3061 530 613 3062 571 664 3063 530 613 3064 569 662 3065 569 662 3066 530 613 3067 532 615 3068 569 662 3069 532 615 3070 567 660 3071 567 660 3072 532 615 3073 534 617 3074 567 660 3075 534 617 3076 210 658 3077 210 658 3078 534 617 3079 213 655 3080 222 715 3081 221 716 3082 607 717 3083 607 717 3084 221 716 3085 608 718 3086 607 717 3087 608 718 3088 609 719 3089 609 719 3090 608 718 3091 610 720 3092 609 719 3093 610 720 3094 611 721 3095 611 721 3096 610 720 3097 612 722 3098 611 721 3099 612 722 3100 613 723 3101 613 723 3102 612 722 3103 614 724 3104 613 723 3105 614 724 3106 615 725 3107 615 725 3108 614 724 3109 616 726 3110 615 725 3111 616 726 3112 617 727 3113 617 727 3114 616 726 3115 618 728 3116 617 727 3117 618 728 3118 619 729 3119 619 729 3120 618 728 3121 620 730 3122 619 729 3123 620 730 3124 621 731 3125 621 731 3126 620 730 3127 622 732 3128 621 731 3129 622 732 3130 253 733 3131 253 733 3132 622 732 3133 254 734 3134 254 734 3135 622 732 3136 623 735 3137 254 734 3138 623 735 3139 255 736 3140 255 736 3141 623 735 3142 624 737 3143 255 736 3144 624 737 3145 256 738 3146 256 738 3147 624 737 3148 625 739 3149 256 738 3150 625 739 3151 626 740 3152 626 740 3153 625 739 3154 627 741 3155 627 741 3156 625 739 3157 628 742 3158 627 741 3159 628 742 3160 629 743 3161 629 743 3162 628 742 3163 630 744 3164 629 743 3165 630 744 3166 631 745 3167 631 745 3168 630 744 3169 632 746 3170 631 745 3171 632 746 3172 633 747 3173 633 747 3174 632 746 3175 634 748 3176 633 747 3177 634 748 3178 635 749 3179 635 749 3180 634 748 3181 618 728 3182 635 749 3183 618 728 3184 616 726 3185 221 716 3186 220 750 3187 608 718 3188 608 718 3189 220 750 3190 636 751 3191 608 718 3192 636 751 3193 610 720 3194 610 720 3195 636 751 3196 637 752 3197 610 720 3198 637 752 3199 612 722 3200 612 722 3201 637 752 3202 638 753 3203 612 722 3204 638 753 3205 614 724 3206 614 724 3207 638 753 3208 639 754 3209 614 724 3210 639 754 3211 616 726 3212 616 726 3213 639 754 3214 635 749 3215 220 750 3216 219 755 3217 636 751 3218 636 751 3219 219 755 3220 640 756 3221 636 751 3222 640 756 3223 637 752 3224 637 752 3225 640 756 3226 641 757 3227 637 752 3228 641 757 3229 638 753 3230 638 753 3231 641 757 3232 642 758 3233 638 753 3234 642 758 3235 639 754 3236 639 754 3237 642 758 3238 643 759 3239 639 754 3240 643 759 3241 635 749 3242 635 749 3243 643 759 3244 633 747 3245 219 755 3246 218 760 3247 640 756 3248 640 756 3249 218 760 3250 644 761 3251 640 756 3252 644 761 3253 641 757 3254 641 757 3255 644 761 3256 645 762 3257 641 757 3258 645 762 3259 642 758 3260 642 758 3261 645 762 3262 646 763 3263 642 758 3264 646 763 3265 643 759 3266 643 759 3267 646 763 3268 647 764 3269 643 759 3270 647 764 3271 633 747 3272 633 747 3273 647 764 3274 631 745 3275 218 760 3276 648 765 3277 644 761 3278 644 761 3279 648 765 3280 649 766 3281 644 761 3282 649 766 3283 645 762 3284 645 762 3285 649 766 3286 650 767 3287 645 762 3288 650 767 3289 646 763 3290 646 763 3291 650 767 3292 647 764 3293 650 767 3294 651 768 3295 647 764 3296 647 764 3297 651 768 3298 631 745 3299 651 768 3300 629 743 3301 631 745 3302 253 733 3303 243 769 3304 621 731 3305 618 728 3306 634 748 3307 620 730 3308 620 730 3309 634 748 3310 652 770 3311 620 730 3312 652 770 3313 622 732 3314 622 732 3315 652 770 3316 623 735 3317 634 748 3318 632 746 3319 652 770 3320 652 770 3321 632 746 3322 653 771 3323 652 770 3324 653 771 3325 623 735 3326 623 735 3327 653 771 3328 624 737 3329 632 746 3330 630 744 3331 653 771 3332 653 771 3333 630 744 3334 628 742 3335 653 771 3336 628 742 3337 624 737 3338 624 737 3339 628 742 3340 625 739 3341 242 772 3342 241 773 3343 654 774 3344 654 774 3345 241 773 3346 655 775 3347 654 774 3348 655 775 3349 656 776 3350 656 776 3351 655 775 3352 657 777 3353 656 776 3354 657 777 3355 658 778 3356 658 778 3357 657 777 3358 659 779 3359 658 778 3360 659 779 3361 660 780 3362 660 780 3363 659 779 3364 661 781 3365 660 780 3366 661 781 3367 662 782 3368 662 782 3369 661 781 3370 663 783 3371 662 782 3372 663 783 3373 664 784 3374 664 784 3375 663 783 3376 665 785 3377 664 784 3378 665 785 3379 666 786 3380 666 786 3381 665 785 3382 667 787 3383 666 786 3384 667 787 3385 668 788 3386 668 788 3387 667 787 3388 669 789 3389 668 788 3390 669 789 3391 224 790 3392 224 790 3393 669 789 3394 226 791 3395 226 791 3396 669 789 3397 670 792 3398 226 791 3399 670 792 3400 227 793 3401 227 793 3402 670 792 3403 228 794 3404 228 794 3405 670 792 3406 671 795 3407 228 794 3408 671 795 3409 229 796 3410 229 796 3411 671 795 3412 672 797 3413 229 796 3414 672 797 3415 230 798 3416 230 798 3417 672 797 3418 673 799 3419 230 798 3420 673 799 3421 231 800 3422 231 800 3423 673 799 3424 674 801 3425 231 800 3426 674 801 3427 675 802 3428 675 802 3429 674 801 3430 676 803 3431 675 802 3432 676 803 3433 677 804 3434 677 804 3435 676 803 3436 678 805 3437 677 804 3438 678 805 3439 679 806 3440 679 806 3441 678 805 3442 665 785 3443 679 806 3444 665 785 3445 663 783 3446 241 773 3447 240 807 3448 655 775 3449 655 775 3450 240 807 3451 680 808 3452 655 775 3453 680 808 3454 657 777 3455 657 777 3456 680 808 3457 681 809 3458 657 777 3459 681 809 3460 659 779 3461 659 779 3462 681 809 3463 682 810 3464 659 779 3465 682 810 3466 661 781 3467 661 781 3468 682 810 3469 683 811 3470 661 781 3471 683 811 3472 663 783 3473 663 783 3474 683 811 3475 679 806 3476 240 807 3477 239 812 3478 680 808 3479 680 808 3480 239 812 3481 238 813 3482 680 808 3483 238 813 3484 684 814 3485 684 814 3486 238 813 3487 236 815 3488 684 814 3489 236 815 3490 685 816 3491 685 816 3492 236 815 3493 235 817 3494 685 816 3495 235 817 3496 686 818 3497 686 818 3498 235 817 3499 234 819 3500 686 818 3501 234 819 3502 687 820 3503 687 820 3504 234 819 3505 233 821 3506 687 820 3507 233 821 3508 688 822 3509 688 822 3510 233 821 3511 675 802 3512 688 822 3513 675 802 3514 677 804 3515 233 821 3516 231 800 3517 675 802 3518 224 790 3519 223 823 3520 668 788 3521 681 809 3522 680 808 3523 684 814 3524 684 814 3525 685 816 3526 689 824 3527 689 824 3528 685 816 3529 686 818 3530 689 824 3531 686 818 3532 690 825 3533 690 825 3534 686 818 3535 687 820 3536 690 825 3537 687 820 3538 691 826 3539 691 826 3540 687 820 3541 688 822 3542 691 826 3543 688 822 3544 677 804 3545 682 810 3546 681 809 3547 689 824 3548 689 824 3549 681 809 3550 684 814 3551 682 810 3552 689 824 3553 690 825 3554 683 811 3555 682 810 3556 690 825 3557 683 811 3558 690 825 3559 691 826 3560 677 804 3561 679 806 3562 691 826 3563 691 826 3564 679 806 3565 683 811 3566 665 785 3567 678 805 3568 667 787 3569 667 787 3570 678 805 3571 692 827 3572 667 787 3573 692 827 3574 669 789 3575 669 789 3576 692 827 3577 670 792 3578 678 805 3579 676 803 3580 692 827 3581 692 827 3582 676 803 3583 693 828 3584 692 827 3585 693 828 3586 670 792 3587 670 792 3588 693 828 3589 671 795 3590 676 803 3591 674 801 3592 693 828 3593 693 828 3594 674 801 3595 673 799 3596 693 828 3597 673 799 3598 671 795 3599 671 795 3600 673 799 3601 672 797 3602 223 823 3603 222 715 3604 668 788 3605 668 788 3606 222 715 3607 607 717 3608 668 788 3609 607 717 3610 666 786 3611 666 786 3612 607 717 3613 609 719 3614 666 786 3615 609 719 3616 664 784 3617 664 784 3618 609 719 3619 611 721 3620 664 784 3621 611 721 3622 662 782 3623 662 782 3624 611 721 3625 613 723 3626 662 782 3627 613 723 3628 660 780 3629 660 780 3630 613 723 3631 615 725 3632 660 780 3633 615 725 3634 658 778 3635 658 778 3636 615 725 3637 617 727 3638 658 778 3639 617 727 3640 656 776 3641 656 776 3642 617 727 3643 619 729 3644 656 776 3645 619 729 3646 654 774 3647 654 774 3648 619 729 3649 621 731 3650 654 774 3651 621 731 3652 242 772 3653 242 772 3654 621 731 3655 243 769 3656 248 829 3657 249 830 3658 694 831 3659 694 831 3660 249 830 3661 695 832 3662 694 831 3663 695 832 3664 696 833 3665 696 833 3666 695 832 3667 697 834 3668 696 833 3669 697 834 3670 698 835 3671 698 835 3672 697 834 3673 699 836 3674 698 835 3675 699 836 3676 700 837 3677 700 837 3678 699 836 3679 701 838 3680 700 837 3681 701 838 3682 702 839 3683 702 839 3684 701 838 3685 703 840 3686 702 839 3687 703 840 3688 704 841 3689 704 841 3690 703 840 3691 705 842 3692 704 841 3693 705 842 3694 706 843 3695 706 843 3696 705 842 3697 707 844 3698 706 843 3699 707 844 3700 708 845 3701 708 845 3702 707 844 3703 709 846 3704 708 845 3705 709 846 3706 278 847 3707 278 847 3708 709 846 3709 279 848 3710 279 848 3711 709 846 3712 710 849 3713 279 848 3714 710 849 3715 280 850 3716 280 850 3717 710 849 3718 711 851 3719 280 850 3720 711 851 3721 281 852 3722 281 852 3723 711 851 3724 712 853 3725 281 852 3726 712 853 3727 713 854 3728 713 854 3729 712 853 3730 714 855 3731 714 855 3732 712 853 3733 715 856 3734 714 855 3735 715 856 3736 716 857 3737 716 857 3738 715 856 3739 717 858 3740 716 857 3741 717 858 3742 718 859 3743 718 859 3744 717 858 3745 719 860 3746 718 859 3747 719 860 3748 720 861 3749 720 861 3750 719 860 3751 721 862 3752 720 861 3753 721 862 3754 722 863 3755 722 863 3756 721 862 3757 705 842 3758 722 863 3759 705 842 3760 703 840 3761 249 830 3762 250 864 3763 695 832 3764 695 832 3765 250 864 3766 723 865 3767 695 832 3768 723 865 3769 697 834 3770 697 834 3771 723 865 3772 724 866 3773 697 834 3774 724 866 3775 699 836 3776 699 836 3777 724 866 3778 725 867 3779 699 836 3780 725 867 3781 701 838 3782 701 838 3783 725 867 3784 726 868 3785 701 838 3786 726 868 3787 703 840 3788 703 840 3789 726 868 3790 722 863 3791 250 864 3792 251 869 3793 723 865 3794 723 865 3795 251 869 3796 727 870 3797 723 865 3798 727 870 3799 724 866 3800 724 866 3801 727 870 3802 728 871 3803 724 866 3804 728 871 3805 725 867 3806 725 867 3807 728 871 3808 729 872 3809 725 867 3810 729 872 3811 726 868 3812 726 868 3813 729 872 3814 730 873 3815 726 868 3816 730 873 3817 722 863 3818 722 863 3819 730 873 3820 720 861 3821 251 869 3822 252 874 3823 727 870 3824 727 870 3825 252 874 3826 731 875 3827 727 870 3828 731 875 3829 728 871 3830 728 871 3831 731 875 3832 732 876 3833 728 871 3834 732 876 3835 729 872 3836 729 872 3837 732 876 3838 733 877 3839 729 872 3840 733 877 3841 730 873 3842 730 873 3843 733 877 3844 734 878 3845 730 873 3846 734 878 3847 720 861 3848 720 861 3849 734 878 3850 718 859 3851 252 874 3852 735 879 3853 731 875 3854 731 875 3855 735 879 3856 736 880 3857 731 875 3858 736 880 3859 732 876 3860 732 876 3861 736 880 3862 737 881 3863 732 876 3864 737 881 3865 733 877 3866 733 877 3867 737 881 3868 734 878 3869 737 881 3870 738 882 3871 734 878 3872 734 878 3873 738 882 3874 718 859 3875 738 882 3876 716 857 3877 718 859 3878 278 847 3879 277 883 3880 708 845 3881 705 842 3882 721 862 3883 707 844 3884 707 844 3885 721 862 3886 739 884 3887 707 844 3888 739 884 3889 709 846 3890 709 846 3891 739 884 3892 710 849 3893 721 862 3894 719 860 3895 739 884 3896 739 884 3897 719 860 3898 740 885 3899 739 884 3900 740 885 3901 710 849 3902 710 849 3903 740 885 3904 711 851 3905 719 860 3906 717 858 3907 740 885 3908 740 885 3909 717 858 3910 715 856 3911 740 885 3912 715 856 3913 711 851 3914 711 851 3915 715 856 3916 712 853 3917 275 886 3918 273 887 3919 741 888 3920 741 888 3921 273 887 3922 742 889 3923 741 888 3924 742 889 3925 743 890 3926 743 890 3927 742 889 3928 744 891 3929 743 890 3930 744 891 3931 745 892 3932 745 892 3933 744 891 3934 746 893 3935 745 892 3936 746 893 3937 747 894 3938 747 894 3939 746 893 3940 748 895 3941 747 894 3942 748 895 3943 749 896 3944 749 896 3945 748 895 3946 750 897 3947 749 896 3948 750 897 3949 751 898 3950 751 898 3951 750 897 3952 752 899 3953 751 898 3954 752 899 3955 753 900 3956 753 900 3957 752 899 3958 754 901 3959 753 900 3960 754 901 3961 755 902 3962 755 902 3963 754 901 3964 756 903 3965 755 902 3966 756 903 3967 257 904 3968 257 904 3969 756 903 3970 258 905 3971 258 905 3972 756 903 3973 757 906 3974 258 905 3975 757 906 3976 259 907 3977 259 907 3978 757 906 3979 260 908 3980 260 908 3981 757 906 3982 758 909 3983 260 908 3984 758 909 3985 261 910 3986 261 910 3987 758 909 3988 759 911 3989 261 910 3990 759 911 3991 263 912 3992 263 912 3993 759 911 3994 760 913 3995 263 912 3996 760 913 3997 264 914 3998 264 914 3999 760 913 4000 761 915 4001 264 914 4002 761 915 4003 762 916 4004 762 916 4005 761 915 4006 763 917 4007 762 916 4008 763 917 4009 764 918 4010 764 918 4011 763 917 4012 765 919 4013 764 918 4014 765 919 4015 766 920 4016 766 920 4017 765 919 4018 752 899 4019 766 920 4020 752 899 4021 750 897 4022 273 887 4023 272 921 4024 742 889 4025 742 889 4026 272 921 4027 767 922 4028 742 889 4029 767 922 4030 744 891 4031 744 891 4032 767 922 4033 768 923 4034 744 891 4035 768 923 4036 746 893 4037 746 893 4038 768 923 4039 769 924 4040 746 893 4041 769 924 4042 748 895 4043 748 895 4044 769 924 4045 770 925 4046 748 895 4047 770 925 4048 750 897 4049 750 897 4050 770 925 4051 766 920 4052 272 921 4053 271 926 4054 767 922 4055 767 922 4056 271 926 4057 270 927 4058 767 922 4059 270 927 4060 771 928 4061 771 928 4062 270 927 4063 269 929 4064 771 928 4065 269 929 4066 772 930 4067 772 930 4068 269 929 4069 268 931 4070 772 930 4071 268 931 4072 773 932 4073 773 932 4074 268 931 4075 266 933 4076 773 932 4077 266 933 4078 774 934 4079 774 934 4080 266 933 4081 265 935 4082 774 934 4083 265 935 4084 775 936 4085 775 936 4086 265 935 4087 762 916 4088 775 936 4089 762 916 4090 764 918 4091 265 935 4092 264 914 4093 762 916 4094 257 904 4095 247 937 4096 755 902 4097 768 923 4098 767 922 4099 771 928 4100 771 928 4101 772 930 4102 776 938 4103 776 938 4104 772 930 4105 773 932 4106 776 938 4107 773 932 4108 777 939 4109 777 939 4110 773 932 4111 774 934 4112 777 939 4113 774 934 4114 778 940 4115 778 940 4116 774 934 4117 775 936 4118 778 940 4119 775 936 4120 764 918 4121 769 924 4122 768 923 4123 776 938 4124 776 938 4125 768 923 4126 771 928 4127 769 924 4128 776 938 4129 777 939 4130 770 925 4131 769 924 4132 777 939 4133 770 925 4134 777 939 4135 778 940 4136 764 918 4137 766 920 4138 778 940 4139 778 940 4140 766 920 4141 770 925 4142 752 899 4143 765 919 4144 754 901 4145 754 901 4146 765 919 4147 779 941 4148 754 901 4149 779 941 4150 756 903 4151 756 903 4152 779 941 4153 757 906 4154 765 919 4155 763 917 4156 779 941 4157 779 941 4158 763 917 4159 780 942 4160 779 941 4161 780 942 4162 757 906 4163 757 906 4164 780 942 4165 758 909 4166 763 917 4167 761 915 4168 780 942 4169 780 942 4170 761 915 4171 760 913 4172 780 942 4173 760 913 4174 758 909 4175 758 909 4176 760 913 4177 759 911 4178 247 937 4179 248 829 4180 755 902 4181 755 902 4182 248 829 4183 694 831 4184 755 902 4185 694 831 4186 753 900 4187 753 900 4188 694 831 4189 696 833 4190 753 900 4191 696 833 4192 751 898 4193 751 898 4194 696 833 4195 698 835 4196 751 898 4197 698 835 4198 749 896 4199 749 896 4200 698 835 4201 700 837 4202 749 896 4203 700 837 4204 747 894 4205 747 894 4206 700 837 4207 702 839 4208 747 894 4209 702 839 4210 745 892 4211 745 892 4212 702 839 4213 704 841 4214 745 892 4215 704 841 4216 743 890 4217 743 890 4218 704 841 4219 706 843 4220 743 890 4221 706 843 4222 741 888 4223 741 888 4224 706 843 4225 708 845 4226 741 888 4227 708 845 4228 275 886 4229 275 886 4230 708 845 4231 277 883 4232 289 943 4233 288 944 4234 781 945 4235 781 945 4236 288 944 4237 782 946 4238 781 945 4239 782 946 4240 783 947 4241 783 947 4242 782 946 4243 784 948 4244 783 947 4245 784 948 4246 785 949 4247 785 949 4248 784 948 4249 786 950 4250 785 949 4251 786 950 4252 787 951 4253 787 951 4254 786 950 4255 788 952 4256 787 951 4257 788 952 4258 789 953 4259 789 953 4260 788 952 4261 790 954 4262 789 953 4263 790 954 4264 791 955 4265 791 955 4266 790 954 4267 792 956 4268 791 955 4269 792 956 4270 793 957 4271 793 957 4272 792 956 4273 794 958 4274 793 957 4275 794 958 4276 795 959 4277 795 959 4278 794 958 4279 796 960 4280 795 959 4281 796 960 4282 311 961 4283 311 961 4284 796 960 4285 312 962 4286 312 962 4287 796 960 4288 797 963 4289 312 962 4290 797 963 4291 313 964 4292 313 964 4293 797 963 4294 798 965 4295 313 964 4296 798 965 4297 314 966 4298 314 966 4299 798 965 4300 799 967 4301 314 966 4302 799 967 4303 800 968 4304 800 968 4305 799 967 4306 801 969 4307 801 969 4308 799 967 4309 802 970 4310 801 969 4311 802 970 4312 803 971 4313 803 971 4314 802 970 4315 804 972 4316 803 971 4317 804 972 4318 805 973 4319 805 973 4320 804 972 4321 806 974 4322 805 973 4323 806 974 4324 807 975 4325 807 975 4326 806 974 4327 808 976 4328 807 975 4329 808 976 4330 809 977 4331 809 977 4332 808 976 4333 792 956 4334 809 977 4335 792 956 4336 790 954 4337 288 944 4338 287 978 4339 782 946 4340 782 946 4341 287 978 4342 810 979 4343 782 946 4344 810 979 4345 784 948 4346 784 948 4347 810 979 4348 811 980 4349 784 948 4350 811 980 4351 786 950 4352 786 950 4353 811 980 4354 812 981 4355 786 950 4356 812 981 4357 788 952 4358 788 952 4359 812 981 4360 813 982 4361 788 952 4362 813 982 4363 790 954 4364 790 954 4365 813 982 4366 809 977 4367 287 978 4368 286 983 4369 810 979 4370 810 979 4371 286 983 4372 814 984 4373 810 979 4374 814 984 4375 811 980 4376 811 980 4377 814 984 4378 815 985 4379 811 980 4380 815 985 4381 812 981 4382 812 981 4383 815 985 4384 816 986 4385 812 981 4386 816 986 4387 813 982 4388 813 982 4389 816 986 4390 817 987 4391 813 982 4392 817 987 4393 809 977 4394 809 977 4395 817 987 4396 807 975 4397 286 983 4398 285 988 4399 814 984 4400 814 984 4401 285 988 4402 818 989 4403 814 984 4404 818 989 4405 815 985 4406 815 985 4407 818 989 4408 819 990 4409 815 985 4410 819 990 4411 816 986 4412 816 986 4413 819 990 4414 820 991 4415 816 986 4416 820 991 4417 817 987 4418 817 987 4419 820 991 4420 821 992 4421 817 987 4422 821 992 4423 807 975 4424 807 975 4425 821 992 4426 805 973 4427 285 988 4428 822 993 4429 818 989 4430 818 989 4431 822 993 4432 823 994 4433 818 989 4434 823 994 4435 819 990 4436 819 990 4437 823 994 4438 824 995 4439 819 990 4440 824 995 4441 820 991 4442 820 991 4443 824 995 4444 821 992 4445 824 995 4446 825 996 4447 821 992 4448 821 992 4449 825 996 4450 805 973 4451 825 996 4452 803 971 4453 805 973 4454 311 961 4455 310 997 4456 795 959 4457 792 956 4458 808 976 4459 794 958 4460 794 958 4461 808 976 4462 826 998 4463 794 958 4464 826 998 4465 796 960 4466 796 960 4467 826 998 4468 797 963 4469 808 976 4470 806 974 4471 826 998 4472 826 998 4473 806 974 4474 827 999 4475 826 998 4476 827 999 4477 797 963 4478 797 963 4479 827 999 4480 798 965 4481 806 974 4482 804 972 4483 827 999 4484 827 999 4485 804 972 4486 802 970 4487 827 999 4488 802 970 4489 798 965 4490 798 965 4491 802 970 4492 799 967 4493 307 1000 4494 306 1001 4495 828 1002 4496 828 1002 4497 306 1001 4498 829 1003 4499 828 1002 4500 829 1003 4501 830 1004 4502 830 1004 4503 829 1003 4504 831 1005 4505 830 1004 4506 831 1005 4507 832 1006 4508 832 1006 4509 831 1005 4510 833 1007 4511 832 1006 4512 833 1007 4513 834 1008 4514 834 1008 4515 833 1007 4516 835 1009 4517 834 1008 4518 835 1009 4519 836 1010 4520 836 1010 4521 835 1009 4522 837 1011 4523 836 1010 4524 837 1011 4525 838 1012 4526 838 1012 4527 837 1011 4528 839 1013 4529 838 1012 4530 839 1013 4531 840 1014 4532 840 1014 4533 839 1013 4534 841 1015 4535 840 1014 4536 841 1015 4537 842 1016 4538 842 1016 4539 841 1015 4540 843 1017 4541 842 1016 4542 843 1017 4543 284 1018 4544 284 1018 4545 843 1017 4546 290 1019 4547 290 1019 4548 843 1017 4549 844 1020 4550 290 1019 4551 844 1020 4552 291 1021 4553 291 1021 4554 844 1020 4555 293 1022 4556 293 1022 4557 844 1020 4558 845 1023 4559 293 1022 4560 845 1023 4561 294 1024 4562 294 1024 4563 845 1023 4564 846 1025 4565 294 1024 4566 846 1025 4567 295 1026 4568 295 1026 4569 846 1025 4570 847 1027 4571 295 1026 4572 847 1027 4573 296 1028 4574 296 1028 4575 847 1027 4576 848 1029 4577 296 1028 4578 848 1029 4579 849 1030 4580 849 1030 4581 848 1029 4582 850 1031 4583 849 1030 4584 850 1031 4585 851 1032 4586 851 1032 4587 850 1031 4588 852 1033 4589 851 1032 4590 852 1033 4591 853 1034 4592 853 1034 4593 852 1033 4594 839 1013 4595 853 1034 4596 839 1013 4597 837 1011 4598 306 1001 4599 305 1035 4600 829 1003 4601 829 1003 4602 305 1035 4603 854 1036 4604 829 1003 4605 854 1036 4606 831 1005 4607 831 1005 4608 854 1036 4609 855 1037 4610 831 1005 4611 855 1037 4612 833 1007 4613 833 1007 4614 855 1037 4615 856 1038 4616 833 1007 4617 856 1038 4618 835 1009 4619 835 1009 4620 856 1038 4621 857 1039 4622 835 1009 4623 857 1039 4624 837 1011 4625 837 1011 4626 857 1039 4627 853 1034 4628 305 1035 4629 303 1040 4630 854 1036 4631 854 1036 4632 303 1040 4633 302 1041 4634 854 1036 4635 302 1041 4636 858 1042 4637 858 1042 4638 302 1041 4639 301 1043 4640 858 1042 4641 301 1043 4642 859 1044 4643 859 1044 4644 301 1043 4645 300 1045 4646 859 1044 4647 300 1045 4648 860 1046 4649 860 1046 4650 300 1045 4651 299 1047 4652 860 1046 4653 299 1047 4654 861 1048 4655 861 1048 4656 299 1047 4657 297 1049 4658 861 1048 4659 297 1049 4660 862 1050 4661 862 1050 4662 297 1049 4663 849 1030 4664 862 1050 4665 849 1030 4666 851 1032 4667 297 1049 4668 296 1028 4669 849 1030 4670 284 1018 4671 283 1051 4672 842 1016 4673 855 1037 4674 854 1036 4675 858 1042 4676 858 1042 4677 859 1044 4678 863 1052 4679 863 1052 4680 859 1044 4681 860 1046 4682 863 1052 4683 860 1046 4684 864 1053 4685 864 1053 4686 860 1046 4687 861 1048 4688 864 1053 4689 861 1048 4690 865 1054 4691 865 1054 4692 861 1048 4693 862 1050 4694 865 1054 4695 862 1050 4696 851 1032 4697 856 1038 4698 855 1037 4699 863 1052 4700 863 1052 4701 855 1037 4702 858 1042 4703 856 1038 4704 863 1052 4705 864 1053 4706 857 1039 4707 856 1038 4708 864 1053 4709 857 1039 4710 864 1053 4711 865 1054 4712 851 1032 4713 853 1034 4714 865 1054 4715 865 1054 4716 853 1034 4717 857 1039 4718 839 1013 4719 852 1033 4720 841 1015 4721 841 1015 4722 852 1033 4723 866 1055 4724 841 1015 4725 866 1055 4726 843 1017 4727 843 1017 4728 866 1055 4729 844 1020 4730 852 1033 4731 850 1031 4732 866 1055 4733 866 1055 4734 850 1031 4735 867 1056 4736 866 1055 4737 867 1056 4738 844 1020 4739 844 1020 4740 867 1056 4741 845 1023 4742 850 1031 4743 848 1029 4744 867 1056 4745 867 1056 4746 848 1029 4747 847 1027 4748 867 1056 4749 847 1027 4750 845 1023 4751 845 1023 4752 847 1027 4753 846 1025 4754 283 1051 4755 289 943 4756 842 1016 4757 842 1016 4758 289 943 4759 781 945 4760 842 1016 4761 781 945 4762 840 1014 4763 840 1014 4764 781 945 4765 783 947 4766 840 1014 4767 783 947 4768 838 1012 4769 838 1012 4770 783 947 4771 785 949 4772 838 1012 4773 785 949 4774 836 1010 4775 836 1010 4776 785 949 4777 787 951 4778 836 1010 4779 787 951 4780 834 1008 4781 834 1008 4782 787 951 4783 789 953 4784 834 1008 4785 789 953 4786 832 1006 4787 832 1006 4788 789 953 4789 791 955 4790 832 1006 4791 791 955 4792 830 1004 4793 830 1004 4794 791 955 4795 793 957 4796 830 1004 4797 793 957 4798 828 1002 4799 828 1002 4800 793 957 4801 795 959 4802 828 1002 4803 795 959 4804 307 1000 4805 307 1000 4806 795 959 4807 310 997 4808 339 1057 4809 338 1058 4810 868 1059 4811 868 1059 4812 338 1058 4813 869 1060 4814 868 1059 4815 869 1060 4816 870 1061 4817 870 1061 4818 869 1060 4819 871 1062 4820 870 1061 4821 871 1062 4822 872 1063 4823 872 1063 4824 871 1062 4825 873 1064 4826 872 1063 4827 873 1064 4828 874 1065 4829 874 1065 4830 873 1064 4831 875 1066 4832 874 1065 4833 875 1066 4834 876 1067 4835 876 1067 4836 875 1066 4837 877 1068 4838 876 1067 4839 877 1068 4840 878 1069 4841 878 1069 4842 877 1068 4843 879 1070 4844 878 1069 4845 879 1070 4846 880 1071 4847 880 1071 4848 879 1070 4849 881 1072 4850 880 1071 4851 881 1072 4852 882 1073 4853 882 1073 4854 881 1072 4855 883 1074 4856 882 1073 4857 883 1074 4858 322 1075 4859 322 1075 4860 883 1074 4861 323 1076 4862 323 1076 4863 883 1074 4864 884 1077 4865 323 1076 4866 884 1077 4867 324 1078 4868 324 1078 4869 884 1077 4870 325 1079 4871 325 1079 4872 884 1077 4873 885 1080 4874 325 1079 4875 885 1080 4876 326 1081 4877 326 1081 4878 885 1080 4879 886 1082 4880 326 1081 4881 886 1082 4882 327 1083 4883 327 1083 4884 886 1082 4885 887 1084 4886 327 1083 4887 887 1084 4888 329 1085 4889 329 1085 4890 887 1084 4891 888 1086 4892 329 1085 4893 888 1086 4894 889 1087 4895 889 1087 4896 888 1086 4897 890 1088 4898 889 1087 4899 890 1088 4900 891 1089 4901 891 1089 4902 890 1088 4903 892 1090 4904 891 1089 4905 892 1090 4906 893 1091 4907 893 1091 4908 892 1090 4909 879 1070 4910 893 1091 4911 879 1070 4912 877 1068 4913 338 1058 4914 337 1092 4915 869 1060 4916 869 1060 4917 337 1092 4918 894 1093 4919 869 1060 4920 894 1093 4921 871 1062 4922 871 1062 4923 894 1093 4924 895 1094 4925 871 1062 4926 895 1094 4927 873 1064 4928 873 1064 4929 895 1094 4930 896 1095 4931 873 1064 4932 896 1095 4933 875 1066 4934 875 1066 4935 896 1095 4936 897 1096 4937 875 1066 4938 897 1096 4939 877 1068 4940 877 1068 4941 897 1096 4942 893 1091 4943 337 1092 4944 336 1097 4945 894 1093 4946 894 1093 4947 336 1097 4948 335 1098 4949 894 1093 4950 335 1098 4951 898 1099 4952 898 1099 4953 335 1098 4954 334 1100 4955 898 1099 4956 334 1100 4957 899 1101 4958 899 1101 4959 334 1100 4960 332 1102 4961 899 1101 4962 332 1102 4963 900 1103 4964 900 1103 4965 332 1102 4966 331 1104 4967 900 1103 4968 331 1104 4969 901 1105 4970 901 1105 4971 331 1104 4972 330 1106 4973 901 1105 4974 330 1106 4975 902 1107 4976 902 1107 4977 330 1106 4978 889 1087 4979 902 1107 4980 889 1087 4981 891 1089 4982 330 1106 4983 329 1085 4984 889 1087 4985 322 1075 4986 320 1108 4987 882 1073 4988 895 1094 4989 894 1093 4990 898 1099 4991 898 1099 4992 899 1101 4993 903 1109 4994 903 1109 4995 899 1101 4996 900 1103 4997 903 1109 4998 900 1103 4999 904 1110 5000 904 1110 5001 900 1103 5002 901 1105 5003 904 1110 5004 901 1105 5005 905 1111 5006 905 1111 5007 901 1105 5008 902 1107 5009 905 1111 5010 902 1107 5011 891 1089 5012 896 1095 5013 895 1094 5014 903 1109 5015 903 1109 5016 895 1094 5017 898 1099 5018 896 1095 5019 903 1109 5020 904 1110 5021 897 1096 5022 896 1095 5023 904 1110 5024 897 1096 5025 904 1110 5026 905 1111 5027 891 1089 5028 893 1091 5029 905 1111 5030 905 1111 5031 893 1091 5032 897 1096 5033 879 1070 5034 892 1090 5035 881 1072 5036 881 1072 5037 892 1090 5038 906 1112 5039 881 1072 5040 906 1112 5041 883 1074 5042 883 1074 5043 906 1112 5044 884 1077 5045 892 1090 5046 890 1088 5047 906 1112 5048 906 1112 5049 890 1088 5050 907 1113 5051 906 1112 5052 907 1113 5053 884 1077 5054 884 1077 5055 907 1113 5056 885 1080 5057 890 1088 5058 888 1086 5059 907 1113 5060 907 1113 5061 888 1086 5062 887 1084 5063 907 1113 5064 887 1084 5065 885 1080 5066 885 1080 5067 887 1084 5068 886 1082 5069 319 1114 5070 318 1115 5071 908 1116 5072 908 1116 5073 318 1115 5074 909 1117 5075 908 1116 5076 909 1117 5077 910 1118 5078 910 1118 5079 909 1117 5080 911 1119 5081 910 1118 5082 911 1119 5083 912 1120 5084 912 1120 5085 911 1119 5086 913 1121 5087 912 1120 5088 913 1121 5089 914 1122 5090 914 1122 5091 913 1121 5092 915 1123 5093 914 1122 5094 915 1123 5095 916 1124 5096 916 1124 5097 915 1123 5098 917 1125 5099 916 1124 5100 917 1125 5101 918 1126 5102 918 1126 5103 917 1125 5104 919 1127 5105 918 1126 5106 919 1127 5107 920 1128 5108 920 1128 5109 919 1127 5110 921 1129 5111 920 1128 5112 921 1129 5113 922 1130 5114 922 1130 5115 921 1129 5116 923 1131 5117 922 1130 5118 923 1131 5119 342 1132 5120 342 1132 5121 923 1131 5122 343 1133 5123 343 1133 5124 923 1131 5125 924 1134 5126 343 1133 5127 924 1134 5128 344 1135 5129 344 1135 5130 924 1134 5131 925 1136 5132 344 1135 5133 925 1136 5134 345 1137 5135 345 1137 5136 925 1136 5137 926 1138 5138 345 1137 5139 926 1138 5140 927 1139 5141 927 1139 5142 926 1138 5143 928 1140 5144 928 1140 5145 926 1138 5146 929 1141 5147 928 1140 5148 929 1141 5149 930 1142 5150 930 1142 5151 929 1141 5152 931 1143 5153 930 1142 5154 931 1143 5155 932 1144 5156 932 1144 5157 931 1143 5158 933 1145 5159 932 1144 5160 933 1145 5161 934 1146 5162 934 1146 5163 933 1145 5164 935 1147 5165 934 1146 5166 935 1147 5167 936 1148 5168 936 1148 5169 935 1147 5170 919 1127 5171 936 1148 5172 919 1127 5173 917 1125 5174 318 1115 5175 317 1149 5176 909 1117 5177 909 1117 5178 317 1149 5179 937 1150 5180 909 1117 5181 937 1150 5182 911 1119 5183 911 1119 5184 937 1150 5185 938 1151 5186 911 1119 5187 938 1151 5188 913 1121 5189 913 1121 5190 938 1151 5191 939 1152 5192 913 1121 5193 939 1152 5194 915 1123 5195 915 1123 5196 939 1152 5197 940 1153 5198 915 1123 5199 940 1153 5200 917 1125 5201 917 1125 5202 940 1153 5203 936 1148 5204 317 1149 5205 316 1154 5206 937 1150 5207 937 1150 5208 316 1154 5209 941 1155 5210 937 1150 5211 941 1155 5212 938 1151 5213 938 1151 5214 941 1155 5215 942 1156 5216 938 1151 5217 942 1156 5218 939 1152 5219 939 1152 5220 942 1156 5221 943 1157 5222 939 1152 5223 943 1157 5224 940 1153 5225 940 1153 5226 943 1157 5227 944 1158 5228 940 1153 5229 944 1158 5230 936 1148 5231 936 1148 5232 944 1158 5233 934 1146 5234 316 1154 5235 315 1159 5236 941 1155 5237 941 1155 5238 315 1159 5239 945 1160 5240 941 1155 5241 945 1160 5242 942 1156 5243 942 1156 5244 945 1160 5245 946 1161 5246 942 1156 5247 946 1161 5248 943 1157 5249 943 1157 5250 946 1161 5251 947 1162 5252 943 1157 5253 947 1162 5254 944 1158 5255 944 1158 5256 947 1162 5257 948 1163 5258 944 1158 5259 948 1163 5260 934 1146 5261 934 1146 5262 948 1163 5263 932 1144 5264 315 1159 5265 949 1164 5266 945 1160 5267 945 1160 5268 949 1164 5269 950 1165 5270 945 1160 5271 950 1165 5272 946 1161 5273 946 1161 5274 950 1165 5275 951 1166 5276 946 1161 5277 951 1166 5278 947 1162 5279 947 1162 5280 951 1166 5281 948 1163 5282 951 1166 5283 952 1167 5284 948 1163 5285 948 1163 5286 952 1167 5287 932 1144 5288 952 1167 5289 930 1142 5290 932 1144 5291 342 1132 5292 341 1168 5293 922 1130 5294 919 1127 5295 935 1147 5296 921 1129 5297 921 1129 5298 935 1147 5299 953 1169 5300 921 1129 5301 953 1169 5302 923 1131 5303 923 1131 5304 953 1169 5305 924 1134 5306 935 1147 5307 933 1145 5308 953 1169 5309 953 1169 5310 933 1145 5311 954 1170 5312 953 1169 5313 954 1170 5314 924 1134 5315 924 1134 5316 954 1170 5317 925 1136 5318 933 1145 5319 931 1143 5320 954 1170 5321 954 1170 5322 931 1143 5323 929 1141 5324 954 1170 5325 929 1141 5326 925 1136 5327 925 1136 5328 929 1141 5329 926 1138 5330 320 1108 5331 319 1114 5332 882 1073 5333 882 1073 5334 319 1114 5335 908 1116 5336 882 1073 5337 908 1116 5338 880 1071 5339 880 1071 5340 908 1116 5341 910 1118 5342 880 1071 5343 910 1118 5344 878 1069 5345 878 1069 5346 910 1118 5347 912 1120 5348 878 1069 5349 912 1120 5350 876 1067 5351 876 1067 5352 912 1120 5353 914 1122 5354 876 1067 5355 914 1122 5356 874 1065 5357 874 1065 5358 914 1122 5359 916 1124 5360 874 1065 5361 916 1124 5362 872 1063 5363 872 1063 5364 916 1124 5365 918 1126 5366 872 1063 5367 918 1126 5368 870 1061 5369 870 1061 5370 918 1126 5371 920 1128 5372 870 1061 5373 920 1128 5374 868 1059 5375 868 1059 5376 920 1128 5377 922 1130 5378 868 1059 5379 922 1130 5380 339 1057 5381 339 1057 5382 922 1130 5383 341 1168 5384 955 1171 5385 956 1172 5386 957 1173 5387 957 1173 5388 956 1172 5389 958 1174 5390 957 1173 5391 958 1174 5392 959 1175 5393 959 1175 5394 958 1174 5395 960 1176 5396 959 1175 5397 960 1176 5398 961 1177 5399 961 1177 5400 960 1176 5401 962 1178 5402 961 1177 5403 962 1178 5404 963 1179 5405 963 1179 5406 962 1178 5407 964 1180 5408 963 1179 5409 964 1180 5410 965 1181 5411 965 1181 5412 964 1180 5413 966 1182 5414 965 1181 5415 966 1182 5416 967 1183 5417 967 1183 5418 966 1182 5419 968 1184 5420 967 1183 5421 968 1184 5422 969 1185 5423 969 1185 5424 968 1184 5425 970 1186 5426 969 1185 5427 970 1186 5428 971 1187 5429 971 1187 5430 970 1186 5431 972 1188 5432 971 1187 5433 972 1188 5434 973 1189 5435 973 1189 5436 972 1188 5437 974 1190 5438 973 1189 5439 974 1190 5440 975 1191 5441 975 1191 5442 974 1190 5443 976 1192 5444 975 1191 5445 976 1192 5446 977 1193 5447 977 1193 5448 976 1192 5449 978 1194 5450 977 1193 5451 978 1194 5452 979 1195 5453 979 1195 5454 978 1194 5455 980 1196 5456 979 1195 5457 980 1196 5458 981 1197 5459 981 1197 5460 980 1196 5461 982 1198 5462 981 1197 5463 982 1198 5464 983 1199 5465 981 1197 5466 983 1199 5467 984 1200 5468 984 1200 5469 983 1199 5470 985 1201 5471 984 1200 5472 985 1201 5473 986 1202 5474 986 1202 5475 985 1201 5476 987 1203 5477 986 1202 5478 987 1203 5479 988 1204 5480 988 1204 5481 987 1203 5482 989 1205 5483 988 1204 5484 989 1205 5485 990 1206 5486 990 1206 5487 989 1205 5488 991 1207 5489 990 1206 5490 991 1207 5491 992 1208 5492 992 1208 5493 991 1207 5494 993 1209 5495 992 1208 5496 993 1209 5497 994 1210 5498 994 1210 5499 993 1209 5500 995 1211 5501 994 1210 5502 995 1211 5503 996 1212 5504 996 1212 5505 995 1211 5506 997 1213 5507 996 1212 5508 997 1213 5509 998 1214 5510 998 1214 5511 997 1213 5512 999 1215 5513 998 1214 5514 999 1215 5515 1000 1216 5516 1000 1216 5517 999 1215 5518 1001 1217 5519 1000 1216 5520 1001 1217 5521 1002 1218 5522 1002 1218 5523 1001 1217 5524 1003 1219 5525 1002 1218 5526 1003 1219 5527 1004 1220 5528 1004 1220 5529 1003 1219 5530 955 1171 5531 1004 1220 5532 955 1171 5533 957 1173 5534 957 1173 5535 959 1175 5536 1004 1220 5537 1004 1220 5538 959 1175 5539 1002 1218 5540 1002 1218 5541 959 1175 5542 961 1177 5543 1002 1218 5544 961 1177 5545 1000 1216 5546 1000 1216 5547 961 1177 5548 963 1179 5549 1000 1216 5550 963 1179 5551 998 1214 5552 998 1214 5553 963 1179 5554 965 1181 5555 998 1214 5556 965 1181 5557 996 1212 5558 996 1212 5559 965 1181 5560 967 1183 5561 996 1212 5562 967 1183 5563 994 1210 5564 994 1210 5565 967 1183 5566 969 1185 5567 994 1210 5568 969 1185 5569 992 1208 5570 992 1208 5571 969 1185 5572 971 1187 5573 992 1208 5574 971 1187 5575 990 1206 5576 990 1206 5577 971 1187 5578 973 1189 5579 990 1206 5580 973 1189 5581 988 1204 5582 988 1204 5583 973 1189 5584 975 1191 5585 988 1204 5586 975 1191 5587 986 1202 5588 986 1202 5589 975 1191 5590 977 1193 5591 986 1202 5592 977 1193 5593 984 1200 5594 984 1200 5595 977 1193 5596 979 1195 5597 984 1200 5598 979 1195 5599 981 1197 5600 25 1221 5601 1005 1222 5602 23 146 5603 23 146 5604 1005 1222 5605 1006 1223 5606 23 146 5607 1006 1223 5608 119 141 5609 119 141 5610 1006 1223 5611 120 147 5612 120 147 5613 1006 1223 5614 1007 1224 5615 120 147 5616 1007 1224 5617 123 150 5618 123 150 5619 1007 1224 5620 387 1225 5621 387 1225 5622 1007 1224 5623 388 1226 5624 388 1226 5625 1007 1224 5626 1008 1227 5627 388 1226 5628 1008 1227 5629 389 1228 5630 389 1228 5631 1008 1227 5632 390 1229 5633 390 1229 5634 1008 1227 5635 368 1230 5636 368 1230 5637 1008 1227 5638 366 1231 5639 366 1231 5640 1008 1227 5641 365 1232 5642 365 1232 5643 1008 1227 5644 1009 1233 5645 365 1232 5646 1009 1233 5647 151 178 5648 151 178 5649 1009 1233 5650 147 174 5651 147 174 5652 1009 1233 5653 1010 1234 5654 147 174 5655 1010 1234 5656 152 179 5657 152 179 5658 1010 1234 5659 156 183 5660 156 183 5661 1010 1234 5662 1011 1235 5663 156 183 5664 1011 1235 5665 474 1236 5666 474 1236 5667 1011 1235 5668 475 1237 5669 475 1237 5670 1011 1235 5671 476 1238 5672 476 1238 5673 1011 1235 5674 477 1239 5675 477 1239 5676 1011 1235 5677 455 1240 5678 455 1240 5679 1011 1235 5680 1012 1241 5681 455 1240 5682 1012 1241 5683 453 1242 5684 453 1242 5685 1012 1241 5686 452 1243 5687 452 1243 5688 1012 1241 5689 184 211 5690 184 211 5691 1012 1241 5692 179 206 5693 179 206 5694 1012 1241 5695 1013 1244 5696 179 206 5697 1013 1244 5698 185 212 5699 185 212 5700 1013 1244 5701 1014 1245 5702 185 212 5703 1014 1245 5704 188 215 5705 188 215 5706 1014 1245 5707 561 1246 5708 561 1246 5709 1014 1245 5710 562 1247 5711 562 1247 5712 1014 1245 5713 563 1248 5714 563 1248 5715 1014 1245 5716 1015 1249 5717 563 1248 5718 1015 1249 5719 564 1250 5720 564 1250 5721 1015 1249 5722 542 1251 5723 542 1251 5724 1015 1249 5725 540 1252 5726 540 1252 5727 1015 1249 5728 539 1253 5729 539 1253 5730 1015 1249 5731 217 244 5732 217 244 5733 1015 1249 5734 1016 1254 5735 217 244 5736 1016 1254 5737 211 238 5738 211 238 5739 1016 1254 5740 212 239 5741 212 239 5742 1016 1254 5743 1017 1255 5744 212 239 5745 1017 1255 5746 218 245 5747 218 245 5748 1017 1255 5749 648 1256 5750 648 1256 5751 1017 1255 5752 1018 1257 5753 648 1256 5754 1018 1257 5755 649 1258 5756 649 1258 5757 1018 1257 5758 650 1259 5759 650 1259 5760 1018 1257 5761 651 1260 5762 651 1260 5763 1018 1257 5764 629 1261 5765 629 1261 5766 1018 1257 5767 627 1262 5768 627 1262 5769 1018 1257 5770 1019 1263 5771 627 1262 5772 1019 1263 5773 626 1264 5774 626 1264 5775 1019 1263 5776 256 283 5777 256 283 5778 1019 1263 5779 244 271 5780 244 271 5781 1019 1263 5782 1020 1265 5783 244 271 5784 1020 1265 5785 246 273 5786 246 273 5787 1020 1265 5788 1021 1266 5789 246 273 5790 1021 1266 5791 252 279 5792 252 279 5793 1021 1266 5794 735 1267 5795 735 1267 5796 1021 1266 5797 736 1268 5798 736 1268 5799 1021 1266 5800 737 1269 5801 737 1269 5802 1021 1266 5803 738 1270 5804 738 1270 5805 1021 1266 5806 1022 1271 5807 738 1270 5808 1022 1271 5809 716 1272 5810 716 1272 5811 1022 1271 5812 714 1273 5813 714 1273 5814 1022 1271 5815 713 1274 5816 713 1274 5817 1022 1271 5818 281 308 5819 281 308 5820 1022 1271 5821 276 303 5822 276 303 5823 1022 1271 5824 1023 1275 5825 276 303 5826 1023 1275 5827 282 309 5828 282 309 5829 1023 1275 5830 1024 1276 5831 282 309 5832 1024 1276 5833 285 312 5834 285 312 5835 1024 1276 5836 822 1277 5837 822 1277 5838 1024 1276 5839 823 1278 5840 823 1278 5841 1024 1276 5842 824 1279 5843 824 1279 5844 1024 1276 5845 1025 1280 5846 824 1279 5847 1025 1280 5848 825 1281 5849 825 1281 5850 1025 1280 5851 803 1282 5852 803 1282 5853 1025 1280 5854 801 1283 5855 801 1283 5856 1025 1280 5857 800 1284 5858 800 1284 5859 1025 1280 5860 314 341 5861 314 341 5862 1025 1280 5863 1026 1285 5864 314 341 5865 1026 1285 5866 308 335 5867 308 335 5868 1026 1285 5869 1027 1286 5870 308 335 5871 1027 1286 5872 309 336 5873 309 336 5874 1027 1286 5875 315 342 5876 315 342 5877 1027 1286 5878 949 1287 5879 949 1287 5880 1027 1286 5881 1028 1288 5882 949 1287 5883 1028 1288 5884 950 1289 5885 950 1289 5886 1028 1288 5887 951 1290 5888 951 1290 5889 1028 1288 5890 952 1291 5891 952 1291 5892 1028 1288 5893 930 1292 5894 930 1292 5895 1028 1288 5896 1029 1293 5897 930 1292 5898 1029 1293 5899 928 1294 5900 928 1294 5901 1029 1293 5902 927 1295 5903 927 1295 5904 1029 1293 5905 345 372 5906 345 372 5907 1029 1293 5908 340 367 5909 340 367 5910 1029 1293 5911 1030 1296 5912 340 367 5913 1030 1296 5914 114 116 5915 114 116 5916 1030 1296 5917 1031 1297 5918 114 116 5919 1031 1297 5920 45 114 5921 45 114 5922 1031 1297 5923 50 1298 5924 50 1298 5925 1031 1297 5926 51 1299 5927 51 1299 5928 1031 1297 5929 52 1300 5930 52 1300 5931 1031 1297 5932 1005 1222 5933 52 1300 5934 1005 1222 5935 53 1301 5936 53 1301 5937 1005 1222 5938 28 1302 5939 28 1302 5940 1005 1222 5941 26 1303 5942 26 1303 5943 1005 1222 5944 25 1221 5945 1032 1304 5946 1033 1305 5947 1034 1306 5948 1034 1306 5949 1033 1307 5950 1035 1308 5951 1035 1308 5952 1033 1307 5953 1036 1309 5954 1036 1309 5955 1033 1307 5956 1037 1310 5957 1037 1310 5958 1033 1311 5959 1038 1312 5960 1038 1312 5961 1033 1311 5962 1039 1313 5963 1039 1313 5964 1033 1311 5965 1040 1314 5966 1040 1314 5967 1033 1315 5968 1041 1316 5969 1041 1316 5970 1033 1315 5971 1042 1317 5972 1043 1318 5973 1033 1319 5974 1044 1320 5975 1044 1320 5976 1033 1319 5977 1045 1321 5978 1045 1321 5979 1033 1319 5980 1046 1322 5981 1046 1322 5982 1033 1323 5983 1047 1324 5984 1047 1324 5985 1033 1323 5986 1048 1325 5987 1048 1325 5988 1033 1323 5989 1049 1326 5990 1049 1326 5991 1033 1327 5992 1050 1328 5993 1050 1328 5994 1033 1327 5995 1051 1329 5996 1052 1330 5997 1033 1331 5998 1053 1332 5999 1053 1332 6000 1033 1331 6001 1054 1333 6002 1054 1333 6003 1033 1331 6004 1055 1334 6005 1055 1334 6006 1033 1335 6007 1056 1336 6008 1056 1336 6009 1033 1335 6010 1057 1337 6011 1057 1337 6012 1033 1335 6013 1058 1338 6014 1058 1338 6015 1033 1305 6016 1059 1339 6017 1059 1339 6018 1033 1305 6019 1032 1304 6020 1008 1227 6021 1060 1340 6022 1009 1233 6023 1009 1233 6024 1060 1340 6025 1061 1341 6026 1009 1233 6027 1061 1341 6028 1010 1234 6029 1010 1234 6030 1061 1341 6031 1062 1342 6032 1010 1234 6033 1062 1342 6034 1011 1235 6035 1011 1235 6036 1062 1342 6037 1063 1343 6038 1011 1235 6039 1063 1343 6040 1012 1241 6041 1012 1241 6042 1063 1343 6043 1064 1344 6044 1012 1241 6045 1064 1344 6046 1013 1244 6047 1013 1244 6048 1064 1344 6049 1065 1345 6050 1013 1244 6051 1065 1345 6052 1014 1245 6053 1014 1245 6054 1065 1345 6055 1066 1346 6056 1014 1245 6057 1066 1346 6058 1015 1249 6059 1015 1249 6060 1066 1346 6061 1067 1347 6062 1015 1249 6063 1067 1347 6064 1016 1254 6065 1016 1254 6066 1067 1347 6067 1068 1348 6068 1016 1254 6069 1068 1348 6070 1017 1255 6071 1017 1255 6072 1068 1348 6073 1069 1349 6074 1017 1255 6075 1069 1349 6076 1018 1257 6077 1018 1257 6078 1069 1349 6079 1070 1350 6080 1018 1257 6081 1070 1350 6082 1019 1263 6083 1019 1263 6084 1070 1350 6085 1071 1351 6086 1019 1263 6087 1071 1351 6088 1020 1265 6089 1020 1265 6090 1071 1351 6091 1072 1352 6092 1020 1265 6093 1072 1352 6094 1021 1266 6095 1021 1266 6096 1072 1352 6097 1073 1353 6098 1021 1266 6099 1073 1353 6100 1022 1271 6101 1022 1271 6102 1073 1353 6103 1074 1354 6104 1022 1271 6105 1074 1354 6106 1023 1275 6107 1023 1275 6108 1074 1354 6109 1075 1355 6110 1023 1275 6111 1075 1355 6112 1024 1276 6113 1024 1276 6114 1075 1355 6115 1076 1356 6116 1024 1276 6117 1076 1356 6118 1025 1280 6119 1025 1280 6120 1076 1356 6121 1077 1357 6122 1025 1280 6123 1077 1357 6124 1026 1285 6125 1026 1285 6126 1077 1357 6127 1078 1358 6128 1026 1285 6129 1078 1358 6130 1027 1286 6131 1027 1286 6132 1078 1358 6133 1079 1359 6134 1027 1286 6135 1079 1359 6136 1028 1288 6137 1028 1288 6138 1079 1359 6139 1080 1360 6140 1028 1288 6141 1080 1360 6142 1029 1293 6143 1029 1293 6144 1080 1360 6145 1081 1361 6146 1029 1293 6147 1081 1361 6148 1030 1296 6149 1030 1296 6150 1081 1361 6151 1082 1362 6152 1030 1296 6153 1082 1362 6154 1031 1297 6155 1031 1297 6156 1082 1362 6157 1083 1363 6158 1031 1297 6159 1083 1363 6160 1005 1222 6161 1005 1222 6162 1083 1363 6163 1084 1364 6164 1005 1222 6165 1084 1364 6166 1006 1223 6167 1006 1223 6168 1084 1364 6169 1085 1365 6170 1006 1223 6171 1085 1365 6172 1007 1224 6173 1007 1224 6174 1085 1365 6175 1086 1366 6176 1007 1224 6177 1086 1366 6178 1008 1227 6179 1008 1227 6180 1086 1366 6181 1060 1340 6182 1060 1340 6183 1087 1367 6184 1061 1341 6185 1061 1341 6186 1087 1367 6187 1088 1368 6188 1061 1341 6189 1088 1368 6190 1062 1342 6191 1062 1342 6192 1088 1368 6193 1089 1369 6194 1062 1342 6195 1089 1369 6196 1063 1343 6197 1063 1343 6198 1089 1369 6199 1090 1370 6200 1063 1343 6201 1090 1370 6202 1064 1344 6203 1064 1344 6204 1090 1370 6205 1091 1371 6206 1064 1344 6207 1091 1371 6208 1065 1345 6209 1065 1345 6210 1091 1371 6211 1092 1372 6212 1065 1345 6213 1092 1372 6214 1066 1346 6215 1066 1346 6216 1092 1372 6217 1093 1373 6218 1066 1346 6219 1093 1373 6220 1067 1347 6221 1067 1347 6222 1093 1373 6223 1094 1374 6224 1067 1347 6225 1094 1374 6226 1068 1348 6227 1068 1348 6228 1094 1374 6229 1095 1375 6230 1068 1348 6231 1095 1375 6232 1069 1349 6233 1069 1349 6234 1095 1375 6235 1096 1376 6236 1069 1349 6237 1096 1376 6238 1070 1350 6239 1070 1350 6240 1096 1376 6241 1097 1377 6242 1070 1350 6243 1097 1377 6244 1071 1351 6245 1071 1351 6246 1097 1377 6247 1098 1378 6248 1071 1351 6249 1098 1378 6250 1072 1352 6251 1072 1352 6252 1098 1378 6253 1099 1379 6254 1072 1352 6255 1099 1379 6256 1073 1353 6257 1073 1353 6258 1099 1379 6259 1100 1380 6260 1073 1353 6261 1100 1380 6262 1074 1354 6263 1074 1354 6264 1100 1380 6265 1101 1381 6266 1074 1354 6267 1101 1381 6268 1075 1355 6269 1075 1355 6270 1101 1381 6271 1102 1382 6272 1075 1355 6273 1102 1382 6274 1076 1356 6275 1076 1356 6276 1102 1382 6277 1103 1383 6278 1076 1356 6279 1103 1383 6280 1077 1357 6281 1077 1357 6282 1103 1383 6283 1104 1384 6284 1077 1357 6285 1104 1384 6286 1078 1358 6287 1078 1358 6288 1104 1384 6289 1105 1385 6290 1078 1358 6291 1105 1385 6292 1079 1359 6293 1079 1359 6294 1105 1385 6295 1106 1386 6296 1079 1359 6297 1106 1386 6298 1080 1360 6299 1080 1360 6300 1106 1386 6301 1107 1387 6302 1080 1360 6303 1107 1387 6304 1081 1361 6305 1081 1361 6306 1107 1387 6307 1108 1388 6308 1081 1361 6309 1108 1388 6310 1082 1362 6311 1082 1362 6312 1108 1388 6313 1109 1389 6314 1082 1362 6315 1109 1389 6316 1083 1363 6317 1083 1363 6318 1109 1389 6319 1110 1390 6320 1083 1363 6321 1110 1390 6322 1084 1364 6323 1084 1364 6324 1110 1390 6325 1111 1391 6326 1084 1364 6327 1111 1391 6328 1085 1365 6329 1085 1365 6330 1111 1391 6331 1112 1392 6332 1085 1365 6333 1112 1392 6334 1086 1366 6335 1086 1366 6336 1112 1392 6337 1113 1393 6338 1086 1366 6339 1113 1393 6340 1060 1340 6341 1060 1340 6342 1113 1393 6343 1087 1367 6344 1087 1367 6345 1114 1394 6346 1088 1368 6347 1088 1368 6348 1114 1394 6349 1115 1395 6350 1088 1368 6351 1115 1395 6352 1089 1369 6353 1089 1369 6354 1115 1395 6355 1116 1396 6356 1089 1369 6357 1116 1396 6358 1090 1370 6359 1090 1370 6360 1116 1396 6361 1117 1397 6362 1090 1370 6363 1117 1397 6364 1091 1371 6365 1091 1371 6366 1117 1397 6367 1118 1398 6368 1091 1371 6369 1118 1398 6370 1092 1372 6371 1092 1372 6372 1118 1398 6373 1119 1399 6374 1092 1372 6375 1119 1399 6376 1093 1373 6377 1093 1373 6378 1119 1399 6379 1120 1400 6380 1093 1373 6381 1120 1400 6382 1094 1374 6383 1094 1374 6384 1120 1400 6385 1121 1401 6386 1094 1374 6387 1121 1401 6388 1095 1375 6389 1095 1375 6390 1121 1401 6391 1122 1402 6392 1095 1375 6393 1122 1402 6394 1096 1376 6395 1096 1376 6396 1122 1402 6397 1123 1403 6398 1096 1376 6399 1123 1403 6400 1097 1377 6401 1097 1377 6402 1123 1403 6403 1124 1404 6404 1097 1377 6405 1124 1404 6406 1098 1378 6407 1098 1378 6408 1124 1404 6409 1125 1405 6410 1098 1378 6411 1125 1405 6412 1099 1379 6413 1099 1379 6414 1125 1405 6415 1126 1406 6416 1099 1379 6417 1126 1406 6418 1100 1380 6419 1100 1380 6420 1126 1406 6421 1127 1407 6422 1100 1380 6423 1127 1407 6424 1101 1381 6425 1101 1381 6426 1127 1407 6427 1128 1408 6428 1101 1381 6429 1128 1408 6430 1102 1382 6431 1102 1382 6432 1128 1408 6433 1129 1409 6434 1102 1382 6435 1129 1409 6436 1103 1383 6437 1103 1383 6438 1129 1409 6439 1130 1410 6440 1103 1383 6441 1130 1410 6442 1104 1384 6443 1104 1384 6444 1130 1410 6445 1131 1411 6446 1104 1384 6447 1131 1411 6448 1105 1385 6449 1105 1385 6450 1131 1411 6451 1132 1412 6452 1105 1385 6453 1132 1412 6454 1106 1386 6455 1106 1386 6456 1132 1412 6457 1133 1413 6458 1106 1386 6459 1133 1413 6460 1107 1387 6461 1107 1387 6462 1133 1413 6463 1134 1414 6464 1107 1387 6465 1134 1414 6466 1108 1388 6467 1108 1388 6468 1134 1414 6469 1135 1415 6470 1108 1388 6471 1135 1415 6472 1109 1389 6473 1109 1389 6474 1135 1415 6475 1136 1416 6476 1109 1389 6477 1136 1416 6478 1110 1390 6479 1110 1390 6480 1136 1416 6481 1137 1417 6482 1110 1390 6483 1137 1417 6484 1111 1391 6485 1111 1391 6486 1137 1417 6487 1138 1418 6488 1111 1391 6489 1138 1418 6490 1112 1392 6491 1112 1392 6492 1138 1418 6493 1139 1419 6494 1112 1392 6495 1139 1419 6496 1113 1393 6497 1113 1393 6498 1139 1419 6499 1140 1420 6500 1113 1393 6501 1140 1420 6502 1087 1367 6503 1087 1367 6504 1140 1420 6505 1114 1394 6506 1114 1394 6507 1141 1421 6508 1115 1395 6509 1115 1395 6510 1141 1421 6511 1142 1422 6512 1115 1395 6513 1142 1422 6514 1116 1396 6515 1116 1396 6516 1142 1422 6517 1143 1423 6518 1116 1396 6519 1143 1423 6520 1117 1397 6521 1117 1397 6522 1143 1423 6523 1144 1424 6524 1117 1397 6525 1144 1424 6526 1118 1398 6527 1118 1398 6528 1144 1424 6529 1145 1425 6530 1118 1398 6531 1145 1425 6532 1119 1399 6533 1119 1399 6534 1145 1425 6535 1146 1426 6536 1119 1399 6537 1146 1426 6538 1120 1400 6539 1120 1400 6540 1146 1426 6541 1147 1427 6542 1120 1400 6543 1147 1427 6544 1121 1401 6545 1121 1401 6546 1147 1427 6547 1148 1428 6548 1121 1401 6549 1148 1428 6550 1122 1402 6551 1122 1402 6552 1148 1428 6553 1149 1429 6554 1122 1402 6555 1149 1429 6556 1123 1403 6557 1123 1403 6558 1149 1429 6559 1150 1430 6560 1123 1403 6561 1150 1430 6562 1124 1404 6563 1124 1404 6564 1150 1430 6565 1151 1431 6566 1124 1404 6567 1151 1431 6568 1125 1405 6569 1125 1405 6570 1151 1431 6571 1152 1432 6572 1125 1405 6573 1152 1432 6574 1126 1406 6575 1126 1406 6576 1152 1432 6577 1153 1433 6578 1126 1406 6579 1153 1433 6580 1127 1407 6581 1127 1407 6582 1153 1433 6583 1154 1434 6584 1127 1407 6585 1154 1434 6586 1128 1408 6587 1128 1408 6588 1154 1434 6589 1155 1435 6590 1128 1408 6591 1155 1435 6592 1129 1409 6593 1129 1409 6594 1155 1435 6595 1156 1436 6596 1129 1409 6597 1156 1436 6598 1130 1410 6599 1130 1410 6600 1156 1436 6601 1157 1437 6602 1130 1410 6603 1157 1437 6604 1131 1411 6605 1131 1411 6606 1157 1437 6607 1158 1438 6608 1131 1411 6609 1158 1438 6610 1132 1412 6611 1132 1412 6612 1158 1438 6613 1159 1439 6614 1132 1412 6615 1159 1439 6616 1133 1413 6617 1133 1413 6618 1159 1439 6619 1160 1440 6620 1133 1413 6621 1160 1440 6622 1134 1414 6623 1134 1414 6624 1160 1440 6625 1161 1441 6626 1134 1414 6627 1161 1441 6628 1135 1415 6629 1135 1415 6630 1161 1441 6631 1162 1442 6632 1135 1415 6633 1162 1442 6634 1136 1416 6635 1136 1416 6636 1162 1442 6637 1163 1443 6638 1136 1416 6639 1163 1443 6640 1137 1417 6641 1137 1417 6642 1163 1443 6643 1164 1444 6644 1137 1417 6645 1164 1444 6646 1138 1418 6647 1138 1418 6648 1164 1444 6649 1165 1445 6650 1138 1418 6651 1165 1445 6652 1139 1419 6653 1139 1419 6654 1165 1445 6655 1166 1446 6656 1139 1419 6657 1166 1446 6658 1140 1420 6659 1140 1420 6660 1166 1446 6661 1167 1447 6662 1140 1420 6663 1167 1447 6664 1114 1394 6665 1114 1394 6666 1167 1447 6667 1141 1421 6668 1141 1421 6669 1032 1304 6670 1142 1422 6671 1142 1422 6672 1032 1304 6673 1034 1306 6674 1142 1422 6675 1034 1306 6676 1143 1423 6677 1143 1423 6678 1034 1306 6679 1035 1308 6680 1143 1423 6681 1035 1308 6682 1144 1424 6683 1144 1424 6684 1035 1308 6685 1036 1309 6686 1144 1424 6687 1036 1309 6688 1145 1425 6689 1145 1425 6690 1036 1309 6691 1037 1310 6692 1145 1425 6693 1037 1310 6694 1146 1426 6695 1146 1426 6696 1037 1310 6697 1038 1312 6698 1146 1426 6699 1038 1312 6700 1147 1427 6701 1147 1427 6702 1038 1312 6703 1039 1313 6704 1147 1427 6705 1039 1313 6706 1148 1428 6707 1148 1428 6708 1039 1313 6709 1040 1314 6710 1148 1428 6711 1040 1314 6712 1149 1429 6713 1149 1429 6714 1040 1314 6715 1041 1316 6716 1149 1429 6717 1041 1316 6718 1150 1430 6719 1150 1430 6720 1041 1316 6721 1042 1317 6722 1150 1430 6723 1042 1317 6724 1151 1431 6725 1151 1431 6726 1042 1317 6727 1043 1318 6728 1151 1431 6729 1043 1318 6730 1152 1432 6731 1152 1432 6732 1043 1318 6733 1044 1320 6734 1152 1432 6735 1044 1320 6736 1153 1433 6737 1153 1433 6738 1044 1320 6739 1045 1321 6740 1153 1433 6741 1045 1321 6742 1154 1434 6743 1154 1434 6744 1045 1321 6745 1046 1322 6746 1154 1434 6747 1046 1322 6748 1155 1435 6749 1155 1435 6750 1046 1322 6751 1047 1324 6752 1155 1435 6753 1047 1324 6754 1156 1436 6755 1156 1436 6756 1047 1324 6757 1048 1325 6758 1156 1436 6759 1048 1325 6760 1157 1437 6761 1157 1437 6762 1048 1325 6763 1049 1326 6764 1157 1437 6765 1049 1326 6766 1158 1438 6767 1158 1438 6768 1049 1326 6769 1050 1328 6770 1158 1438 6771 1050 1328 6772 1159 1439 6773 1159 1439 6774 1050 1328 6775 1051 1329 6776 1159 1439 6777 1051 1329 6778 1160 1440 6779 1160 1440 6780 1051 1329 6781 1052 1330 6782 1160 1440 6783 1052 1330 6784 1161 1441 6785 1161 1441 6786 1052 1330 6787 1053 1332 6788 1161 1441 6789 1053 1332 6790 1162 1442 6791 1162 1442 6792 1053 1332 6793 1054 1333 6794 1162 1442 6795 1054 1333 6796 1163 1443 6797 1163 1443 6798 1054 1333 6799 1055 1334 6800 1163 1443 6801 1055 1334 6802 1164 1444 6803 1164 1444 6804 1055 1334 6805 1056 1336 6806 1164 1444 6807 1056 1336 6808 1165 1445 6809 1165 1445 6810 1056 1336 6811 1057 1337 6812 1165 1445 6813 1057 1337 6814 1166 1446 6815 1166 1446 6816 1057 1337 6817 1058 1338 6818 1166 1446 6819 1058 1338 6820 1167 1447 6821 1167 1447 6822 1058 1338 6823 1059 1339 6824 1167 1447 6825 1059 1339 6826 1141 1421 6827 1141 1421 6828 1059 1339 6829 1032 1304 6830 1042 1317 6831 1033 1315 6832 1043 1318 6833 1051 1329 6834 1033 1327 6835 1052 1330 6836 321 1448 6837 328 1449 6838 1168 1450 6839 1168 1450 6840 328 1449 6841 333 1451 6842 1168 1450 6843 333 1451 6844 1169 1452 6845 1169 1452 6846 333 1451 6847 115 1453 6848 1169 1452 6849 115 1453 6850 1170 1454 6851 1170 1454 6852 115 1453 6853 116 1455 6854 1170 1454 6855 116 1455 6856 1171 1456 6857 1171 1456 6858 116 1455 6859 117 1457 6860 1171 1456 6861 117 1457 6862 1172 1458 6863 1172 1458 6864 117 1457 6865 118 1459 6866 1172 1458 6867 118 1459 6868 1173 1460 6869 1173 1460 6870 118 1459 6871 129 1461 6872 1173 1460 6873 129 1461 6874 1174 1462 6875 1174 1462 6876 129 1461 6877 135 1463 6878 1174 1462 6879 135 1463 6880 1175 1464 6881 1175 1464 6882 135 1463 6883 141 1465 6884 1175 1464 6885 141 1465 6886 1176 1466 6887 1176 1466 6888 141 1465 6889 153 1467 6890 1176 1466 6891 153 1467 6892 166 1468 6893 1176 1466 6894 166 1468 6895 1177 1469 6896 1177 1469 6897 166 1468 6898 171 1470 6899 1177 1469 6900 171 1470 6901 1178 1471 6902 1178 1471 6903 171 1470 6904 177 1472 6905 1178 1471 6906 177 1472 6907 1179 1473 6908 1179 1473 6909 177 1472 6910 196 1474 6911 1179 1473 6912 196 1474 6913 1180 1475 6914 1180 1475 6915 196 1474 6916 201 1476 6917 1180 1475 6918 201 1476 6919 1181 1477 6920 1181 1477 6921 201 1476 6922 207 1478 6923 1181 1477 6924 207 1478 6925 1182 1479 6926 1182 1479 6927 207 1478 6928 225 1480 6929 1182 1479 6930 225 1480 6931 1183 1481 6932 1183 1481 6933 225 1480 6934 232 1482 6935 1183 1481 6936 232 1482 6937 1184 1483 6938 1184 1483 6939 232 1482 6940 237 1484 6941 1184 1483 6942 237 1484 6943 245 1485 6944 1184 1483 6945 245 1485 6946 1185 1486 6947 1185 1486 6948 245 1485 6949 262 1487 6950 1185 1486 6951 262 1487 6952 1186 1488 6953 1186 1488 6954 262 1487 6955 267 1489 6956 1186 1488 6957 267 1489 6958 1187 1490 6959 1187 1490 6960 267 1489 6961 274 1491 6962 1187 1490 6963 274 1491 6964 1188 1492 6965 1188 1492 6966 274 1491 6967 292 1493 6968 1188 1492 6969 292 1493 6970 1189 1494 6971 1189 1494 6972 292 1493 6973 298 1495 6974 1189 1494 6975 298 1495 6976 1190 1496 6977 1190 1496 6978 298 1495 6979 304 1497 6980 1190 1496 6981 304 1497 6982 1191 1498 6983 1191 1498 6984 304 1497 6985 321 1448 6986 1191 1498 6987 321 1448 6988 1168 1450 6989 1169 1452 6990 1192 1499 6991 1168 1450 6992 1168 1450 6993 1192 1499 6994 1193 1500 6995 1168 1450 6996 1193 1500 6997 1191 1498 6998 1191 1498 6999 1193 1500 7000 1194 1501 7001 1191 1498 7002 1194 1501 7003 1190 1496 7004 1190 1496 7005 1194 1501 7006 1195 1502 7007 1190 1496 7008 1195 1502 7009 1196 1503 7010 1196 1503 7011 1195 1502 7012 1197 1504 7013 1196 1503 7014 1197 1504 7015 1198 1505 7016 1198 1505 7017 1197 1504 7018 1199 1506 7019 1198 1505 7020 1199 1506 7021 1200 1507 7022 1200 1507 7023 1199 1506 7024 1201 1508 7025 1200 1507 7026 1201 1508 7027 1202 1509 7028 1192 1499 7029 1169 1452 7030 1203 1510 7031 1203 1510 7032 1169 1452 7033 1170 1454 7034 1203 1510 7035 1170 1454 7036 1204 1511 7037 1204 1511 7038 1170 1454 7039 1205 1512 7040 1204 1511 7041 1205 1512 7042 1206 1513 7043 1206 1513 7044 1205 1512 7045 1207 1514 7046 1206 1513 7047 1207 1514 7048 1208 1515 7049 1208 1515 7050 1207 1514 7051 1209 1516 7052 1208 1515 7053 1209 1516 7054 1210 1517 7055 1210 1517 7056 1209 1516 7057 1211 1518 7058 1211 1518 7059 1209 1516 7060 1212 1519 7061 1211 1518 7062 1212 1519 7063 1213 1520 7064 1213 1520 7065 1212 1519 7066 1214 1521 7067 1213 1520 7068 1214 1521 7069 1215 1522 7070 1215 1522 7071 1214 1521 7072 1216 1523 7073 1215 1522 7074 1216 1523 7075 1217 1524 7076 1217 1524 7077 1216 1523 7078 1218 1525 7079 1217 1524 7080 1218 1525 7081 1219 1526 7082 1219 1526 7083 1218 1525 7084 1174 1462 7085 1219 1526 7086 1174 1462 7087 1175 1464 7088 1170 1454 7089 1171 1456 7090 1205 1512 7091 1205 1512 7092 1171 1456 7093 1220 1527 7094 1205 1512 7095 1220 1527 7096 1207 1514 7097 1207 1514 7098 1220 1527 7099 1221 1528 7100 1207 1514 7101 1221 1528 7102 1209 1516 7103 1209 1516 7104 1221 1528 7105 1212 1519 7106 1171 1456 7107 1172 1458 7108 1220 1527 7109 1220 1527 7110 1172 1458 7111 1222 1529 7112 1220 1527 7113 1222 1529 7114 1221 1528 7115 1221 1528 7116 1222 1529 7117 1223 1530 7118 1221 1528 7119 1223 1530 7120 1212 1519 7121 1212 1519 7122 1223 1530 7123 1214 1521 7124 1172 1458 7125 1173 1460 7126 1222 1529 7127 1222 1529 7128 1173 1460 7129 1224 1531 7130 1222 1529 7131 1224 1531 7132 1223 1530 7133 1223 1530 7134 1224 1531 7135 1216 1523 7136 1223 1530 7137 1216 1523 7138 1214 1521 7139 1173 1460 7140 1174 1462 7141 1224 1531 7142 1224 1531 7143 1174 1462 7144 1218 1525 7145 1224 1531 7146 1218 1525 7147 1216 1523 7148 1219 1526 7149 1175 1464 7150 1225 1532 7151 1225 1532 7152 1175 1464 7153 1176 1466 7154 1225 1532 7155 1176 1466 7156 1226 1533 7157 1226 1533 7158 1176 1466 7159 1177 1469 7160 1226 1533 7161 1177 1469 7162 1227 1534 7163 1227 1534 7164 1177 1469 7165 1178 1471 7166 1227 1534 7167 1178 1471 7168 1228 1535 7169 1228 1535 7170 1178 1471 7171 1229 1536 7172 1228 1535 7173 1229 1536 7174 1230 1537 7175 1230 1537 7176 1229 1536 7177 1231 1538 7178 1230 1537 7179 1231 1538 7180 1232 1539 7181 1232 1539 7182 1231 1538 7183 1233 1540 7184 1232 1539 7185 1233 1540 7186 1234 1541 7187 1234 1541 7188 1233 1540 7189 1235 1542 7190 1235 1542 7191 1233 1540 7192 1236 1543 7193 1235 1542 7194 1236 1543 7195 1237 1544 7196 1237 1544 7197 1236 1543 7198 1238 1545 7199 1237 1544 7200 1238 1545 7201 1239 1546 7202 1239 1546 7203 1238 1545 7204 1240 1547 7205 1239 1546 7206 1240 1547 7207 1241 1548 7208 1241 1548 7209 1240 1547 7210 1242 1549 7211 1241 1548 7212 1242 1549 7213 1243 1550 7214 1243 1550 7215 1242 1549 7216 1182 1479 7217 1243 1550 7218 1182 1479 7219 1183 1481 7220 1178 1471 7221 1179 1473 7222 1229 1536 7223 1229 1536 7224 1179 1473 7225 1244 1551 7226 1229 1536 7227 1244 1551 7228 1231 1538 7229 1231 1538 7230 1244 1551 7231 1245 1552 7232 1231 1538 7233 1245 1552 7234 1233 1540 7235 1233 1540 7236 1245 1552 7237 1236 1543 7238 1179 1473 7239 1180 1475 7240 1244 1551 7241 1244 1551 7242 1180 1475 7243 1246 1553 7244 1244 1551 7245 1246 1553 7246 1245 1552 7247 1245 1552 7248 1246 1553 7249 1247 1554 7250 1245 1552 7251 1247 1554 7252 1236 1543 7253 1236 1543 7254 1247 1554 7255 1238 1545 7256 1180 1475 7257 1181 1477 7258 1246 1553 7259 1246 1553 7260 1181 1477 7261 1248 1555 7262 1246 1553 7263 1248 1555 7264 1247 1554 7265 1247 1554 7266 1248 1555 7267 1240 1547 7268 1247 1554 7269 1240 1547 7270 1238 1545 7271 1181 1477 7272 1182 1479 7273 1248 1555 7274 1248 1555 7275 1182 1479 7276 1242 1549 7277 1248 1555 7278 1242 1549 7279 1240 1547 7280 1243 1550 7281 1183 1481 7282 1249 1556 7283 1249 1556 7284 1183 1481 7285 1184 1483 7286 1249 1556 7287 1184 1483 7288 1250 1557 7289 1250 1557 7290 1184 1483 7291 1185 1486 7292 1250 1557 7293 1185 1486 7294 1251 1558 7295 1251 1558 7296 1185 1486 7297 1186 1488 7298 1251 1558 7299 1186 1488 7300 1252 1559 7301 1252 1559 7302 1186 1488 7303 1253 1560 7304 1252 1559 7305 1253 1560 7306 1254 1561 7307 1254 1561 7308 1253 1560 7309 1255 1562 7310 1254 1561 7311 1255 1562 7312 1256 1563 7313 1256 1563 7314 1255 1562 7315 1257 1564 7316 1256 1563 7317 1257 1564 7318 1258 1565 7319 1258 1565 7320 1257 1564 7321 1202 1509 7322 1202 1509 7323 1257 1564 7324 1200 1507 7325 1186 1488 7326 1187 1490 7327 1253 1560 7328 1253 1560 7329 1187 1490 7330 1259 1566 7331 1253 1560 7332 1259 1566 7333 1255 1562 7334 1255 1562 7335 1259 1566 7336 1260 1567 7337 1255 1562 7338 1260 1567 7339 1257 1564 7340 1257 1564 7341 1260 1567 7342 1200 1507 7343 1187 1490 7344 1188 1492 7345 1259 1566 7346 1259 1566 7347 1188 1492 7348 1261 1568 7349 1259 1566 7350 1261 1568 7351 1260 1567 7352 1260 1567 7353 1261 1568 7354 1198 1505 7355 1260 1567 7356 1198 1505 7357 1200 1507 7358 1188 1492 7359 1189 1494 7360 1261 1568 7361 1261 1568 7362 1189 1494 7363 1196 1503 7364 1261 1568 7365 1196 1503 7366 1198 1505 7367 1189 1494 7368 1190 1496 7369 1196 1503 7370 1262 1569 7371 1263 1570 7372 1264 1571 7373 1264 1571 7374 1263 1570 7375 1265 1572 7376 1264 1571 7377 1265 1572 7378 1266 1573 7379 1266 1573 7380 1265 1572 7381 1267 1574 7382 1266 1573 7383 1267 1574 7384 1268 1575 7385 1268 1575 7386 1267 1574 7387 1269 1576 7388 1268 1575 7389 1269 1576 7390 1270 1577 7391 1270 1577 7392 1269 1576 7393 1271 1578 7394 1270 1577 7395 1271 1578 7396 1206 1513 7397 1206 1513 7398 1271 1578 7399 1204 1511 7400 1263 1570 7401 1262 1569 7402 1272 1579 7403 1272 1579 7404 1262 1569 7405 1201 1508 7406 1272 1579 7407 1201 1508 7408 1199 1506 7409 1258 1565 7410 1273 1580 7411 1256 1563 7412 1256 1563 7413 1273 1580 7414 1274 1581 7415 1256 1563 7416 1274 1581 7417 1254 1561 7418 1254 1561 7419 1274 1581 7420 1275 1582 7421 1254 1561 7422 1275 1582 7423 1252 1559 7424 1252 1559 7425 1275 1582 7426 1251 1558 7427 1273 1580 7428 1276 1583 7429 1274 1581 7430 1274 1581 7431 1276 1583 7432 1277 1584 7433 1274 1581 7434 1277 1584 7435 1275 1582 7436 1275 1582 7437 1277 1584 7438 1278 1585 7439 1275 1582 7440 1278 1585 7441 1251 1558 7442 1251 1558 7443 1278 1585 7444 1250 1557 7445 1277 1584 7446 1276 1583 7447 1279 1586 7448 1279 1586 7449 1276 1583 7450 1280 1587 7451 1279 1586 7452 1280 1587 7453 1281 1588 7454 1281 1588 7455 1280 1587 7456 1282 1589 7457 1281 1588 7458 1282 1589 7459 1283 1590 7460 1283 1590 7461 1282 1589 7462 1284 1591 7463 1283 1590 7464 1284 1591 7465 1239 1546 7466 1239 1546 7467 1284 1591 7468 1237 1544 7469 1234 1541 7470 1285 1592 7471 1232 1539 7472 1232 1539 7473 1285 1592 7474 1286 1593 7475 1232 1539 7476 1286 1593 7477 1230 1537 7478 1230 1537 7479 1286 1593 7480 1287 1594 7481 1230 1537 7482 1287 1594 7483 1228 1535 7484 1228 1535 7485 1287 1594 7486 1227 1534 7487 1285 1592 7488 1288 1595 7489 1286 1593 7490 1286 1593 7491 1288 1595 7492 1289 1596 7493 1286 1593 7494 1289 1596 7495 1287 1594 7496 1287 1594 7497 1289 1596 7498 1290 1597 7499 1287 1594 7500 1290 1597 7501 1227 1534 7502 1227 1534 7503 1290 1597 7504 1226 1533 7505 1289 1596 7506 1288 1595 7507 1291 1598 7508 1291 1598 7509 1288 1595 7510 1292 1599 7511 1291 1598 7512 1292 1599 7513 1293 1600 7514 1293 1600 7515 1292 1599 7516 1294 1601 7517 1293 1600 7518 1294 1601 7519 1295 1602 7520 1295 1602 7521 1294 1601 7522 1296 1603 7523 1295 1602 7524 1296 1603 7525 1215 1522 7526 1215 1522 7527 1296 1603 7528 1213 1520 7529 1210 1517 7530 1297 1604 7531 1208 1515 7532 1208 1515 7533 1297 1604 7534 1270 1577 7535 1208 1515 7536 1270 1577 7537 1206 1513 7538 1297 1604 7539 1268 1575 7540 1270 1577 7541 1192 1499 7542 1298 1605 7543 1193 1500 7544 1193 1500 7545 1298 1605 7546 1299 1606 7547 1193 1500 7548 1299 1606 7549 1194 1501 7550 1194 1501 7551 1299 1606 7552 1300 1607 7553 1194 1501 7554 1300 1607 7555 1195 1502 7556 1195 1502 7557 1300 1607 7558 1197 1504 7559 1298 1605 7560 1265 1572 7561 1299 1606 7562 1299 1606 7563 1265 1572 7564 1263 1570 7565 1299 1606 7566 1263 1570 7567 1300 1607 7568 1300 1607 7569 1263 1570 7570 1272 1579 7571 1300 1607 7572 1272 1579 7573 1197 1504 7574 1197 1504 7575 1272 1579 7576 1199 1506 7577 1298 1605 7578 1192 1499 7579 1301 1608 7580 1301 1608 7581 1192 1499 7582 1203 1510 7583 1301 1608 7584 1203 1510 7585 1271 1578 7586 1271 1578 7587 1203 1510 7588 1204 1511 7589 1265 1572 7590 1298 1605 7591 1267 1574 7592 1267 1574 7593 1298 1605 7594 1301 1608 7595 1267 1574 7596 1301 1608 7597 1269 1576 7598 1269 1576 7599 1301 1608 7600 1271 1578 7601 1295 1602 7602 1215 1522 7603 1217 1524 7604 1217 1524 7605 1219 1526 7606 1302 1609 7607 1302 1609 7608 1219 1526 7609 1225 1532 7610 1302 1609 7611 1225 1532 7612 1303 1610 7613 1303 1610 7614 1225 1532 7615 1226 1533 7616 1303 1610 7617 1226 1533 7618 1290 1597 7619 1293 1600 7620 1295 1602 7621 1302 1609 7622 1302 1609 7623 1295 1602 7624 1217 1524 7625 1293 1600 7626 1302 1609 7627 1303 1610 7628 1291 1598 7629 1293 1600 7630 1303 1610 7631 1291 1598 7632 1303 1610 7633 1290 1597 7634 1289 1596 7635 1291 1598 7636 1290 1597 7637 1283 1590 7638 1239 1546 7639 1241 1548 7640 1241 1548 7641 1243 1550 7642 1304 1611 7643 1304 1611 7644 1243 1550 7645 1249 1556 7646 1304 1611 7647 1249 1556 7648 1305 1612 7649 1305 1612 7650 1249 1556 7651 1250 1557 7652 1305 1612 7653 1250 1557 7654 1278 1585 7655 1281 1588 7656 1283 1590 7657 1304 1611 7658 1304 1611 7659 1283 1590 7660 1241 1548 7661 1281 1588 7662 1304 1611 7663 1305 1612 7664 1279 1586 7665 1281 1588 7666 1305 1612 7667 1279 1586 7668 1305 1612 7669 1278 1585 7670 1277 1584 7671 1279 1586 7672 1278 1585 7673 1266 1573 7674 1306 1613 7675 1264 1571 7676 1264 1571 7677 1306 1613 7678 1307 1614 7679 1264 1571 7680 1307 1614 7681 1262 1569 7682 1262 1569 7683 1307 1614 7684 1308 1615 7685 1262 1569 7686 1308 1615 7687 1201 1508 7688 1201 1508 7689 1308 1615 7690 1309 1616 7691 1201 1508 7692 1309 1616 7693 1202 1509 7694 1202 1509 7695 1309 1616 7696 1310 1617 7697 1202 1509 7698 1310 1617 7699 1258 1565 7700 1258 1565 7701 1310 1617 7702 1311 1618 7703 1258 1565 7704 1311 1618 7705 1312 1619 7706 1312 1619 7707 1311 1618 7708 1313 1620 7709 1312 1619 7710 1313 1620 7711 1314 1621 7712 1314 1621 7713 1313 1620 7714 1315 1622 7715 1314 1621 7716 1315 1622 7717 1316 1623 7718 1316 1623 7719 1315 1622 7720 1317 1624 7721 1316 1623 7722 1317 1624 7723 1318 1625 7724 1318 1625 7725 1317 1624 7726 1319 1626 7727 1318 1625 7728 1319 1626 7729 1320 1627 7730 1268 1575 7731 1321 1628 7732 1266 1573 7733 1266 1573 7734 1321 1628 7735 1322 1629 7736 1266 1573 7737 1322 1629 7738 1306 1613 7739 1306 1613 7740 1322 1629 7741 1323 1630 7742 1306 1613 7743 1323 1630 7744 1324 1631 7745 1324 1631 7746 1323 1630 7747 1325 1632 7748 1324 1631 7749 1325 1632 7750 1326 1633 7751 1326 1633 7752 1325 1632 7753 1327 1634 7754 1326 1633 7755 1327 1634 7756 1328 1635 7757 1328 1635 7758 1327 1634 7759 1329 1636 7760 1328 1635 7761 1329 1636 7762 1330 1637 7763 1321 1628 7764 1268 1575 7765 1331 1638 7766 1331 1638 7767 1268 1575 7768 1297 1604 7769 1331 1638 7770 1297 1604 7771 1332 1639 7772 1332 1639 7773 1297 1604 7774 1210 1517 7775 1332 1639 7776 1210 1517 7777 1333 1640 7778 1333 1640 7779 1210 1517 7780 1211 1518 7781 1333 1640 7782 1211 1518 7783 1334 1641 7784 1334 1641 7785 1211 1518 7786 1213 1520 7787 1334 1641 7788 1213 1520 7789 1335 1642 7790 1335 1642 7791 1213 1520 7792 1336 1643 7793 1335 1642 7794 1336 1643 7795 1337 1644 7796 1337 1644 7797 1336 1643 7798 1338 1645 7799 1337 1644 7800 1338 1645 7801 1339 1646 7802 1339 1646 7803 1338 1645 7804 1340 1647 7805 1339 1646 7806 1340 1647 7807 1341 1648 7808 1341 1648 7809 1340 1647 7810 1342 1649 7811 1341 1648 7812 1342 1649 7813 1343 1650 7814 1343 1650 7815 1342 1649 7816 1344 1651 7817 1343 1650 7818 1344 1651 7819 1345 1652 7820 1345 1652 7821 1344 1651 7822 1346 1653 7823 1345 1652 7824 1346 1653 7825 1347 1654 7826 1347 1654 7827 1346 1653 7828 1348 1655 7829 1347 1654 7830 1348 1655 7831 1349 1656 7832 1349 1656 7833 1348 1655 7834 1350 1657 7835 1349 1656 7836 1350 1657 7837 1351 1658 7838 1351 1658 7839 1350 1657 7840 1352 1659 7841 1351 1658 7842 1352 1659 7843 1353 1660 7844 1353 1660 7845 1352 1659 7846 1354 1661 7847 1353 1660 7848 1354 1661 7849 1355 1662 7850 1355 1662 7851 1354 1661 7852 1356 1663 7853 1355 1662 7854 1356 1663 7855 1357 1664 7856 1357 1664 7857 1356 1663 7858 1358 1665 7859 1357 1664 7860 1358 1665 7861 1359 1666 7862 1359 1666 7863 1358 1665 7864 1360 1667 7865 1359 1666 7866 1360 1667 7867 1361 1668 7868 1361 1668 7869 1360 1667 7870 1362 1669 7871 1361 1668 7872 1362 1669 7873 1363 1670 7874 1363 1670 7875 1362 1669 7876 1364 1671 7877 1363 1670 7878 1364 1671 7879 1365 1672 7880 1365 1672 7881 1364 1671 7882 1366 1673 7883 1365 1672 7884 1366 1673 7885 1367 1674 7886 1367 1674 7887 1366 1673 7888 1368 1675 7889 1367 1674 7890 1368 1675 7891 1369 1676 7892 1369 1676 7893 1368 1675 7894 1276 1583 7895 1369 1676 7896 1276 1583 7897 1273 1580 7898 1213 1520 7899 1296 1603 7900 1336 1643 7901 1336 1643 7902 1296 1603 7903 1370 1677 7904 1336 1643 7905 1370 1677 7906 1338 1645 7907 1338 1645 7908 1370 1677 7909 1371 1678 7910 1338 1645 7911 1371 1678 7912 1340 1647 7913 1340 1647 7914 1371 1678 7915 1372 1679 7916 1340 1647 7917 1372 1679 7918 1342 1649 7919 1342 1649 7920 1372 1679 7921 1344 1651 7922 1296 1603 7923 1294 1601 7924 1370 1677 7925 1370 1677 7926 1294 1601 7927 1373 1680 7928 1370 1677 7929 1373 1680 7930 1371 1678 7931 1371 1678 7932 1373 1680 7933 1374 1681 7934 1371 1678 7935 1374 1681 7936 1372 1679 7937 1372 1679 7938 1374 1681 7939 1375 1682 7940 1372 1679 7941 1375 1682 7942 1344 1651 7943 1344 1651 7944 1375 1682 7945 1346 1653 7946 1294 1601 7947 1292 1599 7948 1373 1680 7949 1373 1680 7950 1292 1599 7951 1376 1683 7952 1373 1680 7953 1376 1683 7954 1374 1681 7955 1374 1681 7956 1376 1683 7957 1377 1684 7958 1374 1681 7959 1377 1684 7960 1375 1682 7961 1375 1682 7962 1377 1684 7963 1378 1685 7964 1375 1682 7965 1378 1685 7966 1346 1653 7967 1346 1653 7968 1378 1685 7969 1348 1655 7970 1292 1599 7971 1288 1595 7972 1376 1683 7973 1376 1683 7974 1288 1595 7975 1379 1686 7976 1376 1683 7977 1379 1686 7978 1377 1684 7979 1377 1684 7980 1379 1686 7981 1380 1687 7982 1377 1684 7983 1380 1687 7984 1378 1685 7985 1378 1685 7986 1380 1687 7987 1381 1688 7988 1378 1685 7989 1381 1688 7990 1348 1655 7991 1348 1655 7992 1381 1688 7993 1350 1657 7994 1288 1595 7995 1285 1592 7996 1379 1686 7997 1379 1686 7998 1285 1592 7999 1382 1689 8000 1379 1686 8001 1382 1689 8002 1380 1687 8003 1380 1687 8004 1382 1689 8005 1383 1690 8006 1380 1687 8007 1383 1690 8008 1381 1688 8009 1381 1688 8010 1383 1690 8011 1384 1691 8012 1381 1688 8013 1384 1691 8014 1350 1657 8015 1350 1657 8016 1384 1691 8017 1352 1659 8018 1382 1689 8019 1285 1592 8020 1385 1692 8021 1385 1692 8022 1285 1592 8023 1234 1541 8024 1385 1692 8025 1234 1541 8026 1386 1693 8027 1386 1693 8028 1234 1541 8029 1235 1542 8030 1386 1693 8031 1235 1542 8032 1387 1694 8033 1387 1694 8034 1235 1542 8035 1237 1544 8036 1387 1694 8037 1237 1544 8038 1388 1695 8039 1388 1695 8040 1237 1544 8041 1284 1591 8042 1388 1695 8043 1284 1591 8044 1389 1696 8045 1389 1696 8046 1284 1591 8047 1282 1589 8048 1389 1696 8049 1282 1589 8050 1390 1697 8051 1390 1697 8052 1282 1589 8053 1391 1698 8054 1390 1697 8055 1391 1698 8056 1392 1699 8057 1392 1699 8058 1391 1698 8059 1366 1673 8060 1392 1699 8061 1366 1673 8062 1364 1671 8063 1282 1589 8064 1280 1587 8065 1391 1698 8066 1391 1698 8067 1280 1587 8068 1368 1675 8069 1391 1698 8070 1368 1675 8071 1366 1673 8072 1280 1587 8073 1276 1583 8074 1368 1675 8075 1369 1676 8076 1273 1580 8077 1312 1619 8078 1312 1619 8079 1273 1580 8080 1258 1565 8081 1328 1635 8082 1330 1637 8083 1393 1700 8084 1393 1700 8085 1330 1637 8086 1394 1701 8087 1393 1700 8088 1394 1701 8089 1395 1702 8090 1395 1702 8091 1394 1701 8092 1396 1703 8093 1395 1702 8094 1396 1703 8095 1397 1704 8096 1397 1704 8097 1396 1703 8098 1398 1705 8099 1397 1704 8100 1398 1705 8101 1399 1706 8102 1399 1706 8103 1398 1705 8104 1400 1707 8105 1399 1706 8106 1400 1707 8107 1317 1624 8108 1317 1624 8109 1400 1707 8110 1319 1626 8111 1318 1625 8112 1320 1627 8113 1363 1670 8114 1363 1670 8115 1320 1627 8116 1361 1668 8117 1343 1650 8118 1401 1708 8119 1341 1648 8120 1341 1648 8121 1401 1708 8122 1402 1709 8123 1341 1648 8124 1402 1709 8125 1339 1646 8126 1339 1646 8127 1402 1709 8128 1403 1710 8129 1339 1646 8130 1403 1710 8131 1337 1644 8132 1337 1644 8133 1403 1710 8134 1404 1711 8135 1337 1644 8136 1404 1711 8137 1335 1642 8138 1335 1642 8139 1404 1711 8140 1334 1641 8141 1401 1708 8142 1405 1712 8143 1402 1709 8144 1402 1709 8145 1405 1712 8146 1406 1713 8147 1402 1709 8148 1406 1713 8149 1403 1710 8150 1403 1710 8151 1406 1713 8152 1407 1714 8153 1403 1710 8154 1407 1714 8155 1404 1711 8156 1404 1711 8157 1407 1714 8158 1408 1715 8159 1404 1711 8160 1408 1715 8161 1334 1641 8162 1334 1641 8163 1408 1715 8164 1333 1640 8165 1405 1712 8166 1409 1716 8167 1406 1713 8168 1406 1713 8169 1409 1716 8170 1410 1717 8171 1406 1713 8172 1410 1717 8173 1407 1714 8174 1407 1714 8175 1410 1717 8176 1411 1718 8177 1407 1714 8178 1411 1718 8179 1408 1715 8180 1408 1715 8181 1411 1718 8182 1412 1719 8183 1408 1715 8184 1412 1719 8185 1333 1640 8186 1333 1640 8187 1412 1719 8188 1332 1639 8189 1409 1716 8190 1413 1720 8191 1410 1717 8192 1410 1717 8193 1413 1720 8194 1414 1721 8195 1410 1717 8196 1414 1721 8197 1411 1718 8198 1411 1718 8199 1414 1721 8200 1415 1722 8201 1411 1718 8202 1415 1722 8203 1412 1719 8204 1412 1719 8205 1415 1722 8206 1416 1723 8207 1412 1719 8208 1416 1723 8209 1332 1639 8210 1332 1639 8211 1416 1723 8212 1331 1638 8213 1413 1720 8214 1417 1724 8215 1414 1721 8216 1414 1721 8217 1417 1724 8218 1418 1725 8219 1414 1721 8220 1418 1725 8221 1415 1722 8222 1415 1722 8223 1418 1725 8224 1419 1726 8225 1415 1722 8226 1419 1726 8227 1416 1723 8228 1416 1723 8229 1419 1726 8230 1420 1727 8231 1416 1723 8232 1420 1727 8233 1331 1638 8234 1331 1638 8235 1420 1727 8236 1321 1628 8237 1417 1724 8238 1421 1728 8239 1418 1725 8240 1418 1725 8241 1421 1728 8242 1422 1729 8243 1418 1725 8244 1422 1729 8245 1419 1726 8246 1419 1726 8247 1422 1729 8248 1423 1730 8249 1419 1726 8250 1423 1730 8251 1420 1727 8252 1420 1727 8253 1423 1730 8254 1424 1731 8255 1420 1727 8256 1424 1731 8257 1321 1628 8258 1321 1628 8259 1424 1731 8260 1322 1629 8261 1421 1728 8262 1425 1732 8263 1422 1729 8264 1422 1729 8265 1425 1732 8266 1426 1733 8267 1422 1729 8268 1426 1733 8269 1423 1730 8270 1423 1730 8271 1426 1733 8272 1427 1734 8273 1423 1730 8274 1427 1734 8275 1424 1731 8276 1424 1731 8277 1427 1734 8278 1323 1630 8279 1424 1731 8280 1323 1630 8281 1322 1629 8282 1425 1732 8283 1428 1735 8284 1426 1733 8285 1426 1733 8286 1428 1735 8287 1429 1736 8288 1426 1733 8289 1429 1736 8290 1427 1734 8291 1427 1734 8292 1429 1736 8293 1325 1632 8294 1427 1734 8295 1325 1632 8296 1323 1630 8297 1429 1736 8298 1428 1735 8299 1327 1634 8300 1327 1634 8301 1428 1735 8302 1329 1636 8303 1306 1613 8304 1324 1631 8305 1307 1614 8306 1307 1614 8307 1324 1631 8308 1430 1737 8309 1307 1614 8310 1430 1737 8311 1308 1615 8312 1308 1615 8313 1430 1737 8314 1431 1738 8315 1308 1615 8316 1431 1738 8317 1309 1616 8318 1309 1616 8319 1431 1738 8320 1432 1739 8321 1309 1616 8322 1432 1739 8323 1310 1617 8324 1310 1617 8325 1432 1739 8326 1433 1740 8327 1310 1617 8328 1433 1740 8329 1311 1618 8330 1311 1618 8331 1433 1740 8332 1313 1620 8333 1324 1631 8334 1326 1633 8335 1430 1737 8336 1430 1737 8337 1326 1633 8338 1434 1741 8339 1430 1737 8340 1434 1741 8341 1431 1738 8342 1431 1738 8343 1434 1741 8344 1435 1742 8345 1431 1738 8346 1435 1742 8347 1432 1739 8348 1432 1739 8349 1435 1742 8350 1436 1743 8351 1432 1739 8352 1436 1743 8353 1433 1740 8354 1433 1740 8355 1436 1743 8356 1437 1744 8357 1433 1740 8358 1437 1744 8359 1313 1620 8360 1313 1620 8361 1437 1744 8362 1315 1622 8363 1326 1633 8364 1328 1635 8365 1434 1741 8366 1434 1741 8367 1328 1635 8368 1393 1700 8369 1434 1741 8370 1393 1700 8371 1435 1742 8372 1435 1742 8373 1393 1700 8374 1395 1702 8375 1435 1742 8376 1395 1702 8377 1436 1743 8378 1436 1743 8379 1395 1702 8380 1397 1704 8381 1436 1743 8382 1397 1704 8383 1437 1744 8384 1437 1744 8385 1397 1704 8386 1399 1706 8387 1437 1744 8388 1399 1706 8389 1315 1622 8390 1315 1622 8391 1399 1706 8392 1317 1624 8393 1429 1736 8394 1327 1634 8395 1325 1632 8396 1382 1689 8397 1385 1692 8398 1383 1690 8399 1383 1690 8400 1385 1692 8401 1438 1745 8402 1383 1690 8403 1438 1745 8404 1384 1691 8405 1384 1691 8406 1438 1745 8407 1439 1746 8408 1384 1691 8409 1439 1746 8410 1352 1659 8411 1352 1659 8412 1439 1746 8413 1354 1661 8414 1385 1692 8415 1386 1693 8416 1438 1745 8417 1438 1745 8418 1386 1693 8419 1440 1747 8420 1438 1745 8421 1440 1747 8422 1439 1746 8423 1439 1746 8424 1440 1747 8425 1441 1748 8426 1439 1746 8427 1441 1748 8428 1354 1661 8429 1354 1661 8430 1441 1748 8431 1356 1663 8432 1386 1693 8433 1387 1694 8434 1440 1747 8435 1440 1747 8436 1387 1694 8437 1442 1749 8438 1440 1747 8439 1442 1749 8440 1441 1748 8441 1441 1748 8442 1442 1749 8443 1443 1750 8444 1441 1748 8445 1443 1750 8446 1356 1663 8447 1356 1663 8448 1443 1750 8449 1358 1665 8450 1387 1694 8451 1388 1695 8452 1442 1749 8453 1442 1749 8454 1388 1695 8455 1444 1751 8456 1442 1749 8457 1444 1751 8458 1443 1750 8459 1443 1750 8460 1444 1751 8461 1445 1752 8462 1443 1750 8463 1445 1752 8464 1358 1665 8465 1358 1665 8466 1445 1752 8467 1360 1667 8468 1388 1695 8469 1389 1696 8470 1444 1751 8471 1444 1751 8472 1389 1696 8473 1446 1753 8474 1444 1751 8475 1446 1753 8476 1445 1752 8477 1445 1752 8478 1446 1753 8479 1447 1754 8480 1445 1752 8481 1447 1754 8482 1360 1667 8483 1360 1667 8484 1447 1754 8485 1362 1669 8486 1390 1697 8487 1392 1699 8488 1446 1753 8489 1446 1753 8490 1392 1699 8491 1447 1754 8492 1362 1669 8493 1447 1754 8494 1364 1671 8495 1364 1671 8496 1447 1754 8497 1392 1699 8498 1389 1696 8499 1390 1697 8500 1446 1753 8501 1312 1619 8502 1314 1621 8503 1369 1676 8504 1369 1676 8505 1314 1621 8506 1367 1674 8507 1318 1625 8508 1363 1670 8509 1365 1672 8510 1314 1621 8511 1316 1623 8512 1367 1674 8513 1367 1674 8514 1316 1623 8515 1365 1672 8516 1316 1623 8517 1318 1625 8518 1365 1672 8519 1329 1636 8520 1448 1755 8521 1330 1637 8522 1330 1637 8523 1448 1755 8524 1449 1756 8525 1330 1637 8526 1449 1756 8527 1450 1757 8528 1450 1757 8529 1449 1756 8530 1451 1758 8531 1450 1757 8532 1451 1758 8533 1452 1759 8534 1452 1759 8535 1451 1758 8536 1453 1760 8537 1452 1759 8538 1453 1760 8539 1454 1761 8540 1454 1761 8541 1453 1760 8542 1455 1762 8543 1454 1761 8544 1455 1762 8545 1456 1763 8546 1456 1763 8547 1455 1762 8548 1457 1764 8549 1456 1763 8550 1457 1764 8551 1458 1765 8552 1458 1765 8553 1457 1764 8554 1459 1766 8555 1458 1765 8556 1459 1766 8557 1460 1767 8558 1448 1755 8559 1329 1636 8560 1461 1768 8561 1461 1768 8562 1329 1636 8563 1428 1735 8564 1461 1768 8565 1428 1735 8566 1462 1769 8567 1462 1769 8568 1428 1735 8569 1425 1732 8570 1462 1769 8571 1425 1732 8572 1463 1770 8573 1463 1770 8574 1425 1732 8575 1421 1728 8576 1463 1770 8577 1421 1728 8578 1464 1771 8579 1464 1771 8580 1421 1728 8581 1417 1724 8582 1464 1771 8583 1417 1724 8584 1465 1772 8585 1465 1772 8586 1417 1724 8587 1413 1720 8588 1465 1772 8589 1413 1720 8590 1466 1773 8591 1466 1773 8592 1413 1720 8593 1409 1716 8594 1466 1773 8595 1409 1716 8596 1467 1774 8597 1467 1774 8598 1409 1716 8599 1405 1712 8600 1467 1774 8601 1405 1712 8602 1468 1775 8603 1468 1775 8604 1405 1712 8605 1401 1708 8606 1468 1775 8607 1401 1708 8608 1469 1776 8609 1469 1776 8610 1401 1708 8611 1343 1650 8612 1469 1776 8613 1343 1650 8614 1470 1777 8615 1470 1777 8616 1343 1650 8617 1345 1652 8618 1470 1777 8619 1345 1652 8620 1471 1778 8621 1471 1778 8622 1345 1652 8623 1347 1654 8624 1471 1778 8625 1347 1654 8626 1472 1779 8627 1472 1779 8628 1347 1654 8629 1349 1656 8630 1472 1779 8631 1349 1656 8632 1473 1780 8633 1473 1780 8634 1349 1656 8635 1474 1781 8636 1473 1780 8637 1474 1781 8638 1475 1782 8639 1475 1782 8640 1474 1781 8641 1476 1783 8642 1475 1782 8643 1476 1783 8644 1477 1784 8645 1477 1784 8646 1476 1783 8647 1478 1785 8648 1477 1784 8649 1478 1785 8650 1479 1786 8651 1479 1786 8652 1478 1785 8653 1480 1787 8654 1479 1786 8655 1480 1787 8656 1481 1788 8657 1481 1788 8658 1480 1787 8659 1482 1789 8660 1481 1788 8661 1482 1789 8662 1483 1790 8663 1483 1790 8664 1482 1789 8665 1484 1791 8666 1484 1791 8667 1482 1789 8668 1485 1792 8669 1484 1791 8670 1485 1792 8671 1486 1793 8672 1486 1793 8673 1485 1792 8674 1487 1794 8675 1486 1793 8676 1487 1794 8677 1488 1795 8678 1488 1795 8679 1487 1794 8680 1489 1796 8681 1488 1795 8682 1489 1796 8683 1490 1797 8684 1490 1797 8685 1489 1796 8686 1491 1798 8687 1490 1797 8688 1491 1798 8689 1492 1799 8690 1492 1799 8691 1491 1798 8692 1493 1800 8693 1492 1799 8694 1493 1800 8695 1494 1801 8696 1494 1801 8697 1493 1800 8698 1495 1802 8699 1494 1801 8700 1495 1802 8701 1496 1803 8702 1496 1803 8703 1495 1802 8704 1497 1804 8705 1496 1803 8706 1497 1804 8707 1460 1767 8708 1460 1767 8709 1497 1804 8710 1458 1765 8711 1349 1656 8712 1351 1658 8713 1474 1781 8714 1474 1781 8715 1351 1658 8716 1498 1805 8717 1474 1781 8718 1498 1805 8719 1476 1783 8720 1476 1783 8721 1498 1805 8722 1499 1806 8723 1476 1783 8724 1499 1806 8725 1478 1785 8726 1478 1785 8727 1499 1806 8728 1500 1807 8729 1478 1785 8730 1500 1807 8731 1480 1787 8732 1480 1787 8733 1500 1807 8734 1501 1808 8735 1480 1787 8736 1501 1808 8737 1482 1789 8738 1482 1789 8739 1501 1808 8740 1485 1792 8741 1351 1658 8742 1353 1660 8743 1498 1805 8744 1498 1805 8745 1353 1660 8746 1502 1809 8747 1498 1805 8748 1502 1809 8749 1499 1806 8750 1499 1806 8751 1502 1809 8752 1503 1810 8753 1499 1806 8754 1503 1810 8755 1500 1807 8756 1500 1807 8757 1503 1810 8758 1504 1811 8759 1500 1807 8760 1504 1811 8761 1501 1808 8762 1501 1808 8763 1504 1811 8764 1505 1812 8765 1501 1808 8766 1505 1812 8767 1485 1792 8768 1485 1792 8769 1505 1812 8770 1487 1794 8771 1353 1660 8772 1355 1662 8773 1502 1809 8774 1502 1809 8775 1355 1662 8776 1506 1813 8777 1502 1809 8778 1506 1813 8779 1503 1810 8780 1503 1810 8781 1506 1813 8782 1507 1814 8783 1503 1810 8784 1507 1814 8785 1504 1811 8786 1504 1811 8787 1507 1814 8788 1508 1815 8789 1504 1811 8790 1508 1815 8791 1505 1812 8792 1505 1812 8793 1508 1815 8794 1509 1816 8795 1505 1812 8796 1509 1816 8797 1487 1794 8798 1487 1794 8799 1509 1816 8800 1489 1796 8801 1355 1662 8802 1357 1664 8803 1506 1813 8804 1506 1813 8805 1357 1664 8806 1510 1817 8807 1506 1813 8808 1510 1817 8809 1507 1814 8810 1507 1814 8811 1510 1817 8812 1511 1818 8813 1507 1814 8814 1511 1818 8815 1508 1815 8816 1508 1815 8817 1511 1818 8818 1512 1819 8819 1508 1815 8820 1512 1819 8821 1509 1816 8822 1509 1816 8823 1512 1819 8824 1513 1820 8825 1509 1816 8826 1513 1820 8827 1489 1796 8828 1489 1796 8829 1513 1820 8830 1491 1798 8831 1357 1664 8832 1359 1666 8833 1510 1817 8834 1510 1817 8835 1359 1666 8836 1514 1821 8837 1510 1817 8838 1514 1821 8839 1511 1818 8840 1511 1818 8841 1514 1821 8842 1515 1822 8843 1511 1818 8844 1515 1822 8845 1512 1819 8846 1512 1819 8847 1515 1822 8848 1516 1823 8849 1512 1819 8850 1516 1823 8851 1513 1820 8852 1513 1820 8853 1516 1823 8854 1517 1824 8855 1513 1820 8856 1517 1824 8857 1491 1798 8858 1491 1798 8859 1517 1824 8860 1493 1800 8861 1359 1666 8862 1361 1668 8863 1514 1821 8864 1514 1821 8865 1361 1668 8866 1518 1825 8867 1514 1821 8868 1518 1825 8869 1515 1822 8870 1515 1822 8871 1518 1825 8872 1519 1826 8873 1515 1822 8874 1519 1826 8875 1516 1823 8876 1516 1823 8877 1519 1826 8878 1520 1827 8879 1516 1823 8880 1520 1827 8881 1517 1824 8882 1517 1824 8883 1520 1827 8884 1521 1828 8885 1517 1824 8886 1521 1828 8887 1493 1800 8888 1493 1800 8889 1521 1828 8890 1495 1802 8891 1361 1668 8892 1320 1627 8893 1518 1825 8894 1518 1825 8895 1320 1627 8896 1522 1829 8897 1518 1825 8898 1522 1829 8899 1519 1826 8900 1519 1826 8901 1522 1829 8902 1523 1830 8903 1519 1826 8904 1523 1830 8905 1520 1827 8906 1520 1827 8907 1523 1830 8908 1524 1831 8909 1520 1827 8910 1524 1831 8911 1521 1828 8912 1521 1828 8913 1524 1831 8914 1525 1832 8915 1521 1828 8916 1525 1832 8917 1495 1802 8918 1495 1802 8919 1525 1832 8920 1497 1804 8921 1320 1627 8922 1319 1626 8923 1522 1829 8924 1522 1829 8925 1319 1626 8926 1526 1833 8927 1522 1829 8928 1526 1833 8929 1523 1830 8930 1523 1830 8931 1526 1833 8932 1527 1834 8933 1523 1830 8934 1527 1834 8935 1524 1831 8936 1524 1831 8937 1527 1834 8938 1528 1835 8939 1524 1831 8940 1528 1835 8941 1525 1832 8942 1525 1832 8943 1528 1835 8944 1529 1836 8945 1525 1832 8946 1529 1836 8947 1497 1804 8948 1497 1804 8949 1529 1836 8950 1458 1765 8951 1319 1626 8952 1400 1707 8953 1526 1833 8954 1526 1833 8955 1400 1707 8956 1530 1837 8957 1526 1833 8958 1530 1837 8959 1527 1834 8960 1527 1834 8961 1530 1837 8962 1531 1838 8963 1527 1834 8964 1531 1838 8965 1528 1835 8966 1528 1835 8967 1531 1838 8968 1532 1839 8969 1528 1835 8970 1532 1839 8971 1529 1836 8972 1529 1836 8973 1532 1839 8974 1456 1763 8975 1529 1836 8976 1456 1763 8977 1458 1765 8978 1400 1707 8979 1398 1705 8980 1530 1837 8981 1530 1837 8982 1398 1705 8983 1533 1840 8984 1530 1837 8985 1533 1840 8986 1531 1838 8987 1531 1838 8988 1533 1840 8989 1534 1841 8990 1531 1838 8991 1534 1841 8992 1532 1839 8993 1532 1839 8994 1534 1841 8995 1454 1761 8996 1532 1839 8997 1454 1761 8998 1456 1763 8999 1398 1705 9000 1396 1703 9001 1533 1840 9002 1533 1840 9003 1396 1703 9004 1535 1842 9005 1533 1840 9006 1535 1842 9007 1534 1841 9008 1534 1841 9009 1535 1842 9010 1452 1759 9011 1534 1841 9012 1452 1759 9013 1454 1761 9014 1396 1703 9015 1394 1701 9016 1535 1842 9017 1535 1842 9018 1394 1701 9019 1450 1757 9020 1535 1842 9021 1450 1757 9022 1452 1759 9023 1394 1701 9024 1330 1637 9025 1450 1757 9026 1483 1790 9027 1536 1843 9028 1481 1788 9029 1481 1788 9030 1536 1843 9031 1537 1844 9032 1481 1788 9033 1537 1844 9034 1479 1786 9035 1479 1786 9036 1537 1844 9037 1538 1845 9038 1479 1786 9039 1538 1845 9040 1477 1784 9041 1477 1784 9042 1538 1845 9043 1539 1846 9044 1477 1784 9045 1539 1846 9046 1475 1782 9047 1475 1782 9048 1539 1846 9049 1540 1847 9050 1475 1782 9051 1540 1847 9052 1473 1780 9053 1473 1780 9054 1540 1847 9055 1472 1779 9056 1536 1843 9057 1541 1848 9058 1537 1844 9059 1537 1844 9060 1541 1848 9061 1542 1849 9062 1537 1844 9063 1542 1849 9064 1538 1845 9065 1538 1845 9066 1542 1849 9067 1543 1850 9068 1538 1845 9069 1543 1850 9070 1539 1846 9071 1539 1846 9072 1543 1850 9073 1544 1851 9074 1539 1846 9075 1544 1851 9076 1540 1847 9077 1540 1847 9078 1544 1851 9079 1545 1852 9080 1540 1847 9081 1545 1852 9082 1472 1779 9083 1472 1779 9084 1545 1852 9085 1471 1778 9086 1541 1848 9087 1546 1853 9088 1542 1849 9089 1542 1849 9090 1546 1853 9091 1547 1854 9092 1542 1849 9093 1547 1854 9094 1543 1850 9095 1543 1850 9096 1547 1854 9097 1548 1855 9098 1543 1850 9099 1548 1855 9100 1544 1851 9101 1544 1851 9102 1548 1855 9103 1549 1856 9104 1544 1851 9105 1549 1856 9106 1545 1852 9107 1545 1852 9108 1549 1856 9109 1550 1857 9110 1545 1852 9111 1550 1857 9112 1471 1778 9113 1471 1778 9114 1550 1857 9115 1470 1777 9116 1546 1853 9117 1551 1858 9118 1547 1854 9119 1547 1854 9120 1551 1858 9121 1552 1859 9122 1547 1854 9123 1552 1859 9124 1548 1855 9125 1548 1855 9126 1552 1859 9127 1553 1860 9128 1548 1855 9129 1553 1860 9130 1549 1856 9131 1549 1856 9132 1553 1860 9133 1554 1861 9134 1549 1856 9135 1554 1861 9136 1550 1857 9137 1550 1857 9138 1554 1861 9139 1555 1862 9140 1550 1857 9141 1555 1862 9142 1470 1777 9143 1470 1777 9144 1555 1862 9145 1469 1776 9146 1551 1858 9147 1556 1863 9148 1552 1859 9149 1552 1859 9150 1556 1863 9151 1557 1864 9152 1552 1859 9153 1557 1864 9154 1553 1860 9155 1553 1860 9156 1557 1864 9157 1558 1865 9158 1553 1860 9159 1558 1865 9160 1554 1861 9161 1554 1861 9162 1558 1865 9163 1559 1866 9164 1554 1861 9165 1559 1866 9166 1555 1862 9167 1555 1862 9168 1559 1866 9169 1560 1867 9170 1555 1862 9171 1560 1867 9172 1469 1776 9173 1469 1776 9174 1560 1867 9175 1468 1775 9176 1556 1863 9177 1561 1868 9178 1557 1864 9179 1557 1864 9180 1561 1868 9181 1562 1869 9182 1557 1864 9183 1562 1869 9184 1558 1865 9185 1558 1865 9186 1562 1869 9187 1563 1870 9188 1558 1865 9189 1563 1870 9190 1559 1866 9191 1559 1866 9192 1563 1870 9193 1564 1871 9194 1559 1866 9195 1564 1871 9196 1560 1867 9197 1560 1867 9198 1564 1871 9199 1565 1872 9200 1560 1867 9201 1565 1872 9202 1468 1775 9203 1468 1775 9204 1565 1872 9205 1467 1774 9206 1561 1868 9207 1566 1873 9208 1562 1869 9209 1562 1869 9210 1566 1873 9211 1567 1874 9212 1562 1869 9213 1567 1874 9214 1563 1870 9215 1563 1870 9216 1567 1874 9217 1568 1875 9218 1563 1870 9219 1568 1875 9220 1564 1871 9221 1564 1871 9222 1568 1875 9223 1569 1876 9224 1564 1871 9225 1569 1876 9226 1565 1872 9227 1565 1872 9228 1569 1876 9229 1570 1877 9230 1565 1872 9231 1570 1877 9232 1467 1774 9233 1467 1774 9234 1570 1877 9235 1466 1773 9236 1566 1873 9237 1571 1878 9238 1567 1874 9239 1567 1874 9240 1571 1878 9241 1572 1879 9242 1567 1874 9243 1572 1879 9244 1568 1875 9245 1568 1875 9246 1572 1879 9247 1573 1880 9248 1568 1875 9249 1573 1880 9250 1569 1876 9251 1569 1876 9252 1573 1880 9253 1574 1881 9254 1569 1876 9255 1574 1881 9256 1570 1877 9257 1570 1877 9258 1574 1881 9259 1575 1882 9260 1570 1877 9261 1575 1882 9262 1466 1773 9263 1466 1773 9264 1575 1882 9265 1465 1772 9266 1571 1878 9267 1576 1883 9268 1572 1879 9269 1572 1879 9270 1576 1883 9271 1577 1884 9272 1572 1879 9273 1577 1884 9274 1573 1880 9275 1573 1880 9276 1577 1884 9277 1578 1885 9278 1573 1880 9279 1578 1885 9280 1574 1881 9281 1574 1881 9282 1578 1885 9283 1579 1886 9284 1574 1881 9285 1579 1886 9286 1575 1882 9287 1575 1882 9288 1579 1886 9289 1580 1887 9290 1575 1882 9291 1580 1887 9292 1465 1772 9293 1465 1772 9294 1580 1887 9295 1464 1771 9296 1576 1883 9297 1581 1888 9298 1577 1884 9299 1577 1884 9300 1581 1888 9301 1582 1889 9302 1577 1884 9303 1582 1889 9304 1578 1885 9305 1578 1885 9306 1582 1889 9307 1583 1890 9308 1578 1885 9309 1583 1890 9310 1579 1886 9311 1579 1886 9312 1583 1890 9313 1584 1891 9314 1579 1886 9315 1584 1891 9316 1580 1887 9317 1580 1887 9318 1584 1891 9319 1585 1892 9320 1580 1887 9321 1585 1892 9322 1464 1771 9323 1464 1771 9324 1585 1892 9325 1463 1770 9326 1581 1888 9327 1586 1893 9328 1582 1889 9329 1582 1889 9330 1586 1893 9331 1587 1894 9332 1582 1889 9333 1587 1894 9334 1583 1890 9335 1583 1890 9336 1587 1894 9337 1588 1895 9338 1583 1890 9339 1588 1895 9340 1584 1891 9341 1584 1891 9342 1588 1895 9343 1589 1896 9344 1584 1891 9345 1589 1896 9346 1585 1892 9347 1585 1892 9348 1589 1896 9349 1590 1897 9350 1585 1892 9351 1590 1897 9352 1463 1770 9353 1463 1770 9354 1590 1897 9355 1462 1769 9356 1586 1893 9357 1591 1898 9358 1587 1894 9359 1587 1894 9360 1591 1898 9361 1592 1899 9362 1587 1894 9363 1592 1899 9364 1588 1895 9365 1588 1895 9366 1592 1899 9367 1593 1900 9368 1588 1895 9369 1593 1900 9370 1589 1896 9371 1589 1896 9372 1593 1900 9373 1594 1901 9374 1589 1896 9375 1594 1901 9376 1590 1897 9377 1590 1897 9378 1594 1901 9379 1595 1902 9380 1590 1897 9381 1595 1902 9382 1462 1769 9383 1462 1769 9384 1595 1902 9385 1461 1768 9386 1591 1898 9387 1596 1903 9388 1592 1899 9389 1592 1899 9390 1596 1903 9391 1597 1904 9392 1592 1899 9393 1597 1904 9394 1593 1900 9395 1593 1900 9396 1597 1904 9397 1598 1905 9398 1593 1900 9399 1598 1905 9400 1594 1901 9401 1594 1901 9402 1598 1905 9403 1599 1906 9404 1594 1901 9405 1599 1906 9406 1595 1902 9407 1595 1902 9408 1599 1906 9409 1600 1907 9410 1595 1902 9411 1600 1907 9412 1461 1768 9413 1461 1768 9414 1600 1907 9415 1448 1755 9416 1596 1903 9417 1601 1908 9418 1597 1904 9419 1597 1904 9420 1601 1908 9421 1602 1909 9422 1597 1904 9423 1602 1909 9424 1598 1905 9425 1598 1905 9426 1602 1909 9427 1603 1910 9428 1598 1905 9429 1603 1910 9430 1599 1906 9431 1599 1906 9432 1603 1910 9433 1604 1911 9434 1599 1906 9435 1604 1911 9436 1600 1907 9437 1600 1907 9438 1604 1911 9439 1605 1912 9440 1600 1907 9441 1605 1912 9442 1448 1755 9443 1448 1755 9444 1605 1912 9445 1449 1756 9446 1601 1908 9447 1606 1913 9448 1602 1909 9449 1602 1909 9450 1606 1913 9451 1607 1914 9452 1602 1909 9453 1607 1914 9454 1603 1910 9455 1603 1910 9456 1607 1914 9457 1608 1915 9458 1603 1910 9459 1608 1915 9460 1604 1911 9461 1604 1911 9462 1608 1915 9463 1609 1916 9464 1604 1911 9465 1609 1916 9466 1605 1912 9467 1605 1912 9468 1609 1916 9469 1451 1758 9470 1605 1912 9471 1451 1758 9472 1449 1756 9473 1606 1913 9474 1610 1917 9475 1607 1914 9476 1607 1914 9477 1610 1917 9478 1611 1918 9479 1607 1914 9480 1611 1918 9481 1608 1915 9482 1608 1915 9483 1611 1918 9484 1612 1919 9485 1608 1915 9486 1612 1919 9487 1609 1916 9488 1609 1916 9489 1612 1919 9490 1453 1760 9491 1609 1916 9492 1453 1760 9493 1451 1758 9494 1610 1917 9495 1613 1920 9496 1611 1918 9497 1611 1918 9498 1613 1920 9499 1614 1921 9500 1611 1918 9501 1614 1921 9502 1612 1919 9503 1612 1919 9504 1614 1921 9505 1455 1762 9506 1612 1919 9507 1455 1762 9508 1453 1760 9509 1613 1920 9510 1615 1922 9511 1614 1921 9512 1614 1921 9513 1615 1922 9514 1457 1764 9515 1614 1921 9516 1457 1764 9517 1455 1762 9518 1615 1922 9519 1459 1766 9520 1457 1764 9521 1615 1922 9522 1616 1923 9523 1459 1766 9524 1459 1766 9525 1616 1923 9526 1617 1924 9527 1459 1766 9528 1617 1924 9529 1460 1767 9530 1460 1767 9531 1617 1924 9532 1618 1925 9533 1460 1767 9534 1618 1925 9535 1496 1803 9536 1496 1803 9537 1618 1925 9538 1619 1926 9539 1496 1803 9540 1619 1926 9541 1494 1801 9542 1494 1801 9543 1619 1926 9544 1620 1927 9545 1494 1801 9546 1620 1927 9547 1492 1799 9548 1492 1799 9549 1620 1927 9550 1621 1928 9551 1492 1799 9552 1621 1928 9553 1490 1797 9554 1490 1797 9555 1621 1928 9556 1622 1929 9557 1490 1797 9558 1622 1929 9559 1488 1795 9560 1488 1795 9561 1622 1929 9562 1623 1930 9563 1488 1795 9564 1623 1930 9565 1486 1793 9566 1486 1793 9567 1623 1930 9568 1624 1931 9569 1486 1793 9570 1624 1931 9571 1484 1791 9572 1484 1791 9573 1624 1931 9574 1625 1932 9575 1484 1791 9576 1625 1932 9577 1483 1790 9578 1483 1790 9579 1625 1932 9580 1626 1933 9581 1483 1790 9582 1626 1933 9583 1536 1843 9584 1536 1843 9585 1626 1933 9586 1627 1934 9587 1536 1843 9588 1627 1934 9589 1541 1848 9590 1541 1848 9591 1627 1934 9592 1628 1935 9593 1541 1848 9594 1628 1935 9595 1546 1853 9596 1546 1853 9597 1628 1935 9598 1629 1936 9599 1546 1853 9600 1629 1936 9601 1551 1858 9602 1551 1858 9603 1629 1936 9604 1630 1937 9605 1551 1858 9606 1630 1937 9607 1556 1863 9608 1556 1863 9609 1630 1937 9610 1631 1938 9611 1556 1863 9612 1631 1938 9613 1561 1868 9614 1561 1868 9615 1631 1938 9616 1632 1939 9617 1561 1868 9618 1632 1939 9619 1566 1873 9620 1566 1873 9621 1632 1939 9622 1633 1940 9623 1566 1873 9624 1633 1940 9625 1571 1878 9626 1571 1878 9627 1633 1940 9628 1634 1941 9629 1571 1878 9630 1634 1941 9631 1576 1883 9632 1576 1883 9633 1634 1941 9634 1635 1942 9635 1576 1883 9636 1635 1942 9637 1581 1888 9638 1581 1888 9639 1635 1942 9640 1636 1943 9641 1581 1888 9642 1636 1943 9643 1586 1893 9644 1586 1893 9645 1636 1943 9646 1637 1944 9647 1586 1893 9648 1637 1944 9649 1591 1898 9650 1591 1898 9651 1637 1944 9652 1638 1945 9653 1591 1898 9654 1638 1945 9655 1596 1903 9656 1596 1903 9657 1638 1945 9658 1639 1946 9659 1596 1903 9660 1639 1946 9661 1601 1908 9662 1601 1908 9663 1639 1946 9664 1640 1947 9665 1601 1908 9666 1640 1947 9667 1606 1913 9668 1606 1913 9669 1640 1947 9670 1641 1948 9671 1606 1913 9672 1641 1948 9673 1610 1917 9674 1610 1917 9675 1641 1948 9676 1642 1949 9677 1610 1917 9678 1642 1949 9679 1613 1920 9680 1613 1920 9681 1642 1949 9682 1643 1950 9683 1613 1920 9684 1643 1950 9685 1615 1922 9686 1615 1922 9687 1643 1950 9688 1616 1923 9689 1616 1951 9690 1644 1952 9691 1617 1953 9692 1617 1953 9693 1644 1952 9694 1645 1954 9695 1617 1953 9696 1645 1954 9697 1618 1955 9698 1618 1955 9699 1645 1954 9700 1646 1956 9701 1618 1955 9702 1646 1956 9703 1619 1957 9704 1619 1957 9705 1646 1956 9706 1647 1958 9707 1619 1957 9708 1647 1958 9709 1620 1959 9710 1620 1959 9711 1647 1958 9712 1648 1960 9713 1620 1959 9714 1648 1960 9715 1621 1961 9716 1621 1961 9717 1648 1960 9718 1649 1962 9719 1621 1961 9720 1649 1962 9721 1622 1963 9722 1622 1963 9723 1649 1962 9724 1650 1964 9725 1622 1963 9726 1650 1964 9727 1623 1965 9728 1623 1965 9729 1650 1964 9730 1651 1966 9731 1623 1965 9732 1651 1966 9733 1624 1967 9734 1624 1967 9735 1651 1966 9736 1652 1968 9737 1624 1967 9738 1652 1968 9739 1625 1969 9740 1625 1969 9741 1652 1968 9742 1653 1970 9743 1625 1969 9744 1653 1970 9745 1626 1971 9746 1626 1971 9747 1653 1970 9748 1654 1972 9749 1626 1971 9750 1654 1972 9751 1627 1973 9752 1627 1973 9753 1654 1972 9754 1655 1974 9755 1627 1973 9756 1655 1974 9757 1628 1975 9758 1628 1975 9759 1655 1974 9760 1656 1976 9761 1628 1975 9762 1656 1976 9763 1629 1977 9764 1629 1977 9765 1656 1976 9766 1657 1978 9767 1629 1977 9768 1657 1978 9769 1630 1979 9770 1630 1979 9771 1657 1978 9772 1658 1980 9773 1630 1979 9774 1658 1980 9775 1631 1981 9776 1631 1981 9777 1658 1980 9778 1659 1982 9779 1631 1981 9780 1659 1982 9781 1632 1983 9782 1632 1983 9783 1659 1982 9784 1660 1984 9785 1632 1983 9786 1660 1984 9787 1633 1985 9788 1633 1985 9789 1660 1984 9790 1661 1986 9791 1633 1985 9792 1661 1986 9793 1634 1987 9794 1634 1987 9795 1661 1986 9796 1662 1988 9797 1634 1987 9798 1662 1988 9799 1635 1989 9800 1635 1989 9801 1662 1988 9802 1663 1990 9803 1635 1989 9804 1663 1990 9805 1636 1991 9806 1636 1991 9807 1663 1990 9808 1664 1992 9809 1636 1991 9810 1664 1992 9811 1637 1993 9812 1637 1993 9813 1664 1992 9814 1665 1994 9815 1637 1993 9816 1665 1994 9817 1638 1995 9818 1638 1995 9819 1665 1994 9820 1666 1996 9821 1638 1995 9822 1666 1996 9823 1639 1997 9824 1639 1997 9825 1666 1996 9826 1667 1998 9827 1639 1997 9828 1667 1998 9829 1640 1999 9830 1640 1999 9831 1667 1998 9832 1668 2000 9833 1640 1999 9834 1668 2000 9835 1641 2001 9836 1641 2001 9837 1668 2000 9838 1669 2002 9839 1641 2001 9840 1669 2002 9841 1642 2003 9842 1642 2003 9843 1669 2002 9844 1670 2004 9845 1642 2003 9846 1670 2004 9847 1643 2005 9848 1643 2005 9849 1670 2004 9850 1671 2006 9851 1643 2005 9852 1671 2006 9853 1616 1951 9854 1616 1951 9855 1671 2006 9856 1644 1952 9857 955 1171 9858 1672 2007 9859 956 1172 9860 956 1172 9861 1672 2007 9862 1673 2008 9863 956 1172 9864 1673 2008 9865 1674 2009 9866 1674 2009 9867 1673 2008 9868 1675 2010 9869 1674 2009 9870 1675 2010 9871 1676 2011 9872 1676 2011 9873 1675 2010 9874 1677 2012 9875 1676 2011 9876 1677 2012 9877 1678 2013 9878 1678 2013 9879 1677 2012 9880 1679 2014 9881 1678 2013 9882 1679 2014 9883 1680 2015 9884 1680 2015 9885 1679 2014 9886 1645 1954 9887 1680 2015 9888 1645 1954 9889 1644 1952 9890 1672 2007 9891 955 1171 9892 1681 2016 9893 1681 2016 9894 955 1171 9895 1003 1219 9896 1681 2016 9897 1003 1219 9898 1682 2017 9899 1682 2017 9900 1003 1219 9901 1001 1217 9902 1682 2017 9903 1001 1217 9904 1683 2018 9905 1683 2018 9906 1001 1217 9907 999 1215 9908 1683 2018 9909 999 1215 9910 1684 2019 9911 1684 2019 9912 999 1215 9913 997 1213 9914 1684 2019 9915 997 1213 9916 1685 2020 9917 1685 2020 9918 997 1213 9919 995 1211 9920 1685 2020 9921 995 1211 9922 1686 2021 9923 1686 2021 9924 995 1211 9925 993 1209 9926 1686 2021 9927 993 1209 9928 1687 2022 9929 1687 2022 9930 993 1209 9931 991 1207 9932 1687 2022 9933 991 1207 9934 1688 2023 9935 1688 2023 9936 991 1207 9937 989 1205 9938 1688 2023 9939 989 1205 9940 1689 2024 9941 1689 2024 9942 989 1205 9943 987 1203 9944 1689 2024 9945 987 1203 9946 1690 2025 9947 1690 2025 9948 987 1203 9949 985 1201 9950 1690 2025 9951 985 1201 9952 1691 2026 9953 1691 2026 9954 985 1201 9955 983 1199 9956 1691 2026 9957 983 1199 9958 1692 2027 9959 1692 2027 9960 983 1199 9961 982 1198 9962 1692 2027 9963 982 1198 9964 1693 2028 9965 1693 2028 9966 982 1198 9967 1694 2029 9968 1693 2028 9969 1694 2029 9970 1695 2030 9971 1695 2030 9972 1694 2029 9973 1696 2031 9974 1695 2030 9975 1696 2031 9976 1697 2032 9977 1697 2032 9978 1696 2031 9979 1698 2033 9980 1697 2032 9981 1698 2033 9982 1699 2034 9983 1699 2034 9984 1698 2033 9985 1700 2035 9986 1699 2034 9987 1700 2035 9988 1663 1990 9989 1663 1990 9990 1700 2035 9991 1664 1992 9992 982 1198 9993 980 1196 9994 1694 2029 9995 1694 2029 9996 980 1196 9997 1701 2036 9998 1694 2029 9999 1701 2036 10000 1696 2031 10001 1696 2031 10002 1701 2036 10003 1702 2037 10004 1696 2031 10005 1702 2037 10006 1698 2033 10007 1698 2033 10008 1702 2037 10009 1703 2038 10010 1698 2033 10011 1703 2038 10012 1700 2035 10013 1700 2035 10014 1703 2038 10015 1704 2039 10016 1700 2035 10017 1704 2039 10018 1664 1992 10019 1664 1992 10020 1704 2039 10021 1665 1994 10022 980 1196 10023 978 1194 10024 1701 2036 10025 1701 2036 10026 978 1194 10027 1705 2040 10028 1701 2036 10029 1705 2040 10030 1702 2037 10031 1702 2037 10032 1705 2040 10033 1706 2041 10034 1702 2037 10035 1706 2041 10036 1703 2038 10037 1703 2038 10038 1706 2041 10039 1707 2042 10040 1703 2038 10041 1707 2042 10042 1704 2039 10043 1704 2039 10044 1707 2042 10045 1708 2043 10046 1704 2039 10047 1708 2043 10048 1665 1994 10049 1665 1994 10050 1708 2043 10051 1666 1996 10052 978 1194 10053 976 1192 10054 1705 2040 10055 1705 2040 10056 976 1192 10057 1709 2044 10058 1705 2040 10059 1709 2044 10060 1706 2041 10061 1706 2041 10062 1709 2044 10063 1710 2045 10064 1706 2041 10065 1710 2045 10066 1707 2042 10067 1707 2042 10068 1710 2045 10069 1711 2046 10070 1707 2042 10071 1711 2046 10072 1708 2043 10073 1708 2043 10074 1711 2046 10075 1712 2047 10076 1708 2043 10077 1712 2047 10078 1666 1996 10079 1666 1996 10080 1712 2047 10081 1667 1998 10082 976 1192 10083 974 1190 10084 1709 2044 10085 1709 2044 10086 974 1190 10087 1713 2048 10088 1709 2044 10089 1713 2048 10090 1710 2045 10091 1710 2045 10092 1713 2048 10093 1714 2049 10094 1710 2045 10095 1714 2049 10096 1711 2046 10097 1711 2046 10098 1714 2049 10099 1715 2050 10100 1711 2046 10101 1715 2050 10102 1712 2047 10103 1712 2047 10104 1715 2050 10105 1716 2051 10106 1712 2047 10107 1716 2051 10108 1667 1998 10109 1667 1998 10110 1716 2051 10111 1668 2000 10112 974 1190 10113 972 1188 10114 1713 2048 10115 1713 2048 10116 972 1188 10117 1717 2052 10118 1713 2048 10119 1717 2052 10120 1714 2049 10121 1714 2049 10122 1717 2052 10123 1718 2053 10124 1714 2049 10125 1718 2053 10126 1715 2050 10127 1715 2050 10128 1718 2053 10129 1719 2054 10130 1715 2050 10131 1719 2054 10132 1716 2051 10133 1716 2051 10134 1719 2054 10135 1720 2055 10136 1716 2051 10137 1720 2055 10138 1668 2000 10139 1668 2000 10140 1720 2055 10141 1669 2002 10142 972 1188 10143 970 1186 10144 1717 2052 10145 1717 2052 10146 970 1186 10147 1721 2056 10148 1717 2052 10149 1721 2056 10150 1718 2053 10151 1718 2053 10152 1721 2056 10153 1722 2057 10154 1718 2053 10155 1722 2057 10156 1719 2054 10157 1719 2054 10158 1722 2057 10159 1723 2058 10160 1719 2054 10161 1723 2058 10162 1720 2055 10163 1720 2055 10164 1723 2058 10165 1724 2059 10166 1720 2055 10167 1724 2059 10168 1669 2002 10169 1669 2002 10170 1724 2059 10171 1670 2004 10172 970 1186 10173 968 1184 10174 1721 2056 10175 1721 2056 10176 968 1184 10177 1725 2060 10178 1721 2056 10179 1725 2060 10180 1722 2057 10181 1722 2057 10182 1725 2060 10183 1726 2061 10184 1722 2057 10185 1726 2061 10186 1723 2058 10187 1723 2058 10188 1726 2061 10189 1727 2062 10190 1723 2058 10191 1727 2062 10192 1724 2059 10193 1724 2059 10194 1727 2062 10195 1728 2063 10196 1724 2059 10197 1728 2063 10198 1670 2004 10199 1670 2004 10200 1728 2063 10201 1671 2006 10202 968 1184 10203 966 1182 10204 1725 2060 10205 1725 2060 10206 966 1182 10207 1729 2064 10208 1725 2060 10209 1729 2064 10210 1726 2061 10211 1726 2061 10212 1729 2064 10213 1730 2065 10214 1726 2061 10215 1730 2065 10216 1727 2062 10217 1727 2062 10218 1730 2065 10219 1731 2066 10220 1727 2062 10221 1731 2066 10222 1728 2063 10223 1728 2063 10224 1731 2066 10225 1732 2067 10226 1728 2063 10227 1732 2067 10228 1671 2006 10229 1671 2006 10230 1732 2067 10231 1644 1952 10232 966 1182 10233 964 1180 10234 1729 2064 10235 1729 2064 10236 964 1180 10237 1733 2068 10238 1729 2064 10239 1733 2068 10240 1730 2065 10241 1730 2065 10242 1733 2068 10243 1734 2069 10244 1730 2065 10245 1734 2069 10246 1731 2066 10247 1731 2066 10248 1734 2069 10249 1735 2070 10250 1731 2066 10251 1735 2070 10252 1732 2067 10253 1732 2067 10254 1735 2070 10255 1680 2015 10256 1732 2067 10257 1680 2015 10258 1644 1952 10259 964 1180 10260 962 1178 10261 1733 2068 10262 1733 2068 10263 962 1178 10264 1736 2071 10265 1733 2068 10266 1736 2071 10267 1734 2069 10268 1734 2069 10269 1736 2071 10270 1737 2072 10271 1734 2069 10272 1737 2072 10273 1735 2070 10274 1735 2070 10275 1737 2072 10276 1678 2013 10277 1735 2070 10278 1678 2013 10279 1680 2015 10280 962 1178 10281 960 1176 10282 1736 2071 10283 1736 2071 10284 960 1176 10285 1738 2073 10286 1736 2071 10287 1738 2073 10288 1737 2072 10289 1737 2072 10290 1738 2073 10291 1676 2011 10292 1737 2072 10293 1676 2011 10294 1678 2013 10295 960 1176 10296 958 1174 10297 1738 2073 10298 1738 2073 10299 958 1174 10300 1674 2009 10301 1738 2073 10302 1674 2009 10303 1676 2011 10304 958 1174 10305 956 1172 10306 1674 2009 10307 1675 2010 10308 1673 2008 10309 1739 2074 10310 1739 2074 10311 1673 2008 10312 1672 2007 10313 1739 2074 10314 1672 2007 10315 1740 2075 10316 1740 2075 10317 1672 2007 10318 1681 2016 10319 1740 2075 10320 1681 2016 10321 1741 2076 10322 1741 2076 10323 1681 2016 10324 1682 2017 10325 1741 2076 10326 1682 2017 10327 1742 2077 10328 1742 2077 10329 1682 2017 10330 1683 2018 10331 1742 2077 10332 1683 2018 10333 1743 2078 10334 1743 2078 10335 1683 2018 10336 1684 2019 10337 1743 2078 10338 1684 2019 10339 1744 2079 10340 1744 2079 10341 1684 2019 10342 1685 2020 10343 1744 2079 10344 1685 2020 10345 1745 2080 10346 1745 2080 10347 1685 2020 10348 1686 2021 10349 1745 2080 10350 1686 2021 10351 1746 2081 10352 1746 2081 10353 1686 2021 10354 1687 2022 10355 1746 2081 10356 1687 2022 10357 1747 2082 10358 1747 2082 10359 1687 2022 10360 1688 2023 10361 1747 2082 10362 1688 2023 10363 1748 2083 10364 1748 2083 10365 1688 2023 10366 1689 2024 10367 1748 2083 10368 1689 2024 10369 1749 2084 10370 1749 2084 10371 1689 2024 10372 1690 2025 10373 1749 2084 10374 1690 2025 10375 1750 2085 10376 1750 2085 10377 1690 2025 10378 1691 2026 10379 1750 2085 10380 1691 2026 10381 1751 2086 10382 1751 2086 10383 1691 2026 10384 1692 2027 10385 1751 2086 10386 1692 2027 10387 1752 2087 10388 1752 2087 10389 1692 2027 10390 1693 2028 10391 1752 2087 10392 1693 2028 10393 1695 2030 10394 1677 2012 10395 1675 2010 10396 1753 2088 10397 1753 2088 10398 1675 2010 10399 1739 2074 10400 1753 2088 10401 1739 2074 10402 1754 2089 10403 1754 2089 10404 1739 2074 10405 1740 2075 10406 1754 2089 10407 1740 2075 10408 1755 2090 10409 1755 2090 10410 1740 2075 10411 1741 2076 10412 1755 2090 10413 1741 2076 10414 1756 2091 10415 1756 2091 10416 1741 2076 10417 1742 2077 10418 1756 2091 10419 1742 2077 10420 1757 2092 10421 1757 2092 10422 1742 2077 10423 1743 2078 10424 1757 2092 10425 1743 2078 10426 1758 2093 10427 1758 2093 10428 1743 2078 10429 1744 2079 10430 1758 2093 10431 1744 2079 10432 1759 2094 10433 1759 2094 10434 1744 2079 10435 1745 2080 10436 1759 2094 10437 1745 2080 10438 1760 2095 10439 1760 2095 10440 1745 2080 10441 1746 2081 10442 1760 2095 10443 1746 2081 10444 1761 2096 10445 1761 2096 10446 1746 2081 10447 1747 2082 10448 1761 2096 10449 1747 2082 10450 1762 2097 10451 1762 2097 10452 1747 2082 10453 1748 2083 10454 1762 2097 10455 1748 2083 10456 1763 2098 10457 1763 2098 10458 1748 2083 10459 1749 2084 10460 1763 2098 10461 1749 2084 10462 1764 2099 10463 1764 2099 10464 1749 2084 10465 1750 2085 10466 1764 2099 10467 1750 2085 10468 1765 2100 10469 1765 2100 10470 1750 2085 10471 1751 2086 10472 1765 2100 10473 1751 2086 10474 1766 2101 10475 1766 2101 10476 1751 2086 10477 1752 2087 10478 1766 2101 10479 1752 2087 10480 1767 2102 10481 1767 2102 10482 1752 2087 10483 1695 2030 10484 1767 2102 10485 1695 2030 10486 1697 2032 10487 1646 1956 10488 1645 1954 10489 1679 2014 10490 1679 2014 10491 1677 2012 10492 1768 2103 10493 1768 2103 10494 1677 2012 10495 1753 2088 10496 1768 2103 10497 1753 2088 10498 1769 2104 10499 1769 2104 10500 1753 2088 10501 1754 2089 10502 1769 2104 10503 1754 2089 10504 1770 2105 10505 1770 2105 10506 1754 2089 10507 1755 2090 10508 1770 2105 10509 1755 2090 10510 1771 2106 10511 1771 2106 10512 1755 2090 10513 1756 2091 10514 1771 2106 10515 1756 2091 10516 1772 2107 10517 1772 2107 10518 1756 2091 10519 1757 2092 10520 1772 2107 10521 1757 2092 10522 1773 2108 10523 1773 2108 10524 1757 2092 10525 1758 2093 10526 1773 2108 10527 1758 2093 10528 1774 2109 10529 1774 2109 10530 1758 2093 10531 1759 2094 10532 1774 2109 10533 1759 2094 10534 1775 2110 10535 1775 2110 10536 1759 2094 10537 1760 2095 10538 1775 2110 10539 1760 2095 10540 1776 2111 10541 1776 2111 10542 1760 2095 10543 1761 2096 10544 1776 2111 10545 1761 2096 10546 1777 2112 10547 1777 2112 10548 1761 2096 10549 1762 2097 10550 1777 2112 10551 1762 2097 10552 1778 2113 10553 1778 2113 10554 1762 2097 10555 1763 2098 10556 1778 2113 10557 1763 2098 10558 1779 2114 10559 1779 2114 10560 1763 2098 10561 1764 2099 10562 1779 2114 10563 1764 2099 10564 1780 2115 10565 1780 2115 10566 1764 2099 10567 1765 2100 10568 1780 2115 10569 1765 2100 10570 1781 2116 10571 1781 2116 10572 1765 2100 10573 1766 2101 10574 1781 2116 10575 1766 2101 10576 1782 2117 10577 1782 2117 10578 1766 2101 10579 1767 2102 10580 1782 2117 10581 1767 2102 10582 1783 2118 10583 1783 2118 10584 1767 2102 10585 1697 2032 10586 1783 2118 10587 1697 2032 10588 1699 2034 10589 1699 2034 10590 1663 1990 10591 1662 1988 10592 1783 2118 10593 1699 2034 10594 1662 1988 10595 1783 2118 10596 1662 1988 10597 1661 1986 10598 1782 2117 10599 1783 2118 10600 1661 1986 10601 1782 2117 10602 1661 1986 10603 1660 1984 10604 1781 2116 10605 1782 2117 10606 1660 1984 10607 1781 2116 10608 1660 1984 10609 1659 1982 10610 1780 2115 10611 1781 2116 10612 1659 1982 10613 1780 2115 10614 1659 1982 10615 1658 1980 10616 1779 2114 10617 1780 2115 10618 1658 1980 10619 1779 2114 10620 1658 1980 10621 1657 1978 10622 1778 2113 10623 1779 2114 10624 1657 1978 10625 1778 2113 10626 1657 1978 10627 1656 1976 10628 1777 2112 10629 1778 2113 10630 1656 1976 10631 1777 2112 10632 1656 1976 10633 1655 1974 10634 1776 2111 10635 1777 2112 10636 1655 1974 10637 1776 2111 10638 1655 1974 10639 1654 1972 10640 1775 2110 10641 1776 2111 10642 1654 1972 10643 1775 2110 10644 1654 1972 10645 1653 1970 10646 1774 2109 10647 1775 2110 10648 1653 1970 10649 1774 2109 10650 1653 1970 10651 1652 1968 10652 1773 2108 10653 1774 2109 10654 1652 1968 10655 1773 2108 10656 1652 1968 10657 1651 1966 10658 1772 2107 10659 1773 2108 10660 1651 1966 10661 1772 2107 10662 1651 1966 10663 1650 1964 10664 1771 2106 10665 1772 2107 10666 1650 1964 10667 1771 2106 10668 1650 1964 10669 1649 1962 10670 1770 2105 10671 1771 2106 10672 1649 1962 10673 1770 2105 10674 1649 1962 10675 1648 1960 10676 1769 2104 10677 1770 2105 10678 1648 1960 10679 1769 2104 10680 1648 1960 10681 1647 1958 10682 1768 2103 10683 1769 2104 10684 1647 1958 10685 1768 2103 10686 1647 1958 10687 1646 1956 10688 1679 2014 10689 1768 2103 10690 1646 1956 10691</p>
        </triangles>
        <triangles material="Aluminum_-_Satin-material" count="796">
          <input semantic="VERTEX" source="#Screwdriver-mesh-vertices" offset="0" />
          <input semantic="NORMAL" source="#Screwdriver-mesh-normals" offset="1" />
          <input semantic="TEXCOORD" source="#Screwdriver-mesh-map-0" offset="2" set="0" />
          <p>1784 2119 10692 1785 2120 10693 1786 2121 10694 1786 2121 10695 1785 2120 10696 1787 2122 10697 1786 2121 10698 1787 2122 10699 1788 2123 10700 1788 2123 10701 1787 2122 10702 1789 2124 10703 1788 2123 10704 1789 2124 10705 1790 2125 10706 1790 2125 10707 1789 2124 10708 1791 2126 10709 1790 2125 10710 1791 2126 10711 1792 2127 10712 1792 2127 10713 1791 2126 10714 1793 2128 10715 1792 2127 10716 1793 2128 10717 1794 2129 10718 1794 2129 10719 1793 2128 10720 1795 2130 10721 1794 2129 10722 1795 2130 10723 1796 2131 10724 1796 2131 10725 1795 2130 10726 1797 2132 10727 1796 2131 10728 1797 2132 10729 1798 2133 10730 1798 2133 10731 1797 2132 10732 1799 2134 10733 1798 2133 10734 1799 2134 10735 1800 2135 10736 1800 2135 10737 1799 2134 10738 1801 2136 10739 1800 2135 10740 1801 2136 10741 1802 2137 10742 1802 2137 10743 1801 2136 10744 1803 2138 10745 1802 2137 10746 1803 2138 10747 1804 2139 10748 1804 2139 10749 1803 2138 10750 1805 2140 10751 1804 2139 10752 1805 2140 10753 1806 2141 10754 1806 2141 10755 1805 2140 10756 1807 2142 10757 1806 2141 10758 1807 2142 10759 1808 2143 10760 1808 2143 10761 1807 2142 10762 1809 2144 10763 1808 2143 10764 1809 2144 10765 1810 2145 10766 1810 2145 10767 1809 2144 10768 1811 2146 10769 1810 2145 10770 1811 2146 10771 1812 2147 10772 1812 2147 10773 1811 2146 10774 1813 2148 10775 1812 2147 10776 1813 2148 10777 1814 2149 10778 1814 2149 10779 1813 2148 10780 1815 2150 10781 1814 2149 10782 1815 2150 10783 1816 2151 10784 1816 2151 10785 1815 2150 10786 1817 2152 10787 1816 2151 10788 1817 2152 10789 1818 2153 10790 1818 2153 10791 1817 2152 10792 1819 2154 10793 1818 2153 10794 1819 2154 10795 1820 2155 10796 1820 2155 10797 1819 2154 10798 1821 2156 10799 1820 2155 10800 1821 2156 10801 1822 2157 10802 1822 2157 10803 1821 2156 10804 1823 2158 10805 1822 2157 10806 1823 2158 10807 1824 2159 10808 1824 2159 10809 1823 2158 10810 1825 2160 10811 1824 2159 10812 1825 2160 10813 1826 2161 10814 1826 2161 10815 1825 2160 10816 1827 2162 10817 1826 2161 10818 1827 2162 10819 1828 2163 10820 1828 2163 10821 1827 2162 10822 1829 2164 10823 1828 2163 10824 1829 2164 10825 1830 2165 10826 1830 2165 10827 1829 2164 10828 1831 2166 10829 1830 2165 10830 1831 2166 10831 1784 2119 10832 1784 2119 10833 1831 2166 10834 1785 2120 10835 1832 2167 10836 1789 2124 10837 1833 2168 10838 1833 2168 10839 1789 2124 10840 1787 2122 10841 1833 2168 10842 1787 2122 10843 1834 2169 10844 1834 2169 10845 1787 2122 10846 1785 2120 10847 1834 2169 10848 1785 2120 10849 1835 2170 10850 1835 2170 10851 1785 2120 10852 1831 2166 10853 1835 2170 10854 1831 2166 10855 1836 2171 10856 1836 2171 10857 1831 2166 10858 1829 2164 10859 1836 2171 10860 1829 2164 10861 1837 2172 10862 1837 2172 10863 1829 2164 10864 1827 2162 10865 1837 2172 10866 1827 2162 10867 1838 2173 10868 1838 2173 10869 1827 2162 10870 1825 2160 10871 1838 2173 10872 1825 2160 10873 1839 2174 10874 1839 2174 10875 1825 2160 10876 1823 2158 10877 1839 2174 10878 1823 2158 10879 1840 2175 10880 1840 2175 10881 1823 2158 10882 1821 2156 10883 1840 2175 10884 1821 2156 10885 1841 2176 10886 1841 2176 10887 1821 2156 10888 1819 2154 10889 1841 2176 10890 1819 2154 10891 1842 2177 10892 1842 2177 10893 1819 2154 10894 1817 2152 10895 1842 2177 10896 1817 2152 10897 1843 2178 10898 1843 2178 10899 1817 2152 10900 1815 2150 10901 1843 2178 10902 1815 2150 10903 1844 2179 10904 1844 2179 10905 1815 2150 10906 1813 2148 10907 1844 2179 10908 1813 2148 10909 1845 2180 10910 1845 2180 10911 1813 2148 10912 1811 2146 10913 1845 2180 10914 1811 2146 10915 1846 2181 10916 1846 2181 10917 1811 2146 10918 1809 2144 10919 1846 2181 10920 1809 2144 10921 1847 2182 10922 1847 2182 10923 1809 2144 10924 1807 2142 10925 1847 2182 10926 1807 2142 10927 1848 2183 10928 1848 2183 10929 1807 2142 10930 1805 2140 10931 1848 2183 10932 1805 2140 10933 1849 2184 10934 1849 2184 10935 1805 2140 10936 1803 2138 10937 1849 2184 10938 1803 2138 10939 1850 2185 10940 1850 2185 10941 1803 2138 10942 1801 2136 10943 1850 2185 10944 1801 2136 10945 1851 2186 10946 1851 2186 10947 1801 2136 10948 1799 2134 10949 1851 2186 10950 1799 2134 10951 1852 2187 10952 1852 2187 10953 1799 2134 10954 1797 2132 10955 1852 2187 10956 1797 2132 10957 1853 2188 10958 1853 2188 10959 1797 2132 10960 1795 2130 10961 1853 2188 10962 1795 2130 10963 1854 2189 10964 1854 2189 10965 1795 2130 10966 1793 2128 10967 1854 2189 10968 1793 2128 10969 1855 2190 10970 1855 2190 10971 1793 2128 10972 1791 2126 10973 1855 2190 10974 1791 2126 10975 1832 2167 10976 1832 2167 10977 1791 2126 10978 1789 2124 10979 1856 2191 10980 1855 2190 10981 1857 2192 10982 1857 2192 10983 1855 2190 10984 1832 2167 10985 1857 2192 10986 1832 2167 10987 1858 2193 10988 1858 2193 10989 1832 2167 10990 1833 2168 10991 1858 2193 10992 1833 2168 10993 1859 2194 10994 1859 2194 10995 1833 2168 10996 1860 2195 10997 1860 2195 10998 1833 2168 10999 1834 2169 11000 1860 2195 11001 1834 2169 11002 1861 2196 11003 1861 2196 11004 1834 2169 11005 1835 2170 11006 1861 2196 11007 1835 2170 11008 1862 2197 11009 1862 2197 11010 1835 2170 11011 1836 2171 11012 1862 2197 11013 1836 2171 11014 1863 2198 11015 1863 2198 11016 1836 2171 11017 1837 2172 11018 1863 2198 11019 1837 2172 11020 1864 2199 11021 1864 2199 11022 1837 2172 11023 1838 2173 11024 1864 2199 11025 1838 2173 11026 1865 2200 11027 1865 2200 11028 1838 2173 11029 1866 2201 11030 1866 2201 11031 1838 2173 11032 1839 2174 11033 1866 2201 11034 1839 2174 11035 1867 2202 11036 1867 2202 11037 1839 2174 11038 1868 2203 11039 1868 2203 11040 1839 2174 11041 1840 2175 11042 1868 2203 11043 1840 2175 11044 1869 2204 11045 1869 2204 11046 1840 2175 11047 1870 2205 11048 1870 2205 11049 1840 2175 11050 1841 2176 11051 1870 2205 11052 1841 2176 11053 1871 2206 11054 1871 2206 11055 1841 2176 11056 1842 2177 11057 1871 2206 11058 1842 2177 11059 1872 2207 11060 1872 2207 11061 1842 2177 11062 1843 2178 11063 1872 2207 11064 1843 2178 11065 1873 2208 11066 1873 2208 11067 1843 2178 11068 1844 2179 11069 1873 2208 11070 1844 2179 11071 1874 2209 11072 1874 2209 11073 1844 2179 11074 1845 2180 11075 1874 2209 11076 1845 2180 11077 1875 2210 11078 1875 2210 11079 1845 2180 11080 1876 2211 11081 1876 2211 11082 1845 2180 11083 1846 2181 11084 1876 2211 11085 1846 2181 11086 1877 2212 11087 1877 2212 11088 1846 2181 11089 1847 2182 11090 1877 2212 11091 1847 2182 11092 1878 2213 11093 1878 2213 11094 1847 2182 11095 1848 2183 11096 1878 2213 11097 1848 2183 11098 1879 2214 11099 1879 2214 11100 1848 2183 11101 1849 2184 11102 1879 2214 11103 1849 2184 11104 1880 2215 11105 1880 2215 11106 1849 2184 11107 1850 2185 11108 1880 2215 11109 1850 2185 11110 1881 2216 11111 1881 2216 11112 1850 2185 11113 1882 2217 11114 1882 2217 11115 1850 2185 11116 1851 2186 11117 1882 2217 11118 1851 2186 11119 1883 2218 11120 1883 2218 11121 1851 2186 11122 1884 2219 11123 1884 2219 11124 1851 2186 11125 1852 2187 11126 1884 2219 11127 1852 2187 11128 1885 2220 11129 1885 2220 11130 1852 2187 11131 1886 2221 11132 1886 2221 11133 1852 2187 11134 1853 2188 11135 1886 2221 11136 1853 2188 11137 1887 2222 11138 1887 2222 11139 1853 2188 11140 1854 2189 11141 1887 2222 11142 1854 2189 11143 1856 2191 11144 1856 2191 11145 1854 2189 11146 1855 2190 11147 1888 2223 11148 1784 2119 11149 1889 2224 11150 1889 2224 11151 1784 2119 11152 1786 2121 11153 1889 2224 11154 1786 2121 11155 1890 2225 11156 1890 2225 11157 1786 2121 11158 1788 2123 11159 1890 2225 11160 1788 2123 11161 1891 2226 11162 1891 2226 11163 1788 2123 11164 1790 2125 11165 1891 2226 11166 1790 2125 11167 1892 2227 11168 1892 2227 11169 1790 2125 11170 1792 2127 11171 1892 2227 11172 1792 2127 11173 1893 2228 11174 1893 2228 11175 1792 2127 11176 1794 2129 11177 1893 2228 11178 1794 2129 11179 1894 2229 11180 1894 2229 11181 1794 2129 11182 1796 2131 11183 1894 2229 11184 1796 2131 11185 1895 2230 11186 1895 2230 11187 1796 2131 11188 1798 2133 11189 1895 2230 11190 1798 2133 11191 1896 2231 11192 1896 2231 11193 1798 2133 11194 1800 2135 11195 1896 2231 11196 1800 2135 11197 1897 2232 11198 1897 2232 11199 1800 2135 11200 1802 2137 11201 1897 2232 11202 1802 2137 11203 1898 2233 11204 1898 2233 11205 1802 2137 11206 1804 2139 11207 1898 2233 11208 1804 2139 11209 1899 2234 11210 1899 2234 11211 1804 2139 11212 1806 2141 11213 1899 2234 11214 1806 2141 11215 1900 2235 11216 1900 2235 11217 1806 2141 11218 1808 2143 11219 1900 2235 11220 1808 2143 11221 1901 2236 11222 1901 2236 11223 1808 2143 11224 1810 2145 11225 1901 2236 11226 1810 2145 11227 1902 2237 11228 1902 2237 11229 1810 2145 11230 1812 2147 11231 1902 2237 11232 1812 2147 11233 1903 2238 11234 1903 2238 11235 1812 2147 11236 1814 2149 11237 1903 2238 11238 1814 2149 11239 1904 2239 11240 1904 2239 11241 1814 2149 11242 1816 2151 11243 1904 2239 11244 1816 2151 11245 1905 2240 11246 1905 2240 11247 1816 2151 11248 1818 2153 11249 1905 2240 11250 1818 2153 11251 1906 2241 11252 1906 2241 11253 1818 2153 11254 1820 2155 11255 1906 2241 11256 1820 2155 11257 1907 2242 11258 1907 2242 11259 1820 2155 11260 1822 2157 11261 1907 2242 11262 1822 2157 11263 1908 2243 11264 1908 2243 11265 1822 2157 11266 1824 2159 11267 1908 2243 11268 1824 2159 11269 1909 2244 11270 1909 2244 11271 1824 2159 11272 1826 2161 11273 1909 2244 11274 1826 2161 11275 1910 2245 11276 1910 2245 11277 1826 2161 11278 1828 2163 11279 1910 2245 11280 1828 2163 11281 1911 2246 11282 1911 2246 11283 1828 2163 11284 1830 2165 11285 1911 2246 11286 1830 2165 11287 1888 2223 11288 1888 2223 11289 1830 2165 11290 1784 2119 11291 1912 2247 11292 1913 2248 11293 1914 2249 11294 1914 2249 11295 1913 2248 11296 1915 2250 11297 1914 2249 11298 1915 2250 11299 1916 2251 11300 1916 2251 11301 1915 2250 11302 1917 2252 11303 1917 2252 11304 1915 2250 11305 1918 2253 11306 1917 2252 11307 1918 2253 11308 1919 2254 11309 1919 2254 11310 1918 2253 11311 1920 2255 11312 1919 2254 11313 1920 2255 11314 1921 2256 11315 1921 2256 11316 1920 2255 11317 1922 2257 11318 1922 2257 11319 1920 2255 11320 1923 2258 11321 1922 2257 11322 1923 2258 11323 1924 2259 11324 1924 2259 11325 1923 2258 11326 1925 2260 11327 1924 2259 11328 1925 2260 11329 1926 2261 11330 1926 2261 11331 1925 2260 11332 1927 2262 11333 1927 2262 11334 1925 2260 11335 1928 2263 11336 1928 2263 11337 1925 2260 11338 1929 2264 11339 1928 2263 11340 1929 2264 11341 1930 2265 11342 1930 2265 11343 1929 2264 11344 1931 2266 11345 1930 2265 11346 1931 2266 11347 1932 2267 11348 1932 2267 11349 1931 2266 11350 1933 2268 11351 1933 2268 11352 1931 2266 11353 1934 2269 11354 1933 2268 11355 1934 2269 11356 1935 2270 11357 1935 2270 11358 1934 2269 11359 1936 2271 11360 1935 2270 11361 1936 2271 11362 1937 2272 11363 1937 2272 11364 1936 2271 11365 1938 2273 11366 1937 2272 11367 1938 2273 11368 1939 2274 11369 1939 2274 11370 1938 2273 11371 1940 2275 11372 1940 2275 11373 1938 2273 11374 1941 2276 11375 1940 2275 11376 1941 2276 11377 1942 2277 11378 1942 2277 11379 1941 2276 11380 1912 2247 11381 1912 2247 11382 1941 2276 11383 1913 2248 11384 1918 2253 11385 1915 2250 11386 1943 2278 11387 1943 2278 11388 1915 2250 11389 1913 2248 11390 1943 2278 11391 1913 2248 11392 1938 2273 11393 1938 2273 11394 1913 2248 11395 1941 2276 11396 1920 2255 11397 1918 2253 11398 1944 2279 11399 1944 2279 11400 1918 2253 11401 1943 2278 11402 1944 2279 11403 1943 2278 11404 1936 2271 11405 1936 2271 11406 1943 2278 11407 1938 2273 11408 1929 2264 11409 1925 2260 11410 1923 2258 11411 1923 2258 11412 1920 2255 11413 1945 2280 11414 1945 2280 11415 1920 2255 11416 1944 2279 11417 1945 2280 11418 1944 2279 11419 1934 2269 11420 1934 2269 11421 1944 2279 11422 1936 2271 11423 1945 2280 11424 1934 2269 11425 1931 2266 11426 1923 2258 11427 1945 2280 11428 1929 2264 11429 1929 2264 11430 1945 2280 11431 1931 2266 11432 1946 2281 11433 1877 2212 11434 1947 2282 11435 1947 2282 11436 1877 2212 11437 1878 2213 11438 1947 2282 11439 1878 2213 11440 1948 2283 11441 1948 2283 11442 1878 2213 11443 1949 2284 11444 1948 2283 11445 1949 2284 11446 1950 2285 11447 1950 2285 11448 1949 2284 11449 1951 2286 11450 1950 2285 11451 1951 2286 11452 1952 2287 11453 1952 2287 11454 1951 2286 11455 1953 2288 11456 1952 2287 11457 1953 2288 11458 1954 2289 11459 1954 2289 11460 1953 2288 11461 1955 2290 11462 1954 2289 11463 1955 2290 11464 1956 2291 11465 1956 2291 11466 1955 2290 11467 1957 2292 11468 1956 2291 11469 1957 2292 11470 1958 2293 11471 1958 2293 11472 1957 2292 11473 1959 2294 11474 1959 2294 11475 1957 2292 11476 1960 2295 11477 1960 2295 11478 1957 2292 11479 1961 2296 11480 1960 2295 11481 1961 2296 11482 1962 2297 11483 1962 2297 11484 1961 2296 11485 1963 2298 11486 1962 2297 11487 1963 2298 11488 1964 2299 11489 1964 2299 11490 1963 2298 11491 1965 2300 11492 1964 2299 11493 1965 2300 11494 1966 2301 11495 1966 2301 11496 1965 2300 11497 1967 2302 11498 1966 2301 11499 1967 2302 11500 1968 2303 11501 1968 2303 11502 1967 2302 11503 1969 2304 11504 1968 2303 11505 1969 2304 11506 1970 2305 11507 1970 2305 11508 1969 2304 11509 1886 2221 11510 1970 2305 11511 1886 2221 11512 1887 2222 11513 1878 2213 11514 1879 2214 11515 1949 2284 11516 1949 2284 11517 1879 2214 11518 1971 2306 11519 1949 2284 11520 1971 2306 11521 1951 2286 11522 1951 2286 11523 1971 2306 11524 1972 2307 11525 1951 2286 11526 1972 2307 11527 1953 2288 11528 1953 2288 11529 1972 2307 11530 1973 2308 11531 1953 2288 11532 1973 2308 11533 1955 2290 11534 1955 2290 11535 1973 2308 11536 1974 2309 11537 1955 2290 11538 1974 2309 11539 1957 2292 11540 1957 2292 11541 1974 2309 11542 1961 2296 11543 1879 2214 11544 1880 2215 11545 1971 2306 11546 1971 2306 11547 1880 2215 11548 1975 2310 11549 1971 2306 11550 1975 2310 11551 1972 2307 11552 1972 2307 11553 1975 2310 11554 1976 2311 11555 1972 2307 11556 1976 2311 11557 1973 2308 11558 1973 2308 11559 1976 2311 11560 1977 2312 11561 1973 2308 11562 1977 2312 11563 1974 2309 11564 1974 2309 11565 1977 2312 11566 1963 2298 11567 1974 2309 11568 1963 2298 11569 1961 2296 11570 1880 2215 11571 1881 2216 11572 1975 2310 11573 1975 2310 11574 1881 2216 11575 1978 2313 11576 1975 2310 11577 1978 2313 11578 1976 2311 11579 1976 2311 11580 1978 2313 11581 1979 2314 11582 1976 2311 11583 1979 2314 11584 1977 2312 11585 1977 2312 11586 1979 2314 11587 1965 2300 11588 1977 2312 11589 1965 2300 11590 1963 2298 11591 1881 2216 11592 1882 2217 11593 1978 2313 11594 1978 2313 11595 1882 2217 11596 1883 2218 11597 1978 2313 11598 1883 2218 11599 1884 2219 11600 1978 2313 11601 1884 2219 11602 1980 2315 11603 1980 2315 11604 1884 2219 11605 1885 2220 11606 1980 2315 11607 1885 2220 11608 1886 2221 11609 1970 2305 11610 1887 2222 11611 1981 2316 11612 1981 2316 11613 1887 2222 11614 1856 2191 11615 1981 2316 11616 1856 2191 11617 1982 2317 11618 1982 2317 11619 1856 2191 11620 1983 2318 11621 1982 2317 11622 1983 2318 11623 1984 2319 11624 1984 2319 11625 1983 2318 11626 1917 2320 11627 1984 2319 11628 1917 2320 11629 1919 2321 11630 1856 2191 11631 1857 2192 11632 1983 2318 11633 1983 2318 11634 1857 2192 11635 1914 2322 11636 1983 2318 11637 1914 2322 11638 1916 2323 11639 1916 2323 11640 1917 2320 11641 1983 2318 11642 1984 2319 11643 1919 2321 11644 1985 2324 11645 1985 2324 11646 1919 2321 11647 1921 2325 11648 1985 2324 11649 1921 2325 11650 1986 2326 11651 1986 2326 11652 1921 2325 11653 1922 2327 11654 1986 2326 11655 1922 2327 11656 1924 2328 11657 1986 2326 11658 1924 2328 11659 1987 2329 11660 1987 2329 11661 1924 2328 11662 1926 2330 11663 1987 2329 11664 1926 2330 11665 1927 2262 11666 1927 2262 11667 1928 2263 11668 1987 2329 11669 1987 2329 11670 1928 2263 11671 1988 2331 11672 1987 2329 11673 1988 2331 11674 1989 2332 11675 1989 2332 11676 1988 2331 11677 1990 2333 11678 1989 2332 11679 1990 2333 11680 1991 2334 11681 1991 2334 11682 1990 2333 11683 1964 2299 11684 1991 2334 11685 1964 2299 11686 1966 2301 11687 1988 2331 11688 1992 2335 11689 1990 2333 11690 1990 2333 11691 1992 2335 11692 1962 2297 11693 1990 2333 11694 1962 2297 11695 1964 2299 11696 1992 2335 11697 1960 2295 11698 1962 2297 11699 1958 2293 11700 1993 2336 11701 1956 2291 11702 1956 2291 11703 1993 2336 11704 1994 2337 11705 1956 2291 11706 1994 2337 11707 1995 2338 11708 1956 2291 11709 1995 2338 11710 1996 2339 11711 1996 2339 11712 1995 2338 11713 1997 2340 11714 1996 2339 11715 1997 2340 11716 1998 2341 11717 1998 2341 11718 1997 2340 11719 1999 2342 11720 1998 2341 11721 1999 2342 11722 2000 2343 11723 2000 2343 11724 1999 2342 11725 2001 2344 11726 2000 2343 11727 2001 2344 11728 2002 2345 11729 2002 2345 11730 2001 2344 11731 2003 2346 11732 2002 2345 11733 2003 2346 11734 2004 2347 11735 2004 2347 11736 2003 2346 11737 2005 2348 11738 2004 2347 11739 2005 2348 11740 2006 2349 11741 2001 2344 11742 2007 2350 11743 2003 2346 11744 2003 2346 11745 2007 2350 11746 2008 2351 11747 2003 2346 11748 2008 2351 11749 2009 2352 11750 2009 2352 11751 2005 2348 11752 2003 2346 11753 2004 2347 11754 2006 2349 11755 2010 2353 11756 2010 2353 11757 2006 2349 11758 2011 2354 11759 2010 2353 11760 2011 2354 11761 2012 2355 11762 2010 2353 11763 2012 2355 11764 2013 2356 11765 2013 2356 11766 2012 2355 11767 2014 2357 11768 2013 2356 11769 2014 2357 11770 1947 2282 11771 1947 2282 11772 2014 2357 11773 2015 2358 11774 1947 2282 11775 2015 2358 11776 1946 2281 11777 2013 2356 11778 1947 2282 11779 2016 2359 11780 2016 2359 11781 1947 2282 11782 1948 2283 11783 2016 2359 11784 1948 2283 11785 1950 2285 11786 2010 2353 11787 2013 2356 11788 2017 2360 11789 2017 2360 11790 2013 2356 11791 2016 2359 11792 2017 2360 11793 2016 2359 11794 2018 2361 11795 2018 2361 11796 2016 2359 11797 1950 2285 11798 2018 2361 11799 1950 2285 11800 1952 2287 11801 2004 2347 11802 2010 2353 11803 2019 2362 11804 2019 2362 11805 2010 2353 11806 2017 2360 11807 2019 2362 11808 2017 2360 11809 2020 2363 11810 2020 2363 11811 2017 2360 11812 2018 2361 11813 2020 2363 11814 2018 2361 11815 2021 2364 11816 2021 2364 11817 2018 2361 11818 1952 2287 11819 2021 2364 11820 1952 2287 11821 1954 2289 11822 2000 2343 11823 2002 2345 11824 2019 2362 11825 2019 2362 11826 2002 2345 11827 2004 2347 11828 2000 2343 11829 2019 2362 11830 2020 2363 11831 2000 2343 11832 2020 2363 11833 1998 2341 11834 1998 2341 11835 2020 2363 11836 2021 2364 11837 1998 2341 11838 2021 2364 11839 1996 2339 11840 1996 2339 11841 2021 2364 11842 1954 2289 11843 1996 2339 11844 1954 2289 11845 1956 2291 11846 1978 2313 11847 1980 2315 11848 1979 2314 11849 1979 2314 11850 1980 2315 11851 1967 2302 11852 1979 2314 11853 1967 2302 11854 1965 2300 11855 1969 2304 11856 1967 2302 11857 1980 2315 11858 1886 2221 11859 1969 2304 11860 1980 2315 11861 1968 2303 11862 1970 2305 11863 2022 2365 11864 2022 2365 11865 1970 2305 11866 1981 2316 11867 2022 2365 11868 1981 2316 11869 2023 2366 11870 2023 2366 11871 1981 2316 11872 1982 2317 11873 2023 2366 11874 1982 2317 11875 1984 2319 11876 1966 2301 11877 1968 2303 11878 2024 2367 11879 2024 2367 11880 1968 2303 11881 2022 2365 11882 2024 2367 11883 2022 2365 11884 2025 2368 11885 2025 2368 11886 2022 2365 11887 2023 2366 11888 2025 2368 11889 2023 2366 11890 1985 2324 11891 1985 2324 11892 2023 2366 11893 1984 2319 11894 1966 2301 11895 2024 2367 11896 1991 2334 11897 1991 2334 11898 2024 2367 11899 2026 2369 11900 1991 2334 11901 2026 2369 11902 1989 2332 11903 1989 2332 11904 2026 2369 11905 1987 2329 11906 2026 2369 11907 2024 2367 11908 2025 2368 11909 1986 2326 11910 1987 2329 11911 2026 2369 11912 1985 2324 11913 1986 2326 11914 2025 2368 11915 2025 2368 11916 1986 2326 11917 2026 2369 11918 2008 2351 11919 2007 2350 11920 2027 2370 11921 2027 2370 11922 2007 2350 11923 2028 2371 11924 2027 2370 11925 2028 2371 11926 2029 2372 11927 2029 2372 11928 2028 2371 11929 2030 2373 11930 2029 2372 11931 2030 2373 11932 2031 2374 11933 2029 2372 11934 2031 2374 11935 2032 2375 11936 2032 2375 11937 2031 2374 11938 2033 2376 11939 2032 2375 11940 2033 2376 11941 2034 2377 11942 2034 2377 11943 2033 2376 11944 2035 2378 11945 2034 2377 11946 2035 2378 11947 2036 2379 11948 2036 2379 11949 2035 2378 11950 2037 2380 11951 2036 2379 11952 2037 2380 11953 2038 2381 11954 2036 2379 11955 2038 2381 11956 2039 2382 11957 2039 2382 11958 2038 2381 11959 2040 2383 11960 2039 2382 11961 2040 2383 11962 2041 2384 11963 2039 2382 11964 2041 2384 11965 2042 2385 11966 2042 2385 11967 2041 2384 11968 1946 2386 11969 2042 2385 11970 1946 2386 11971 2015 2387 11972 2015 2387 11973 2014 2388 11974 2042 2385 11975 2042 2385 11976 2014 2388 11977 2043 2389 11978 2042 2385 11979 2043 2389 11980 2039 2382 11981 2039 2382 11982 2043 2389 11983 2036 2379 11984 2014 2388 11985 2012 2390 11986 2043 2389 11987 2043 2389 11988 2012 2390 11989 2044 2391 11990 2043 2389 11991 2044 2391 11992 2036 2379 11993 2036 2379 11994 2044 2391 11995 2034 2377 11996 2012 2390 11997 2011 2392 11998 2044 2391 11999 2044 2391 12000 2011 2392 12001 2006 2393 12002 2044 2391 12003 2006 2393 12004 2045 2394 12005 2045 2394 12006 2006 2393 12007 2005 2395 12008 2045 2394 12009 2005 2395 12010 2027 2370 12011 2027 2370 12012 2005 2395 12013 2009 2396 12014 2027 2370 12015 2009 2396 12016 2008 2351 12017 2034 2377 12018 2044 2391 12019 2045 2394 12020 2029 2372 12021 2032 2375 12022 2027 2370 12023 2027 2370 12024 2032 2375 12025 2045 2394 12026 2032 2375 12027 2034 2377 12028 2045 2394 12029 1914 2249 12030 1858 2397 12031 1912 2247 12032 1912 2247 12033 1858 2397 12034 1859 2398 12035 1912 2247 12036 1859 2398 12037 2046 2399 12038 2046 2399 12039 1859 2398 12040 2047 2400 12041 2047 2400 12042 1859 2398 12043 2048 2401 12044 2048 2401 12045 1859 2398 12046 1860 2402 12047 2048 2401 12048 1860 2402 12049 1861 2403 12050 1914 2249 12051 1857 2404 12052 1858 2397 12053 1861 2403 12054 2049 2405 12055 2048 2401 12056 1946 2386 12057 2041 2384 12058 1877 2406 12059 1877 2406 12060 2041 2384 12061 1876 2407 12062 1876 2407 12063 2041 2384 12064 1875 2408 12065 1875 2408 12066 2041 2384 12067 2050 2409 12068 1875 2408 12069 2050 2409 12070 2051 2410 12071 2051 2410 12072 2052 2411 12073 1875 2408 12074 1875 2408 12075 2052 2411 12076 1874 2412 12077 1874 2412 12078 2052 2411 12079 2053 2413 12080 1874 2412 12081 2053 2413 12082 1873 2414 12083 2054 2415 12084 2055 2416 12085 2056 2417 12086 2056 2417 12087 2055 2416 12088 2057 2418 12089 2056 2417 12090 2057 2418 12091 2058 2419 12092 2058 2419 12093 2057 2418 12094 2059 2420 12095 2058 2419 12096 2059 2420 12097 2060 2421 12098 2060 2421 12099 2059 2420 12100 2061 2422 12101 2060 2421 12102 2061 2422 12103 2062 2423 12104 2062 2423 12105 2061 2422 12106 2063 2424 12107 2062 2423 12108 2063 2424 12109 2064 2425 12110 2064 2425 12111 2063 2424 12112 2065 2426 12113 2064 2425 12114 2065 2426 12115 2066 2427 12116 2066 2427 12117 2065 2426 12118 2067 2428 12119 2066 2427 12120 2067 2428 12121 2068 2429 12122 2068 2429 12123 2067 2428 12124 2069 2430 12125 2068 2429 12126 2069 2430 12127 2070 2431 12128 2070 2431 12129 2069 2430 12130 2071 2432 12131 2070 2431 12132 2071 2432 12133 1864 2199 12134 1864 2199 12135 2071 2432 12136 1863 2198 12137 1863 2198 12138 2071 2432 12139 2072 2433 12140 1863 2198 12141 2072 2433 12142 1862 2197 12143 1862 2197 12144 2072 2433 12145 2073 2434 12146 1862 2197 12147 2073 2434 12148 2074 2435 12149 2074 2435 12150 2073 2434 12151 2075 2436 12152 2074 2435 12153 2075 2436 12154 2076 2437 12155 2076 2437 12156 2075 2436 12157 2077 2438 12158 2076 2437 12159 2077 2438 12160 2078 2439 12161 2078 2439 12162 2077 2438 12163 2079 2440 12164 2078 2439 12165 2079 2440 12166 2080 2441 12167 2080 2441 12168 2079 2440 12169 2081 2442 12170 2080 2441 12171 2081 2442 12172 2082 2443 12173 2082 2443 12174 2081 2442 12175 2083 2444 12176 2082 2443 12177 2083 2444 12178 2084 2445 12179 2057 2418 12180 2085 2446 12181 2059 2420 12182 2059 2420 12183 2085 2446 12184 2086 2447 12185 2059 2420 12186 2086 2447 12187 2061 2422 12188 2061 2422 12189 2086 2447 12190 2087 2448 12191 2061 2422 12192 2087 2448 12193 2063 2424 12194 2063 2424 12195 2087 2448 12196 2088 2449 12197 2063 2424 12198 2088 2449 12199 2065 2426 12200 2065 2426 12201 2088 2449 12202 2089 2450 12203 2065 2426 12204 2089 2450 12205 2067 2428 12206 2067 2428 12207 2089 2450 12208 2090 2451 12209 2067 2428 12210 2090 2451 12211 2069 2430 12212 2069 2430 12213 2090 2451 12214 2091 2452 12215 2069 2430 12216 2091 2452 12217 2071 2432 12218 2071 2432 12219 2091 2452 12220 2072 2433 12221 2085 2446 12222 2092 2453 12223 2086 2447 12224 2086 2447 12225 2092 2453 12226 2093 2454 12227 2086 2447 12228 2093 2454 12229 2087 2448 12230 2087 2448 12231 2093 2454 12232 2094 2455 12233 2087 2448 12234 2094 2455 12235 2088 2449 12236 2088 2449 12237 2094 2455 12238 2095 2456 12239 2088 2449 12240 2095 2456 12241 2089 2450 12242 2089 2450 12243 2095 2456 12244 2096 2457 12245 2089 2450 12246 2096 2457 12247 2090 2451 12248 2090 2451 12249 2096 2457 12250 2097 2458 12251 2090 2451 12252 2097 2458 12253 2091 2452 12254 2091 2452 12255 2097 2458 12256 2098 2459 12257 2091 2452 12258 2098 2459 12259 2072 2433 12260 2072 2433 12261 2098 2459 12262 2073 2434 12263 2092 2453 12264 2099 2460 12265 2093 2454 12266 2093 2454 12267 2099 2460 12268 2100 2461 12269 2093 2454 12270 2100 2461 12271 2094 2455 12272 2094 2455 12273 2100 2461 12274 2101 2462 12275 2094 2455 12276 2101 2462 12277 2095 2456 12278 2095 2456 12279 2101 2462 12280 2102 2463 12281 2095 2456 12282 2102 2463 12283 2096 2457 12284 2096 2457 12285 2102 2463 12286 2103 2464 12287 2096 2457 12288 2103 2464 12289 2097 2458 12290 2097 2458 12291 2103 2464 12292 2104 2465 12293 2097 2458 12294 2104 2465 12295 2098 2459 12296 2098 2459 12297 2104 2465 12298 2075 2436 12299 2098 2459 12300 2075 2436 12301 2073 2434 12302 2099 2460 12303 2105 2466 12304 2100 2461 12305 2100 2461 12306 2105 2466 12307 2106 2467 12308 2100 2461 12309 2106 2467 12310 2107 2468 12311 2100 2461 12312 2107 2468 12313 2101 2462 12314 2101 2462 12315 2107 2468 12316 2108 2469 12317 2101 2462 12318 2108 2469 12319 2109 2470 12320 2110 2471 12321 2111 2472 12322 2109 2470 12323 2109 2470 12324 2111 2472 12325 2102 2463 12326 2109 2470 12327 2102 2463 12328 2101 2462 12329 2111 2472 12330 2110 2471 12331 2112 2473 12332 2112 2473 12333 2110 2471 12334 2083 2444 12335 2112 2473 12336 2083 2444 12337 2081 2442 12338 2084 2445 12339 2113 2474 12340 2082 2443 12341 2082 2443 12342 2113 2474 12343 2114 2475 12344 2082 2443 12345 2114 2475 12346 2115 2476 12347 2082 2443 12348 2115 2476 12349 2080 2441 12350 2080 2441 12351 2115 2476 12352 2116 2477 12353 2080 2441 12354 2116 2477 12355 2117 2478 12356 2080 2441 12357 2117 2478 12358 2078 2439 12359 2078 2439 12360 2117 2478 12361 2118 2479 12362 2078 2439 12363 2118 2479 12364 2076 2437 12365 2076 2437 12366 2118 2479 12367 2119 2480 12368 2076 2437 12369 2119 2480 12370 2120 2481 12371 2076 2437 12372 2120 2481 12373 2074 2435 12374 2074 2435 12375 2120 2481 12376 2049 2482 12377 2074 2435 12378 2049 2482 12379 1861 2196 12380 1861 2196 12381 1862 2197 12382 2074 2435 12383 2070 2431 12384 1864 2199 12385 2068 2429 12386 2068 2429 12387 1864 2199 12388 1865 2200 12389 2068 2429 12390 1865 2200 12391 1866 2201 12392 2068 2429 12393 1866 2201 12394 2066 2427 12395 2066 2427 12396 1866 2201 12397 1867 2202 12398 2066 2427 12399 1867 2202 12400 1868 2203 12401 1868 2203 12402 1869 2204 12403 2066 2427 12404 2066 2427 12405 1869 2204 12406 2121 2483 12407 2066 2427 12408 2121 2483 12409 2064 2425 12410 2064 2425 12411 2121 2483 12412 2122 2484 12413 2064 2425 12414 2122 2484 12415 2062 2423 12416 2062 2423 12417 2122 2484 12418 2123 2485 12419 2062 2423 12420 2123 2485 12421 2060 2421 12422 2060 2421 12423 2123 2485 12424 2124 2486 12425 2060 2421 12426 2124 2486 12427 2058 2419 12428 2058 2419 12429 2124 2486 12430 2056 2417 12431 1869 2204 12432 1870 2205 12433 2121 2483 12434 2121 2483 12435 1870 2205 12436 2125 2487 12437 2121 2483 12438 2125 2487 12439 2122 2484 12440 2122 2484 12441 2125 2487 12442 2126 2488 12443 2122 2484 12444 2126 2488 12445 2123 2485 12446 2123 2485 12447 2126 2488 12448 2127 2489 12449 2123 2485 12450 2127 2489 12451 2124 2486 12452 2124 2486 12453 2127 2489 12454 2128 2490 12455 2124 2486 12456 2128 2490 12457 2056 2417 12458 2056 2417 12459 2128 2490 12460 2129 2491 12461 2056 2417 12462 2129 2491 12463 2130 2492 12464 1870 2205 12465 1871 2206 12466 2125 2487 12467 2125 2487 12468 1871 2206 12469 2131 2493 12470 2125 2487 12471 2131 2493 12472 2126 2488 12473 2126 2488 12474 2131 2493 12475 2132 2494 12476 2126 2488 12477 2132 2494 12478 2127 2489 12479 2127 2489 12480 2132 2494 12481 2133 2495 12482 2127 2489 12483 2133 2495 12484 2128 2490 12485 2128 2490 12486 2133 2495 12487 2134 2496 12488 2128 2490 12489 2134 2496 12490 2135 2497 12491 1871 2206 12492 1872 2207 12493 2131 2493 12494 2131 2493 12495 1872 2207 12496 2136 2498 12497 2131 2493 12498 2136 2498 12499 2132 2494 12500 2132 2494 12501 2136 2498 12502 2137 2499 12503 2132 2494 12504 2137 2499 12505 2133 2495 12506 2133 2495 12507 2137 2499 12508 2138 2500 12509 2133 2495 12510 2138 2500 12511 2134 2496 12512 2136 2498 12513 1872 2207 12514 2139 2501 12515 2139 2501 12516 1872 2207 12517 1873 2208 12518 2139 2501 12519 1873 2208 12520 2053 2502 12521 2053 2502 12522 2140 2503 12523 2139 2501 12524 2139 2501 12525 2140 2503 12526 2141 2504 12527 2139 2501 12528 2141 2504 12529 2137 2499 12530 2137 2499 12531 2141 2504 12532 2138 2500 12533 2135 2497 12534 2129 2491 12535 2128 2490 12536 2130 2492 12537 2054 2415 12538 2056 2417 12539 2136 2498 12540 2139 2501 12541 2137 2499 12542 2112 2473 12543 2142 2505 12544 2111 2472 12545 2111 2472 12546 2142 2505 12547 2103 2464 12548 2111 2472 12549 2103 2464 12550 2102 2463 12551 2103 2464 12552 2142 2505 12553 2104 2465 12554 2104 2465 12555 2142 2505 12556 2077 2438 12557 2104 2465 12558 2077 2438 12559 2075 2436 12560 2081 2442 12561 2079 2440 12562 2112 2473 12563 2112 2473 12564 2079 2440 12565 2142 2505 12566 2079 2440 12567 2077 2438 12568 2142 2505 12569 2113 2474 12570 2084 2445 12571 2143 2506 12572 2143 2506 12573 2084 2445 12574 2144 2507 12575 2143 2506 12576 2144 2507 12577 2145 2508 12578 2145 2508 12579 2144 2507 12580 2146 2509 12581 2145 2508 12582 2146 2509 12583 2147 2510 12584 2147 2510 12585 2146 2509 12586 2148 2511 12587 2147 2510 12588 2148 2511 12589 2149 2512 12590 2144 2507 12591 2150 2513 12592 2146 2509 12593 2146 2509 12594 2150 2513 12595 2148 2511 12596 2147 2510 12597 2149 2512 12598 2151 2514 12599 2151 2514 12600 2149 2512 12601 2152 2515 12602 2151 2514 12603 2152 2515 12604 2153 2516 12605 2151 2514 12606 2153 2516 12607 2154 2517 12608 2154 2517 12609 2153 2516 12610 2155 2518 12611 2154 2517 12612 2155 2518 12613 2156 2519 12614 2156 2519 12615 2155 2518 12616 2157 2520 12617 2156 2519 12618 2157 2520 12619 2048 2401 12620 2156 2519 12621 2048 2401 12622 2158 2521 12623 2158 2521 12624 2048 2401 12625 2049 2405 12626 2158 2521 12627 2049 2405 12628 2159 2522 12629 2159 2522 12630 2049 2405 12631 2120 2523 12632 2159 2522 12633 2120 2523 12634 2119 2524 12635 2159 2522 12636 2119 2524 12637 2160 2525 12638 2160 2525 12639 2119 2524 12640 2118 2526 12641 2160 2525 12642 2118 2526 12643 2161 2527 12644 2161 2527 12645 2118 2526 12646 2117 2528 12647 2161 2527 12648 2117 2528 12649 2116 2529 12650 2161 2527 12651 2116 2529 12652 2162 2530 12653 2162 2530 12654 2116 2529 12655 2115 2531 12656 2162 2530 12657 2115 2531 12658 2143 2506 12659 2143 2506 12660 2115 2531 12661 2114 2532 12662 2143 2506 12663 2114 2532 12664 2113 2474 12665 2162 2530 12666 2143 2506 12667 2163 2533 12668 2163 2533 12669 2143 2506 12670 2145 2508 12671 2163 2533 12672 2145 2508 12673 2147 2510 12674 2161 2527 12675 2162 2530 12676 2164 2534 12677 2164 2534 12678 2162 2530 12679 2163 2533 12680 2164 2534 12681 2163 2533 12682 2151 2514 12683 2151 2514 12684 2163 2533 12685 2147 2510 12686 2158 2521 12687 2159 2522 12688 2160 2525 12689 2160 2525 12690 2161 2527 12691 2165 2535 12692 2165 2535 12693 2161 2527 12694 2164 2534 12695 2165 2535 12696 2164 2534 12697 2154 2517 12698 2154 2517 12699 2164 2534 12700 2151 2514 12701 2165 2535 12702 2154 2517 12703 2156 2519 12704 2160 2525 12705 2165 2535 12706 2158 2521 12707 2158 2521 12708 2165 2535 12709 2156 2519 12710 2140 2536 12711 2053 2413 12712 2166 2537 12713 2166 2537 12714 2053 2413 12715 2052 2411 12716 2166 2537 12717 2052 2411 12718 2167 2538 12719 2167 2538 12720 2052 2411 12721 2168 2539 12722 2167 2538 12723 2168 2539 12724 2169 2540 12725 2167 2538 12726 2169 2540 12727 2170 2541 12728 2170 2541 12729 2169 2540 12730 2171 2542 12731 2170 2541 12732 2171 2542 12733 2172 2543 12734 2172 2543 12735 2171 2542 12736 2173 2544 12737 2172 2543 12738 2173 2544 12739 2174 2545 12740 2172 2543 12741 2174 2545 12742 2175 2546 12743 2175 2546 12744 2174 2545 12745 2176 2547 12746 2175 2546 12747 2176 2547 12748 2177 2548 12749 2177 2548 12750 2176 2547 12751 2178 2549 12752 2177 2548 12753 2178 2549 12754 2179 2550 12755 2177 2548 12756 2179 2550 12757 2180 2551 12758 2180 2551 12759 2179 2550 12760 2055 2416 12761 2180 2551 12762 2055 2416 12763 2054 2415 12764 2054 2415 12765 2130 2552 12766 2180 2551 12767 2180 2551 12768 2130 2552 12769 2129 2553 12770 2180 2551 12771 2129 2553 12772 2135 2554 12773 2180 2551 12774 2135 2554 12775 2181 2555 12776 2181 2555 12777 2135 2554 12778 2134 2556 12779 2181 2555 12780 2134 2556 12781 2182 2557 12782 2182 2557 12783 2134 2556 12784 2138 2558 12785 2182 2557 12786 2138 2558 12787 2141 2559 12788 2182 2557 12789 2141 2559 12790 2183 2560 12791 2183 2560 12792 2141 2559 12793 2140 2536 12794 2183 2560 12795 2140 2536 12796 2166 2537 12797 2167 2538 12798 2170 2541 12799 2166 2537 12800 2166 2537 12801 2170 2541 12802 2183 2560 12803 2170 2541 12804 2172 2543 12805 2183 2560 12806 2183 2560 12807 2172 2543 12808 2182 2557 12809 2177 2548 12810 2180 2551 12811 2181 2555 12812 2172 2543 12813 2175 2546 12814 2182 2557 12815 2182 2557 12816 2175 2546 12817 2181 2555 12818 2175 2546 12819 2177 2548 12820 2181 2555 12821 2144 2507 12822 2084 2445 12823 2179 2550 12824 2179 2550 12825 2084 2445 12826 2055 2416 12827 2055 2416 12828 2084 2445 12829 2057 2418 12830 2057 2418 12831 2084 2445 12832 2083 2444 12833 2057 2418 12834 2083 2444 12835 2085 2446 12836 2085 2446 12837 2083 2444 12838 2110 2471 12839 2085 2446 12840 2110 2471 12841 2092 2453 12842 2092 2453 12843 2110 2471 12844 2109 2470 12845 2092 2453 12846 2109 2470 12847 2099 2460 12848 2099 2460 12849 2109 2470 12850 2105 2466 12851 2105 2466 12852 2109 2470 12853 2106 2467 12854 2106 2467 12855 2109 2470 12856 2107 2468 12857 2107 2468 12858 2109 2470 12859 2108 2469 12860 1932 2561 12861 1933 2562 12862 1930 2563 12863 1930 2563 12864 1933 2562 12865 1935 2564 12866 1930 2563 12867 1935 2564 12868 1937 2565 12869 1937 2565 12870 1939 2566 12871 1930 2563 12872 1930 2563 12873 1939 2566 12874 1940 2567 12875 1930 2563 12876 1940 2567 12877 1942 2568 12878 1942 2568 12879 1912 2569 12880 1930 2563 12881 1930 2563 12882 1912 2569 12883 2046 2570 12884 1930 2563 12885 2046 2570 12886 2047 2571 12887 1930 2563 12888 2047 2571 12889 2144 2572 12890 2144 2572 12891 2047 2571 12892 2048 2573 12893 2144 2572 12894 2048 2573 12895 2157 2574 12896 2157 2574 12897 2155 2575 12898 2144 2572 12899 2144 2572 12900 2155 2575 12901 2153 2576 12902 2144 2572 12903 2153 2576 12904 2152 2577 12905 2152 2577 12906 2149 2578 12907 2144 2572 12908 2144 2572 12909 2149 2578 12910 2148 2579 12911 2144 2572 12912 2148 2579 12913 2150 2580 12914 1930 2563 12915 2144 2572 12916 2028 2581 12917 2028 2581 12918 2144 2572 12919 2179 2582 12920 2028 2581 12921 2179 2582 12922 2050 2578 12923 2050 2578 12924 2179 2582 12925 2051 2578 12926 2051 2578 12927 2179 2582 12928 2052 2583 12929 2052 2583 12930 2179 2582 12931 2168 2584 12932 2168 2584 12933 2179 2582 12934 2169 2585 12935 2169 2585 12936 2179 2582 12937 2171 2586 12938 2171 2586 12939 2179 2582 12940 2173 2578 12941 2173 2578 12942 2179 2582 12943 2174 2587 12944 2174 2587 12945 2179 2582 12946 2176 2588 12947 2176 2588 12948 2179 2582 12949 2178 2578 12950 2050 2578 12951 2041 2589 12952 2028 2581 12953 2028 2581 12954 2041 2589 12955 2040 2590 12956 2028 2581 12957 2040 2590 12958 2038 2591 12959 2038 2591 12960 2037 2592 12961 2028 2581 12962 2028 2581 12963 2037 2592 12964 2035 2593 12965 2028 2581 12966 2035 2593 12967 2033 2594 12968 2033 2594 12969 2031 2595 12970 2028 2581 12971 2028 2581 12972 2031 2595 12973 2030 2596 12974 1930 2265 12975 2028 2371 12976 1928 2263 12977 1928 2263 12978 2028 2371 12979 2007 2350 12980 1928 2263 12981 2007 2350 12982 2001 2344 12983 1928 2263 12984 2001 2344 12985 1988 2331 12986 1988 2331 12987 2001 2344 12988 1999 2342 12989 1988 2331 12990 1999 2342 12991 1992 2335 12992 1992 2335 12993 1999 2342 12994 1997 2340 12995 1992 2335 12996 1997 2340 12997 1960 2295 12998 1960 2295 12999 1997 2340 13000 1995 2338 13001 1960 2295 13002 1995 2338 13003 1994 2337 13004 1994 2337 13005 1993 2336 13006 1960 2295 13007 1960 2295 13008 1993 2336 13009 1958 2293 13010 1960 2295 13011 1958 2293 13012 1959 2294 13013 1888 2597 13014 1889 2598 13015 1902 2599 13016 1902 2599 13017 1889 2598 13018 1890 2600 13019 1902 2599 13020 1890 2600 13021 1891 2601 13022 1891 2601 13023 1892 2602 13024 1902 2599 13025 1902 2599 13026 1892 2602 13027 1893 2603 13028 1902 2599 13029 1893 2603 13030 1894 2604 13031 1894 2604 13032 1895 2605 13033 1902 2599 13034 1902 2599 13035 1895 2605 13036 1896 2606 13037 1902 2599 13038 1896 2606 13039 1897 2607 13040 1897 2607 13041 1898 2608 13042 1902 2599 13043 1902 2599 13044 1898 2608 13045 1899 2609 13046 1902 2599 13047 1899 2609 13048 1901 2610 13049 1901 2610 13050 1899 2609 13051 1900 2611 13052 1902 2599 13053 1903 2612 13054 1888 2597 13055 1888 2597 13056 1903 2612 13057 1911 2613 13058 1911 2613 13059 1903 2612 13060 1904 2614 13061 1911 2613 13062 1904 2614 13063 1910 2615 13064 1910 2615 13065 1904 2614 13066 1905 2616 13067 1910 2615 13068 1905 2616 13069 1909 2617 13070 1909 2617 13071 1905 2616 13072 1906 2618 13073 1909 2617 13074 1906 2618 13075 1908 2619 13076 1908 2619 13077 1906 2618 13078 1907 2604 13079</p>
        </triangles>
      </mesh>
    </geometry>
  </library_geometries>
  <library_visual_scenes>
    <visual_scene id="Scene" name="Scene">
      <node id="Screwdriver" name="Screwdriver" type="NODE">
        <matrix sid="transform">1 0 0 0 0 1 0 0 0 0 1 0 0 0 0 1</matrix>
        <instance_geometry url="#Screwdriver-mesh" name="Screwdriver">
          <bind_material>
            <technique_common>
              <instance_material symbol="Paint_-_Enamel_Glossy__Dark_Grey_-material" target="#Paint_-_Enamel_Glossy__Dark_Grey_-material">
                <bind_vertex_input semantic="UVMap" input_semantic="TEXCOORD" input_set="0" />
              </instance_material>
              <instance_material symbol="Aluminum_-_Satin-material" target="#Aluminum_-_Satin-material">
                <bind_vertex_input semantic="UVMap" input_semantic="TEXCOORD" input_set="0" />
              </instance_material>
            </technique_common>
          </bind_material>
        </instance_geometry>
      </node>
    </visual_scene>
  </library_visual_scenes>
  <scene>
    <instance_visual_scene url="#Scene" />
  </scene>
</COLLADA>